model,model_id,prompt_variant,run,occupation,soc2020_code,score,confidence,rationale,temperature,top_p,max_tokens,context_cleared
DeepSeek,DeepSeek-V3,main_prompt,1,Civil engineer,2121,3,High,"Standardised design and compliance tools are heavily used, but site presence and in-person coordination keep exposure moderate.",UI default,UI default,UI default,True
DeepSeek,DeepSeek-V3,main_prompt,1,Structural engineer,2121,3,High,"High use of analytical software for safety-critical design, yet regulatory approvals and site verification require human judgement.",UI default,UI default,UI default,True
DeepSeek,DeepSeek-V3,main_prompt,1,Geotechnical engineer,2121,2,Medium,"Data processing for ground models is standardised, but high field uncertainty and site-specific interpretation limit automation.",UI default,UI default,UI default,True
DeepSeek,DeepSeek-V3,main_prompt,1,Transportation engineer,2121,3,Medium,"Transport modelling uses structured data, but policy trade-offs and stakeholder communication reduce full AI substitution.",UI default,UI default,UI default,True
DeepSeek,DeepSeek-V3,main_prompt,1,Water engineer (professional),2121,3,High,"Hydraulic modelling and compliance reporting are data-intensive, but site assessment and regulatory interface require human oversight.",UI default,UI default,UI default,True
DeepSeek,DeepSeek-V3,main_prompt,1,Building and building services engineer,2121,3,Medium,"System design uses standardised software, but integration with architecture and client needs demands interdisciplinary judgment.",UI default,UI default,UI default,True
DeepSeek,DeepSeek-V3,main_prompt,1,Engineering project manager,2127,2,High,"Coordination and reporting are text-heavy, but leadership, conflict resolution, and site presence limit generative-AI exposure.",UI default,UI default,UI default,True
DeepSeek,DeepSeek-V3,main_prompt,1,Project engineer,2127,3,Medium,"Technical delivery relies on standardised plans and schedules, but cross-team communication and on-site problem-solving are key.",UI default,UI default,UI default,True
DeepSeek,DeepSeek-V3,main_prompt,1,Energy engineer,2129,3,High,"Energy modelling and compliance use structured data, but optimisation and regulatory interpretation need human expertise.",UI default,UI default,UI default,True
DeepSeek,DeepSeek-V3,main_prompt,1,Traffic engineer,2129,3,Medium,"Traffic data analysis is routine, but safety-critical decisions and public consultation involve significant human judgement.",UI default,UI default,UI default,True
DeepSeek,DeepSeek-V3,main_prompt,1,Heating and ventilating engineer (professional),2129,3,High,"Design calculations and load simulations are automatable, but site-specific integration and code compliance require review.",UI default,UI default,UI default,True
DeepSeek,DeepSeek-V3,main_prompt,1,Gas engineer (professional),2129,2,High,"Safety-critical design is heavily regulated and standardised, but field inspections and risk assessments reduce full automation.",UI default,UI default,UI default,True
DeepSeek,DeepSeek-V3,main_prompt,1,Construction project manager,2455,2,High,"Project scheduling and reporting are data-heavy, but site management, negotiation, and human coordination are dominant.",UI default,UI default,UI default,True
DeepSeek,DeepSeek-V3,main_prompt,1,Construction contract manager,2455,2,High,"Contract administration involves text processing, but negotiation and legal interpretation require significant human input.",UI default,UI default,UI default,True
DeepSeek,DeepSeek-V3,main_prompt,1,Transport planner,2455,3,Medium,"Strategic planning uses modelled data, but policy trade-offs and stakeholder engagement keep exposure moderate.",UI default,UI default,UI default,True
DeepSeek,DeepSeek-V3,main_prompt,1,Quantity surveyor,2453,3,High,"Cost estimation and takeoff are highly standardised and data-intensive, yet financial judgement and client negotiation matter.",UI default,UI default,UI default,True
DeepSeek,DeepSeek-V3,main_prompt,1,Building control surveyor,2454,2,High,"Regulatory compliance checks involve structured checklists, but on-site inspection and discretionary enforcement require humans.",UI default,UI default,UI default,True
DeepSeek,DeepSeek-V3,main_prompt,1,Land surveyor,2454,2,High,"Spatial data processing is automatable, but extensive fieldwork and boundary interpretation limit AI exposure.",UI default,UI default,UI default,True
DeepSeek,DeepSeek-V3,main_prompt,1,Hydrographic surveyor,2454,2,Medium,"Data collection and mapping use automated sensors, but underwater conditions and quality control require human oversight.",UI default,UI default,UI default,True
DeepSeek,DeepSeek-V3,main_prompt,1,Town planning officer,2452,3,Medium,"Policy review and application processing are text-heavy, but discretionary judgement and public consultation are key.",UI default,UI default,UI default,True
DeepSeek,DeepSeek-V3,main_prompt,1,Urban designer,2452,2,Medium,"Spatial design uses digital tools, but creative judgement and community engagement are predominantly human.",UI default,UI default,UI default,True
DeepSeek,DeepSeek-V3,main_prompt,1,Chartered architectural technologist,2452,3,Medium,"Technical detailing and BIM use standardised processes, but design interpretation and coordination require human skill.",UI default,UI default,UI default,True
DeepSeek,DeepSeek-V3,main_prompt,1,BIM technician,3120,4,High,"BIM modelling and coordination are highly structured and data-intensive, with clear automation potential for routine tasks.",UI default,UI default,UI default,True
DeepSeek,DeepSeek-V3,main_prompt,1,CAD technician,3120,4,High,"Technical drawing production is highly standardised and rule-based, making it amenable to generative-AI assistance.",UI default,UI default,UI default,True
DeepSeek,DeepSeek-V3,main_prompt,1,Architectural technician,3120,3,Medium,"Drafting and detailing are standardised, but design adaptation and site coordination still involve human input.",UI default,UI default,UI default,True
DeepSeek,DeepSeek-V3,main_prompt,1,Cartographer,3120,4,High,"Map production and spatial data processing are heavily digitised and rule-based, suitable for generative-AI automation.",UI default,UI default,UI default,True
DeepSeek,DeepSeek-V3,main_prompt,1,Civil engineering technician,3114,3,High,"Site support and testing involve data collection and standardised procedures, but fieldwork reduces full exposure.",UI default,UI default,UI default,True
DeepSeek,DeepSeek-V3,main_prompt,1,Building technician,3114,3,Medium,"Inspection and measurement follow structured protocols, but on-site judgement and reporting require human presence.",UI default,UI default,UI default,True
DeepSeek,DeepSeek-V3,main_prompt,1,Surveying technician,3114,3,High,"Field data collection is standardised, but equipment handling and quality checks limit automation.",UI default,UI default,UI default,True
DeepSeek,DeepSeek-V3,main_prompt,1,Planning engineer,2481,3,High,"Resource and workflow planning use scheduling software, but coordination and adjustment with teams remain human-intensive.",UI default,UI default,UI default,True
DeepSeek,DeepSeek-V3,main_prompt,1,Quality control engineer,2481,3,High,"Quality auditing uses checklists and data, but site observation and non-conformance decisions require human expertise.",UI default,UI default,UI default,True
DeepSeek,DeepSeek-V3,main_prompt,1,Estimator,3541,4,High,"Cost estimation and quantity takeoff are highly standardised and numerical, offering strong potential for AI automation.",UI default,UI default,UI default,True
DeepSeek,DeepSeek-V3,main_prompt,1,Valuer,3541,2,Medium,"Market analysis uses data, but subjective valuation and client negotiation keep exposure low-moderate.",UI default,UI default,UI default,True
DeepSeek,DeepSeek-V3,main_prompt,1,Energy adviser and assessor,3541,4,High,"Building energy evaluation follows standardised calculations and reporting, highly amenable to generative-AI processing.",UI default,UI default,UI default,True
DeepSeek,DeepSeek-V3,main_prompt,1,Building control officer,3581,2,High,"Regulatory enforcement is checklist-driven, but on-site inspection and discretionary enforcement require humans.",UI default,UI default,UI default,True
DeepSeek,DeepSeek-V3,main_prompt,1,Housing and planning inspector,3581,2,Medium,"Compliance assessment uses structured criteria, but site visits and judgement of habitability are human-centred.",UI default,UI default,UI default,True
DeepSeek,DeepSeek-V3,main_prompt,1,Health and safety inspector,3581,2,High,"Site safety inspection involves checklists, but human observation and enforcement discretion are critical.",UI default,UI default,UI default,True
DeepSeek,DeepSeek-V3,main_prompt,1,Traffic and vehicle examiner/inspector,3581,3,Medium,"Transport compliance uses structured testing, but physical inspection and safety judgement remain important.",UI default,UI default,UI default,True
DeepSeek,DeepSeek-V3,main_prompt,1,Occupational health and safety officer,3582,2,Medium,"Safety system design and enforcement use data, but human risk communication and policy adaptation limit AI exposure.",UI default,UI default,UI default,True
DeepSeek,DeepSeek-V3,main_prompt,1,Fire safety officer,3582,3,Medium,"Fire risk assessment uses standardised tools, but site-specific evaluation and enforcement require human input.",UI default,UI default,UI default,True
DeepSeek,DeepSeek-V3,main_prompt,1,Road traffic and transport safety officer,3582,2,Medium,"Safety auditing follows protocols, but on-site observation and corrective action planning are human-intensive.",UI default,UI default,UI default,True
DeepSeek,DeepSeek-V3,main_prompt,1,Occupational hygienist,3582,3,Medium,"Exposure risk measurement uses sensors and data, but interpretation and control strategies need professional judgement.",UI default,UI default,UI default,True
DeepSeek,DeepSeek-V3,main_prompt,1,Environmental health professional,2483,3,High,"Environmental compliance monitoring uses structured data, but policy interpretation and public health judgement are key.",UI default,UI default,UI default,True
DeepSeek,DeepSeek-V3,main_prompt,1,Environmental consultant,2152,3,High,"Environmental impact reporting involves standardised data, but bespoke assessments and client advice require human expertise.",UI default,UI default,UI default,True
DeepSeek,DeepSeek-V3,main_prompt,1,Environmental scientist,2152,3,High,"Environmental data analysis is data-intensive, but hypothesis generation and field validation limit full automation.",UI default,UI default,UI default,True
DeepSeek,DeepSeek-V3,main_prompt,1,Environmental/geo-environmental engineer,2152,2,Medium,"Site remediation design uses modelling, but high field uncertainty and regulatory negotiation reduce AI exposure.",UI default,UI default,UI default,True
DeepSeek,DeepSeek-V3,main_prompt,1,Sustainability officer,2152,3,Medium,"Sustainability strategy and reporting are text/data-heavy, but stakeholder engagement and strategic judgement are central.",UI default,UI default,UI default,True
DeepSeek,DeepSeek-V3,main_prompt,1,Energy manager,2152,3,High,"Energy optimisation across assets uses standardised data, but operational decisions and human coordination remain important.",UI default,UI default,UI default,True
DeepSeek,DeepSeek-V3,main_prompt,1,Hydrogeologist,2114,2,Medium,"Groundwater analysis uses models, but field work and interpretation of complex geology reduce full AI substitution.",UI default,UI default,UI default,True
DeepSeek,DeepSeek-V3,main_prompt,1,Hydrologist,2114,3,High,"Flood and water system modelling are data-intensive, but policy integration and risk communication require human judgement.",UI default,UI default,UI default,True
DeepSeek,DeepSeek-V3,main_prompt,2,Civil engineer,2121,3,High,Original rationale supplied in user-pasted DeepSeek JSON; occupation name normalized where needed.,UI default,UI default,UI default,True
DeepSeek,DeepSeek-V3,main_prompt,2,Structural engineer,2121,3,High,Original rationale supplied in user-pasted DeepSeek JSON; occupation name normalized where needed.,UI default,UI default,UI default,True
DeepSeek,DeepSeek-V3,main_prompt,2,Geotechnical engineer,2121,2,Medium,Original rationale supplied in user-pasted DeepSeek JSON; occupation name normalized where needed.,UI default,UI default,UI default,True
DeepSeek,DeepSeek-V3,main_prompt,2,Transportation engineer,2121,3,Medium,Original rationale supplied in user-pasted DeepSeek JSON; occupation name normalized where needed.,UI default,UI default,UI default,True
DeepSeek,DeepSeek-V3,main_prompt,2,Water engineer (professional),2121,3,High,Original rationale supplied in user-pasted DeepSeek JSON; occupation name normalized where needed.,UI default,UI default,UI default,True
DeepSeek,DeepSeek-V3,main_prompt,2,Building and building services engineer,2121,3,Medium,Original rationale supplied in user-pasted DeepSeek JSON; occupation name normalized where needed.,UI default,UI default,UI default,True
DeepSeek,DeepSeek-V3,main_prompt,2,Engineering project manager,2127,2,High,Original rationale supplied in user-pasted DeepSeek JSON; occupation name normalized where needed.,UI default,UI default,UI default,True
DeepSeek,DeepSeek-V3,main_prompt,2,Project engineer,2127,3,Medium,Original rationale supplied in user-pasted DeepSeek JSON; occupation name normalized where needed.,UI default,UI default,UI default,True
DeepSeek,DeepSeek-V3,main_prompt,2,Energy engineer,2129,3,High,Original rationale supplied in user-pasted DeepSeek JSON; occupation name normalized where needed.,UI default,UI default,UI default,True
DeepSeek,DeepSeek-V3,main_prompt,2,Traffic engineer,2129,3,Medium,Original rationale supplied in user-pasted DeepSeek JSON; occupation name normalized where needed.,UI default,UI default,UI default,True
DeepSeek,DeepSeek-V3,main_prompt,2,Heating and ventilating engineer (professional),2129,3,High,Original rationale supplied in user-pasted DeepSeek JSON; occupation name normalized where needed.,UI default,UI default,UI default,True
DeepSeek,DeepSeek-V3,main_prompt,2,Gas engineer (professional),2129,2,High,Original rationale supplied in user-pasted DeepSeek JSON; occupation name normalized where needed.,UI default,UI default,UI default,True
DeepSeek,DeepSeek-V3,main_prompt,2,Construction project manager,2455,2,High,Original rationale supplied in user-pasted DeepSeek JSON; occupation name normalized where needed.,UI default,UI default,UI default,True
DeepSeek,DeepSeek-V3,main_prompt,2,Construction contract manager,2455,2,High,Original rationale supplied in user-pasted DeepSeek JSON; occupation name normalized where needed.,UI default,UI default,UI default,True
DeepSeek,DeepSeek-V3,main_prompt,2,Transport planner,2455,3,Medium,Original rationale supplied in user-pasted DeepSeek JSON; occupation name normalized where needed.,UI default,UI default,UI default,True
DeepSeek,DeepSeek-V3,main_prompt,2,Quantity surveyor,2453,3,High,Original rationale supplied in user-pasted DeepSeek JSON; occupation name normalized where needed.,UI default,UI default,UI default,True
DeepSeek,DeepSeek-V3,main_prompt,2,Building control surveyor,2454,2,High,Original rationale supplied in user-pasted DeepSeek JSON; occupation name normalized where needed.,UI default,UI default,UI default,True
DeepSeek,DeepSeek-V3,main_prompt,2,Land surveyor,2454,2,High,Original rationale supplied in user-pasted DeepSeek JSON; occupation name normalized where needed.,UI default,UI default,UI default,True
DeepSeek,DeepSeek-V3,main_prompt,2,Hydrographic surveyor,2454,2,Medium,Original rationale supplied in user-pasted DeepSeek JSON; occupation name normalized where needed.,UI default,UI default,UI default,True
DeepSeek,DeepSeek-V3,main_prompt,2,Town planning officer,2452,3,Medium,Original rationale supplied in user-pasted DeepSeek JSON; occupation name normalized where needed.,UI default,UI default,UI default,True
DeepSeek,DeepSeek-V3,main_prompt,2,Urban designer,2452,2,Medium,Original rationale supplied in user-pasted DeepSeek JSON; occupation name normalized where needed.,UI default,UI default,UI default,True
DeepSeek,DeepSeek-V3,main_prompt,2,Chartered architectural technologist,2452,3,Medium,Original rationale supplied in user-pasted DeepSeek JSON; occupation name normalized where needed.,UI default,UI default,UI default,True
DeepSeek,DeepSeek-V3,main_prompt,2,BIM technician,3120,4,High,Original rationale supplied in user-pasted DeepSeek JSON; occupation name normalized where needed.,UI default,UI default,UI default,True
DeepSeek,DeepSeek-V3,main_prompt,2,CAD technician,3120,4,High,Original rationale supplied in user-pasted DeepSeek JSON; occupation name normalized where needed.,UI default,UI default,UI default,True
DeepSeek,DeepSeek-V3,main_prompt,2,Architectural technician,3120,3,Medium,Original rationale supplied in user-pasted DeepSeek JSON; occupation name normalized where needed.,UI default,UI default,UI default,True
DeepSeek,DeepSeek-V3,main_prompt,2,Cartographer,3120,4,High,Original rationale supplied in user-pasted DeepSeek JSON; occupation name normalized where needed.,UI default,UI default,UI default,True
DeepSeek,DeepSeek-V3,main_prompt,2,Civil engineering technician,3114,3,High,Original rationale supplied in user-pasted DeepSeek JSON; occupation name normalized where needed.,UI default,UI default,UI default,True
DeepSeek,DeepSeek-V3,main_prompt,2,Building technician,3114,3,Medium,Original rationale supplied in user-pasted DeepSeek JSON; occupation name normalized where needed.,UI default,UI default,UI default,True
DeepSeek,DeepSeek-V3,main_prompt,2,Surveying technician,3114,3,High,Original rationale supplied in user-pasted DeepSeek JSON; occupation name normalized where needed.,UI default,UI default,UI default,True
DeepSeek,DeepSeek-V3,main_prompt,2,Planning engineer,2481,3,High,Original rationale supplied in user-pasted DeepSeek JSON; occupation name normalized where needed.,UI default,UI default,UI default,True
DeepSeek,DeepSeek-V3,main_prompt,2,Quality control engineer,2481,3,High,Original rationale supplied in user-pasted DeepSeek JSON; occupation name normalized where needed.,UI default,UI default,UI default,True
DeepSeek,DeepSeek-V3,main_prompt,2,Estimator,3541,4,High,Original rationale supplied in user-pasted DeepSeek JSON; occupation name normalized where needed.,UI default,UI default,UI default,True
DeepSeek,DeepSeek-V3,main_prompt,2,Valuer,3541,2,Medium,Original rationale supplied in user-pasted DeepSeek JSON; occupation name normalized where needed.,UI default,UI default,UI default,True
DeepSeek,DeepSeek-V3,main_prompt,2,Energy adviser and assessor,3541,4,High,Original rationale supplied in user-pasted DeepSeek JSON; occupation name normalized where needed.,UI default,UI default,UI default,True
DeepSeek,DeepSeek-V3,main_prompt,2,Building control officer,3581,2,High,Original rationale supplied in user-pasted DeepSeek JSON; occupation name normalized where needed.,UI default,UI default,UI default,True
DeepSeek,DeepSeek-V3,main_prompt,2,Housing and planning inspector,3581,2,Medium,Original rationale supplied in user-pasted DeepSeek JSON; occupation name normalized where needed.,UI default,UI default,UI default,True
DeepSeek,DeepSeek-V3,main_prompt,2,Health and safety inspector,3581,2,High,Original rationale supplied in user-pasted DeepSeek JSON; occupation name normalized where needed.,UI default,UI default,UI default,True
DeepSeek,DeepSeek-V3,main_prompt,2,Traffic and vehicle examiner/inspector,3581,3,Medium,Original rationale supplied in user-pasted DeepSeek JSON; occupation name normalized where needed.,UI default,UI default,UI default,True
DeepSeek,DeepSeek-V3,main_prompt,2,Occupational health and safety officer,3582,2,Medium,Original rationale supplied in user-pasted DeepSeek JSON; occupation name normalized where needed.,UI default,UI default,UI default,True
DeepSeek,DeepSeek-V3,main_prompt,2,Fire safety officer,3582,3,Medium,Original rationale supplied in user-pasted DeepSeek JSON; occupation name normalized where needed.,UI default,UI default,UI default,True
DeepSeek,DeepSeek-V3,main_prompt,2,Road traffic and transport safety officer,3582,2,Medium,Original rationale supplied in user-pasted DeepSeek JSON; occupation name normalized where needed.,UI default,UI default,UI default,True
DeepSeek,DeepSeek-V3,main_prompt,2,Occupational hygienist,3582,3,Medium,Original rationale supplied in user-pasted DeepSeek JSON; occupation name normalized where needed.,UI default,UI default,UI default,True
DeepSeek,DeepSeek-V3,main_prompt,2,Environmental health professional,2483,3,High,Original rationale supplied in user-pasted DeepSeek JSON; occupation name normalized where needed.,UI default,UI default,UI default,True
DeepSeek,DeepSeek-V3,main_prompt,2,Environmental consultant,2152,3,High,Original rationale supplied in user-pasted DeepSeek JSON; occupation name normalized where needed.,UI default,UI default,UI default,True
DeepSeek,DeepSeek-V3,main_prompt,2,Environmental scientist,2152,3,High,Original rationale supplied in user-pasted DeepSeek JSON; occupation name normalized where needed.,UI default,UI default,UI default,True
DeepSeek,DeepSeek-V3,main_prompt,2,Environmental/geo-environmental engineer,2152,2,Medium,Original rationale supplied in user-pasted DeepSeek JSON; occupation name normalized where needed.,UI default,UI default,UI default,True
DeepSeek,DeepSeek-V3,main_prompt,2,Sustainability officer,2152,3,Medium,Original rationale supplied in user-pasted DeepSeek JSON; occupation name normalized where needed.,UI default,UI default,UI default,True
DeepSeek,DeepSeek-V3,main_prompt,2,Energy manager,2152,3,High,Original rationale supplied in user-pasted DeepSeek JSON; occupation name normalized where needed.,UI default,UI default,UI default,True
DeepSeek,DeepSeek-V3,main_prompt,2,Hydrogeologist,2114,2,Medium,Original rationale supplied in user-pasted DeepSeek JSON; occupation name normalized where needed.,UI default,UI default,UI default,True
DeepSeek,DeepSeek-V3,main_prompt,2,Hydrologist,2114,3,High,Original rationale supplied in user-pasted DeepSeek JSON; occupation name normalized where needed.,UI default,UI default,UI default,True
DeepSeek,DeepSeek-V3,main_prompt,3,Civil engineer,2121,3,High,Original rationale supplied in user-pasted DeepSeek JSON; occupation name normalized where needed.,UI default,UI default,UI default,True
DeepSeek,DeepSeek-V3,main_prompt,3,Structural engineer,2121,3,High,Original rationale supplied in user-pasted DeepSeek JSON; occupation name normalized where needed.,UI default,UI default,UI default,True
DeepSeek,DeepSeek-V3,main_prompt,3,Geotechnical engineer,2121,2,Medium,Original rationale supplied in user-pasted DeepSeek JSON; occupation name normalized where needed.,UI default,UI default,UI default,True
DeepSeek,DeepSeek-V3,main_prompt,3,Transportation engineer,2121,3,Medium,Original rationale supplied in user-pasted DeepSeek JSON; occupation name normalized where needed.,UI default,UI default,UI default,True
DeepSeek,DeepSeek-V3,main_prompt,3,Water engineer (professional),2121,3,High,Original rationale supplied in user-pasted DeepSeek JSON; occupation name normalized where needed.,UI default,UI default,UI default,True
DeepSeek,DeepSeek-V3,main_prompt,3,Building and building services engineer,2121,3,Medium,Original rationale supplied in user-pasted DeepSeek JSON; occupation name normalized where needed.,UI default,UI default,UI default,True
DeepSeek,DeepSeek-V3,main_prompt,3,Engineering project manager,2127,2,High,Original rationale supplied in user-pasted DeepSeek JSON; occupation name normalized where needed.,UI default,UI default,UI default,True
DeepSeek,DeepSeek-V3,main_prompt,3,Project engineer,2127,3,Medium,Original rationale supplied in user-pasted DeepSeek JSON; occupation name normalized where needed.,UI default,UI default,UI default,True
DeepSeek,DeepSeek-V3,main_prompt,3,Energy engineer,2129,3,High,Original rationale supplied in user-pasted DeepSeek JSON; occupation name normalized where needed.,UI default,UI default,UI default,True
DeepSeek,DeepSeek-V3,main_prompt,3,Traffic engineer,2129,3,Medium,Original rationale supplied in user-pasted DeepSeek JSON; occupation name normalized where needed.,UI default,UI default,UI default,True
DeepSeek,DeepSeek-V3,main_prompt,3,Heating and ventilating engineer (professional),2129,3,High,Original rationale supplied in user-pasted DeepSeek JSON; occupation name normalized where needed.,UI default,UI default,UI default,True
DeepSeek,DeepSeek-V3,main_prompt,3,Gas engineer (professional),2129,2,High,Original rationale supplied in user-pasted DeepSeek JSON; occupation name normalized where needed.,UI default,UI default,UI default,True
DeepSeek,DeepSeek-V3,main_prompt,3,Construction project manager,2455,2,High,Original rationale supplied in user-pasted DeepSeek JSON; occupation name normalized where needed.,UI default,UI default,UI default,True
DeepSeek,DeepSeek-V3,main_prompt,3,Construction contract manager,2455,2,High,Original rationale supplied in user-pasted DeepSeek JSON; occupation name normalized where needed.,UI default,UI default,UI default,True
DeepSeek,DeepSeek-V3,main_prompt,3,Transport planner,2455,3,Medium,Original rationale supplied in user-pasted DeepSeek JSON; occupation name normalized where needed.,UI default,UI default,UI default,True
DeepSeek,DeepSeek-V3,main_prompt,3,Quantity surveyor,2453,3,High,Original rationale supplied in user-pasted DeepSeek JSON; occupation name normalized where needed.,UI default,UI default,UI default,True
DeepSeek,DeepSeek-V3,main_prompt,3,Building control surveyor,2454,2,High,Original rationale supplied in user-pasted DeepSeek JSON; occupation name normalized where needed.,UI default,UI default,UI default,True
DeepSeek,DeepSeek-V3,main_prompt,3,Land surveyor,2454,2,High,Original rationale supplied in user-pasted DeepSeek JSON; occupation name normalized where needed.,UI default,UI default,UI default,True
DeepSeek,DeepSeek-V3,main_prompt,3,Hydrographic surveyor,2454,2,Medium,Original rationale supplied in user-pasted DeepSeek JSON; occupation name normalized where needed.,UI default,UI default,UI default,True
DeepSeek,DeepSeek-V3,main_prompt,3,Town planning officer,2452,3,Medium,Original rationale supplied in user-pasted DeepSeek JSON; occupation name normalized where needed.,UI default,UI default,UI default,True
DeepSeek,DeepSeek-V3,main_prompt,3,Urban designer,2452,2,Medium,Original rationale supplied in user-pasted DeepSeek JSON; occupation name normalized where needed.,UI default,UI default,UI default,True
DeepSeek,DeepSeek-V3,main_prompt,3,Chartered architectural technologist,2452,3,Medium,Original rationale supplied in user-pasted DeepSeek JSON; occupation name normalized where needed.,UI default,UI default,UI default,True
DeepSeek,DeepSeek-V3,main_prompt,3,BIM technician,3120,4,High,Original rationale supplied in user-pasted DeepSeek JSON; occupation name normalized where needed.,UI default,UI default,UI default,True
DeepSeek,DeepSeek-V3,main_prompt,3,CAD technician,3120,4,High,Original rationale supplied in user-pasted DeepSeek JSON; occupation name normalized where needed.,UI default,UI default,UI default,True
DeepSeek,DeepSeek-V3,main_prompt,3,Architectural technician,3120,3,Medium,Original rationale supplied in user-pasted DeepSeek JSON; occupation name normalized where needed.,UI default,UI default,UI default,True
DeepSeek,DeepSeek-V3,main_prompt,3,Cartographer,3120,4,High,Original rationale supplied in user-pasted DeepSeek JSON; occupation name normalized where needed.,UI default,UI default,UI default,True
DeepSeek,DeepSeek-V3,main_prompt,3,Civil engineering technician,3114,3,High,Original rationale supplied in user-pasted DeepSeek JSON; occupation name normalized where needed.,UI default,UI default,UI default,True
DeepSeek,DeepSeek-V3,main_prompt,3,Building technician,3114,3,Medium,Original rationale supplied in user-pasted DeepSeek JSON; occupation name normalized where needed.,UI default,UI default,UI default,True
DeepSeek,DeepSeek-V3,main_prompt,3,Surveying technician,3114,3,High,Original rationale supplied in user-pasted DeepSeek JSON; occupation name normalized where needed.,UI default,UI default,UI default,True
DeepSeek,DeepSeek-V3,main_prompt,3,Planning engineer,2481,3,High,Original rationale supplied in user-pasted DeepSeek JSON; occupation name normalized where needed.,UI default,UI default,UI default,True
DeepSeek,DeepSeek-V3,main_prompt,3,Quality control engineer,2481,3,High,Original rationale supplied in user-pasted DeepSeek JSON; occupation name normalized where needed.,UI default,UI default,UI default,True
DeepSeek,DeepSeek-V3,main_prompt,3,Estimator,3541,4,High,Original rationale supplied in user-pasted DeepSeek JSON; occupation name normalized where needed.,UI default,UI default,UI default,True
DeepSeek,DeepSeek-V3,main_prompt,3,Valuer,3541,2,Medium,Original rationale supplied in user-pasted DeepSeek JSON; occupation name normalized where needed.,UI default,UI default,UI default,True
DeepSeek,DeepSeek-V3,main_prompt,3,Energy adviser and assessor,3541,4,High,Original rationale supplied in user-pasted DeepSeek JSON; occupation name normalized where needed.,UI default,UI default,UI default,True
DeepSeek,DeepSeek-V3,main_prompt,3,Building control officer,3581,2,High,Original rationale supplied in user-pasted DeepSeek JSON; occupation name normalized where needed.,UI default,UI default,UI default,True
DeepSeek,DeepSeek-V3,main_prompt,3,Housing and planning inspector,3581,2,Medium,Original rationale supplied in user-pasted DeepSeek JSON; occupation name normalized where needed.,UI default,UI default,UI default,True
DeepSeek,DeepSeek-V3,main_prompt,3,Health and safety inspector,3581,2,High,Original rationale supplied in user-pasted DeepSeek JSON; occupation name normalized where needed.,UI default,UI default,UI default,True
DeepSeek,DeepSeek-V3,main_prompt,3,Traffic and vehicle examiner/inspector,3581,3,Medium,Original rationale supplied in user-pasted DeepSeek JSON; occupation name normalized where needed.,UI default,UI default,UI default,True
DeepSeek,DeepSeek-V3,main_prompt,3,Occupational health and safety officer,3582,2,Medium,Original rationale supplied in user-pasted DeepSeek JSON; occupation name normalized where needed.,UI default,UI default,UI default,True
DeepSeek,DeepSeek-V3,main_prompt,3,Fire safety officer,3582,3,Medium,Original rationale supplied in user-pasted DeepSeek JSON; occupation name normalized where needed.,UI default,UI default,UI default,True
DeepSeek,DeepSeek-V3,main_prompt,3,Road traffic and transport safety officer,3582,2,Medium,Original rationale supplied in user-pasted DeepSeek JSON; occupation name normalized where needed.,UI default,UI default,UI default,True
DeepSeek,DeepSeek-V3,main_prompt,3,Occupational hygienist,3582,3,Medium,Original rationale supplied in user-pasted DeepSeek JSON; occupation name normalized where needed.,UI default,UI default,UI default,True
DeepSeek,DeepSeek-V3,main_prompt,3,Environmental health professional,2483,3,High,Original rationale supplied in user-pasted DeepSeek JSON; occupation name normalized where needed.,UI default,UI default,UI default,True
DeepSeek,DeepSeek-V3,main_prompt,3,Environmental consultant,2152,3,High,Original rationale supplied in user-pasted DeepSeek JSON; occupation name normalized where needed.,UI default,UI default,UI default,True
DeepSeek,DeepSeek-V3,main_prompt,3,Environmental scientist,2152,3,High,Original rationale supplied in user-pasted DeepSeek JSON; occupation name normalized where needed.,UI default,UI default,UI default,True
DeepSeek,DeepSeek-V3,main_prompt,3,Environmental/geo-environmental engineer,2152,2,Medium,Original rationale supplied in user-pasted DeepSeek JSON; occupation name normalized where needed.,UI default,UI default,UI default,True
DeepSeek,DeepSeek-V3,main_prompt,3,Sustainability officer,2152,3,Medium,Original rationale supplied in user-pasted DeepSeek JSON; occupation name normalized where needed.,UI default,UI default,UI default,True
DeepSeek,DeepSeek-V3,main_prompt,3,Energy manager,2152,3,High,Original rationale supplied in user-pasted DeepSeek JSON; occupation name normalized where needed.,UI default,UI default,UI default,True
DeepSeek,DeepSeek-V3,main_prompt,3,Hydrogeologist,2114,2,Medium,Original rationale supplied in user-pasted DeepSeek JSON; occupation name normalized where needed.,UI default,UI default,UI default,True
DeepSeek,DeepSeek-V3,main_prompt,3,Hydrologist,2114,3,High,Original rationale supplied in user-pasted DeepSeek JSON; occupation name normalized where needed.,UI default,UI default,UI default,True
DeepSeek,DeepSeek-V3,main_prompt,4,Civil engineer,2121,3,High,Original rationale supplied in user-pasted DeepSeek JSON; occupation name normalized where needed.,UI default,UI default,UI default,True
DeepSeek,DeepSeek-V3,main_prompt,4,Structural engineer,2121,3,High,Original rationale supplied in user-pasted DeepSeek JSON; occupation name normalized where needed.,UI default,UI default,UI default,True
DeepSeek,DeepSeek-V3,main_prompt,4,Geotechnical engineer,2121,2,Medium,Original rationale supplied in user-pasted DeepSeek JSON; occupation name normalized where needed.,UI default,UI default,UI default,True
DeepSeek,DeepSeek-V3,main_prompt,4,Transportation engineer,2121,3,Medium,Original rationale supplied in user-pasted DeepSeek JSON; occupation name normalized where needed.,UI default,UI default,UI default,True
DeepSeek,DeepSeek-V3,main_prompt,4,Water engineer (professional),2121,3,High,Original rationale supplied in user-pasted DeepSeek JSON; occupation name normalized where needed.,UI default,UI default,UI default,True
DeepSeek,DeepSeek-V3,main_prompt,4,Building and building services engineer,2121,3,Medium,Original rationale supplied in user-pasted DeepSeek JSON; occupation name normalized where needed.,UI default,UI default,UI default,True
DeepSeek,DeepSeek-V3,main_prompt,4,Engineering project manager,2127,2,High,Original rationale supplied in user-pasted DeepSeek JSON; occupation name normalized where needed.,UI default,UI default,UI default,True
DeepSeek,DeepSeek-V3,main_prompt,4,Project engineer,2127,3,Medium,Original rationale supplied in user-pasted DeepSeek JSON; occupation name normalized where needed.,UI default,UI default,UI default,True
DeepSeek,DeepSeek-V3,main_prompt,4,Energy engineer,2129,3,High,Original rationale supplied in user-pasted DeepSeek JSON; occupation name normalized where needed.,UI default,UI default,UI default,True
DeepSeek,DeepSeek-V3,main_prompt,4,Traffic engineer,2129,3,Medium,Original rationale supplied in user-pasted DeepSeek JSON; occupation name normalized where needed.,UI default,UI default,UI default,True
DeepSeek,DeepSeek-V3,main_prompt,4,Heating and ventilating engineer (professional),2129,3,High,Original rationale supplied in user-pasted DeepSeek JSON; occupation name normalized where needed.,UI default,UI default,UI default,True
DeepSeek,DeepSeek-V3,main_prompt,4,Gas engineer (professional),2129,2,High,Original rationale supplied in user-pasted DeepSeek JSON; occupation name normalized where needed.,UI default,UI default,UI default,True
DeepSeek,DeepSeek-V3,main_prompt,4,Construction project manager,2455,2,High,Original rationale supplied in user-pasted DeepSeek JSON; occupation name normalized where needed.,UI default,UI default,UI default,True
DeepSeek,DeepSeek-V3,main_prompt,4,Construction contract manager,2455,2,High,Original rationale supplied in user-pasted DeepSeek JSON; occupation name normalized where needed.,UI default,UI default,UI default,True
DeepSeek,DeepSeek-V3,main_prompt,4,Transport planner,2455,3,Medium,Original rationale supplied in user-pasted DeepSeek JSON; occupation name normalized where needed.,UI default,UI default,UI default,True
DeepSeek,DeepSeek-V3,main_prompt,4,Quantity surveyor,2453,3,High,Original rationale supplied in user-pasted DeepSeek JSON; occupation name normalized where needed.,UI default,UI default,UI default,True
DeepSeek,DeepSeek-V3,main_prompt,4,Building control surveyor,2454,2,High,Original rationale supplied in user-pasted DeepSeek JSON; occupation name normalized where needed.,UI default,UI default,UI default,True
DeepSeek,DeepSeek-V3,main_prompt,4,Land surveyor,2454,2,High,Original rationale supplied in user-pasted DeepSeek JSON; occupation name normalized where needed.,UI default,UI default,UI default,True
DeepSeek,DeepSeek-V3,main_prompt,4,Hydrographic surveyor,2454,2,Medium,Original rationale supplied in user-pasted DeepSeek JSON; occupation name normalized where needed.,UI default,UI default,UI default,True
DeepSeek,DeepSeek-V3,main_prompt,4,Town planning officer,2452,3,Medium,Original rationale supplied in user-pasted DeepSeek JSON; occupation name normalized where needed.,UI default,UI default,UI default,True
DeepSeek,DeepSeek-V3,main_prompt,4,Urban designer,2452,2,Medium,Original rationale supplied in user-pasted DeepSeek JSON; occupation name normalized where needed.,UI default,UI default,UI default,True
DeepSeek,DeepSeek-V3,main_prompt,4,Chartered architectural technologist,2452,3,Medium,Original rationale supplied in user-pasted DeepSeek JSON; occupation name normalized where needed.,UI default,UI default,UI default,True
DeepSeek,DeepSeek-V3,main_prompt,4,BIM technician,3120,4,High,Original rationale supplied in user-pasted DeepSeek JSON; occupation name normalized where needed.,UI default,UI default,UI default,True
DeepSeek,DeepSeek-V3,main_prompt,4,CAD technician,3120,4,High,Original rationale supplied in user-pasted DeepSeek JSON; occupation name normalized where needed.,UI default,UI default,UI default,True
DeepSeek,DeepSeek-V3,main_prompt,4,Architectural technician,3120,3,Medium,Original rationale supplied in user-pasted DeepSeek JSON; occupation name normalized where needed.,UI default,UI default,UI default,True
DeepSeek,DeepSeek-V3,main_prompt,4,Cartographer,3120,4,High,Original rationale supplied in user-pasted DeepSeek JSON; occupation name normalized where needed.,UI default,UI default,UI default,True
DeepSeek,DeepSeek-V3,main_prompt,4,Civil engineering technician,3114,3,High,Original rationale supplied in user-pasted DeepSeek JSON; occupation name normalized where needed.,UI default,UI default,UI default,True
DeepSeek,DeepSeek-V3,main_prompt,4,Building technician,3114,3,Medium,Original rationale supplied in user-pasted DeepSeek JSON; occupation name normalized where needed.,UI default,UI default,UI default,True
DeepSeek,DeepSeek-V3,main_prompt,4,Surveying technician,3114,3,High,Original rationale supplied in user-pasted DeepSeek JSON; occupation name normalized where needed.,UI default,UI default,UI default,True
DeepSeek,DeepSeek-V3,main_prompt,4,Planning engineer,2481,3,High,Original rationale supplied in user-pasted DeepSeek JSON; occupation name normalized where needed.,UI default,UI default,UI default,True
DeepSeek,DeepSeek-V3,main_prompt,4,Quality control engineer,2481,3,High,Original rationale supplied in user-pasted DeepSeek JSON; occupation name normalized where needed.,UI default,UI default,UI default,True
DeepSeek,DeepSeek-V3,main_prompt,4,Estimator,3541,4,High,Original rationale supplied in user-pasted DeepSeek JSON; occupation name normalized where needed.,UI default,UI default,UI default,True
DeepSeek,DeepSeek-V3,main_prompt,4,Valuer,3541,2,Medium,Original rationale supplied in user-pasted DeepSeek JSON; occupation name normalized where needed.,UI default,UI default,UI default,True
DeepSeek,DeepSeek-V3,main_prompt,4,Energy adviser and assessor,3541,4,High,Original rationale supplied in user-pasted DeepSeek JSON; occupation name normalized where needed.,UI default,UI default,UI default,True
DeepSeek,DeepSeek-V3,main_prompt,4,Building control officer,3581,2,High,Original rationale supplied in user-pasted DeepSeek JSON; occupation name normalized where needed.,UI default,UI default,UI default,True
DeepSeek,DeepSeek-V3,main_prompt,4,Housing and planning inspector,3581,2,Medium,Original rationale supplied in user-pasted DeepSeek JSON; occupation name normalized where needed.,UI default,UI default,UI default,True
DeepSeek,DeepSeek-V3,main_prompt,4,Health and safety inspector,3581,2,High,Original rationale supplied in user-pasted DeepSeek JSON; occupation name normalized where needed.,UI default,UI default,UI default,True
DeepSeek,DeepSeek-V3,main_prompt,4,Traffic and vehicle examiner/inspector,3581,3,Medium,Original rationale supplied in user-pasted DeepSeek JSON; occupation name normalized where needed.,UI default,UI default,UI default,True
DeepSeek,DeepSeek-V3,main_prompt,4,Occupational health and safety officer,3582,2,Medium,Original rationale supplied in user-pasted DeepSeek JSON; occupation name normalized where needed.,UI default,UI default,UI default,True
DeepSeek,DeepSeek-V3,main_prompt,4,Fire safety officer,3582,3,Medium,Original rationale supplied in user-pasted DeepSeek JSON; occupation name normalized where needed.,UI default,UI default,UI default,True
DeepSeek,DeepSeek-V3,main_prompt,4,Road traffic and transport safety officer,3582,2,Medium,Original rationale supplied in user-pasted DeepSeek JSON; occupation name normalized where needed.,UI default,UI default,UI default,True
DeepSeek,DeepSeek-V3,main_prompt,4,Occupational hygienist,3582,3,Medium,Original rationale supplied in user-pasted DeepSeek JSON; occupation name normalized where needed.,UI default,UI default,UI default,True
DeepSeek,DeepSeek-V3,main_prompt,4,Environmental health professional,2483,3,High,Original rationale supplied in user-pasted DeepSeek JSON; occupation name normalized where needed.,UI default,UI default,UI default,True
DeepSeek,DeepSeek-V3,main_prompt,4,Environmental consultant,2152,3,High,Original rationale supplied in user-pasted DeepSeek JSON; occupation name normalized where needed.,UI default,UI default,UI default,True
DeepSeek,DeepSeek-V3,main_prompt,4,Environmental scientist,2152,3,High,Original rationale supplied in user-pasted DeepSeek JSON; occupation name normalized where needed.,UI default,UI default,UI default,True
DeepSeek,DeepSeek-V3,main_prompt,4,Environmental/geo-environmental engineer,2152,2,Medium,Original rationale supplied in user-pasted DeepSeek JSON; occupation name normalized where needed.,UI default,UI default,UI default,True
DeepSeek,DeepSeek-V3,main_prompt,4,Sustainability officer,2152,3,Medium,Original rationale supplied in user-pasted DeepSeek JSON; occupation name normalized where needed.,UI default,UI default,UI default,True
DeepSeek,DeepSeek-V3,main_prompt,4,Energy manager,2152,3,High,Original rationale supplied in user-pasted DeepSeek JSON; occupation name normalized where needed.,UI default,UI default,UI default,True
DeepSeek,DeepSeek-V3,main_prompt,4,Hydrogeologist,2114,2,Medium,Original rationale supplied in user-pasted DeepSeek JSON; occupation name normalized where needed.,UI default,UI default,UI default,True
DeepSeek,DeepSeek-V3,main_prompt,4,Hydrologist,2114,3,High,Original rationale supplied in user-pasted DeepSeek JSON; occupation name normalized where needed.,UI default,UI default,UI default,True
DeepSeek,DeepSeek-V3,main_prompt,5,Civil engineer,2121,3,High,Original rationale supplied in user-pasted DeepSeek JSON; occupation name normalized where needed.,UI default,UI default,UI default,True
DeepSeek,DeepSeek-V3,main_prompt,5,Structural engineer,2121,3,High,Original rationale supplied in user-pasted DeepSeek JSON; occupation name normalized where needed.,UI default,UI default,UI default,True
DeepSeek,DeepSeek-V3,main_prompt,5,Geotechnical engineer,2121,2,Medium,Original rationale supplied in user-pasted DeepSeek JSON; occupation name normalized where needed.,UI default,UI default,UI default,True
DeepSeek,DeepSeek-V3,main_prompt,5,Transportation engineer,2121,3,Medium,Original rationale supplied in user-pasted DeepSeek JSON; occupation name normalized where needed.,UI default,UI default,UI default,True
DeepSeek,DeepSeek-V3,main_prompt,5,Water engineer (professional),2121,3,High,Original rationale supplied in user-pasted DeepSeek JSON; occupation name normalized where needed.,UI default,UI default,UI default,True
DeepSeek,DeepSeek-V3,main_prompt,5,Building and building services engineer,2121,3,Medium,Original rationale supplied in user-pasted DeepSeek JSON; occupation name normalized where needed.,UI default,UI default,UI default,True
DeepSeek,DeepSeek-V3,main_prompt,5,Engineering project manager,2127,2,High,Original rationale supplied in user-pasted DeepSeek JSON; occupation name normalized where needed.,UI default,UI default,UI default,True
DeepSeek,DeepSeek-V3,main_prompt,5,Project engineer,2127,3,Medium,Original rationale supplied in user-pasted DeepSeek JSON; occupation name normalized where needed.,UI default,UI default,UI default,True
DeepSeek,DeepSeek-V3,main_prompt,5,Energy engineer,2129,3,High,Original rationale supplied in user-pasted DeepSeek JSON; occupation name normalized where needed.,UI default,UI default,UI default,True
DeepSeek,DeepSeek-V3,main_prompt,5,Traffic engineer,2129,3,Medium,Original rationale supplied in user-pasted DeepSeek JSON; occupation name normalized where needed.,UI default,UI default,UI default,True
DeepSeek,DeepSeek-V3,main_prompt,5,Heating and ventilating engineer (professional),2129,3,High,Original rationale supplied in user-pasted DeepSeek JSON; occupation name normalized where needed.,UI default,UI default,UI default,True
DeepSeek,DeepSeek-V3,main_prompt,5,Gas engineer (professional),2129,2,High,Original rationale supplied in user-pasted DeepSeek JSON; occupation name normalized where needed.,UI default,UI default,UI default,True
DeepSeek,DeepSeek-V3,main_prompt,5,Construction project manager,2455,2,High,Original rationale supplied in user-pasted DeepSeek JSON; occupation name normalized where needed.,UI default,UI default,UI default,True
DeepSeek,DeepSeek-V3,main_prompt,5,Construction contract manager,2455,2,High,Original rationale supplied in user-pasted DeepSeek JSON; occupation name normalized where needed.,UI default,UI default,UI default,True
DeepSeek,DeepSeek-V3,main_prompt,5,Transport planner,2455,3,Medium,Original rationale supplied in user-pasted DeepSeek JSON; occupation name normalized where needed.,UI default,UI default,UI default,True
DeepSeek,DeepSeek-V3,main_prompt,5,Quantity surveyor,2453,3,High,Original rationale supplied in user-pasted DeepSeek JSON; occupation name normalized where needed.,UI default,UI default,UI default,True
DeepSeek,DeepSeek-V3,main_prompt,5,Building control surveyor,2454,2,High,Original rationale supplied in user-pasted DeepSeek JSON; occupation name normalized where needed.,UI default,UI default,UI default,True
DeepSeek,DeepSeek-V3,main_prompt,5,Land surveyor,2454,2,High,Original rationale supplied in user-pasted DeepSeek JSON; occupation name normalized where needed.,UI default,UI default,UI default,True
DeepSeek,DeepSeek-V3,main_prompt,5,Hydrographic surveyor,2454,2,Medium,Original rationale supplied in user-pasted DeepSeek JSON; occupation name normalized where needed.,UI default,UI default,UI default,True
DeepSeek,DeepSeek-V3,main_prompt,5,Town planning officer,2452,3,Medium,Original rationale supplied in user-pasted DeepSeek JSON; occupation name normalized where needed.,UI default,UI default,UI default,True
DeepSeek,DeepSeek-V3,main_prompt,5,Urban designer,2452,2,Medium,Original rationale supplied in user-pasted DeepSeek JSON; occupation name normalized where needed.,UI default,UI default,UI default,True
DeepSeek,DeepSeek-V3,main_prompt,5,Chartered architectural technologist,2452,3,Medium,Original rationale supplied in user-pasted DeepSeek JSON; occupation name normalized where needed.,UI default,UI default,UI default,True
DeepSeek,DeepSeek-V3,main_prompt,5,BIM technician,3120,4,High,Original rationale supplied in user-pasted DeepSeek JSON; occupation name normalized where needed.,UI default,UI default,UI default,True
DeepSeek,DeepSeek-V3,main_prompt,5,CAD technician,3120,4,High,Original rationale supplied in user-pasted DeepSeek JSON; occupation name normalized where needed.,UI default,UI default,UI default,True
DeepSeek,DeepSeek-V3,main_prompt,5,Architectural technician,3120,3,Medium,Original rationale supplied in user-pasted DeepSeek JSON; occupation name normalized where needed.,UI default,UI default,UI default,True
DeepSeek,DeepSeek-V3,main_prompt,5,Cartographer,3120,4,High,Original rationale supplied in user-pasted DeepSeek JSON; occupation name normalized where needed.,UI default,UI default,UI default,True
DeepSeek,DeepSeek-V3,main_prompt,5,Civil engineering technician,3114,3,High,Original rationale supplied in user-pasted DeepSeek JSON; occupation name normalized where needed.,UI default,UI default,UI default,True
DeepSeek,DeepSeek-V3,main_prompt,5,Building technician,3114,3,Medium,Original rationale supplied in user-pasted DeepSeek JSON; occupation name normalized where needed.,UI default,UI default,UI default,True
DeepSeek,DeepSeek-V3,main_prompt,5,Surveying technician,3114,3,High,Original rationale supplied in user-pasted DeepSeek JSON; occupation name normalized where needed.,UI default,UI default,UI default,True
DeepSeek,DeepSeek-V3,main_prompt,5,Planning engineer,2481,3,High,Original rationale supplied in user-pasted DeepSeek JSON; occupation name normalized where needed.,UI default,UI default,UI default,True
DeepSeek,DeepSeek-V3,main_prompt,5,Quality control engineer,2481,3,High,Original rationale supplied in user-pasted DeepSeek JSON; occupation name normalized where needed.,UI default,UI default,UI default,True
DeepSeek,DeepSeek-V3,main_prompt,5,Estimator,3541,4,High,Original rationale supplied in user-pasted DeepSeek JSON; occupation name normalized where needed.,UI default,UI default,UI default,True
DeepSeek,DeepSeek-V3,main_prompt,5,Valuer,3541,2,Medium,Original rationale supplied in user-pasted DeepSeek JSON; occupation name normalized where needed.,UI default,UI default,UI default,True
DeepSeek,DeepSeek-V3,main_prompt,5,Energy adviser and assessor,3541,4,High,Original rationale supplied in user-pasted DeepSeek JSON; occupation name normalized where needed.,UI default,UI default,UI default,True
DeepSeek,DeepSeek-V3,main_prompt,5,Building control officer,3581,2,High,Original rationale supplied in user-pasted DeepSeek JSON; occupation name normalized where needed.,UI default,UI default,UI default,True
DeepSeek,DeepSeek-V3,main_prompt,5,Housing and planning inspector,3581,2,Medium,Original rationale supplied in user-pasted DeepSeek JSON; occupation name normalized where needed.,UI default,UI default,UI default,True
DeepSeek,DeepSeek-V3,main_prompt,5,Health and safety inspector,3581,2,High,Original rationale supplied in user-pasted DeepSeek JSON; occupation name normalized where needed.,UI default,UI default,UI default,True
DeepSeek,DeepSeek-V3,main_prompt,5,Traffic and vehicle examiner/inspector,3581,3,Medium,Original rationale supplied in user-pasted DeepSeek JSON; occupation name normalized where needed.,UI default,UI default,UI default,True
DeepSeek,DeepSeek-V3,main_prompt,5,Occupational health and safety officer,3582,2,Medium,Original rationale supplied in user-pasted DeepSeek JSON; occupation name normalized where needed.,UI default,UI default,UI default,True
DeepSeek,DeepSeek-V3,main_prompt,5,Fire safety officer,3582,3,Medium,Original rationale supplied in user-pasted DeepSeek JSON; occupation name normalized where needed.,UI default,UI default,UI default,True
DeepSeek,DeepSeek-V3,main_prompt,5,Road traffic and transport safety officer,3582,2,Medium,Original rationale supplied in user-pasted DeepSeek JSON; occupation name normalized where needed.,UI default,UI default,UI default,True
DeepSeek,DeepSeek-V3,main_prompt,5,Occupational hygienist,3582,3,Medium,Original rationale supplied in user-pasted DeepSeek JSON; occupation name normalized where needed.,UI default,UI default,UI default,True
DeepSeek,DeepSeek-V3,main_prompt,5,Environmental health professional,2483,3,High,Original rationale supplied in user-pasted DeepSeek JSON; occupation name normalized where needed.,UI default,UI default,UI default,True
DeepSeek,DeepSeek-V3,main_prompt,5,Environmental consultant,2152,3,High,Original rationale supplied in user-pasted DeepSeek JSON; occupation name normalized where needed.,UI default,UI default,UI default,True
DeepSeek,DeepSeek-V3,main_prompt,5,Environmental scientist,2152,3,High,Original rationale supplied in user-pasted DeepSeek JSON; occupation name normalized where needed.,UI default,UI default,UI default,True
DeepSeek,DeepSeek-V3,main_prompt,5,Environmental/geo-environmental engineer,2152,2,Medium,Original rationale supplied in user-pasted DeepSeek JSON; occupation name normalized where needed.,UI default,UI default,UI default,True
DeepSeek,DeepSeek-V3,main_prompt,5,Sustainability officer,2152,3,Medium,Original rationale supplied in user-pasted DeepSeek JSON; occupation name normalized where needed.,UI default,UI default,UI default,True
DeepSeek,DeepSeek-V3,main_prompt,5,Energy manager,2152,3,High,Original rationale supplied in user-pasted DeepSeek JSON; occupation name normalized where needed.,UI default,UI default,UI default,True
DeepSeek,DeepSeek-V3,main_prompt,5,Hydrogeologist,2114,2,Medium,Original rationale supplied in user-pasted DeepSeek JSON; occupation name normalized where needed.,UI default,UI default,UI default,True
DeepSeek,DeepSeek-V3,main_prompt,5,Hydrologist,2114,3,High,Original rationale supplied in user-pasted DeepSeek JSON; occupation name normalized where needed.,UI default,UI default,UI default,True
DeepSeek,DeepSeek-V3,main_prompt,6,Civil engineer,2121,3,High,Original rationale supplied in user-pasted DeepSeek JSON; occupation name normalized where needed.,UI default,UI default,UI default,True
DeepSeek,DeepSeek-V3,main_prompt,6,Structural engineer,2121,3,High,Original rationale supplied in user-pasted DeepSeek JSON; occupation name normalized where needed.,UI default,UI default,UI default,True
DeepSeek,DeepSeek-V3,main_prompt,6,Geotechnical engineer,2121,2,Medium,Original rationale supplied in user-pasted DeepSeek JSON; occupation name normalized where needed.,UI default,UI default,UI default,True
DeepSeek,DeepSeek-V3,main_prompt,6,Transportation engineer,2121,3,Medium,Original rationale supplied in user-pasted DeepSeek JSON; occupation name normalized where needed.,UI default,UI default,UI default,True
DeepSeek,DeepSeek-V3,main_prompt,6,Water engineer (professional),2121,3,High,Original rationale supplied in user-pasted DeepSeek JSON; occupation name normalized where needed.,UI default,UI default,UI default,True
DeepSeek,DeepSeek-V3,main_prompt,6,Building and building services engineer,2121,3,Medium,Original rationale supplied in user-pasted DeepSeek JSON; occupation name normalized where needed.,UI default,UI default,UI default,True
DeepSeek,DeepSeek-V3,main_prompt,6,Engineering project manager,2127,2,High,Original rationale supplied in user-pasted DeepSeek JSON; occupation name normalized where needed.,UI default,UI default,UI default,True
DeepSeek,DeepSeek-V3,main_prompt,6,Project engineer,2127,3,Medium,Original rationale supplied in user-pasted DeepSeek JSON; occupation name normalized where needed.,UI default,UI default,UI default,True
DeepSeek,DeepSeek-V3,main_prompt,6,Energy engineer,2129,3,High,Original rationale supplied in user-pasted DeepSeek JSON; occupation name normalized where needed.,UI default,UI default,UI default,True
DeepSeek,DeepSeek-V3,main_prompt,6,Traffic engineer,2129,3,Medium,Original rationale supplied in user-pasted DeepSeek JSON; occupation name normalized where needed.,UI default,UI default,UI default,True
DeepSeek,DeepSeek-V3,main_prompt,6,Heating and ventilating engineer (professional),2129,3,High,Original rationale supplied in user-pasted DeepSeek JSON; occupation name normalized where needed.,UI default,UI default,UI default,True
DeepSeek,DeepSeek-V3,main_prompt,6,Gas engineer (professional),2129,2,High,Original rationale supplied in user-pasted DeepSeek JSON; occupation name normalized where needed.,UI default,UI default,UI default,True
DeepSeek,DeepSeek-V3,main_prompt,6,Construction project manager,2455,2,High,Original rationale supplied in user-pasted DeepSeek JSON; occupation name normalized where needed.,UI default,UI default,UI default,True
DeepSeek,DeepSeek-V3,main_prompt,6,Construction contract manager,2455,2,High,Original rationale supplied in user-pasted DeepSeek JSON; occupation name normalized where needed.,UI default,UI default,UI default,True
DeepSeek,DeepSeek-V3,main_prompt,6,Transport planner,2455,3,Medium,Original rationale supplied in user-pasted DeepSeek JSON; occupation name normalized where needed.,UI default,UI default,UI default,True
DeepSeek,DeepSeek-V3,main_prompt,6,Quantity surveyor,2453,3,High,Original rationale supplied in user-pasted DeepSeek JSON; occupation name normalized where needed.,UI default,UI default,UI default,True
DeepSeek,DeepSeek-V3,main_prompt,6,Building control surveyor,2454,2,High,Original rationale supplied in user-pasted DeepSeek JSON; occupation name normalized where needed.,UI default,UI default,UI default,True
DeepSeek,DeepSeek-V3,main_prompt,6,Land surveyor,2454,2,High,Original rationale supplied in user-pasted DeepSeek JSON; occupation name normalized where needed.,UI default,UI default,UI default,True
DeepSeek,DeepSeek-V3,main_prompt,6,Hydrographic surveyor,2454,2,Medium,Original rationale supplied in user-pasted DeepSeek JSON; occupation name normalized where needed.,UI default,UI default,UI default,True
DeepSeek,DeepSeek-V3,main_prompt,6,Town planning officer,2452,3,Medium,Original rationale supplied in user-pasted DeepSeek JSON; occupation name normalized where needed.,UI default,UI default,UI default,True
DeepSeek,DeepSeek-V3,main_prompt,6,Urban designer,2452,2,Medium,Original rationale supplied in user-pasted DeepSeek JSON; occupation name normalized where needed.,UI default,UI default,UI default,True
DeepSeek,DeepSeek-V3,main_prompt,6,Chartered architectural technologist,2452,3,Medium,Original rationale supplied in user-pasted DeepSeek JSON; occupation name normalized where needed.,UI default,UI default,UI default,True
DeepSeek,DeepSeek-V3,main_prompt,6,BIM technician,3120,4,High,Original rationale supplied in user-pasted DeepSeek JSON; occupation name normalized where needed.,UI default,UI default,UI default,True
DeepSeek,DeepSeek-V3,main_prompt,6,CAD technician,3120,4,High,Original rationale supplied in user-pasted DeepSeek JSON; occupation name normalized where needed.,UI default,UI default,UI default,True
DeepSeek,DeepSeek-V3,main_prompt,6,Architectural technician,3120,3,Medium,Original rationale supplied in user-pasted DeepSeek JSON; occupation name normalized where needed.,UI default,UI default,UI default,True
DeepSeek,DeepSeek-V3,main_prompt,6,Cartographer,3120,4,High,Original rationale supplied in user-pasted DeepSeek JSON; occupation name normalized where needed.,UI default,UI default,UI default,True
DeepSeek,DeepSeek-V3,main_prompt,6,Civil engineering technician,3114,3,High,Original rationale supplied in user-pasted DeepSeek JSON; occupation name normalized where needed.,UI default,UI default,UI default,True
DeepSeek,DeepSeek-V3,main_prompt,6,Building technician,3114,3,Medium,Original rationale supplied in user-pasted DeepSeek JSON; occupation name normalized where needed.,UI default,UI default,UI default,True
DeepSeek,DeepSeek-V3,main_prompt,6,Surveying technician,3114,3,High,Original rationale supplied in user-pasted DeepSeek JSON; occupation name normalized where needed.,UI default,UI default,UI default,True
DeepSeek,DeepSeek-V3,main_prompt,6,Planning engineer,2481,3,High,Original rationale supplied in user-pasted DeepSeek JSON; occupation name normalized where needed.,UI default,UI default,UI default,True
DeepSeek,DeepSeek-V3,main_prompt,6,Quality control engineer,2481,3,High,Original rationale supplied in user-pasted DeepSeek JSON; occupation name normalized where needed.,UI default,UI default,UI default,True
DeepSeek,DeepSeek-V3,main_prompt,6,Estimator,3541,4,High,Original rationale supplied in user-pasted DeepSeek JSON; occupation name normalized where needed.,UI default,UI default,UI default,True
DeepSeek,DeepSeek-V3,main_prompt,6,Valuer,3541,2,Medium,Original rationale supplied in user-pasted DeepSeek JSON; occupation name normalized where needed.,UI default,UI default,UI default,True
DeepSeek,DeepSeek-V3,main_prompt,6,Energy adviser and assessor,3541,4,High,Original rationale supplied in user-pasted DeepSeek JSON; occupation name normalized where needed.,UI default,UI default,UI default,True
DeepSeek,DeepSeek-V3,main_prompt,6,Building control officer,3581,2,High,Original rationale supplied in user-pasted DeepSeek JSON; occupation name normalized where needed.,UI default,UI default,UI default,True
DeepSeek,DeepSeek-V3,main_prompt,6,Housing and planning inspector,3581,2,Medium,Original rationale supplied in user-pasted DeepSeek JSON; occupation name normalized where needed.,UI default,UI default,UI default,True
DeepSeek,DeepSeek-V3,main_prompt,6,Health and safety inspector,3581,2,High,Original rationale supplied in user-pasted DeepSeek JSON; occupation name normalized where needed.,UI default,UI default,UI default,True
DeepSeek,DeepSeek-V3,main_prompt,6,Traffic and vehicle examiner/inspector,3581,3,Medium,Original rationale supplied in user-pasted DeepSeek JSON; occupation name normalized where needed.,UI default,UI default,UI default,True
DeepSeek,DeepSeek-V3,main_prompt,6,Occupational health and safety officer,3582,2,Medium,Original rationale supplied in user-pasted DeepSeek JSON; occupation name normalized where needed.,UI default,UI default,UI default,True
DeepSeek,DeepSeek-V3,main_prompt,6,Fire safety officer,3582,3,Medium,Original rationale supplied in user-pasted DeepSeek JSON; occupation name normalized where needed.,UI default,UI default,UI default,True
DeepSeek,DeepSeek-V3,main_prompt,6,Road traffic and transport safety officer,3582,2,Medium,Original rationale supplied in user-pasted DeepSeek JSON; occupation name normalized where needed.,UI default,UI default,UI default,True
DeepSeek,DeepSeek-V3,main_prompt,6,Occupational hygienist,3582,3,Medium,Original rationale supplied in user-pasted DeepSeek JSON; occupation name normalized where needed.,UI default,UI default,UI default,True
DeepSeek,DeepSeek-V3,main_prompt,6,Environmental health professional,2483,3,High,Original rationale supplied in user-pasted DeepSeek JSON; occupation name normalized where needed.,UI default,UI default,UI default,True
DeepSeek,DeepSeek-V3,main_prompt,6,Environmental consultant,2152,3,High,Original rationale supplied in user-pasted DeepSeek JSON; occupation name normalized where needed.,UI default,UI default,UI default,True
DeepSeek,DeepSeek-V3,main_prompt,6,Environmental scientist,2152,3,High,Original rationale supplied in user-pasted DeepSeek JSON; occupation name normalized where needed.,UI default,UI default,UI default,True
DeepSeek,DeepSeek-V3,main_prompt,6,Environmental/geo-environmental engineer,2152,2,Medium,Original rationale supplied in user-pasted DeepSeek JSON; occupation name normalized where needed.,UI default,UI default,UI default,True
DeepSeek,DeepSeek-V3,main_prompt,6,Sustainability officer,2152,3,Medium,Original rationale supplied in user-pasted DeepSeek JSON; occupation name normalized where needed.,UI default,UI default,UI default,True
DeepSeek,DeepSeek-V3,main_prompt,6,Energy manager,2152,3,High,Original rationale supplied in user-pasted DeepSeek JSON; occupation name normalized where needed.,UI default,UI default,UI default,True
DeepSeek,DeepSeek-V3,main_prompt,6,Hydrogeologist,2114,2,Medium,Original rationale supplied in user-pasted DeepSeek JSON; occupation name normalized where needed.,UI default,UI default,UI default,True
DeepSeek,DeepSeek-V3,main_prompt,6,Hydrologist,2114,3,High,Original rationale supplied in user-pasted DeepSeek JSON; occupation name normalized where needed.,UI default,UI default,UI default,True
DeepSeek,DeepSeek-V3,main_prompt,7,Civil engineer,2121,3,High,Original rationale supplied in user-pasted DeepSeek JSON; occupation name normalized where needed.,UI default,UI default,UI default,True
DeepSeek,DeepSeek-V3,main_prompt,7,Structural engineer,2121,3,High,Original rationale supplied in user-pasted DeepSeek JSON; occupation name normalized where needed.,UI default,UI default,UI default,True
DeepSeek,DeepSeek-V3,main_prompt,7,Geotechnical engineer,2121,2,Medium,Original rationale supplied in user-pasted DeepSeek JSON; occupation name normalized where needed.,UI default,UI default,UI default,True
DeepSeek,DeepSeek-V3,main_prompt,7,Transportation engineer,2121,3,Medium,Original rationale supplied in user-pasted DeepSeek JSON; occupation name normalized where needed.,UI default,UI default,UI default,True
DeepSeek,DeepSeek-V3,main_prompt,7,Water engineer (professional),2121,3,High,Original rationale supplied in user-pasted DeepSeek JSON; occupation name normalized where needed.,UI default,UI default,UI default,True
DeepSeek,DeepSeek-V3,main_prompt,7,Building and building services engineer,2121,3,Medium,Original rationale supplied in user-pasted DeepSeek JSON; occupation name normalized where needed.,UI default,UI default,UI default,True
DeepSeek,DeepSeek-V3,main_prompt,7,Engineering project manager,2127,2,High,Original rationale supplied in user-pasted DeepSeek JSON; occupation name normalized where needed.,UI default,UI default,UI default,True
DeepSeek,DeepSeek-V3,main_prompt,7,Project engineer,2127,3,Medium,Original rationale supplied in user-pasted DeepSeek JSON; occupation name normalized where needed.,UI default,UI default,UI default,True
DeepSeek,DeepSeek-V3,main_prompt,7,Energy engineer,2129,3,High,Original rationale supplied in user-pasted DeepSeek JSON; occupation name normalized where needed.,UI default,UI default,UI default,True
DeepSeek,DeepSeek-V3,main_prompt,7,Traffic engineer,2129,3,Medium,Original rationale supplied in user-pasted DeepSeek JSON; occupation name normalized where needed.,UI default,UI default,UI default,True
DeepSeek,DeepSeek-V3,main_prompt,7,Heating and ventilating engineer (professional),2129,3,High,Original rationale supplied in user-pasted DeepSeek JSON; occupation name normalized where needed.,UI default,UI default,UI default,True
DeepSeek,DeepSeek-V3,main_prompt,7,Gas engineer (professional),2129,2,High,Original rationale supplied in user-pasted DeepSeek JSON; occupation name normalized where needed.,UI default,UI default,UI default,True
DeepSeek,DeepSeek-V3,main_prompt,7,Construction project manager,2455,2,High,Original rationale supplied in user-pasted DeepSeek JSON; occupation name normalized where needed.,UI default,UI default,UI default,True
DeepSeek,DeepSeek-V3,main_prompt,7,Construction contract manager,2455,2,High,Original rationale supplied in user-pasted DeepSeek JSON; occupation name normalized where needed.,UI default,UI default,UI default,True
DeepSeek,DeepSeek-V3,main_prompt,7,Transport planner,2455,3,Medium,Original rationale supplied in user-pasted DeepSeek JSON; occupation name normalized where needed.,UI default,UI default,UI default,True
DeepSeek,DeepSeek-V3,main_prompt,7,Quantity surveyor,2453,3,High,Original rationale supplied in user-pasted DeepSeek JSON; occupation name normalized where needed.,UI default,UI default,UI default,True
DeepSeek,DeepSeek-V3,main_prompt,7,Building control surveyor,2454,2,High,Original rationale supplied in user-pasted DeepSeek JSON; occupation name normalized where needed.,UI default,UI default,UI default,True
DeepSeek,DeepSeek-V3,main_prompt,7,Land surveyor,2454,2,High,Original rationale supplied in user-pasted DeepSeek JSON; occupation name normalized where needed.,UI default,UI default,UI default,True
DeepSeek,DeepSeek-V3,main_prompt,7,Hydrographic surveyor,2454,2,Medium,Original rationale supplied in user-pasted DeepSeek JSON; occupation name normalized where needed.,UI default,UI default,UI default,True
DeepSeek,DeepSeek-V3,main_prompt,7,Town planning officer,2452,3,Medium,Original rationale supplied in user-pasted DeepSeek JSON; occupation name normalized where needed.,UI default,UI default,UI default,True
DeepSeek,DeepSeek-V3,main_prompt,7,Urban designer,2452,2,Medium,Original rationale supplied in user-pasted DeepSeek JSON; occupation name normalized where needed.,UI default,UI default,UI default,True
DeepSeek,DeepSeek-V3,main_prompt,7,Chartered architectural technologist,2452,3,Medium,Original rationale supplied in user-pasted DeepSeek JSON; occupation name normalized where needed.,UI default,UI default,UI default,True
DeepSeek,DeepSeek-V3,main_prompt,7,BIM technician,3120,4,High,Original rationale supplied in user-pasted DeepSeek JSON; occupation name normalized where needed.,UI default,UI default,UI default,True
DeepSeek,DeepSeek-V3,main_prompt,7,CAD technician,3120,4,High,Original rationale supplied in user-pasted DeepSeek JSON; occupation name normalized where needed.,UI default,UI default,UI default,True
DeepSeek,DeepSeek-V3,main_prompt,7,Architectural technician,3120,3,Medium,Original rationale supplied in user-pasted DeepSeek JSON; occupation name normalized where needed.,UI default,UI default,UI default,True
DeepSeek,DeepSeek-V3,main_prompt,7,Cartographer,3120,4,High,Original rationale supplied in user-pasted DeepSeek JSON; occupation name normalized where needed.,UI default,UI default,UI default,True
DeepSeek,DeepSeek-V3,main_prompt,7,Civil engineering technician,3114,3,High,Original rationale supplied in user-pasted DeepSeek JSON; occupation name normalized where needed.,UI default,UI default,UI default,True
DeepSeek,DeepSeek-V3,main_prompt,7,Building technician,3114,3,Medium,Original rationale supplied in user-pasted DeepSeek JSON; occupation name normalized where needed.,UI default,UI default,UI default,True
DeepSeek,DeepSeek-V3,main_prompt,7,Surveying technician,3114,3,High,Original rationale supplied in user-pasted DeepSeek JSON; occupation name normalized where needed.,UI default,UI default,UI default,True
DeepSeek,DeepSeek-V3,main_prompt,7,Planning engineer,2481,3,High,Original rationale supplied in user-pasted DeepSeek JSON; occupation name normalized where needed.,UI default,UI default,UI default,True
DeepSeek,DeepSeek-V3,main_prompt,7,Quality control engineer,2481,3,High,Original rationale supplied in user-pasted DeepSeek JSON; occupation name normalized where needed.,UI default,UI default,UI default,True
DeepSeek,DeepSeek-V3,main_prompt,7,Estimator,3541,4,High,Original rationale supplied in user-pasted DeepSeek JSON; occupation name normalized where needed.,UI default,UI default,UI default,True
DeepSeek,DeepSeek-V3,main_prompt,7,Valuer,3541,2,Medium,Original rationale supplied in user-pasted DeepSeek JSON; occupation name normalized where needed.,UI default,UI default,UI default,True
DeepSeek,DeepSeek-V3,main_prompt,7,Energy adviser and assessor,3541,4,High,Original rationale supplied in user-pasted DeepSeek JSON; occupation name normalized where needed.,UI default,UI default,UI default,True
DeepSeek,DeepSeek-V3,main_prompt,7,Building control officer,3581,2,High,Original rationale supplied in user-pasted DeepSeek JSON; occupation name normalized where needed.,UI default,UI default,UI default,True
DeepSeek,DeepSeek-V3,main_prompt,7,Housing and planning inspector,3581,2,Medium,Original rationale supplied in user-pasted DeepSeek JSON; occupation name normalized where needed.,UI default,UI default,UI default,True
DeepSeek,DeepSeek-V3,main_prompt,7,Health and safety inspector,3581,2,High,Original rationale supplied in user-pasted DeepSeek JSON; occupation name normalized where needed.,UI default,UI default,UI default,True
DeepSeek,DeepSeek-V3,main_prompt,7,Traffic and vehicle examiner/inspector,3581,3,Medium,Original rationale supplied in user-pasted DeepSeek JSON; occupation name normalized where needed.,UI default,UI default,UI default,True
DeepSeek,DeepSeek-V3,main_prompt,7,Occupational health and safety officer,3582,2,Medium,Original rationale supplied in user-pasted DeepSeek JSON; occupation name normalized where needed.,UI default,UI default,UI default,True
DeepSeek,DeepSeek-V3,main_prompt,7,Fire safety officer,3582,3,Medium,Original rationale supplied in user-pasted DeepSeek JSON; occupation name normalized where needed.,UI default,UI default,UI default,True
DeepSeek,DeepSeek-V3,main_prompt,7,Road traffic and transport safety officer,3582,2,Medium,Original rationale supplied in user-pasted DeepSeek JSON; occupation name normalized where needed.,UI default,UI default,UI default,True
DeepSeek,DeepSeek-V3,main_prompt,7,Occupational hygienist,3582,3,Medium,Original rationale supplied in user-pasted DeepSeek JSON; occupation name normalized where needed.,UI default,UI default,UI default,True
DeepSeek,DeepSeek-V3,main_prompt,7,Environmental health professional,2483,3,High,Original rationale supplied in user-pasted DeepSeek JSON; occupation name normalized where needed.,UI default,UI default,UI default,True
DeepSeek,DeepSeek-V3,main_prompt,7,Environmental consultant,2152,3,High,Original rationale supplied in user-pasted DeepSeek JSON; occupation name normalized where needed.,UI default,UI default,UI default,True
DeepSeek,DeepSeek-V3,main_prompt,7,Environmental scientist,2152,3,High,Original rationale supplied in user-pasted DeepSeek JSON; occupation name normalized where needed.,UI default,UI default,UI default,True
DeepSeek,DeepSeek-V3,main_prompt,7,Environmental/geo-environmental engineer,2152,2,Medium,Original rationale supplied in user-pasted DeepSeek JSON; occupation name normalized where needed.,UI default,UI default,UI default,True
DeepSeek,DeepSeek-V3,main_prompt,7,Sustainability officer,2152,3,Medium,Original rationale supplied in user-pasted DeepSeek JSON; occupation name normalized where needed.,UI default,UI default,UI default,True
DeepSeek,DeepSeek-V3,main_prompt,7,Energy manager,2152,3,High,Original rationale supplied in user-pasted DeepSeek JSON; occupation name normalized where needed.,UI default,UI default,UI default,True
DeepSeek,DeepSeek-V3,main_prompt,7,Hydrogeologist,2114,2,Medium,Original rationale supplied in user-pasted DeepSeek JSON; occupation name normalized where needed.,UI default,UI default,UI default,True
DeepSeek,DeepSeek-V3,main_prompt,7,Hydrologist,2114,3,High,Original rationale supplied in user-pasted DeepSeek JSON; occupation name normalized where needed.,UI default,UI default,UI default,True
DeepSeek,DeepSeek-V3,main_prompt,8,Civil engineer,2121,3,High,Original rationale supplied in user-pasted DeepSeek JSON; occupation name normalized where needed.,UI default,UI default,UI default,True
DeepSeek,DeepSeek-V3,main_prompt,8,Structural engineer,2121,3,High,Original rationale supplied in user-pasted DeepSeek JSON; occupation name normalized where needed.,UI default,UI default,UI default,True
DeepSeek,DeepSeek-V3,main_prompt,8,Geotechnical engineer,2121,2,Medium,Original rationale supplied in user-pasted DeepSeek JSON; occupation name normalized where needed.,UI default,UI default,UI default,True
DeepSeek,DeepSeek-V3,main_prompt,8,Transportation engineer,2121,3,Medium,Original rationale supplied in user-pasted DeepSeek JSON; occupation name normalized where needed.,UI default,UI default,UI default,True
DeepSeek,DeepSeek-V3,main_prompt,8,Water engineer (professional),2121,3,High,Original rationale supplied in user-pasted DeepSeek JSON; occupation name normalized where needed.,UI default,UI default,UI default,True
DeepSeek,DeepSeek-V3,main_prompt,8,Building and building services engineer,2121,3,Medium,Original rationale supplied in user-pasted DeepSeek JSON; occupation name normalized where needed.,UI default,UI default,UI default,True
DeepSeek,DeepSeek-V3,main_prompt,8,Engineering project manager,2127,2,High,Original rationale supplied in user-pasted DeepSeek JSON; occupation name normalized where needed.,UI default,UI default,UI default,True
DeepSeek,DeepSeek-V3,main_prompt,8,Project engineer,2127,3,Medium,Original rationale supplied in user-pasted DeepSeek JSON; occupation name normalized where needed.,UI default,UI default,UI default,True
DeepSeek,DeepSeek-V3,main_prompt,8,Energy engineer,2129,3,High,Original rationale supplied in user-pasted DeepSeek JSON; occupation name normalized where needed.,UI default,UI default,UI default,True
DeepSeek,DeepSeek-V3,main_prompt,8,Traffic engineer,2129,3,Medium,Original rationale supplied in user-pasted DeepSeek JSON; occupation name normalized where needed.,UI default,UI default,UI default,True
DeepSeek,DeepSeek-V3,main_prompt,8,Heating and ventilating engineer (professional),2129,3,High,Original rationale supplied in user-pasted DeepSeek JSON; occupation name normalized where needed.,UI default,UI default,UI default,True
DeepSeek,DeepSeek-V3,main_prompt,8,Gas engineer (professional),2129,2,High,Original rationale supplied in user-pasted DeepSeek JSON; occupation name normalized where needed.,UI default,UI default,UI default,True
DeepSeek,DeepSeek-V3,main_prompt,8,Construction project manager,2455,2,High,Original rationale supplied in user-pasted DeepSeek JSON; occupation name normalized where needed.,UI default,UI default,UI default,True
DeepSeek,DeepSeek-V3,main_prompt,8,Construction contract manager,2455,2,High,Original rationale supplied in user-pasted DeepSeek JSON; occupation name normalized where needed.,UI default,UI default,UI default,True
DeepSeek,DeepSeek-V3,main_prompt,8,Transport planner,2455,3,Medium,Original rationale supplied in user-pasted DeepSeek JSON; occupation name normalized where needed.,UI default,UI default,UI default,True
DeepSeek,DeepSeek-V3,main_prompt,8,Quantity surveyor,2453,3,High,Original rationale supplied in user-pasted DeepSeek JSON; occupation name normalized where needed.,UI default,UI default,UI default,True
DeepSeek,DeepSeek-V3,main_prompt,8,Building control surveyor,2454,2,High,Original rationale supplied in user-pasted DeepSeek JSON; occupation name normalized where needed.,UI default,UI default,UI default,True
DeepSeek,DeepSeek-V3,main_prompt,8,Land surveyor,2454,2,High,Original rationale supplied in user-pasted DeepSeek JSON; occupation name normalized where needed.,UI default,UI default,UI default,True
DeepSeek,DeepSeek-V3,main_prompt,8,Hydrographic surveyor,2454,2,Medium,Original rationale supplied in user-pasted DeepSeek JSON; occupation name normalized where needed.,UI default,UI default,UI default,True
DeepSeek,DeepSeek-V3,main_prompt,8,Town planning officer,2452,3,Medium,Original rationale supplied in user-pasted DeepSeek JSON; occupation name normalized where needed.,UI default,UI default,UI default,True
DeepSeek,DeepSeek-V3,main_prompt,8,Urban designer,2452,2,Medium,Original rationale supplied in user-pasted DeepSeek JSON; occupation name normalized where needed.,UI default,UI default,UI default,True
DeepSeek,DeepSeek-V3,main_prompt,8,Chartered architectural technologist,2452,3,Medium,Original rationale supplied in user-pasted DeepSeek JSON; occupation name normalized where needed.,UI default,UI default,UI default,True
DeepSeek,DeepSeek-V3,main_prompt,8,BIM technician,3120,4,High,Original rationale supplied in user-pasted DeepSeek JSON; occupation name normalized where needed.,UI default,UI default,UI default,True
DeepSeek,DeepSeek-V3,main_prompt,8,CAD technician,3120,4,High,Original rationale supplied in user-pasted DeepSeek JSON; occupation name normalized where needed.,UI default,UI default,UI default,True
DeepSeek,DeepSeek-V3,main_prompt,8,Architectural technician,3120,3,Medium,Original rationale supplied in user-pasted DeepSeek JSON; occupation name normalized where needed.,UI default,UI default,UI default,True
DeepSeek,DeepSeek-V3,main_prompt,8,Cartographer,3120,4,High,Original rationale supplied in user-pasted DeepSeek JSON; occupation name normalized where needed.,UI default,UI default,UI default,True
DeepSeek,DeepSeek-V3,main_prompt,8,Civil engineering technician,3114,3,High,Original rationale supplied in user-pasted DeepSeek JSON; occupation name normalized where needed.,UI default,UI default,UI default,True
DeepSeek,DeepSeek-V3,main_prompt,8,Building technician,3114,3,Medium,Original rationale supplied in user-pasted DeepSeek JSON; occupation name normalized where needed.,UI default,UI default,UI default,True
DeepSeek,DeepSeek-V3,main_prompt,8,Surveying technician,3114,3,High,Original rationale supplied in user-pasted DeepSeek JSON; occupation name normalized where needed.,UI default,UI default,UI default,True
DeepSeek,DeepSeek-V3,main_prompt,8,Planning engineer,2481,3,High,Original rationale supplied in user-pasted DeepSeek JSON; occupation name normalized where needed.,UI default,UI default,UI default,True
DeepSeek,DeepSeek-V3,main_prompt,8,Quality control engineer,2481,3,High,Original rationale supplied in user-pasted DeepSeek JSON; occupation name normalized where needed.,UI default,UI default,UI default,True
DeepSeek,DeepSeek-V3,main_prompt,8,Estimator,3541,4,High,Original rationale supplied in user-pasted DeepSeek JSON; occupation name normalized where needed.,UI default,UI default,UI default,True
DeepSeek,DeepSeek-V3,main_prompt,8,Valuer,3541,2,Medium,Original rationale supplied in user-pasted DeepSeek JSON; occupation name normalized where needed.,UI default,UI default,UI default,True
DeepSeek,DeepSeek-V3,main_prompt,8,Energy adviser and assessor,3541,4,High,Original rationale supplied in user-pasted DeepSeek JSON; occupation name normalized where needed.,UI default,UI default,UI default,True
DeepSeek,DeepSeek-V3,main_prompt,8,Building control officer,3581,2,High,Original rationale supplied in user-pasted DeepSeek JSON; occupation name normalized where needed.,UI default,UI default,UI default,True
DeepSeek,DeepSeek-V3,main_prompt,8,Housing and planning inspector,3581,2,Medium,Original rationale supplied in user-pasted DeepSeek JSON; occupation name normalized where needed.,UI default,UI default,UI default,True
DeepSeek,DeepSeek-V3,main_prompt,8,Health and safety inspector,3581,2,High,Original rationale supplied in user-pasted DeepSeek JSON; occupation name normalized where needed.,UI default,UI default,UI default,True
DeepSeek,DeepSeek-V3,main_prompt,8,Traffic and vehicle examiner/inspector,3581,3,Medium,Original rationale supplied in user-pasted DeepSeek JSON; occupation name normalized where needed.,UI default,UI default,UI default,True
DeepSeek,DeepSeek-V3,main_prompt,8,Occupational health and safety officer,3582,2,Medium,Original rationale supplied in user-pasted DeepSeek JSON; occupation name normalized where needed.,UI default,UI default,UI default,True
DeepSeek,DeepSeek-V3,main_prompt,8,Fire safety officer,3582,3,Medium,Original rationale supplied in user-pasted DeepSeek JSON; occupation name normalized where needed.,UI default,UI default,UI default,True
DeepSeek,DeepSeek-V3,main_prompt,8,Road traffic and transport safety officer,3582,2,Medium,Original rationale supplied in user-pasted DeepSeek JSON; occupation name normalized where needed.,UI default,UI default,UI default,True
DeepSeek,DeepSeek-V3,main_prompt,8,Occupational hygienist,3582,3,Medium,Original rationale supplied in user-pasted DeepSeek JSON; occupation name normalized where needed.,UI default,UI default,UI default,True
DeepSeek,DeepSeek-V3,main_prompt,8,Environmental health professional,2483,3,High,Original rationale supplied in user-pasted DeepSeek JSON; occupation name normalized where needed.,UI default,UI default,UI default,True
DeepSeek,DeepSeek-V3,main_prompt,8,Environmental consultant,2152,3,High,Original rationale supplied in user-pasted DeepSeek JSON; occupation name normalized where needed.,UI default,UI default,UI default,True
DeepSeek,DeepSeek-V3,main_prompt,8,Environmental scientist,2152,3,High,Original rationale supplied in user-pasted DeepSeek JSON; occupation name normalized where needed.,UI default,UI default,UI default,True
DeepSeek,DeepSeek-V3,main_prompt,8,Environmental/geo-environmental engineer,2152,2,Medium,Original rationale supplied in user-pasted DeepSeek JSON; occupation name normalized where needed.,UI default,UI default,UI default,True
DeepSeek,DeepSeek-V3,main_prompt,8,Sustainability officer,2152,3,Medium,Original rationale supplied in user-pasted DeepSeek JSON; occupation name normalized where needed.,UI default,UI default,UI default,True
DeepSeek,DeepSeek-V3,main_prompt,8,Energy manager,2152,3,High,Original rationale supplied in user-pasted DeepSeek JSON; occupation name normalized where needed.,UI default,UI default,UI default,True
DeepSeek,DeepSeek-V3,main_prompt,8,Hydrogeologist,2114,2,Medium,Original rationale supplied in user-pasted DeepSeek JSON; occupation name normalized where needed.,UI default,UI default,UI default,True
DeepSeek,DeepSeek-V3,main_prompt,8,Hydrologist,2114,3,High,Original rationale supplied in user-pasted DeepSeek JSON; occupation name normalized where needed.,UI default,UI default,UI default,True
DeepSeek,DeepSeek-V3,main_prompt,9,Civil engineer,2121,3,High,Original rationale supplied in user-pasted DeepSeek JSON; occupation name normalized where needed.,UI default,UI default,UI default,True
DeepSeek,DeepSeek-V3,main_prompt,9,Structural engineer,2121,3,High,Original rationale supplied in user-pasted DeepSeek JSON; occupation name normalized where needed.,UI default,UI default,UI default,True
DeepSeek,DeepSeek-V3,main_prompt,9,Geotechnical engineer,2121,2,Medium,Original rationale supplied in user-pasted DeepSeek JSON; occupation name normalized where needed.,UI default,UI default,UI default,True
DeepSeek,DeepSeek-V3,main_prompt,9,Transportation engineer,2121,3,Medium,Original rationale supplied in user-pasted DeepSeek JSON; occupation name normalized where needed.,UI default,UI default,UI default,True
DeepSeek,DeepSeek-V3,main_prompt,9,Water engineer (professional),2121,3,High,Original rationale supplied in user-pasted DeepSeek JSON; occupation name normalized where needed.,UI default,UI default,UI default,True
DeepSeek,DeepSeek-V3,main_prompt,9,Building and building services engineer,2121,3,Medium,Original rationale supplied in user-pasted DeepSeek JSON; occupation name normalized where needed.,UI default,UI default,UI default,True
DeepSeek,DeepSeek-V3,main_prompt,9,Engineering project manager,2127,2,High,Original rationale supplied in user-pasted DeepSeek JSON; occupation name normalized where needed.,UI default,UI default,UI default,True
DeepSeek,DeepSeek-V3,main_prompt,9,Project engineer,2127,3,Medium,Original rationale supplied in user-pasted DeepSeek JSON; occupation name normalized where needed.,UI default,UI default,UI default,True
DeepSeek,DeepSeek-V3,main_prompt,9,Energy engineer,2129,3,High,Original rationale supplied in user-pasted DeepSeek JSON; occupation name normalized where needed.,UI default,UI default,UI default,True
DeepSeek,DeepSeek-V3,main_prompt,9,Traffic engineer,2129,3,Medium,Original rationale supplied in user-pasted DeepSeek JSON; occupation name normalized where needed.,UI default,UI default,UI default,True
DeepSeek,DeepSeek-V3,main_prompt,9,Heating and ventilating engineer (professional),2129,3,High,Original rationale supplied in user-pasted DeepSeek JSON; occupation name normalized where needed.,UI default,UI default,UI default,True
DeepSeek,DeepSeek-V3,main_prompt,9,Gas engineer (professional),2129,2,High,Original rationale supplied in user-pasted DeepSeek JSON; occupation name normalized where needed.,UI default,UI default,UI default,True
DeepSeek,DeepSeek-V3,main_prompt,9,Construction project manager,2455,2,High,Original rationale supplied in user-pasted DeepSeek JSON; occupation name normalized where needed.,UI default,UI default,UI default,True
DeepSeek,DeepSeek-V3,main_prompt,9,Construction contract manager,2455,2,High,Original rationale supplied in user-pasted DeepSeek JSON; occupation name normalized where needed.,UI default,UI default,UI default,True
DeepSeek,DeepSeek-V3,main_prompt,9,Transport planner,2455,3,Medium,Original rationale supplied in user-pasted DeepSeek JSON; occupation name normalized where needed.,UI default,UI default,UI default,True
DeepSeek,DeepSeek-V3,main_prompt,9,Quantity surveyor,2453,3,High,Original rationale supplied in user-pasted DeepSeek JSON; occupation name normalized where needed.,UI default,UI default,UI default,True
DeepSeek,DeepSeek-V3,main_prompt,9,Building control surveyor,2454,2,High,Original rationale supplied in user-pasted DeepSeek JSON; occupation name normalized where needed.,UI default,UI default,UI default,True
DeepSeek,DeepSeek-V3,main_prompt,9,Land surveyor,2454,2,High,Original rationale supplied in user-pasted DeepSeek JSON; occupation name normalized where needed.,UI default,UI default,UI default,True
DeepSeek,DeepSeek-V3,main_prompt,9,Hydrographic surveyor,2454,2,Medium,Original rationale supplied in user-pasted DeepSeek JSON; occupation name normalized where needed.,UI default,UI default,UI default,True
DeepSeek,DeepSeek-V3,main_prompt,9,Town planning officer,2452,3,Medium,Original rationale supplied in user-pasted DeepSeek JSON; occupation name normalized where needed.,UI default,UI default,UI default,True
DeepSeek,DeepSeek-V3,main_prompt,9,Urban designer,2452,2,Medium,Original rationale supplied in user-pasted DeepSeek JSON; occupation name normalized where needed.,UI default,UI default,UI default,True
DeepSeek,DeepSeek-V3,main_prompt,9,Chartered architectural technologist,2452,3,Medium,Original rationale supplied in user-pasted DeepSeek JSON; occupation name normalized where needed.,UI default,UI default,UI default,True
DeepSeek,DeepSeek-V3,main_prompt,9,BIM technician,3120,4,High,Original rationale supplied in user-pasted DeepSeek JSON; occupation name normalized where needed.,UI default,UI default,UI default,True
DeepSeek,DeepSeek-V3,main_prompt,9,CAD technician,3120,4,High,Original rationale supplied in user-pasted DeepSeek JSON; occupation name normalized where needed.,UI default,UI default,UI default,True
DeepSeek,DeepSeek-V3,main_prompt,9,Architectural technician,3120,3,Medium,Original rationale supplied in user-pasted DeepSeek JSON; occupation name normalized where needed.,UI default,UI default,UI default,True
DeepSeek,DeepSeek-V3,main_prompt,9,Cartographer,3120,4,High,Original rationale supplied in user-pasted DeepSeek JSON; occupation name normalized where needed.,UI default,UI default,UI default,True
DeepSeek,DeepSeek-V3,main_prompt,9,Civil engineering technician,3114,3,High,Original rationale supplied in user-pasted DeepSeek JSON; occupation name normalized where needed.,UI default,UI default,UI default,True
DeepSeek,DeepSeek-V3,main_prompt,9,Building technician,3114,3,Medium,Original rationale supplied in user-pasted DeepSeek JSON; occupation name normalized where needed.,UI default,UI default,UI default,True
DeepSeek,DeepSeek-V3,main_prompt,9,Surveying technician,3114,3,High,Original rationale supplied in user-pasted DeepSeek JSON; occupation name normalized where needed.,UI default,UI default,UI default,True
DeepSeek,DeepSeek-V3,main_prompt,9,Planning engineer,2481,3,High,Original rationale supplied in user-pasted DeepSeek JSON; occupation name normalized where needed.,UI default,UI default,UI default,True
DeepSeek,DeepSeek-V3,main_prompt,9,Quality control engineer,2481,3,High,Original rationale supplied in user-pasted DeepSeek JSON; occupation name normalized where needed.,UI default,UI default,UI default,True
DeepSeek,DeepSeek-V3,main_prompt,9,Estimator,3541,4,High,Original rationale supplied in user-pasted DeepSeek JSON; occupation name normalized where needed.,UI default,UI default,UI default,True
DeepSeek,DeepSeek-V3,main_prompt,9,Valuer,3541,2,Medium,Original rationale supplied in user-pasted DeepSeek JSON; occupation name normalized where needed.,UI default,UI default,UI default,True
DeepSeek,DeepSeek-V3,main_prompt,9,Energy adviser and assessor,3541,4,High,Original rationale supplied in user-pasted DeepSeek JSON; occupation name normalized where needed.,UI default,UI default,UI default,True
DeepSeek,DeepSeek-V3,main_prompt,9,Building control officer,3581,2,High,Original rationale supplied in user-pasted DeepSeek JSON; occupation name normalized where needed.,UI default,UI default,UI default,True
DeepSeek,DeepSeek-V3,main_prompt,9,Housing and planning inspector,3581,2,Medium,Original rationale supplied in user-pasted DeepSeek JSON; occupation name normalized where needed.,UI default,UI default,UI default,True
DeepSeek,DeepSeek-V3,main_prompt,9,Health and safety inspector,3581,2,High,Original rationale supplied in user-pasted DeepSeek JSON; occupation name normalized where needed.,UI default,UI default,UI default,True
DeepSeek,DeepSeek-V3,main_prompt,9,Traffic and vehicle examiner/inspector,3581,3,Medium,Original rationale supplied in user-pasted DeepSeek JSON; occupation name normalized where needed.,UI default,UI default,UI default,True
DeepSeek,DeepSeek-V3,main_prompt,9,Occupational health and safety officer,3582,2,Medium,Original rationale supplied in user-pasted DeepSeek JSON; occupation name normalized where needed.,UI default,UI default,UI default,True
DeepSeek,DeepSeek-V3,main_prompt,9,Fire safety officer,3582,3,Medium,Original rationale supplied in user-pasted DeepSeek JSON; occupation name normalized where needed.,UI default,UI default,UI default,True
DeepSeek,DeepSeek-V3,main_prompt,9,Road traffic and transport safety officer,3582,2,Medium,Original rationale supplied in user-pasted DeepSeek JSON; occupation name normalized where needed.,UI default,UI default,UI default,True
DeepSeek,DeepSeek-V3,main_prompt,9,Occupational hygienist,3582,3,Medium,Original rationale supplied in user-pasted DeepSeek JSON; occupation name normalized where needed.,UI default,UI default,UI default,True
DeepSeek,DeepSeek-V3,main_prompt,9,Environmental health professional,2483,3,High,Original rationale supplied in user-pasted DeepSeek JSON; occupation name normalized where needed.,UI default,UI default,UI default,True
DeepSeek,DeepSeek-V3,main_prompt,9,Environmental consultant,2152,3,High,Original rationale supplied in user-pasted DeepSeek JSON; occupation name normalized where needed.,UI default,UI default,UI default,True
DeepSeek,DeepSeek-V3,main_prompt,9,Environmental scientist,2152,3,High,Original rationale supplied in user-pasted DeepSeek JSON; occupation name normalized where needed.,UI default,UI default,UI default,True
DeepSeek,DeepSeek-V3,main_prompt,9,Environmental/geo-environmental engineer,2152,2,Medium,Original rationale supplied in user-pasted DeepSeek JSON; occupation name normalized where needed.,UI default,UI default,UI default,True
DeepSeek,DeepSeek-V3,main_prompt,9,Sustainability officer,2152,3,Medium,Original rationale supplied in user-pasted DeepSeek JSON; occupation name normalized where needed.,UI default,UI default,UI default,True
DeepSeek,DeepSeek-V3,main_prompt,9,Energy manager,2152,3,High,Original rationale supplied in user-pasted DeepSeek JSON; occupation name normalized where needed.,UI default,UI default,UI default,True
DeepSeek,DeepSeek-V3,main_prompt,9,Hydrogeologist,2114,2,Medium,Original rationale supplied in user-pasted DeepSeek JSON; occupation name normalized where needed.,UI default,UI default,UI default,True
DeepSeek,DeepSeek-V3,main_prompt,9,Hydrologist,2114,3,High,Original rationale supplied in user-pasted DeepSeek JSON; occupation name normalized where needed.,UI default,UI default,UI default,True
DeepSeek,DeepSeek-V3,main_prompt,10,Civil engineer,2121,3,High,Original rationale supplied in user-pasted DeepSeek JSON; occupation name normalized where needed.,UI default,UI default,UI default,True
DeepSeek,DeepSeek-V3,main_prompt,10,Structural engineer,2121,3,High,Original rationale supplied in user-pasted DeepSeek JSON; occupation name normalized where needed.,UI default,UI default,UI default,True
DeepSeek,DeepSeek-V3,main_prompt,10,Geotechnical engineer,2121,2,Medium,Original rationale supplied in user-pasted DeepSeek JSON; occupation name normalized where needed.,UI default,UI default,UI default,True
DeepSeek,DeepSeek-V3,main_prompt,10,Transportation engineer,2121,3,Medium,Original rationale supplied in user-pasted DeepSeek JSON; occupation name normalized where needed.,UI default,UI default,UI default,True
DeepSeek,DeepSeek-V3,main_prompt,10,Water engineer (professional),2121,3,High,Original rationale supplied in user-pasted DeepSeek JSON; occupation name normalized where needed.,UI default,UI default,UI default,True
DeepSeek,DeepSeek-V3,main_prompt,10,Building and building services engineer,2121,3,Medium,Original rationale supplied in user-pasted DeepSeek JSON; occupation name normalized where needed.,UI default,UI default,UI default,True
DeepSeek,DeepSeek-V3,main_prompt,10,Engineering project manager,2127,2,High,Original rationale supplied in user-pasted DeepSeek JSON; occupation name normalized where needed.,UI default,UI default,UI default,True
DeepSeek,DeepSeek-V3,main_prompt,10,Project engineer,2127,3,Medium,Original rationale supplied in user-pasted DeepSeek JSON; occupation name normalized where needed.,UI default,UI default,UI default,True
DeepSeek,DeepSeek-V3,main_prompt,10,Energy engineer,2129,3,High,Original rationale supplied in user-pasted DeepSeek JSON; occupation name normalized where needed.,UI default,UI default,UI default,True
DeepSeek,DeepSeek-V3,main_prompt,10,Traffic engineer,2129,3,Medium,Original rationale supplied in user-pasted DeepSeek JSON; occupation name normalized where needed.,UI default,UI default,UI default,True
DeepSeek,DeepSeek-V3,main_prompt,10,Heating and ventilating engineer (professional),2129,3,High,Original rationale supplied in user-pasted DeepSeek JSON; occupation name normalized where needed.,UI default,UI default,UI default,True
DeepSeek,DeepSeek-V3,main_prompt,10,Gas engineer (professional),2129,2,High,Original rationale supplied in user-pasted DeepSeek JSON; occupation name normalized where needed.,UI default,UI default,UI default,True
DeepSeek,DeepSeek-V3,main_prompt,10,Construction project manager,2455,2,High,Original rationale supplied in user-pasted DeepSeek JSON; occupation name normalized where needed.,UI default,UI default,UI default,True
DeepSeek,DeepSeek-V3,main_prompt,10,Construction contract manager,2455,2,High,Original rationale supplied in user-pasted DeepSeek JSON; occupation name normalized where needed.,UI default,UI default,UI default,True
DeepSeek,DeepSeek-V3,main_prompt,10,Transport planner,2455,3,Medium,Original rationale supplied in user-pasted DeepSeek JSON; occupation name normalized where needed.,UI default,UI default,UI default,True
DeepSeek,DeepSeek-V3,main_prompt,10,Quantity surveyor,2453,3,High,Original rationale supplied in user-pasted DeepSeek JSON; occupation name normalized where needed.,UI default,UI default,UI default,True
DeepSeek,DeepSeek-V3,main_prompt,10,Building control surveyor,2454,2,High,Original rationale supplied in user-pasted DeepSeek JSON; occupation name normalized where needed.,UI default,UI default,UI default,True
DeepSeek,DeepSeek-V3,main_prompt,10,Land surveyor,2454,2,High,Original rationale supplied in user-pasted DeepSeek JSON; occupation name normalized where needed.,UI default,UI default,UI default,True
DeepSeek,DeepSeek-V3,main_prompt,10,Hydrographic surveyor,2454,2,Medium,Original rationale supplied in user-pasted DeepSeek JSON; occupation name normalized where needed.,UI default,UI default,UI default,True
DeepSeek,DeepSeek-V3,main_prompt,10,Town planning officer,2452,3,Medium,Original rationale supplied in user-pasted DeepSeek JSON; occupation name normalized where needed.,UI default,UI default,UI default,True
DeepSeek,DeepSeek-V3,main_prompt,10,Urban designer,2452,2,Medium,Original rationale supplied in user-pasted DeepSeek JSON; occupation name normalized where needed.,UI default,UI default,UI default,True
DeepSeek,DeepSeek-V3,main_prompt,10,Chartered architectural technologist,2452,3,Medium,Original rationale supplied in user-pasted DeepSeek JSON; occupation name normalized where needed.,UI default,UI default,UI default,True
DeepSeek,DeepSeek-V3,main_prompt,10,BIM technician,3120,4,High,Original rationale supplied in user-pasted DeepSeek JSON; occupation name normalized where needed.,UI default,UI default,UI default,True
DeepSeek,DeepSeek-V3,main_prompt,10,CAD technician,3120,4,High,Original rationale supplied in user-pasted DeepSeek JSON; occupation name normalized where needed.,UI default,UI default,UI default,True
DeepSeek,DeepSeek-V3,main_prompt,10,Architectural technician,3120,3,Medium,Original rationale supplied in user-pasted DeepSeek JSON; occupation name normalized where needed.,UI default,UI default,UI default,True
DeepSeek,DeepSeek-V3,main_prompt,10,Cartographer,3120,4,High,Original rationale supplied in user-pasted DeepSeek JSON; occupation name normalized where needed.,UI default,UI default,UI default,True
DeepSeek,DeepSeek-V3,main_prompt,10,Civil engineering technician,3114,3,High,Original rationale supplied in user-pasted DeepSeek JSON; occupation name normalized where needed.,UI default,UI default,UI default,True
DeepSeek,DeepSeek-V3,main_prompt,10,Building technician,3114,3,Medium,Original rationale supplied in user-pasted DeepSeek JSON; occupation name normalized where needed.,UI default,UI default,UI default,True
DeepSeek,DeepSeek-V3,main_prompt,10,Surveying technician,3114,3,High,Original rationale supplied in user-pasted DeepSeek JSON; occupation name normalized where needed.,UI default,UI default,UI default,True
DeepSeek,DeepSeek-V3,main_prompt,10,Planning engineer,2481,3,High,Original rationale supplied in user-pasted DeepSeek JSON; occupation name normalized where needed.,UI default,UI default,UI default,True
DeepSeek,DeepSeek-V3,main_prompt,10,Quality control engineer,2481,3,High,Original rationale supplied in user-pasted DeepSeek JSON; occupation name normalized where needed.,UI default,UI default,UI default,True
DeepSeek,DeepSeek-V3,main_prompt,10,Estimator,3541,4,High,Original rationale supplied in user-pasted DeepSeek JSON; occupation name normalized where needed.,UI default,UI default,UI default,True
DeepSeek,DeepSeek-V3,main_prompt,10,Valuer,3541,2,Medium,Original rationale supplied in user-pasted DeepSeek JSON; occupation name normalized where needed.,UI default,UI default,UI default,True
DeepSeek,DeepSeek-V3,main_prompt,10,Energy adviser and assessor,3541,4,High,Original rationale supplied in user-pasted DeepSeek JSON; occupation name normalized where needed.,UI default,UI default,UI default,True
DeepSeek,DeepSeek-V3,main_prompt,10,Building control officer,3581,2,High,Original rationale supplied in user-pasted DeepSeek JSON; occupation name normalized where needed.,UI default,UI default,UI default,True
DeepSeek,DeepSeek-V3,main_prompt,10,Housing and planning inspector,3581,2,Medium,Original rationale supplied in user-pasted DeepSeek JSON; occupation name normalized where needed.,UI default,UI default,UI default,True
DeepSeek,DeepSeek-V3,main_prompt,10,Health and safety inspector,3581,2,High,Original rationale supplied in user-pasted DeepSeek JSON; occupation name normalized where needed.,UI default,UI default,UI default,True
DeepSeek,DeepSeek-V3,main_prompt,10,Traffic and vehicle examiner/inspector,3581,3,Medium,Original rationale supplied in user-pasted DeepSeek JSON; occupation name normalized where needed.,UI default,UI default,UI default,True
DeepSeek,DeepSeek-V3,main_prompt,10,Occupational health and safety officer,3582,2,Medium,Original rationale supplied in user-pasted DeepSeek JSON; occupation name normalized where needed.,UI default,UI default,UI default,True
DeepSeek,DeepSeek-V3,main_prompt,10,Fire safety officer,3582,3,Medium,Original rationale supplied in user-pasted DeepSeek JSON; occupation name normalized where needed.,UI default,UI default,UI default,True
DeepSeek,DeepSeek-V3,main_prompt,10,Road traffic and transport safety officer,3582,2,Medium,Original rationale supplied in user-pasted DeepSeek JSON; occupation name normalized where needed.,UI default,UI default,UI default,True
DeepSeek,DeepSeek-V3,main_prompt,10,Occupational hygienist,3582,3,Medium,Original rationale supplied in user-pasted DeepSeek JSON; occupation name normalized where needed.,UI default,UI default,UI default,True
DeepSeek,DeepSeek-V3,main_prompt,10,Environmental health professional,2483,3,High,Original rationale supplied in user-pasted DeepSeek JSON; occupation name normalized where needed.,UI default,UI default,UI default,True
DeepSeek,DeepSeek-V3,main_prompt,10,Environmental consultant,2152,3,High,Original rationale supplied in user-pasted DeepSeek JSON; occupation name normalized where needed.,UI default,UI default,UI default,True
DeepSeek,DeepSeek-V3,main_prompt,10,Environmental scientist,2152,3,High,Original rationale supplied in user-pasted DeepSeek JSON; occupation name normalized where needed.,UI default,UI default,UI default,True
DeepSeek,DeepSeek-V3,main_prompt,10,Environmental/geo-environmental engineer,2152,2,Medium,Original rationale supplied in user-pasted DeepSeek JSON; occupation name normalized where needed.,UI default,UI default,UI default,True
DeepSeek,DeepSeek-V3,main_prompt,10,Sustainability officer,2152,3,Medium,Original rationale supplied in user-pasted DeepSeek JSON; occupation name normalized where needed.,UI default,UI default,UI default,True
DeepSeek,DeepSeek-V3,main_prompt,10,Energy manager,2152,3,High,Original rationale supplied in user-pasted DeepSeek JSON; occupation name normalized where needed.,UI default,UI default,UI default,True
DeepSeek,DeepSeek-V3,main_prompt,10,Hydrogeologist,2114,2,Medium,Original rationale supplied in user-pasted DeepSeek JSON; occupation name normalized where needed.,UI default,UI default,UI default,True
DeepSeek,DeepSeek-V3,main_prompt,10,Hydrologist,2114,3,High,Original rationale supplied in user-pasted DeepSeek JSON; occupation name normalized where needed.,UI default,UI default,UI default,True
DeepSeek,DeepSeek-V3,main_prompt,11,Civil engineer,2121,3,High,Original rationale supplied in user-pasted DeepSeek JSON; occupation name normalized where needed.,UI default,UI default,UI default,True
DeepSeek,DeepSeek-V3,main_prompt,11,Structural engineer,2121,3,High,Original rationale supplied in user-pasted DeepSeek JSON; occupation name normalized where needed.,UI default,UI default,UI default,True
DeepSeek,DeepSeek-V3,main_prompt,11,Geotechnical engineer,2121,2,Medium,Original rationale supplied in user-pasted DeepSeek JSON; occupation name normalized where needed.,UI default,UI default,UI default,True
DeepSeek,DeepSeek-V3,main_prompt,11,Transportation engineer,2121,3,Medium,Original rationale supplied in user-pasted DeepSeek JSON; occupation name normalized where needed.,UI default,UI default,UI default,True
DeepSeek,DeepSeek-V3,main_prompt,11,Water engineer (professional),2121,3,High,Original rationale supplied in user-pasted DeepSeek JSON; occupation name normalized where needed.,UI default,UI default,UI default,True
DeepSeek,DeepSeek-V3,main_prompt,11,Building and building services engineer,2121,3,Medium,Original rationale supplied in user-pasted DeepSeek JSON; occupation name normalized where needed.,UI default,UI default,UI default,True
DeepSeek,DeepSeek-V3,main_prompt,11,Engineering project manager,2127,2,High,Original rationale supplied in user-pasted DeepSeek JSON; occupation name normalized where needed.,UI default,UI default,UI default,True
DeepSeek,DeepSeek-V3,main_prompt,11,Project engineer,2127,3,Medium,Original rationale supplied in user-pasted DeepSeek JSON; occupation name normalized where needed.,UI default,UI default,UI default,True
DeepSeek,DeepSeek-V3,main_prompt,11,Energy engineer,2129,3,High,Original rationale supplied in user-pasted DeepSeek JSON; occupation name normalized where needed.,UI default,UI default,UI default,True
DeepSeek,DeepSeek-V3,main_prompt,11,Traffic engineer,2129,3,Medium,Original rationale supplied in user-pasted DeepSeek JSON; occupation name normalized where needed.,UI default,UI default,UI default,True
DeepSeek,DeepSeek-V3,main_prompt,11,Heating and ventilating engineer (professional),2129,3,High,Original rationale supplied in user-pasted DeepSeek JSON; occupation name normalized where needed.,UI default,UI default,UI default,True
DeepSeek,DeepSeek-V3,main_prompt,11,Gas engineer (professional),2129,2,High,Original rationale supplied in user-pasted DeepSeek JSON; occupation name normalized where needed.,UI default,UI default,UI default,True
DeepSeek,DeepSeek-V3,main_prompt,11,Construction project manager,2455,2,High,Original rationale supplied in user-pasted DeepSeek JSON; occupation name normalized where needed.,UI default,UI default,UI default,True
DeepSeek,DeepSeek-V3,main_prompt,11,Construction contract manager,2455,2,High,Original rationale supplied in user-pasted DeepSeek JSON; occupation name normalized where needed.,UI default,UI default,UI default,True
DeepSeek,DeepSeek-V3,main_prompt,11,Transport planner,2455,3,Medium,Original rationale supplied in user-pasted DeepSeek JSON; occupation name normalized where needed.,UI default,UI default,UI default,True
DeepSeek,DeepSeek-V3,main_prompt,11,Quantity surveyor,2453,3,High,Original rationale supplied in user-pasted DeepSeek JSON; occupation name normalized where needed.,UI default,UI default,UI default,True
DeepSeek,DeepSeek-V3,main_prompt,11,Building control surveyor,2454,2,High,Original rationale supplied in user-pasted DeepSeek JSON; occupation name normalized where needed.,UI default,UI default,UI default,True
DeepSeek,DeepSeek-V3,main_prompt,11,Land surveyor,2454,2,High,Original rationale supplied in user-pasted DeepSeek JSON; occupation name normalized where needed.,UI default,UI default,UI default,True
DeepSeek,DeepSeek-V3,main_prompt,11,Hydrographic surveyor,2454,2,Medium,Original rationale supplied in user-pasted DeepSeek JSON; occupation name normalized where needed.,UI default,UI default,UI default,True
DeepSeek,DeepSeek-V3,main_prompt,11,Town planning officer,2452,3,Medium,Original rationale supplied in user-pasted DeepSeek JSON; occupation name normalized where needed.,UI default,UI default,UI default,True
DeepSeek,DeepSeek-V3,main_prompt,11,Urban designer,2452,2,Medium,Original rationale supplied in user-pasted DeepSeek JSON; occupation name normalized where needed.,UI default,UI default,UI default,True
DeepSeek,DeepSeek-V3,main_prompt,11,Chartered architectural technologist,2452,3,Medium,Original rationale supplied in user-pasted DeepSeek JSON; occupation name normalized where needed.,UI default,UI default,UI default,True
DeepSeek,DeepSeek-V3,main_prompt,11,BIM technician,3120,4,High,Original rationale supplied in user-pasted DeepSeek JSON; occupation name normalized where needed.,UI default,UI default,UI default,True
DeepSeek,DeepSeek-V3,main_prompt,11,CAD technician,3120,4,High,Original rationale supplied in user-pasted DeepSeek JSON; occupation name normalized where needed.,UI default,UI default,UI default,True
DeepSeek,DeepSeek-V3,main_prompt,11,Architectural technician,3120,3,Medium,Original rationale supplied in user-pasted DeepSeek JSON; occupation name normalized where needed.,UI default,UI default,UI default,True
DeepSeek,DeepSeek-V3,main_prompt,11,Cartographer,3120,4,High,Original rationale supplied in user-pasted DeepSeek JSON; occupation name normalized where needed.,UI default,UI default,UI default,True
DeepSeek,DeepSeek-V3,main_prompt,11,Civil engineering technician,3114,3,High,Original rationale supplied in user-pasted DeepSeek JSON; occupation name normalized where needed.,UI default,UI default,UI default,True
DeepSeek,DeepSeek-V3,main_prompt,11,Building technician,3114,3,Medium,Original rationale supplied in user-pasted DeepSeek JSON; occupation name normalized where needed.,UI default,UI default,UI default,True
DeepSeek,DeepSeek-V3,main_prompt,11,Surveying technician,3114,3,High,Original rationale supplied in user-pasted DeepSeek JSON; occupation name normalized where needed.,UI default,UI default,UI default,True
DeepSeek,DeepSeek-V3,main_prompt,11,Planning engineer,2481,3,High,Original rationale supplied in user-pasted DeepSeek JSON; occupation name normalized where needed.,UI default,UI default,UI default,True
DeepSeek,DeepSeek-V3,main_prompt,11,Quality control engineer,2481,3,High,Original rationale supplied in user-pasted DeepSeek JSON; occupation name normalized where needed.,UI default,UI default,UI default,True
DeepSeek,DeepSeek-V3,main_prompt,11,Estimator,3541,4,High,Original rationale supplied in user-pasted DeepSeek JSON; occupation name normalized where needed.,UI default,UI default,UI default,True
DeepSeek,DeepSeek-V3,main_prompt,11,Valuer,3541,2,Medium,Original rationale supplied in user-pasted DeepSeek JSON; occupation name normalized where needed.,UI default,UI default,UI default,True
DeepSeek,DeepSeek-V3,main_prompt,11,Energy adviser and assessor,3541,4,High,Original rationale supplied in user-pasted DeepSeek JSON; occupation name normalized where needed.,UI default,UI default,UI default,True
DeepSeek,DeepSeek-V3,main_prompt,11,Building control officer,3581,2,High,Original rationale supplied in user-pasted DeepSeek JSON; occupation name normalized where needed.,UI default,UI default,UI default,True
DeepSeek,DeepSeek-V3,main_prompt,11,Housing and planning inspector,3581,2,Medium,Original rationale supplied in user-pasted DeepSeek JSON; occupation name normalized where needed.,UI default,UI default,UI default,True
DeepSeek,DeepSeek-V3,main_prompt,11,Health and safety inspector,3581,2,High,Original rationale supplied in user-pasted DeepSeek JSON; occupation name normalized where needed.,UI default,UI default,UI default,True
DeepSeek,DeepSeek-V3,main_prompt,11,Traffic and vehicle examiner/inspector,3581,3,Medium,Original rationale supplied in user-pasted DeepSeek JSON; occupation name normalized where needed.,UI default,UI default,UI default,True
DeepSeek,DeepSeek-V3,main_prompt,11,Occupational health and safety officer,3582,2,Medium,Original rationale supplied in user-pasted DeepSeek JSON; occupation name normalized where needed.,UI default,UI default,UI default,True
DeepSeek,DeepSeek-V3,main_prompt,11,Fire safety officer,3582,3,Medium,Original rationale supplied in user-pasted DeepSeek JSON; occupation name normalized where needed.,UI default,UI default,UI default,True
DeepSeek,DeepSeek-V3,main_prompt,11,Road traffic and transport safety officer,3582,2,Medium,Original rationale supplied in user-pasted DeepSeek JSON; occupation name normalized where needed.,UI default,UI default,UI default,True
DeepSeek,DeepSeek-V3,main_prompt,11,Occupational hygienist,3582,3,Medium,Original rationale supplied in user-pasted DeepSeek JSON; occupation name normalized where needed.,UI default,UI default,UI default,True
DeepSeek,DeepSeek-V3,main_prompt,11,Environmental health professional,2483,3,High,Original rationale supplied in user-pasted DeepSeek JSON; occupation name normalized where needed.,UI default,UI default,UI default,True
DeepSeek,DeepSeek-V3,main_prompt,11,Environmental consultant,2152,3,High,Original rationale supplied in user-pasted DeepSeek JSON; occupation name normalized where needed.,UI default,UI default,UI default,True
DeepSeek,DeepSeek-V3,main_prompt,11,Environmental scientist,2152,3,High,Original rationale supplied in user-pasted DeepSeek JSON; occupation name normalized where needed.,UI default,UI default,UI default,True
DeepSeek,DeepSeek-V3,main_prompt,11,Environmental/geo-environmental engineer,2152,2,Medium,Original rationale supplied in user-pasted DeepSeek JSON; occupation name normalized where needed.,UI default,UI default,UI default,True
DeepSeek,DeepSeek-V3,main_prompt,11,Sustainability officer,2152,3,Medium,Original rationale supplied in user-pasted DeepSeek JSON; occupation name normalized where needed.,UI default,UI default,UI default,True
DeepSeek,DeepSeek-V3,main_prompt,11,Energy manager,2152,3,High,Original rationale supplied in user-pasted DeepSeek JSON; occupation name normalized where needed.,UI default,UI default,UI default,True
DeepSeek,DeepSeek-V3,main_prompt,11,Hydrogeologist,2114,2,Medium,Original rationale supplied in user-pasted DeepSeek JSON; occupation name normalized where needed.,UI default,UI default,UI default,True
DeepSeek,DeepSeek-V3,main_prompt,11,Hydrologist,2114,3,High,Original rationale supplied in user-pasted DeepSeek JSON; occupation name normalized where needed.,UI default,UI default,UI default,True
DeepSeek,DeepSeek-V3,main_prompt,12,Civil engineer,2121,3,High,Original rationale supplied in user-pasted DeepSeek JSON; occupation name normalized where needed.,UI default,UI default,UI default,True
DeepSeek,DeepSeek-V3,main_prompt,12,Structural engineer,2121,3,High,Original rationale supplied in user-pasted DeepSeek JSON; occupation name normalized where needed.,UI default,UI default,UI default,True
DeepSeek,DeepSeek-V3,main_prompt,12,Geotechnical engineer,2121,2,Medium,Original rationale supplied in user-pasted DeepSeek JSON; occupation name normalized where needed.,UI default,UI default,UI default,True
DeepSeek,DeepSeek-V3,main_prompt,12,Transportation engineer,2121,3,Medium,Original rationale supplied in user-pasted DeepSeek JSON; occupation name normalized where needed.,UI default,UI default,UI default,True
DeepSeek,DeepSeek-V3,main_prompt,12,Water engineer (professional),2121,3,High,Original rationale supplied in user-pasted DeepSeek JSON; occupation name normalized where needed.,UI default,UI default,UI default,True
DeepSeek,DeepSeek-V3,main_prompt,12,Building and building services engineer,2121,3,Medium,Original rationale supplied in user-pasted DeepSeek JSON; occupation name normalized where needed.,UI default,UI default,UI default,True
DeepSeek,DeepSeek-V3,main_prompt,12,Engineering project manager,2127,2,High,Original rationale supplied in user-pasted DeepSeek JSON; occupation name normalized where needed.,UI default,UI default,UI default,True
DeepSeek,DeepSeek-V3,main_prompt,12,Project engineer,2127,3,Medium,Original rationale supplied in user-pasted DeepSeek JSON; occupation name normalized where needed.,UI default,UI default,UI default,True
DeepSeek,DeepSeek-V3,main_prompt,12,Energy engineer,2129,3,High,Original rationale supplied in user-pasted DeepSeek JSON; occupation name normalized where needed.,UI default,UI default,UI default,True
DeepSeek,DeepSeek-V3,main_prompt,12,Traffic engineer,2129,3,Medium,Original rationale supplied in user-pasted DeepSeek JSON; occupation name normalized where needed.,UI default,UI default,UI default,True
DeepSeek,DeepSeek-V3,main_prompt,12,Heating and ventilating engineer (professional),2129,3,High,Original rationale supplied in user-pasted DeepSeek JSON; occupation name normalized where needed.,UI default,UI default,UI default,True
DeepSeek,DeepSeek-V3,main_prompt,12,Gas engineer (professional),2129,2,High,Original rationale supplied in user-pasted DeepSeek JSON; occupation name normalized where needed.,UI default,UI default,UI default,True
DeepSeek,DeepSeek-V3,main_prompt,12,Construction project manager,2455,2,High,Original rationale supplied in user-pasted DeepSeek JSON; occupation name normalized where needed.,UI default,UI default,UI default,True
DeepSeek,DeepSeek-V3,main_prompt,12,Construction contract manager,2455,2,High,Original rationale supplied in user-pasted DeepSeek JSON; occupation name normalized where needed.,UI default,UI default,UI default,True
DeepSeek,DeepSeek-V3,main_prompt,12,Transport planner,2455,3,Medium,Original rationale supplied in user-pasted DeepSeek JSON; occupation name normalized where needed.,UI default,UI default,UI default,True
DeepSeek,DeepSeek-V3,main_prompt,12,Quantity surveyor,2453,3,High,Original rationale supplied in user-pasted DeepSeek JSON; occupation name normalized where needed.,UI default,UI default,UI default,True
DeepSeek,DeepSeek-V3,main_prompt,12,Building control surveyor,2454,2,High,Original rationale supplied in user-pasted DeepSeek JSON; occupation name normalized where needed.,UI default,UI default,UI default,True
DeepSeek,DeepSeek-V3,main_prompt,12,Land surveyor,2454,2,High,Original rationale supplied in user-pasted DeepSeek JSON; occupation name normalized where needed.,UI default,UI default,UI default,True
DeepSeek,DeepSeek-V3,main_prompt,12,Hydrographic surveyor,2454,2,Medium,Original rationale supplied in user-pasted DeepSeek JSON; occupation name normalized where needed.,UI default,UI default,UI default,True
DeepSeek,DeepSeek-V3,main_prompt,12,Town planning officer,2452,3,Medium,Original rationale supplied in user-pasted DeepSeek JSON; occupation name normalized where needed.,UI default,UI default,UI default,True
DeepSeek,DeepSeek-V3,main_prompt,12,Urban designer,2452,2,Medium,Original rationale supplied in user-pasted DeepSeek JSON; occupation name normalized where needed.,UI default,UI default,UI default,True
DeepSeek,DeepSeek-V3,main_prompt,12,Chartered architectural technologist,2452,3,Medium,Original rationale supplied in user-pasted DeepSeek JSON; occupation name normalized where needed.,UI default,UI default,UI default,True
DeepSeek,DeepSeek-V3,main_prompt,12,BIM technician,3120,4,High,Original rationale supplied in user-pasted DeepSeek JSON; occupation name normalized where needed.,UI default,UI default,UI default,True
DeepSeek,DeepSeek-V3,main_prompt,12,CAD technician,3120,4,High,Original rationale supplied in user-pasted DeepSeek JSON; occupation name normalized where needed.,UI default,UI default,UI default,True
DeepSeek,DeepSeek-V3,main_prompt,12,Architectural technician,3120,3,Medium,Original rationale supplied in user-pasted DeepSeek JSON; occupation name normalized where needed.,UI default,UI default,UI default,True
DeepSeek,DeepSeek-V3,main_prompt,12,Cartographer,3120,4,High,Original rationale supplied in user-pasted DeepSeek JSON; occupation name normalized where needed.,UI default,UI default,UI default,True
DeepSeek,DeepSeek-V3,main_prompt,12,Civil engineering technician,3114,3,High,Original rationale supplied in user-pasted DeepSeek JSON; occupation name normalized where needed.,UI default,UI default,UI default,True
DeepSeek,DeepSeek-V3,main_prompt,12,Building technician,3114,3,Medium,Original rationale supplied in user-pasted DeepSeek JSON; occupation name normalized where needed.,UI default,UI default,UI default,True
DeepSeek,DeepSeek-V3,main_prompt,12,Surveying technician,3114,3,High,Original rationale supplied in user-pasted DeepSeek JSON; occupation name normalized where needed.,UI default,UI default,UI default,True
DeepSeek,DeepSeek-V3,main_prompt,12,Planning engineer,2481,3,High,Original rationale supplied in user-pasted DeepSeek JSON; occupation name normalized where needed.,UI default,UI default,UI default,True
DeepSeek,DeepSeek-V3,main_prompt,12,Quality control engineer,2481,3,High,Original rationale supplied in user-pasted DeepSeek JSON; occupation name normalized where needed.,UI default,UI default,UI default,True
DeepSeek,DeepSeek-V3,main_prompt,12,Estimator,3541,4,High,Original rationale supplied in user-pasted DeepSeek JSON; occupation name normalized where needed.,UI default,UI default,UI default,True
DeepSeek,DeepSeek-V3,main_prompt,12,Valuer,3541,2,Medium,Original rationale supplied in user-pasted DeepSeek JSON; occupation name normalized where needed.,UI default,UI default,UI default,True
DeepSeek,DeepSeek-V3,main_prompt,12,Energy adviser and assessor,3541,4,High,Original rationale supplied in user-pasted DeepSeek JSON; occupation name normalized where needed.,UI default,UI default,UI default,True
DeepSeek,DeepSeek-V3,main_prompt,12,Building control officer,3581,2,High,Original rationale supplied in user-pasted DeepSeek JSON; occupation name normalized where needed.,UI default,UI default,UI default,True
DeepSeek,DeepSeek-V3,main_prompt,12,Housing and planning inspector,3581,2,Medium,Original rationale supplied in user-pasted DeepSeek JSON; occupation name normalized where needed.,UI default,UI default,UI default,True
DeepSeek,DeepSeek-V3,main_prompt,12,Health and safety inspector,3581,2,High,Original rationale supplied in user-pasted DeepSeek JSON; occupation name normalized where needed.,UI default,UI default,UI default,True
DeepSeek,DeepSeek-V3,main_prompt,12,Traffic and vehicle examiner/inspector,3581,3,Medium,Original rationale supplied in user-pasted DeepSeek JSON; occupation name normalized where needed.,UI default,UI default,UI default,True
DeepSeek,DeepSeek-V3,main_prompt,12,Occupational health and safety officer,3582,2,Medium,Original rationale supplied in user-pasted DeepSeek JSON; occupation name normalized where needed.,UI default,UI default,UI default,True
DeepSeek,DeepSeek-V3,main_prompt,12,Fire safety officer,3582,3,Medium,Original rationale supplied in user-pasted DeepSeek JSON; occupation name normalized where needed.,UI default,UI default,UI default,True
DeepSeek,DeepSeek-V3,main_prompt,12,Road traffic and transport safety officer,3582,2,Medium,Original rationale supplied in user-pasted DeepSeek JSON; occupation name normalized where needed.,UI default,UI default,UI default,True
DeepSeek,DeepSeek-V3,main_prompt,12,Occupational hygienist,3582,3,Medium,Original rationale supplied in user-pasted DeepSeek JSON; occupation name normalized where needed.,UI default,UI default,UI default,True
DeepSeek,DeepSeek-V3,main_prompt,12,Environmental health professional,2483,3,High,Original rationale supplied in user-pasted DeepSeek JSON; occupation name normalized where needed.,UI default,UI default,UI default,True
DeepSeek,DeepSeek-V3,main_prompt,12,Environmental consultant,2152,3,High,Original rationale supplied in user-pasted DeepSeek JSON; occupation name normalized where needed.,UI default,UI default,UI default,True
DeepSeek,DeepSeek-V3,main_prompt,12,Environmental scientist,2152,3,High,Original rationale supplied in user-pasted DeepSeek JSON; occupation name normalized where needed.,UI default,UI default,UI default,True
DeepSeek,DeepSeek-V3,main_prompt,12,Environmental/geo-environmental engineer,2152,2,Medium,Original rationale supplied in user-pasted DeepSeek JSON; occupation name normalized where needed.,UI default,UI default,UI default,True
DeepSeek,DeepSeek-V3,main_prompt,12,Sustainability officer,2152,3,Medium,Original rationale supplied in user-pasted DeepSeek JSON; occupation name normalized where needed.,UI default,UI default,UI default,True
DeepSeek,DeepSeek-V3,main_prompt,12,Energy manager,2152,3,High,Original rationale supplied in user-pasted DeepSeek JSON; occupation name normalized where needed.,UI default,UI default,UI default,True
DeepSeek,DeepSeek-V3,main_prompt,12,Hydrogeologist,2114,2,Medium,Original rationale supplied in user-pasted DeepSeek JSON; occupation name normalized where needed.,UI default,UI default,UI default,True
DeepSeek,DeepSeek-V3,main_prompt,12,Hydrologist,2114,3,High,Original rationale supplied in user-pasted DeepSeek JSON; occupation name normalized where needed.,UI default,UI default,UI default,True
DeepSeek,DeepSeek-V3,main_prompt,13,Civil engineer,2121,3,High,Original rationale supplied in user-pasted DeepSeek JSON; occupation name normalized where needed.,UI default,UI default,UI default,True
DeepSeek,DeepSeek-V3,main_prompt,13,Structural engineer,2121,3,High,Original rationale supplied in user-pasted DeepSeek JSON; occupation name normalized where needed.,UI default,UI default,UI default,True
DeepSeek,DeepSeek-V3,main_prompt,13,Geotechnical engineer,2121,2,Medium,Original rationale supplied in user-pasted DeepSeek JSON; occupation name normalized where needed.,UI default,UI default,UI default,True
DeepSeek,DeepSeek-V3,main_prompt,13,Transportation engineer,2121,3,Medium,Original rationale supplied in user-pasted DeepSeek JSON; occupation name normalized where needed.,UI default,UI default,UI default,True
DeepSeek,DeepSeek-V3,main_prompt,13,Water engineer (professional),2121,3,High,Original rationale supplied in user-pasted DeepSeek JSON; occupation name normalized where needed.,UI default,UI default,UI default,True
DeepSeek,DeepSeek-V3,main_prompt,13,Building and building services engineer,2121,3,Medium,Original rationale supplied in user-pasted DeepSeek JSON; occupation name normalized where needed.,UI default,UI default,UI default,True
DeepSeek,DeepSeek-V3,main_prompt,13,Engineering project manager,2127,2,High,Original rationale supplied in user-pasted DeepSeek JSON; occupation name normalized where needed.,UI default,UI default,UI default,True
DeepSeek,DeepSeek-V3,main_prompt,13,Project engineer,2127,3,Medium,Original rationale supplied in user-pasted DeepSeek JSON; occupation name normalized where needed.,UI default,UI default,UI default,True
DeepSeek,DeepSeek-V3,main_prompt,13,Energy engineer,2129,3,High,Original rationale supplied in user-pasted DeepSeek JSON; occupation name normalized where needed.,UI default,UI default,UI default,True
DeepSeek,DeepSeek-V3,main_prompt,13,Traffic engineer,2129,3,Medium,Original rationale supplied in user-pasted DeepSeek JSON; occupation name normalized where needed.,UI default,UI default,UI default,True
DeepSeek,DeepSeek-V3,main_prompt,13,Heating and ventilating engineer (professional),2129,3,High,Original rationale supplied in user-pasted DeepSeek JSON; occupation name normalized where needed.,UI default,UI default,UI default,True
DeepSeek,DeepSeek-V3,main_prompt,13,Gas engineer (professional),2129,2,High,Original rationale supplied in user-pasted DeepSeek JSON; occupation name normalized where needed.,UI default,UI default,UI default,True
DeepSeek,DeepSeek-V3,main_prompt,13,Construction project manager,2455,2,High,Original rationale supplied in user-pasted DeepSeek JSON; occupation name normalized where needed.,UI default,UI default,UI default,True
DeepSeek,DeepSeek-V3,main_prompt,13,Construction contract manager,2455,2,High,Original rationale supplied in user-pasted DeepSeek JSON; occupation name normalized where needed.,UI default,UI default,UI default,True
DeepSeek,DeepSeek-V3,main_prompt,13,Transport planner,2455,3,Medium,Original rationale supplied in user-pasted DeepSeek JSON; occupation name normalized where needed.,UI default,UI default,UI default,True
DeepSeek,DeepSeek-V3,main_prompt,13,Quantity surveyor,2453,3,High,Original rationale supplied in user-pasted DeepSeek JSON; occupation name normalized where needed.,UI default,UI default,UI default,True
DeepSeek,DeepSeek-V3,main_prompt,13,Building control surveyor,2454,2,High,Original rationale supplied in user-pasted DeepSeek JSON; occupation name normalized where needed.,UI default,UI default,UI default,True
DeepSeek,DeepSeek-V3,main_prompt,13,Land surveyor,2454,2,High,Original rationale supplied in user-pasted DeepSeek JSON; occupation name normalized where needed.,UI default,UI default,UI default,True
DeepSeek,DeepSeek-V3,main_prompt,13,Hydrographic surveyor,2454,2,Medium,Original rationale supplied in user-pasted DeepSeek JSON; occupation name normalized where needed.,UI default,UI default,UI default,True
DeepSeek,DeepSeek-V3,main_prompt,13,Town planning officer,2452,3,Medium,Original rationale supplied in user-pasted DeepSeek JSON; occupation name normalized where needed.,UI default,UI default,UI default,True
DeepSeek,DeepSeek-V3,main_prompt,13,Urban designer,2452,2,Medium,Original rationale supplied in user-pasted DeepSeek JSON; occupation name normalized where needed.,UI default,UI default,UI default,True
DeepSeek,DeepSeek-V3,main_prompt,13,Chartered architectural technologist,2452,3,Medium,Original rationale supplied in user-pasted DeepSeek JSON; occupation name normalized where needed.,UI default,UI default,UI default,True
DeepSeek,DeepSeek-V3,main_prompt,13,BIM technician,3120,4,High,Original rationale supplied in user-pasted DeepSeek JSON; occupation name normalized where needed.,UI default,UI default,UI default,True
DeepSeek,DeepSeek-V3,main_prompt,13,CAD technician,3120,4,High,Original rationale supplied in user-pasted DeepSeek JSON; occupation name normalized where needed.,UI default,UI default,UI default,True
DeepSeek,DeepSeek-V3,main_prompt,13,Architectural technician,3120,3,Medium,Original rationale supplied in user-pasted DeepSeek JSON; occupation name normalized where needed.,UI default,UI default,UI default,True
DeepSeek,DeepSeek-V3,main_prompt,13,Cartographer,3120,4,High,Original rationale supplied in user-pasted DeepSeek JSON; occupation name normalized where needed.,UI default,UI default,UI default,True
DeepSeek,DeepSeek-V3,main_prompt,13,Civil engineering technician,3114,3,High,Original rationale supplied in user-pasted DeepSeek JSON; occupation name normalized where needed.,UI default,UI default,UI default,True
DeepSeek,DeepSeek-V3,main_prompt,13,Building technician,3114,3,Medium,Original rationale supplied in user-pasted DeepSeek JSON; occupation name normalized where needed.,UI default,UI default,UI default,True
DeepSeek,DeepSeek-V3,main_prompt,13,Surveying technician,3114,3,High,Original rationale supplied in user-pasted DeepSeek JSON; occupation name normalized where needed.,UI default,UI default,UI default,True
DeepSeek,DeepSeek-V3,main_prompt,13,Planning engineer,2481,3,High,Original rationale supplied in user-pasted DeepSeek JSON; occupation name normalized where needed.,UI default,UI default,UI default,True
DeepSeek,DeepSeek-V3,main_prompt,13,Quality control engineer,2481,3,High,Original rationale supplied in user-pasted DeepSeek JSON; occupation name normalized where needed.,UI default,UI default,UI default,True
DeepSeek,DeepSeek-V3,main_prompt,13,Estimator,3541,4,High,Original rationale supplied in user-pasted DeepSeek JSON; occupation name normalized where needed.,UI default,UI default,UI default,True
DeepSeek,DeepSeek-V3,main_prompt,13,Valuer,3541,2,Medium,Original rationale supplied in user-pasted DeepSeek JSON; occupation name normalized where needed.,UI default,UI default,UI default,True
DeepSeek,DeepSeek-V3,main_prompt,13,Energy adviser and assessor,3541,4,High,Original rationale supplied in user-pasted DeepSeek JSON; occupation name normalized where needed.,UI default,UI default,UI default,True
DeepSeek,DeepSeek-V3,main_prompt,13,Building control officer,3581,2,High,Original rationale supplied in user-pasted DeepSeek JSON; occupation name normalized where needed.,UI default,UI default,UI default,True
DeepSeek,DeepSeek-V3,main_prompt,13,Housing and planning inspector,3581,2,Medium,Original rationale supplied in user-pasted DeepSeek JSON; occupation name normalized where needed.,UI default,UI default,UI default,True
DeepSeek,DeepSeek-V3,main_prompt,13,Health and safety inspector,3581,2,High,Original rationale supplied in user-pasted DeepSeek JSON; occupation name normalized where needed.,UI default,UI default,UI default,True
DeepSeek,DeepSeek-V3,main_prompt,13,Traffic and vehicle examiner/inspector,3581,3,Medium,Original rationale supplied in user-pasted DeepSeek JSON; occupation name normalized where needed.,UI default,UI default,UI default,True
DeepSeek,DeepSeek-V3,main_prompt,13,Occupational health and safety officer,3582,2,Medium,Original rationale supplied in user-pasted DeepSeek JSON; occupation name normalized where needed.,UI default,UI default,UI default,True
DeepSeek,DeepSeek-V3,main_prompt,13,Fire safety officer,3582,3,Medium,Original rationale supplied in user-pasted DeepSeek JSON; occupation name normalized where needed.,UI default,UI default,UI default,True
DeepSeek,DeepSeek-V3,main_prompt,13,Road traffic and transport safety officer,3582,2,Medium,Original rationale supplied in user-pasted DeepSeek JSON; occupation name normalized where needed.,UI default,UI default,UI default,True
DeepSeek,DeepSeek-V3,main_prompt,13,Occupational hygienist,3582,3,Medium,Original rationale supplied in user-pasted DeepSeek JSON; occupation name normalized where needed.,UI default,UI default,UI default,True
DeepSeek,DeepSeek-V3,main_prompt,13,Environmental health professional,2483,3,High,Original rationale supplied in user-pasted DeepSeek JSON; occupation name normalized where needed.,UI default,UI default,UI default,True
DeepSeek,DeepSeek-V3,main_prompt,13,Environmental consultant,2152,3,High,Original rationale supplied in user-pasted DeepSeek JSON; occupation name normalized where needed.,UI default,UI default,UI default,True
DeepSeek,DeepSeek-V3,main_prompt,13,Environmental scientist,2152,3,High,Original rationale supplied in user-pasted DeepSeek JSON; occupation name normalized where needed.,UI default,UI default,UI default,True
DeepSeek,DeepSeek-V3,main_prompt,13,Environmental/geo-environmental engineer,2152,2,Medium,Original rationale supplied in user-pasted DeepSeek JSON; occupation name normalized where needed.,UI default,UI default,UI default,True
DeepSeek,DeepSeek-V3,main_prompt,13,Sustainability officer,2152,3,Medium,Original rationale supplied in user-pasted DeepSeek JSON; occupation name normalized where needed.,UI default,UI default,UI default,True
DeepSeek,DeepSeek-V3,main_prompt,13,Energy manager,2152,3,High,Original rationale supplied in user-pasted DeepSeek JSON; occupation name normalized where needed.,UI default,UI default,UI default,True
DeepSeek,DeepSeek-V3,main_prompt,13,Hydrogeologist,2114,2,Medium,Original rationale supplied in user-pasted DeepSeek JSON; occupation name normalized where needed.,UI default,UI default,UI default,True
DeepSeek,DeepSeek-V3,main_prompt,13,Hydrologist,2114,3,High,Original rationale supplied in user-pasted DeepSeek JSON; occupation name normalized where needed.,UI default,UI default,UI default,True
DeepSeek,DeepSeek-V3,main_prompt,14,Civil engineer,2121,3,High,Original rationale supplied in user-pasted DeepSeek JSON; occupation name normalized where needed.,UI default,UI default,UI default,True
DeepSeek,DeepSeek-V3,main_prompt,14,Structural engineer,2121,3,High,Original rationale supplied in user-pasted DeepSeek JSON; occupation name normalized where needed.,UI default,UI default,UI default,True
DeepSeek,DeepSeek-V3,main_prompt,14,Geotechnical engineer,2121,2,Medium,Original rationale supplied in user-pasted DeepSeek JSON; occupation name normalized where needed.,UI default,UI default,UI default,True
DeepSeek,DeepSeek-V3,main_prompt,14,Transportation engineer,2121,3,Medium,Original rationale supplied in user-pasted DeepSeek JSON; occupation name normalized where needed.,UI default,UI default,UI default,True
DeepSeek,DeepSeek-V3,main_prompt,14,Water engineer (professional),2121,3,High,Original rationale supplied in user-pasted DeepSeek JSON; occupation name normalized where needed.,UI default,UI default,UI default,True
DeepSeek,DeepSeek-V3,main_prompt,14,Building and building services engineer,2121,3,Medium,Original rationale supplied in user-pasted DeepSeek JSON; occupation name normalized where needed.,UI default,UI default,UI default,True
DeepSeek,DeepSeek-V3,main_prompt,14,Engineering project manager,2127,2,High,Original rationale supplied in user-pasted DeepSeek JSON; occupation name normalized where needed.,UI default,UI default,UI default,True
DeepSeek,DeepSeek-V3,main_prompt,14,Project engineer,2127,3,Medium,Original rationale supplied in user-pasted DeepSeek JSON; occupation name normalized where needed.,UI default,UI default,UI default,True
DeepSeek,DeepSeek-V3,main_prompt,14,Energy engineer,2129,3,High,Original rationale supplied in user-pasted DeepSeek JSON; occupation name normalized where needed.,UI default,UI default,UI default,True
DeepSeek,DeepSeek-V3,main_prompt,14,Traffic engineer,2129,3,Medium,Original rationale supplied in user-pasted DeepSeek JSON; occupation name normalized where needed.,UI default,UI default,UI default,True
DeepSeek,DeepSeek-V3,main_prompt,14,Heating and ventilating engineer (professional),2129,3,High,Original rationale supplied in user-pasted DeepSeek JSON; occupation name normalized where needed.,UI default,UI default,UI default,True
DeepSeek,DeepSeek-V3,main_prompt,14,Gas engineer (professional),2129,2,High,Original rationale supplied in user-pasted DeepSeek JSON; occupation name normalized where needed.,UI default,UI default,UI default,True
DeepSeek,DeepSeek-V3,main_prompt,14,Construction project manager,2455,2,High,Original rationale supplied in user-pasted DeepSeek JSON; occupation name normalized where needed.,UI default,UI default,UI default,True
DeepSeek,DeepSeek-V3,main_prompt,14,Construction contract manager,2455,2,High,Original rationale supplied in user-pasted DeepSeek JSON; occupation name normalized where needed.,UI default,UI default,UI default,True
DeepSeek,DeepSeek-V3,main_prompt,14,Transport planner,2455,3,Medium,Original rationale supplied in user-pasted DeepSeek JSON; occupation name normalized where needed.,UI default,UI default,UI default,True
DeepSeek,DeepSeek-V3,main_prompt,14,Quantity surveyor,2453,3,High,Original rationale supplied in user-pasted DeepSeek JSON; occupation name normalized where needed.,UI default,UI default,UI default,True
DeepSeek,DeepSeek-V3,main_prompt,14,Building control surveyor,2454,2,High,Original rationale supplied in user-pasted DeepSeek JSON; occupation name normalized where needed.,UI default,UI default,UI default,True
DeepSeek,DeepSeek-V3,main_prompt,14,Land surveyor,2454,2,High,Original rationale supplied in user-pasted DeepSeek JSON; occupation name normalized where needed.,UI default,UI default,UI default,True
DeepSeek,DeepSeek-V3,main_prompt,14,Hydrographic surveyor,2454,2,Medium,Original rationale supplied in user-pasted DeepSeek JSON; occupation name normalized where needed.,UI default,UI default,UI default,True
DeepSeek,DeepSeek-V3,main_prompt,14,Town planning officer,2452,3,Medium,Original rationale supplied in user-pasted DeepSeek JSON; occupation name normalized where needed.,UI default,UI default,UI default,True
DeepSeek,DeepSeek-V3,main_prompt,14,Urban designer,2452,2,Medium,Original rationale supplied in user-pasted DeepSeek JSON; occupation name normalized where needed.,UI default,UI default,UI default,True
DeepSeek,DeepSeek-V3,main_prompt,14,Chartered architectural technologist,2452,3,Medium,Original rationale supplied in user-pasted DeepSeek JSON; occupation name normalized where needed.,UI default,UI default,UI default,True
DeepSeek,DeepSeek-V3,main_prompt,14,BIM technician,3120,4,High,Original rationale supplied in user-pasted DeepSeek JSON; occupation name normalized where needed.,UI default,UI default,UI default,True
DeepSeek,DeepSeek-V3,main_prompt,14,CAD technician,3120,4,High,Original rationale supplied in user-pasted DeepSeek JSON; occupation name normalized where needed.,UI default,UI default,UI default,True
DeepSeek,DeepSeek-V3,main_prompt,14,Architectural technician,3120,3,Medium,Original rationale supplied in user-pasted DeepSeek JSON; occupation name normalized where needed.,UI default,UI default,UI default,True
DeepSeek,DeepSeek-V3,main_prompt,14,Cartographer,3120,4,High,Original rationale supplied in user-pasted DeepSeek JSON; occupation name normalized where needed.,UI default,UI default,UI default,True
DeepSeek,DeepSeek-V3,main_prompt,14,Civil engineering technician,3114,3,High,Original rationale supplied in user-pasted DeepSeek JSON; occupation name normalized where needed.,UI default,UI default,UI default,True
DeepSeek,DeepSeek-V3,main_prompt,14,Building technician,3114,3,Medium,Original rationale supplied in user-pasted DeepSeek JSON; occupation name normalized where needed.,UI default,UI default,UI default,True
DeepSeek,DeepSeek-V3,main_prompt,14,Surveying technician,3114,3,High,Original rationale supplied in user-pasted DeepSeek JSON; occupation name normalized where needed.,UI default,UI default,UI default,True
DeepSeek,DeepSeek-V3,main_prompt,14,Planning engineer,2481,3,High,Original rationale supplied in user-pasted DeepSeek JSON; occupation name normalized where needed.,UI default,UI default,UI default,True
DeepSeek,DeepSeek-V3,main_prompt,14,Quality control engineer,2481,3,High,Original rationale supplied in user-pasted DeepSeek JSON; occupation name normalized where needed.,UI default,UI default,UI default,True
DeepSeek,DeepSeek-V3,main_prompt,14,Estimator,3541,4,High,Original rationale supplied in user-pasted DeepSeek JSON; occupation name normalized where needed.,UI default,UI default,UI default,True
DeepSeek,DeepSeek-V3,main_prompt,14,Valuer,3541,2,Medium,Original rationale supplied in user-pasted DeepSeek JSON; occupation name normalized where needed.,UI default,UI default,UI default,True
DeepSeek,DeepSeek-V3,main_prompt,14,Energy adviser and assessor,3541,4,High,Original rationale supplied in user-pasted DeepSeek JSON; occupation name normalized where needed.,UI default,UI default,UI default,True
DeepSeek,DeepSeek-V3,main_prompt,14,Building control officer,3581,2,High,Original rationale supplied in user-pasted DeepSeek JSON; occupation name normalized where needed.,UI default,UI default,UI default,True
DeepSeek,DeepSeek-V3,main_prompt,14,Housing and planning inspector,3581,2,Medium,Original rationale supplied in user-pasted DeepSeek JSON; occupation name normalized where needed.,UI default,UI default,UI default,True
DeepSeek,DeepSeek-V3,main_prompt,14,Health and safety inspector,3581,2,High,Original rationale supplied in user-pasted DeepSeek JSON; occupation name normalized where needed.,UI default,UI default,UI default,True
DeepSeek,DeepSeek-V3,main_prompt,14,Traffic and vehicle examiner/inspector,3581,3,Medium,Original rationale supplied in user-pasted DeepSeek JSON; occupation name normalized where needed.,UI default,UI default,UI default,True
DeepSeek,DeepSeek-V3,main_prompt,14,Occupational health and safety officer,3582,2,Medium,Original rationale supplied in user-pasted DeepSeek JSON; occupation name normalized where needed.,UI default,UI default,UI default,True
DeepSeek,DeepSeek-V3,main_prompt,14,Fire safety officer,3582,3,Medium,Original rationale supplied in user-pasted DeepSeek JSON; occupation name normalized where needed.,UI default,UI default,UI default,True
DeepSeek,DeepSeek-V3,main_prompt,14,Road traffic and transport safety officer,3582,2,Medium,Original rationale supplied in user-pasted DeepSeek JSON; occupation name normalized where needed.,UI default,UI default,UI default,True
DeepSeek,DeepSeek-V3,main_prompt,14,Occupational hygienist,3582,3,Medium,Original rationale supplied in user-pasted DeepSeek JSON; occupation name normalized where needed.,UI default,UI default,UI default,True
DeepSeek,DeepSeek-V3,main_prompt,14,Environmental health professional,2483,3,High,Original rationale supplied in user-pasted DeepSeek JSON; occupation name normalized where needed.,UI default,UI default,UI default,True
DeepSeek,DeepSeek-V3,main_prompt,14,Environmental consultant,2152,3,High,Original rationale supplied in user-pasted DeepSeek JSON; occupation name normalized where needed.,UI default,UI default,UI default,True
DeepSeek,DeepSeek-V3,main_prompt,14,Environmental scientist,2152,3,High,Original rationale supplied in user-pasted DeepSeek JSON; occupation name normalized where needed.,UI default,UI default,UI default,True
DeepSeek,DeepSeek-V3,main_prompt,14,Environmental/geo-environmental engineer,2152,2,Medium,Original rationale supplied in user-pasted DeepSeek JSON; occupation name normalized where needed.,UI default,UI default,UI default,True
DeepSeek,DeepSeek-V3,main_prompt,14,Sustainability officer,2152,3,Medium,Original rationale supplied in user-pasted DeepSeek JSON; occupation name normalized where needed.,UI default,UI default,UI default,True
DeepSeek,DeepSeek-V3,main_prompt,14,Energy manager,2152,3,High,Original rationale supplied in user-pasted DeepSeek JSON; occupation name normalized where needed.,UI default,UI default,UI default,True
DeepSeek,DeepSeek-V3,main_prompt,14,Hydrogeologist,2114,2,Medium,Original rationale supplied in user-pasted DeepSeek JSON; occupation name normalized where needed.,UI default,UI default,UI default,True
DeepSeek,DeepSeek-V3,main_prompt,14,Hydrologist,2114,3,High,Original rationale supplied in user-pasted DeepSeek JSON; occupation name normalized where needed.,UI default,UI default,UI default,True
DeepSeek,DeepSeek-V3,main_prompt,15,Civil engineer,2121,3,High,Original rationale supplied in user-pasted DeepSeek JSON; occupation name normalized where needed.,UI default,UI default,UI default,True
DeepSeek,DeepSeek-V3,main_prompt,15,Structural engineer,2121,3,High,Original rationale supplied in user-pasted DeepSeek JSON; occupation name normalized where needed.,UI default,UI default,UI default,True
DeepSeek,DeepSeek-V3,main_prompt,15,Geotechnical engineer,2121,2,Medium,Original rationale supplied in user-pasted DeepSeek JSON; occupation name normalized where needed.,UI default,UI default,UI default,True
DeepSeek,DeepSeek-V3,main_prompt,15,Transportation engineer,2121,3,Medium,Original rationale supplied in user-pasted DeepSeek JSON; occupation name normalized where needed.,UI default,UI default,UI default,True
DeepSeek,DeepSeek-V3,main_prompt,15,Water engineer (professional),2121,3,High,Original rationale supplied in user-pasted DeepSeek JSON; occupation name normalized where needed.,UI default,UI default,UI default,True
DeepSeek,DeepSeek-V3,main_prompt,15,Building and building services engineer,2121,3,Medium,Original rationale supplied in user-pasted DeepSeek JSON; occupation name normalized where needed.,UI default,UI default,UI default,True
DeepSeek,DeepSeek-V3,main_prompt,15,Engineering project manager,2127,2,High,Original rationale supplied in user-pasted DeepSeek JSON; occupation name normalized where needed.,UI default,UI default,UI default,True
DeepSeek,DeepSeek-V3,main_prompt,15,Project engineer,2127,3,Medium,Original rationale supplied in user-pasted DeepSeek JSON; occupation name normalized where needed.,UI default,UI default,UI default,True
DeepSeek,DeepSeek-V3,main_prompt,15,Energy engineer,2129,3,High,Original rationale supplied in user-pasted DeepSeek JSON; occupation name normalized where needed.,UI default,UI default,UI default,True
DeepSeek,DeepSeek-V3,main_prompt,15,Traffic engineer,2129,3,Medium,Original rationale supplied in user-pasted DeepSeek JSON; occupation name normalized where needed.,UI default,UI default,UI default,True
DeepSeek,DeepSeek-V3,main_prompt,15,Heating and ventilating engineer (professional),2129,3,High,Original rationale supplied in user-pasted DeepSeek JSON; occupation name normalized where needed.,UI default,UI default,UI default,True
DeepSeek,DeepSeek-V3,main_prompt,15,Gas engineer (professional),2129,2,High,Original rationale supplied in user-pasted DeepSeek JSON; occupation name normalized where needed.,UI default,UI default,UI default,True
DeepSeek,DeepSeek-V3,main_prompt,15,Construction project manager,2455,2,High,Original rationale supplied in user-pasted DeepSeek JSON; occupation name normalized where needed.,UI default,UI default,UI default,True
DeepSeek,DeepSeek-V3,main_prompt,15,Construction contract manager,2455,2,High,Original rationale supplied in user-pasted DeepSeek JSON; occupation name normalized where needed.,UI default,UI default,UI default,True
DeepSeek,DeepSeek-V3,main_prompt,15,Transport planner,2455,3,Medium,Original rationale supplied in user-pasted DeepSeek JSON; occupation name normalized where needed.,UI default,UI default,UI default,True
DeepSeek,DeepSeek-V3,main_prompt,15,Quantity surveyor,2453,3,High,Original rationale supplied in user-pasted DeepSeek JSON; occupation name normalized where needed.,UI default,UI default,UI default,True
DeepSeek,DeepSeek-V3,main_prompt,15,Building control surveyor,2454,2,High,Original rationale supplied in user-pasted DeepSeek JSON; occupation name normalized where needed.,UI default,UI default,UI default,True
DeepSeek,DeepSeek-V3,main_prompt,15,Land surveyor,2454,2,High,Original rationale supplied in user-pasted DeepSeek JSON; occupation name normalized where needed.,UI default,UI default,UI default,True
DeepSeek,DeepSeek-V3,main_prompt,15,Hydrographic surveyor,2454,2,Medium,Original rationale supplied in user-pasted DeepSeek JSON; occupation name normalized where needed.,UI default,UI default,UI default,True
DeepSeek,DeepSeek-V3,main_prompt,15,Town planning officer,2452,3,Medium,Original rationale supplied in user-pasted DeepSeek JSON; occupation name normalized where needed.,UI default,UI default,UI default,True
DeepSeek,DeepSeek-V3,main_prompt,15,Urban designer,2452,2,Medium,Original rationale supplied in user-pasted DeepSeek JSON; occupation name normalized where needed.,UI default,UI default,UI default,True
DeepSeek,DeepSeek-V3,main_prompt,15,Chartered architectural technologist,2452,3,Medium,Original rationale supplied in user-pasted DeepSeek JSON; occupation name normalized where needed.,UI default,UI default,UI default,True
DeepSeek,DeepSeek-V3,main_prompt,15,BIM technician,3120,4,High,Original rationale supplied in user-pasted DeepSeek JSON; occupation name normalized where needed.,UI default,UI default,UI default,True
DeepSeek,DeepSeek-V3,main_prompt,15,CAD technician,3120,4,High,Original rationale supplied in user-pasted DeepSeek JSON; occupation name normalized where needed.,UI default,UI default,UI default,True
DeepSeek,DeepSeek-V3,main_prompt,15,Architectural technician,3120,3,Medium,Original rationale supplied in user-pasted DeepSeek JSON; occupation name normalized where needed.,UI default,UI default,UI default,True
DeepSeek,DeepSeek-V3,main_prompt,15,Cartographer,3120,4,High,Original rationale supplied in user-pasted DeepSeek JSON; occupation name normalized where needed.,UI default,UI default,UI default,True
DeepSeek,DeepSeek-V3,main_prompt,15,Civil engineering technician,3114,3,High,Original rationale supplied in user-pasted DeepSeek JSON; occupation name normalized where needed.,UI default,UI default,UI default,True
DeepSeek,DeepSeek-V3,main_prompt,15,Building technician,3114,3,Medium,Original rationale supplied in user-pasted DeepSeek JSON; occupation name normalized where needed.,UI default,UI default,UI default,True
DeepSeek,DeepSeek-V3,main_prompt,15,Surveying technician,3114,3,High,Original rationale supplied in user-pasted DeepSeek JSON; occupation name normalized where needed.,UI default,UI default,UI default,True
DeepSeek,DeepSeek-V3,main_prompt,15,Planning engineer,2481,3,High,Original rationale supplied in user-pasted DeepSeek JSON; occupation name normalized where needed.,UI default,UI default,UI default,True
DeepSeek,DeepSeek-V3,main_prompt,15,Quality control engineer,2481,3,High,Original rationale supplied in user-pasted DeepSeek JSON; occupation name normalized where needed.,UI default,UI default,UI default,True
DeepSeek,DeepSeek-V3,main_prompt,15,Estimator,3541,4,High,Original rationale supplied in user-pasted DeepSeek JSON; occupation name normalized where needed.,UI default,UI default,UI default,True
DeepSeek,DeepSeek-V3,main_prompt,15,Valuer,3541,2,Medium,Original rationale supplied in user-pasted DeepSeek JSON; occupation name normalized where needed.,UI default,UI default,UI default,True
DeepSeek,DeepSeek-V3,main_prompt,15,Energy adviser and assessor,3541,4,High,Original rationale supplied in user-pasted DeepSeek JSON; occupation name normalized where needed.,UI default,UI default,UI default,True
DeepSeek,DeepSeek-V3,main_prompt,15,Building control officer,3581,2,High,Original rationale supplied in user-pasted DeepSeek JSON; occupation name normalized where needed.,UI default,UI default,UI default,True
DeepSeek,DeepSeek-V3,main_prompt,15,Housing and planning inspector,3581,2,Medium,Original rationale supplied in user-pasted DeepSeek JSON; occupation name normalized where needed.,UI default,UI default,UI default,True
DeepSeek,DeepSeek-V3,main_prompt,15,Health and safety inspector,3581,2,High,Original rationale supplied in user-pasted DeepSeek JSON; occupation name normalized where needed.,UI default,UI default,UI default,True
DeepSeek,DeepSeek-V3,main_prompt,15,Traffic and vehicle examiner/inspector,3581,3,Medium,Original rationale supplied in user-pasted DeepSeek JSON; occupation name normalized where needed.,UI default,UI default,UI default,True
DeepSeek,DeepSeek-V3,main_prompt,15,Occupational health and safety officer,3582,2,Medium,Original rationale supplied in user-pasted DeepSeek JSON; occupation name normalized where needed.,UI default,UI default,UI default,True
DeepSeek,DeepSeek-V3,main_prompt,15,Fire safety officer,3582,3,Medium,Original rationale supplied in user-pasted DeepSeek JSON; occupation name normalized where needed.,UI default,UI default,UI default,True
DeepSeek,DeepSeek-V3,main_prompt,15,Road traffic and transport safety officer,3582,2,Medium,Original rationale supplied in user-pasted DeepSeek JSON; occupation name normalized where needed.,UI default,UI default,UI default,True
DeepSeek,DeepSeek-V3,main_prompt,15,Occupational hygienist,3582,3,Medium,Original rationale supplied in user-pasted DeepSeek JSON; occupation name normalized where needed.,UI default,UI default,UI default,True
DeepSeek,DeepSeek-V3,main_prompt,15,Environmental health professional,2483,3,High,Original rationale supplied in user-pasted DeepSeek JSON; occupation name normalized where needed.,UI default,UI default,UI default,True
DeepSeek,DeepSeek-V3,main_prompt,15,Environmental consultant,2152,3,High,Original rationale supplied in user-pasted DeepSeek JSON; occupation name normalized where needed.,UI default,UI default,UI default,True
DeepSeek,DeepSeek-V3,main_prompt,15,Environmental scientist,2152,3,High,Original rationale supplied in user-pasted DeepSeek JSON; occupation name normalized where needed.,UI default,UI default,UI default,True
DeepSeek,DeepSeek-V3,main_prompt,15,Environmental/geo-environmental engineer,2152,2,Medium,Original rationale supplied in user-pasted DeepSeek JSON; occupation name normalized where needed.,UI default,UI default,UI default,True
DeepSeek,DeepSeek-V3,main_prompt,15,Sustainability officer,2152,3,Medium,Original rationale supplied in user-pasted DeepSeek JSON; occupation name normalized where needed.,UI default,UI default,UI default,True
DeepSeek,DeepSeek-V3,main_prompt,15,Energy manager,2152,3,High,Original rationale supplied in user-pasted DeepSeek JSON; occupation name normalized where needed.,UI default,UI default,UI default,True
DeepSeek,DeepSeek-V3,main_prompt,15,Hydrogeologist,2114,2,Medium,Original rationale supplied in user-pasted DeepSeek JSON; occupation name normalized where needed.,UI default,UI default,UI default,True
DeepSeek,DeepSeek-V3,main_prompt,15,Hydrologist,2114,3,High,Original rationale supplied in user-pasted DeepSeek JSON; occupation name normalized where needed.,UI default,UI default,UI default,True
DeepSeek,DeepSeek-V3,main_prompt,16,Civil engineer,2121,3,High,Original rationale supplied in user-pasted DeepSeek JSON; occupation name normalized where needed.,UI default,UI default,UI default,True
DeepSeek,DeepSeek-V3,main_prompt,16,Structural engineer,2121,3,High,Original rationale supplied in user-pasted DeepSeek JSON; occupation name normalized where needed.,UI default,UI default,UI default,True
DeepSeek,DeepSeek-V3,main_prompt,16,Geotechnical engineer,2121,2,Medium,Original rationale supplied in user-pasted DeepSeek JSON; occupation name normalized where needed.,UI default,UI default,UI default,True
DeepSeek,DeepSeek-V3,main_prompt,16,Transportation engineer,2121,3,Medium,Original rationale supplied in user-pasted DeepSeek JSON; occupation name normalized where needed.,UI default,UI default,UI default,True
DeepSeek,DeepSeek-V3,main_prompt,16,Water engineer (professional),2121,3,High,Original rationale supplied in user-pasted DeepSeek JSON; occupation name normalized where needed.,UI default,UI default,UI default,True
DeepSeek,DeepSeek-V3,main_prompt,16,Building and building services engineer,2121,3,Medium,Original rationale supplied in user-pasted DeepSeek JSON; occupation name normalized where needed.,UI default,UI default,UI default,True
DeepSeek,DeepSeek-V3,main_prompt,16,Engineering project manager,2127,2,High,Original rationale supplied in user-pasted DeepSeek JSON; occupation name normalized where needed.,UI default,UI default,UI default,True
DeepSeek,DeepSeek-V3,main_prompt,16,Project engineer,2127,3,Medium,Original rationale supplied in user-pasted DeepSeek JSON; occupation name normalized where needed.,UI default,UI default,UI default,True
DeepSeek,DeepSeek-V3,main_prompt,16,Energy engineer,2129,3,High,Original rationale supplied in user-pasted DeepSeek JSON; occupation name normalized where needed.,UI default,UI default,UI default,True
DeepSeek,DeepSeek-V3,main_prompt,16,Traffic engineer,2129,3,Medium,Original rationale supplied in user-pasted DeepSeek JSON; occupation name normalized where needed.,UI default,UI default,UI default,True
DeepSeek,DeepSeek-V3,main_prompt,16,Heating and ventilating engineer (professional),2129,3,High,Original rationale supplied in user-pasted DeepSeek JSON; occupation name normalized where needed.,UI default,UI default,UI default,True
DeepSeek,DeepSeek-V3,main_prompt,16,Gas engineer (professional),2129,2,High,Original rationale supplied in user-pasted DeepSeek JSON; occupation name normalized where needed.,UI default,UI default,UI default,True
DeepSeek,DeepSeek-V3,main_prompt,16,Construction project manager,2455,2,High,Original rationale supplied in user-pasted DeepSeek JSON; occupation name normalized where needed.,UI default,UI default,UI default,True
DeepSeek,DeepSeek-V3,main_prompt,16,Construction contract manager,2455,2,High,Original rationale supplied in user-pasted DeepSeek JSON; occupation name normalized where needed.,UI default,UI default,UI default,True
DeepSeek,DeepSeek-V3,main_prompt,16,Transport planner,2455,3,Medium,Original rationale supplied in user-pasted DeepSeek JSON; occupation name normalized where needed.,UI default,UI default,UI default,True
DeepSeek,DeepSeek-V3,main_prompt,16,Quantity surveyor,2453,3,High,Original rationale supplied in user-pasted DeepSeek JSON; occupation name normalized where needed.,UI default,UI default,UI default,True
DeepSeek,DeepSeek-V3,main_prompt,16,Building control surveyor,2454,2,High,Original rationale supplied in user-pasted DeepSeek JSON; occupation name normalized where needed.,UI default,UI default,UI default,True
DeepSeek,DeepSeek-V3,main_prompt,16,Land surveyor,2454,2,High,Original rationale supplied in user-pasted DeepSeek JSON; occupation name normalized where needed.,UI default,UI default,UI default,True
DeepSeek,DeepSeek-V3,main_prompt,16,Hydrographic surveyor,2454,2,Medium,Original rationale supplied in user-pasted DeepSeek JSON; occupation name normalized where needed.,UI default,UI default,UI default,True
DeepSeek,DeepSeek-V3,main_prompt,16,Town planning officer,2452,3,Medium,Original rationale supplied in user-pasted DeepSeek JSON; occupation name normalized where needed.,UI default,UI default,UI default,True
DeepSeek,DeepSeek-V3,main_prompt,16,Urban designer,2452,2,Medium,Original rationale supplied in user-pasted DeepSeek JSON; occupation name normalized where needed.,UI default,UI default,UI default,True
DeepSeek,DeepSeek-V3,main_prompt,16,Chartered architectural technologist,2452,3,Medium,Original rationale supplied in user-pasted DeepSeek JSON; occupation name normalized where needed.,UI default,UI default,UI default,True
DeepSeek,DeepSeek-V3,main_prompt,16,BIM technician,3120,4,High,Original rationale supplied in user-pasted DeepSeek JSON; occupation name normalized where needed.,UI default,UI default,UI default,True
DeepSeek,DeepSeek-V3,main_prompt,16,CAD technician,3120,4,High,Original rationale supplied in user-pasted DeepSeek JSON; occupation name normalized where needed.,UI default,UI default,UI default,True
DeepSeek,DeepSeek-V3,main_prompt,16,Architectural technician,3120,3,Medium,Original rationale supplied in user-pasted DeepSeek JSON; occupation name normalized where needed.,UI default,UI default,UI default,True
DeepSeek,DeepSeek-V3,main_prompt,16,Cartographer,3120,4,High,Original rationale supplied in user-pasted DeepSeek JSON; occupation name normalized where needed.,UI default,UI default,UI default,True
DeepSeek,DeepSeek-V3,main_prompt,16,Civil engineering technician,3114,3,High,Original rationale supplied in user-pasted DeepSeek JSON; occupation name normalized where needed.,UI default,UI default,UI default,True
DeepSeek,DeepSeek-V3,main_prompt,16,Building technician,3114,3,Medium,Original rationale supplied in user-pasted DeepSeek JSON; occupation name normalized where needed.,UI default,UI default,UI default,True
DeepSeek,DeepSeek-V3,main_prompt,16,Surveying technician,3114,3,High,Original rationale supplied in user-pasted DeepSeek JSON; occupation name normalized where needed.,UI default,UI default,UI default,True
DeepSeek,DeepSeek-V3,main_prompt,16,Planning engineer,2481,3,High,Original rationale supplied in user-pasted DeepSeek JSON; occupation name normalized where needed.,UI default,UI default,UI default,True
DeepSeek,DeepSeek-V3,main_prompt,16,Quality control engineer,2481,3,High,Original rationale supplied in user-pasted DeepSeek JSON; occupation name normalized where needed.,UI default,UI default,UI default,True
DeepSeek,DeepSeek-V3,main_prompt,16,Estimator,3541,4,High,Original rationale supplied in user-pasted DeepSeek JSON; occupation name normalized where needed.,UI default,UI default,UI default,True
DeepSeek,DeepSeek-V3,main_prompt,16,Valuer,3541,2,Medium,Original rationale supplied in user-pasted DeepSeek JSON; occupation name normalized where needed.,UI default,UI default,UI default,True
DeepSeek,DeepSeek-V3,main_prompt,16,Energy adviser and assessor,3541,4,High,Original rationale supplied in user-pasted DeepSeek JSON; occupation name normalized where needed.,UI default,UI default,UI default,True
DeepSeek,DeepSeek-V3,main_prompt,16,Building control officer,3581,2,High,Original rationale supplied in user-pasted DeepSeek JSON; occupation name normalized where needed.,UI default,UI default,UI default,True
DeepSeek,DeepSeek-V3,main_prompt,16,Housing and planning inspector,3581,2,Medium,Original rationale supplied in user-pasted DeepSeek JSON; occupation name normalized where needed.,UI default,UI default,UI default,True
DeepSeek,DeepSeek-V3,main_prompt,16,Health and safety inspector,3581,2,High,Original rationale supplied in user-pasted DeepSeek JSON; occupation name normalized where needed.,UI default,UI default,UI default,True
DeepSeek,DeepSeek-V3,main_prompt,16,Traffic and vehicle examiner/inspector,3581,3,Medium,Original rationale supplied in user-pasted DeepSeek JSON; occupation name normalized where needed.,UI default,UI default,UI default,True
DeepSeek,DeepSeek-V3,main_prompt,16,Occupational health and safety officer,3582,2,Medium,Original rationale supplied in user-pasted DeepSeek JSON; occupation name normalized where needed.,UI default,UI default,UI default,True
DeepSeek,DeepSeek-V3,main_prompt,16,Fire safety officer,3582,3,Medium,Original rationale supplied in user-pasted DeepSeek JSON; occupation name normalized where needed.,UI default,UI default,UI default,True
DeepSeek,DeepSeek-V3,main_prompt,16,Road traffic and transport safety officer,3582,2,Medium,Original rationale supplied in user-pasted DeepSeek JSON; occupation name normalized where needed.,UI default,UI default,UI default,True
DeepSeek,DeepSeek-V3,main_prompt,16,Occupational hygienist,3582,3,Medium,Original rationale supplied in user-pasted DeepSeek JSON; occupation name normalized where needed.,UI default,UI default,UI default,True
DeepSeek,DeepSeek-V3,main_prompt,16,Environmental health professional,2483,3,High,Original rationale supplied in user-pasted DeepSeek JSON; occupation name normalized where needed.,UI default,UI default,UI default,True
DeepSeek,DeepSeek-V3,main_prompt,16,Environmental consultant,2152,3,High,Original rationale supplied in user-pasted DeepSeek JSON; occupation name normalized where needed.,UI default,UI default,UI default,True
DeepSeek,DeepSeek-V3,main_prompt,16,Environmental scientist,2152,3,High,Original rationale supplied in user-pasted DeepSeek JSON; occupation name normalized where needed.,UI default,UI default,UI default,True
DeepSeek,DeepSeek-V3,main_prompt,16,Environmental/geo-environmental engineer,2152,2,Medium,Original rationale supplied in user-pasted DeepSeek JSON; occupation name normalized where needed.,UI default,UI default,UI default,True
DeepSeek,DeepSeek-V3,main_prompt,16,Sustainability officer,2152,3,Medium,Original rationale supplied in user-pasted DeepSeek JSON; occupation name normalized where needed.,UI default,UI default,UI default,True
DeepSeek,DeepSeek-V3,main_prompt,16,Energy manager,2152,3,High,Original rationale supplied in user-pasted DeepSeek JSON; occupation name normalized where needed.,UI default,UI default,UI default,True
DeepSeek,DeepSeek-V3,main_prompt,16,Hydrogeologist,2114,2,Medium,Original rationale supplied in user-pasted DeepSeek JSON; occupation name normalized where needed.,UI default,UI default,UI default,True
DeepSeek,DeepSeek-V3,main_prompt,16,Hydrologist,2114,3,High,Original rationale supplied in user-pasted DeepSeek JSON; occupation name normalized where needed.,UI default,UI default,UI default,True
DeepSeek,DeepSeek-V3,main_prompt,17,Civil engineer,2121,3,High,Original rationale supplied in user-pasted DeepSeek JSON; occupation name normalized where needed.,UI default,UI default,UI default,True
DeepSeek,DeepSeek-V3,main_prompt,17,Structural engineer,2121,3,High,Original rationale supplied in user-pasted DeepSeek JSON; occupation name normalized where needed.,UI default,UI default,UI default,True
DeepSeek,DeepSeek-V3,main_prompt,17,Geotechnical engineer,2121,2,Medium,Original rationale supplied in user-pasted DeepSeek JSON; occupation name normalized where needed.,UI default,UI default,UI default,True
DeepSeek,DeepSeek-V3,main_prompt,17,Transportation engineer,2121,3,Medium,Original rationale supplied in user-pasted DeepSeek JSON; occupation name normalized where needed.,UI default,UI default,UI default,True
DeepSeek,DeepSeek-V3,main_prompt,17,Water engineer (professional),2121,3,High,Original rationale supplied in user-pasted DeepSeek JSON; occupation name normalized where needed.,UI default,UI default,UI default,True
DeepSeek,DeepSeek-V3,main_prompt,17,Building and building services engineer,2121,3,Medium,Original rationale supplied in user-pasted DeepSeek JSON; occupation name normalized where needed.,UI default,UI default,UI default,True
DeepSeek,DeepSeek-V3,main_prompt,17,Engineering project manager,2127,2,High,Original rationale supplied in user-pasted DeepSeek JSON; occupation name normalized where needed.,UI default,UI default,UI default,True
DeepSeek,DeepSeek-V3,main_prompt,17,Project engineer,2127,3,Medium,Original rationale supplied in user-pasted DeepSeek JSON; occupation name normalized where needed.,UI default,UI default,UI default,True
DeepSeek,DeepSeek-V3,main_prompt,17,Energy engineer,2129,3,High,Original rationale supplied in user-pasted DeepSeek JSON; occupation name normalized where needed.,UI default,UI default,UI default,True
DeepSeek,DeepSeek-V3,main_prompt,17,Traffic engineer,2129,3,Medium,Original rationale supplied in user-pasted DeepSeek JSON; occupation name normalized where needed.,UI default,UI default,UI default,True
DeepSeek,DeepSeek-V3,main_prompt,17,Heating and ventilating engineer (professional),2129,3,High,Original rationale supplied in user-pasted DeepSeek JSON; occupation name normalized where needed.,UI default,UI default,UI default,True
DeepSeek,DeepSeek-V3,main_prompt,17,Gas engineer (professional),2129,2,High,Original rationale supplied in user-pasted DeepSeek JSON; occupation name normalized where needed.,UI default,UI default,UI default,True
DeepSeek,DeepSeek-V3,main_prompt,17,Construction project manager,2455,2,High,Original rationale supplied in user-pasted DeepSeek JSON; occupation name normalized where needed.,UI default,UI default,UI default,True
DeepSeek,DeepSeek-V3,main_prompt,17,Construction contract manager,2455,2,High,Original rationale supplied in user-pasted DeepSeek JSON; occupation name normalized where needed.,UI default,UI default,UI default,True
DeepSeek,DeepSeek-V3,main_prompt,17,Transport planner,2455,3,Medium,Original rationale supplied in user-pasted DeepSeek JSON; occupation name normalized where needed.,UI default,UI default,UI default,True
DeepSeek,DeepSeek-V3,main_prompt,17,Quantity surveyor,2453,3,High,Original rationale supplied in user-pasted DeepSeek JSON; occupation name normalized where needed.,UI default,UI default,UI default,True
DeepSeek,DeepSeek-V3,main_prompt,17,Building control surveyor,2454,2,High,Original rationale supplied in user-pasted DeepSeek JSON; occupation name normalized where needed.,UI default,UI default,UI default,True
DeepSeek,DeepSeek-V3,main_prompt,17,Land surveyor,2454,2,High,Original rationale supplied in user-pasted DeepSeek JSON; occupation name normalized where needed.,UI default,UI default,UI default,True
DeepSeek,DeepSeek-V3,main_prompt,17,Hydrographic surveyor,2454,2,Medium,Original rationale supplied in user-pasted DeepSeek JSON; occupation name normalized where needed.,UI default,UI default,UI default,True
DeepSeek,DeepSeek-V3,main_prompt,17,Town planning officer,2452,3,Medium,Original rationale supplied in user-pasted DeepSeek JSON; occupation name normalized where needed.,UI default,UI default,UI default,True
DeepSeek,DeepSeek-V3,main_prompt,17,Urban designer,2452,2,Medium,Original rationale supplied in user-pasted DeepSeek JSON; occupation name normalized where needed.,UI default,UI default,UI default,True
DeepSeek,DeepSeek-V3,main_prompt,17,Chartered architectural technologist,2452,3,Medium,Original rationale supplied in user-pasted DeepSeek JSON; occupation name normalized where needed.,UI default,UI default,UI default,True
DeepSeek,DeepSeek-V3,main_prompt,17,BIM technician,3120,4,High,Original rationale supplied in user-pasted DeepSeek JSON; occupation name normalized where needed.,UI default,UI default,UI default,True
DeepSeek,DeepSeek-V3,main_prompt,17,CAD technician,3120,4,High,Original rationale supplied in user-pasted DeepSeek JSON; occupation name normalized where needed.,UI default,UI default,UI default,True
DeepSeek,DeepSeek-V3,main_prompt,17,Architectural technician,3120,3,Medium,Original rationale supplied in user-pasted DeepSeek JSON; occupation name normalized where needed.,UI default,UI default,UI default,True
DeepSeek,DeepSeek-V3,main_prompt,17,Cartographer,3120,4,High,Original rationale supplied in user-pasted DeepSeek JSON; occupation name normalized where needed.,UI default,UI default,UI default,True
DeepSeek,DeepSeek-V3,main_prompt,17,Civil engineering technician,3114,3,High,Original rationale supplied in user-pasted DeepSeek JSON; occupation name normalized where needed.,UI default,UI default,UI default,True
DeepSeek,DeepSeek-V3,main_prompt,17,Building technician,3114,3,Medium,Original rationale supplied in user-pasted DeepSeek JSON; occupation name normalized where needed.,UI default,UI default,UI default,True
DeepSeek,DeepSeek-V3,main_prompt,17,Surveying technician,3114,3,High,Original rationale supplied in user-pasted DeepSeek JSON; occupation name normalized where needed.,UI default,UI default,UI default,True
DeepSeek,DeepSeek-V3,main_prompt,17,Planning engineer,2481,3,High,Original rationale supplied in user-pasted DeepSeek JSON; occupation name normalized where needed.,UI default,UI default,UI default,True
DeepSeek,DeepSeek-V3,main_prompt,17,Quality control engineer,2481,3,High,Original rationale supplied in user-pasted DeepSeek JSON; occupation name normalized where needed.,UI default,UI default,UI default,True
DeepSeek,DeepSeek-V3,main_prompt,17,Estimator,3541,4,High,Original rationale supplied in user-pasted DeepSeek JSON; occupation name normalized where needed.,UI default,UI default,UI default,True
DeepSeek,DeepSeek-V3,main_prompt,17,Valuer,3541,2,Medium,Original rationale supplied in user-pasted DeepSeek JSON; occupation name normalized where needed.,UI default,UI default,UI default,True
DeepSeek,DeepSeek-V3,main_prompt,17,Energy adviser and assessor,3541,4,High,Original rationale supplied in user-pasted DeepSeek JSON; occupation name normalized where needed.,UI default,UI default,UI default,True
DeepSeek,DeepSeek-V3,main_prompt,17,Building control officer,3581,2,High,Original rationale supplied in user-pasted DeepSeek JSON; occupation name normalized where needed.,UI default,UI default,UI default,True
DeepSeek,DeepSeek-V3,main_prompt,17,Housing and planning inspector,3581,2,Medium,Original rationale supplied in user-pasted DeepSeek JSON; occupation name normalized where needed.,UI default,UI default,UI default,True
DeepSeek,DeepSeek-V3,main_prompt,17,Health and safety inspector,3581,2,High,Original rationale supplied in user-pasted DeepSeek JSON; occupation name normalized where needed.,UI default,UI default,UI default,True
DeepSeek,DeepSeek-V3,main_prompt,17,Traffic and vehicle examiner/inspector,3581,3,Medium,Original rationale supplied in user-pasted DeepSeek JSON; occupation name normalized where needed.,UI default,UI default,UI default,True
DeepSeek,DeepSeek-V3,main_prompt,17,Occupational health and safety officer,3582,2,Medium,Original rationale supplied in user-pasted DeepSeek JSON; occupation name normalized where needed.,UI default,UI default,UI default,True
DeepSeek,DeepSeek-V3,main_prompt,17,Fire safety officer,3582,3,Medium,Original rationale supplied in user-pasted DeepSeek JSON; occupation name normalized where needed.,UI default,UI default,UI default,True
DeepSeek,DeepSeek-V3,main_prompt,17,Road traffic and transport safety officer,3582,2,Medium,Original rationale supplied in user-pasted DeepSeek JSON; occupation name normalized where needed.,UI default,UI default,UI default,True
DeepSeek,DeepSeek-V3,main_prompt,17,Occupational hygienist,3582,3,Medium,Original rationale supplied in user-pasted DeepSeek JSON; occupation name normalized where needed.,UI default,UI default,UI default,True
DeepSeek,DeepSeek-V3,main_prompt,17,Environmental health professional,2483,3,High,Original rationale supplied in user-pasted DeepSeek JSON; occupation name normalized where needed.,UI default,UI default,UI default,True
DeepSeek,DeepSeek-V3,main_prompt,17,Environmental consultant,2152,3,High,Original rationale supplied in user-pasted DeepSeek JSON; occupation name normalized where needed.,UI default,UI default,UI default,True
DeepSeek,DeepSeek-V3,main_prompt,17,Environmental scientist,2152,3,High,Original rationale supplied in user-pasted DeepSeek JSON; occupation name normalized where needed.,UI default,UI default,UI default,True
DeepSeek,DeepSeek-V3,main_prompt,17,Environmental/geo-environmental engineer,2152,2,Medium,Original rationale supplied in user-pasted DeepSeek JSON; occupation name normalized where needed.,UI default,UI default,UI default,True
DeepSeek,DeepSeek-V3,main_prompt,17,Sustainability officer,2152,3,Medium,Original rationale supplied in user-pasted DeepSeek JSON; occupation name normalized where needed.,UI default,UI default,UI default,True
DeepSeek,DeepSeek-V3,main_prompt,17,Energy manager,2152,3,High,Original rationale supplied in user-pasted DeepSeek JSON; occupation name normalized where needed.,UI default,UI default,UI default,True
DeepSeek,DeepSeek-V3,main_prompt,17,Hydrogeologist,2114,2,Medium,Original rationale supplied in user-pasted DeepSeek JSON; occupation name normalized where needed.,UI default,UI default,UI default,True
DeepSeek,DeepSeek-V3,main_prompt,17,Hydrologist,2114,3,High,Original rationale supplied in user-pasted DeepSeek JSON; occupation name normalized where needed.,UI default,UI default,UI default,True
DeepSeek,DeepSeek-V3,main_prompt,18,Civil engineer,2121,3,High,Original rationale supplied in user-pasted DeepSeek JSON; occupation name normalized where needed.,UI default,UI default,UI default,True
DeepSeek,DeepSeek-V3,main_prompt,18,Structural engineer,2121,3,High,Original rationale supplied in user-pasted DeepSeek JSON; occupation name normalized where needed.,UI default,UI default,UI default,True
DeepSeek,DeepSeek-V3,main_prompt,18,Geotechnical engineer,2121,2,Medium,Original rationale supplied in user-pasted DeepSeek JSON; occupation name normalized where needed.,UI default,UI default,UI default,True
DeepSeek,DeepSeek-V3,main_prompt,18,Transportation engineer,2121,3,Medium,Original rationale supplied in user-pasted DeepSeek JSON; occupation name normalized where needed.,UI default,UI default,UI default,True
DeepSeek,DeepSeek-V3,main_prompt,18,Water engineer (professional),2121,3,High,Original rationale supplied in user-pasted DeepSeek JSON; occupation name normalized where needed.,UI default,UI default,UI default,True
DeepSeek,DeepSeek-V3,main_prompt,18,Building and building services engineer,2121,3,Medium,Original rationale supplied in user-pasted DeepSeek JSON; occupation name normalized where needed.,UI default,UI default,UI default,True
DeepSeek,DeepSeek-V3,main_prompt,18,Engineering project manager,2127,2,High,Original rationale supplied in user-pasted DeepSeek JSON; occupation name normalized where needed.,UI default,UI default,UI default,True
DeepSeek,DeepSeek-V3,main_prompt,18,Project engineer,2127,3,Medium,Original rationale supplied in user-pasted DeepSeek JSON; occupation name normalized where needed.,UI default,UI default,UI default,True
DeepSeek,DeepSeek-V3,main_prompt,18,Energy engineer,2129,3,High,Original rationale supplied in user-pasted DeepSeek JSON; occupation name normalized where needed.,UI default,UI default,UI default,True
DeepSeek,DeepSeek-V3,main_prompt,18,Traffic engineer,2129,3,Medium,Original rationale supplied in user-pasted DeepSeek JSON; occupation name normalized where needed.,UI default,UI default,UI default,True
DeepSeek,DeepSeek-V3,main_prompt,18,Heating and ventilating engineer (professional),2129,3,High,Original rationale supplied in user-pasted DeepSeek JSON; occupation name normalized where needed.,UI default,UI default,UI default,True
DeepSeek,DeepSeek-V3,main_prompt,18,Gas engineer (professional),2129,2,High,Original rationale supplied in user-pasted DeepSeek JSON; occupation name normalized where needed.,UI default,UI default,UI default,True
DeepSeek,DeepSeek-V3,main_prompt,18,Construction project manager,2455,2,High,Original rationale supplied in user-pasted DeepSeek JSON; occupation name normalized where needed.,UI default,UI default,UI default,True
DeepSeek,DeepSeek-V3,main_prompt,18,Construction contract manager,2455,2,High,Original rationale supplied in user-pasted DeepSeek JSON; occupation name normalized where needed.,UI default,UI default,UI default,True
DeepSeek,DeepSeek-V3,main_prompt,18,Transport planner,2455,3,Medium,Original rationale supplied in user-pasted DeepSeek JSON; occupation name normalized where needed.,UI default,UI default,UI default,True
DeepSeek,DeepSeek-V3,main_prompt,18,Quantity surveyor,2453,3,High,Original rationale supplied in user-pasted DeepSeek JSON; occupation name normalized where needed.,UI default,UI default,UI default,True
DeepSeek,DeepSeek-V3,main_prompt,18,Building control surveyor,2454,2,High,Original rationale supplied in user-pasted DeepSeek JSON; occupation name normalized where needed.,UI default,UI default,UI default,True
DeepSeek,DeepSeek-V3,main_prompt,18,Land surveyor,2454,2,High,Original rationale supplied in user-pasted DeepSeek JSON; occupation name normalized where needed.,UI default,UI default,UI default,True
DeepSeek,DeepSeek-V3,main_prompt,18,Hydrographic surveyor,2454,2,Medium,Original rationale supplied in user-pasted DeepSeek JSON; occupation name normalized where needed.,UI default,UI default,UI default,True
DeepSeek,DeepSeek-V3,main_prompt,18,Town planning officer,2452,3,Medium,Original rationale supplied in user-pasted DeepSeek JSON; occupation name normalized where needed.,UI default,UI default,UI default,True
DeepSeek,DeepSeek-V3,main_prompt,18,Urban designer,2452,2,Medium,Original rationale supplied in user-pasted DeepSeek JSON; occupation name normalized where needed.,UI default,UI default,UI default,True
DeepSeek,DeepSeek-V3,main_prompt,18,Chartered architectural technologist,2452,3,Medium,Original rationale supplied in user-pasted DeepSeek JSON; occupation name normalized where needed.,UI default,UI default,UI default,True
DeepSeek,DeepSeek-V3,main_prompt,18,BIM technician,3120,4,High,Original rationale supplied in user-pasted DeepSeek JSON; occupation name normalized where needed.,UI default,UI default,UI default,True
DeepSeek,DeepSeek-V3,main_prompt,18,CAD technician,3120,4,High,Original rationale supplied in user-pasted DeepSeek JSON; occupation name normalized where needed.,UI default,UI default,UI default,True
DeepSeek,DeepSeek-V3,main_prompt,18,Architectural technician,3120,3,Medium,Original rationale supplied in user-pasted DeepSeek JSON; occupation name normalized where needed.,UI default,UI default,UI default,True
DeepSeek,DeepSeek-V3,main_prompt,18,Cartographer,3120,4,High,Original rationale supplied in user-pasted DeepSeek JSON; occupation name normalized where needed.,UI default,UI default,UI default,True
DeepSeek,DeepSeek-V3,main_prompt,18,Civil engineering technician,3114,3,High,Original rationale supplied in user-pasted DeepSeek JSON; occupation name normalized where needed.,UI default,UI default,UI default,True
DeepSeek,DeepSeek-V3,main_prompt,18,Building technician,3114,3,Medium,Original rationale supplied in user-pasted DeepSeek JSON; occupation name normalized where needed.,UI default,UI default,UI default,True
DeepSeek,DeepSeek-V3,main_prompt,18,Surveying technician,3114,3,High,Original rationale supplied in user-pasted DeepSeek JSON; occupation name normalized where needed.,UI default,UI default,UI default,True
DeepSeek,DeepSeek-V3,main_prompt,18,Planning engineer,2481,3,High,Original rationale supplied in user-pasted DeepSeek JSON; occupation name normalized where needed.,UI default,UI default,UI default,True
DeepSeek,DeepSeek-V3,main_prompt,18,Quality control engineer,2481,3,High,Original rationale supplied in user-pasted DeepSeek JSON; occupation name normalized where needed.,UI default,UI default,UI default,True
DeepSeek,DeepSeek-V3,main_prompt,18,Estimator,3541,4,High,Original rationale supplied in user-pasted DeepSeek JSON; occupation name normalized where needed.,UI default,UI default,UI default,True
DeepSeek,DeepSeek-V3,main_prompt,18,Valuer,3541,2,Medium,Original rationale supplied in user-pasted DeepSeek JSON; occupation name normalized where needed.,UI default,UI default,UI default,True
DeepSeek,DeepSeek-V3,main_prompt,18,Energy adviser and assessor,3541,4,High,Original rationale supplied in user-pasted DeepSeek JSON; occupation name normalized where needed.,UI default,UI default,UI default,True
DeepSeek,DeepSeek-V3,main_prompt,18,Building control officer,3581,2,High,Original rationale supplied in user-pasted DeepSeek JSON; occupation name normalized where needed.,UI default,UI default,UI default,True
DeepSeek,DeepSeek-V3,main_prompt,18,Housing and planning inspector,3581,2,Medium,Original rationale supplied in user-pasted DeepSeek JSON; occupation name normalized where needed.,UI default,UI default,UI default,True
DeepSeek,DeepSeek-V3,main_prompt,18,Health and safety inspector,3581,2,High,Original rationale supplied in user-pasted DeepSeek JSON; occupation name normalized where needed.,UI default,UI default,UI default,True
DeepSeek,DeepSeek-V3,main_prompt,18,Traffic and vehicle examiner/inspector,3581,3,Medium,Original rationale supplied in user-pasted DeepSeek JSON; occupation name normalized where needed.,UI default,UI default,UI default,True
DeepSeek,DeepSeek-V3,main_prompt,18,Occupational health and safety officer,3582,2,Medium,Original rationale supplied in user-pasted DeepSeek JSON; occupation name normalized where needed.,UI default,UI default,UI default,True
DeepSeek,DeepSeek-V3,main_prompt,18,Fire safety officer,3582,3,Medium,Original rationale supplied in user-pasted DeepSeek JSON; occupation name normalized where needed.,UI default,UI default,UI default,True
DeepSeek,DeepSeek-V3,main_prompt,18,Road traffic and transport safety officer,3582,2,Medium,Original rationale supplied in user-pasted DeepSeek JSON; occupation name normalized where needed.,UI default,UI default,UI default,True
DeepSeek,DeepSeek-V3,main_prompt,18,Occupational hygienist,3582,3,Medium,Original rationale supplied in user-pasted DeepSeek JSON; occupation name normalized where needed.,UI default,UI default,UI default,True
DeepSeek,DeepSeek-V3,main_prompt,18,Environmental health professional,2483,3,High,Original rationale supplied in user-pasted DeepSeek JSON; occupation name normalized where needed.,UI default,UI default,UI default,True
DeepSeek,DeepSeek-V3,main_prompt,18,Environmental consultant,2152,3,High,Original rationale supplied in user-pasted DeepSeek JSON; occupation name normalized where needed.,UI default,UI default,UI default,True
DeepSeek,DeepSeek-V3,main_prompt,18,Environmental scientist,2152,3,High,Original rationale supplied in user-pasted DeepSeek JSON; occupation name normalized where needed.,UI default,UI default,UI default,True
DeepSeek,DeepSeek-V3,main_prompt,18,Environmental/geo-environmental engineer,2152,2,Medium,Original rationale supplied in user-pasted DeepSeek JSON; occupation name normalized where needed.,UI default,UI default,UI default,True
DeepSeek,DeepSeek-V3,main_prompt,18,Sustainability officer,2152,3,Medium,Original rationale supplied in user-pasted DeepSeek JSON; occupation name normalized where needed.,UI default,UI default,UI default,True
DeepSeek,DeepSeek-V3,main_prompt,18,Energy manager,2152,3,High,Original rationale supplied in user-pasted DeepSeek JSON; occupation name normalized where needed.,UI default,UI default,UI default,True
DeepSeek,DeepSeek-V3,main_prompt,18,Hydrogeologist,2114,2,Medium,Original rationale supplied in user-pasted DeepSeek JSON; occupation name normalized where needed.,UI default,UI default,UI default,True
DeepSeek,DeepSeek-V3,main_prompt,18,Hydrologist,2114,3,High,Original rationale supplied in user-pasted DeepSeek JSON; occupation name normalized where needed.,UI default,UI default,UI default,True
DeepSeek,DeepSeek-V3,main_prompt,19,Civil engineer,2121,3,High,Original rationale supplied in user-pasted DeepSeek JSON; occupation name normalized where needed.,UI default,UI default,UI default,True
DeepSeek,DeepSeek-V3,main_prompt,19,Structural engineer,2121,3,High,Original rationale supplied in user-pasted DeepSeek JSON; occupation name normalized where needed.,UI default,UI default,UI default,True
DeepSeek,DeepSeek-V3,main_prompt,19,Geotechnical engineer,2121,2,Medium,Original rationale supplied in user-pasted DeepSeek JSON; occupation name normalized where needed.,UI default,UI default,UI default,True
DeepSeek,DeepSeek-V3,main_prompt,19,Transportation engineer,2121,3,Medium,Original rationale supplied in user-pasted DeepSeek JSON; occupation name normalized where needed.,UI default,UI default,UI default,True
DeepSeek,DeepSeek-V3,main_prompt,19,Water engineer (professional),2121,3,High,Original rationale supplied in user-pasted DeepSeek JSON; occupation name normalized where needed.,UI default,UI default,UI default,True
DeepSeek,DeepSeek-V3,main_prompt,19,Building and building services engineer,2121,3,Medium,Original rationale supplied in user-pasted DeepSeek JSON; occupation name normalized where needed.,UI default,UI default,UI default,True
DeepSeek,DeepSeek-V3,main_prompt,19,Engineering project manager,2127,2,High,Original rationale supplied in user-pasted DeepSeek JSON; occupation name normalized where needed.,UI default,UI default,UI default,True
DeepSeek,DeepSeek-V3,main_prompt,19,Project engineer,2127,3,Medium,Original rationale supplied in user-pasted DeepSeek JSON; occupation name normalized where needed.,UI default,UI default,UI default,True
DeepSeek,DeepSeek-V3,main_prompt,19,Energy engineer,2129,3,High,Original rationale supplied in user-pasted DeepSeek JSON; occupation name normalized where needed.,UI default,UI default,UI default,True
DeepSeek,DeepSeek-V3,main_prompt,19,Traffic engineer,2129,3,Medium,Original rationale supplied in user-pasted DeepSeek JSON; occupation name normalized where needed.,UI default,UI default,UI default,True
DeepSeek,DeepSeek-V3,main_prompt,19,Heating and ventilating engineer (professional),2129,3,High,Original rationale supplied in user-pasted DeepSeek JSON; occupation name normalized where needed.,UI default,UI default,UI default,True
DeepSeek,DeepSeek-V3,main_prompt,19,Gas engineer (professional),2129,2,High,Original rationale supplied in user-pasted DeepSeek JSON; occupation name normalized where needed.,UI default,UI default,UI default,True
DeepSeek,DeepSeek-V3,main_prompt,19,Construction project manager,2455,2,High,Original rationale supplied in user-pasted DeepSeek JSON; occupation name normalized where needed.,UI default,UI default,UI default,True
DeepSeek,DeepSeek-V3,main_prompt,19,Construction contract manager,2455,2,High,Original rationale supplied in user-pasted DeepSeek JSON; occupation name normalized where needed.,UI default,UI default,UI default,True
DeepSeek,DeepSeek-V3,main_prompt,19,Transport planner,2455,3,Medium,Original rationale supplied in user-pasted DeepSeek JSON; occupation name normalized where needed.,UI default,UI default,UI default,True
DeepSeek,DeepSeek-V3,main_prompt,19,Quantity surveyor,2453,3,High,Original rationale supplied in user-pasted DeepSeek JSON; occupation name normalized where needed.,UI default,UI default,UI default,True
DeepSeek,DeepSeek-V3,main_prompt,19,Building control surveyor,2454,2,High,Original rationale supplied in user-pasted DeepSeek JSON; occupation name normalized where needed.,UI default,UI default,UI default,True
DeepSeek,DeepSeek-V3,main_prompt,19,Land surveyor,2454,2,High,Original rationale supplied in user-pasted DeepSeek JSON; occupation name normalized where needed.,UI default,UI default,UI default,True
DeepSeek,DeepSeek-V3,main_prompt,19,Hydrographic surveyor,2454,2,Medium,Original rationale supplied in user-pasted DeepSeek JSON; occupation name normalized where needed.,UI default,UI default,UI default,True
DeepSeek,DeepSeek-V3,main_prompt,19,Town planning officer,2452,3,Medium,Original rationale supplied in user-pasted DeepSeek JSON; occupation name normalized where needed.,UI default,UI default,UI default,True
DeepSeek,DeepSeek-V3,main_prompt,19,Urban designer,2452,2,Medium,Original rationale supplied in user-pasted DeepSeek JSON; occupation name normalized where needed.,UI default,UI default,UI default,True
DeepSeek,DeepSeek-V3,main_prompt,19,Chartered architectural technologist,2452,3,Medium,Original rationale supplied in user-pasted DeepSeek JSON; occupation name normalized where needed.,UI default,UI default,UI default,True
DeepSeek,DeepSeek-V3,main_prompt,19,BIM technician,3120,4,High,Original rationale supplied in user-pasted DeepSeek JSON; occupation name normalized where needed.,UI default,UI default,UI default,True
DeepSeek,DeepSeek-V3,main_prompt,19,CAD technician,3120,4,High,Original rationale supplied in user-pasted DeepSeek JSON; occupation name normalized where needed.,UI default,UI default,UI default,True
DeepSeek,DeepSeek-V3,main_prompt,19,Architectural technician,3120,3,Medium,Original rationale supplied in user-pasted DeepSeek JSON; occupation name normalized where needed.,UI default,UI default,UI default,True
DeepSeek,DeepSeek-V3,main_prompt,19,Cartographer,3120,4,High,Original rationale supplied in user-pasted DeepSeek JSON; occupation name normalized where needed.,UI default,UI default,UI default,True
DeepSeek,DeepSeek-V3,main_prompt,19,Civil engineering technician,3114,3,High,Original rationale supplied in user-pasted DeepSeek JSON; occupation name normalized where needed.,UI default,UI default,UI default,True
DeepSeek,DeepSeek-V3,main_prompt,19,Building technician,3114,3,Medium,Original rationale supplied in user-pasted DeepSeek JSON; occupation name normalized where needed.,UI default,UI default,UI default,True
DeepSeek,DeepSeek-V3,main_prompt,19,Surveying technician,3114,3,High,Original rationale supplied in user-pasted DeepSeek JSON; occupation name normalized where needed.,UI default,UI default,UI default,True
DeepSeek,DeepSeek-V3,main_prompt,19,Planning engineer,2481,3,High,Original rationale supplied in user-pasted DeepSeek JSON; occupation name normalized where needed.,UI default,UI default,UI default,True
DeepSeek,DeepSeek-V3,main_prompt,19,Quality control engineer,2481,3,High,Original rationale supplied in user-pasted DeepSeek JSON; occupation name normalized where needed.,UI default,UI default,UI default,True
DeepSeek,DeepSeek-V3,main_prompt,19,Estimator,3541,4,High,Original rationale supplied in user-pasted DeepSeek JSON; occupation name normalized where needed.,UI default,UI default,UI default,True
DeepSeek,DeepSeek-V3,main_prompt,19,Valuer,3541,2,Medium,Original rationale supplied in user-pasted DeepSeek JSON; occupation name normalized where needed.,UI default,UI default,UI default,True
DeepSeek,DeepSeek-V3,main_prompt,19,Energy adviser and assessor,3541,4,High,Original rationale supplied in user-pasted DeepSeek JSON; occupation name normalized where needed.,UI default,UI default,UI default,True
DeepSeek,DeepSeek-V3,main_prompt,19,Building control officer,3581,2,High,Original rationale supplied in user-pasted DeepSeek JSON; occupation name normalized where needed.,UI default,UI default,UI default,True
DeepSeek,DeepSeek-V3,main_prompt,19,Housing and planning inspector,3581,2,Medium,Original rationale supplied in user-pasted DeepSeek JSON; occupation name normalized where needed.,UI default,UI default,UI default,True
DeepSeek,DeepSeek-V3,main_prompt,19,Health and safety inspector,3581,2,High,Original rationale supplied in user-pasted DeepSeek JSON; occupation name normalized where needed.,UI default,UI default,UI default,True
DeepSeek,DeepSeek-V3,main_prompt,19,Traffic and vehicle examiner/inspector,3581,3,Medium,Original rationale supplied in user-pasted DeepSeek JSON; occupation name normalized where needed.,UI default,UI default,UI default,True
DeepSeek,DeepSeek-V3,main_prompt,19,Occupational health and safety officer,3582,2,Medium,Original rationale supplied in user-pasted DeepSeek JSON; occupation name normalized where needed.,UI default,UI default,UI default,True
DeepSeek,DeepSeek-V3,main_prompt,19,Fire safety officer,3582,3,Medium,Original rationale supplied in user-pasted DeepSeek JSON; occupation name normalized where needed.,UI default,UI default,UI default,True
DeepSeek,DeepSeek-V3,main_prompt,19,Road traffic and transport safety officer,3582,2,Medium,Original rationale supplied in user-pasted DeepSeek JSON; occupation name normalized where needed.,UI default,UI default,UI default,True
DeepSeek,DeepSeek-V3,main_prompt,19,Occupational hygienist,3582,3,Medium,Original rationale supplied in user-pasted DeepSeek JSON; occupation name normalized where needed.,UI default,UI default,UI default,True
DeepSeek,DeepSeek-V3,main_prompt,19,Environmental health professional,2483,3,High,Original rationale supplied in user-pasted DeepSeek JSON; occupation name normalized where needed.,UI default,UI default,UI default,True
DeepSeek,DeepSeek-V3,main_prompt,19,Environmental consultant,2152,3,High,Original rationale supplied in user-pasted DeepSeek JSON; occupation name normalized where needed.,UI default,UI default,UI default,True
DeepSeek,DeepSeek-V3,main_prompt,19,Environmental scientist,2152,3,High,Original rationale supplied in user-pasted DeepSeek JSON; occupation name normalized where needed.,UI default,UI default,UI default,True
DeepSeek,DeepSeek-V3,main_prompt,19,Environmental/geo-environmental engineer,2152,2,Medium,Original rationale supplied in user-pasted DeepSeek JSON; occupation name normalized where needed.,UI default,UI default,UI default,True
DeepSeek,DeepSeek-V3,main_prompt,19,Sustainability officer,2152,3,Medium,Original rationale supplied in user-pasted DeepSeek JSON; occupation name normalized where needed.,UI default,UI default,UI default,True
DeepSeek,DeepSeek-V3,main_prompt,19,Energy manager,2152,3,High,Original rationale supplied in user-pasted DeepSeek JSON; occupation name normalized where needed.,UI default,UI default,UI default,True
DeepSeek,DeepSeek-V3,main_prompt,19,Hydrogeologist,2114,2,Medium,Original rationale supplied in user-pasted DeepSeek JSON; occupation name normalized where needed.,UI default,UI default,UI default,True
DeepSeek,DeepSeek-V3,main_prompt,19,Hydrologist,2114,3,High,Original rationale supplied in user-pasted DeepSeek JSON; occupation name normalized where needed.,UI default,UI default,UI default,True
DeepSeek,DeepSeek-V3,main_prompt,20,Civil engineer,2121,3,High,Original rationale supplied in user-pasted DeepSeek JSON; occupation name normalized where needed.,UI default,UI default,UI default,True
DeepSeek,DeepSeek-V3,main_prompt,20,Structural engineer,2121,3,High,Original rationale supplied in user-pasted DeepSeek JSON; occupation name normalized where needed.,UI default,UI default,UI default,True
DeepSeek,DeepSeek-V3,main_prompt,20,Geotechnical engineer,2121,2,Medium,Original rationale supplied in user-pasted DeepSeek JSON; occupation name normalized where needed.,UI default,UI default,UI default,True
DeepSeek,DeepSeek-V3,main_prompt,20,Transportation engineer,2121,3,Medium,Original rationale supplied in user-pasted DeepSeek JSON; occupation name normalized where needed.,UI default,UI default,UI default,True
DeepSeek,DeepSeek-V3,main_prompt,20,Water engineer (professional),2121,3,High,Original rationale supplied in user-pasted DeepSeek JSON; occupation name normalized where needed.,UI default,UI default,UI default,True
DeepSeek,DeepSeek-V3,main_prompt,20,Building and building services engineer,2121,3,Medium,Original rationale supplied in user-pasted DeepSeek JSON; occupation name normalized where needed.,UI default,UI default,UI default,True
DeepSeek,DeepSeek-V3,main_prompt,20,Engineering project manager,2127,2,High,Original rationale supplied in user-pasted DeepSeek JSON; occupation name normalized where needed.,UI default,UI default,UI default,True
DeepSeek,DeepSeek-V3,main_prompt,20,Project engineer,2127,3,Medium,Original rationale supplied in user-pasted DeepSeek JSON; occupation name normalized where needed.,UI default,UI default,UI default,True
DeepSeek,DeepSeek-V3,main_prompt,20,Energy engineer,2129,3,High,Original rationale supplied in user-pasted DeepSeek JSON; occupation name normalized where needed.,UI default,UI default,UI default,True
DeepSeek,DeepSeek-V3,main_prompt,20,Traffic engineer,2129,3,Medium,Original rationale supplied in user-pasted DeepSeek JSON; occupation name normalized where needed.,UI default,UI default,UI default,True
DeepSeek,DeepSeek-V3,main_prompt,20,Heating and ventilating engineer (professional),2129,3,High,Original rationale supplied in user-pasted DeepSeek JSON; occupation name normalized where needed.,UI default,UI default,UI default,True
DeepSeek,DeepSeek-V3,main_prompt,20,Gas engineer (professional),2129,2,High,Original rationale supplied in user-pasted DeepSeek JSON; occupation name normalized where needed.,UI default,UI default,UI default,True
DeepSeek,DeepSeek-V3,main_prompt,20,Construction project manager,2455,2,High,Original rationale supplied in user-pasted DeepSeek JSON; occupation name normalized where needed.,UI default,UI default,UI default,True
DeepSeek,DeepSeek-V3,main_prompt,20,Construction contract manager,2455,2,High,Original rationale supplied in user-pasted DeepSeek JSON; occupation name normalized where needed.,UI default,UI default,UI default,True
DeepSeek,DeepSeek-V3,main_prompt,20,Transport planner,2455,3,Medium,Original rationale supplied in user-pasted DeepSeek JSON; occupation name normalized where needed.,UI default,UI default,UI default,True
DeepSeek,DeepSeek-V3,main_prompt,20,Quantity surveyor,2453,3,High,Original rationale supplied in user-pasted DeepSeek JSON; occupation name normalized where needed.,UI default,UI default,UI default,True
DeepSeek,DeepSeek-V3,main_prompt,20,Building control surveyor,2454,2,High,Original rationale supplied in user-pasted DeepSeek JSON; occupation name normalized where needed.,UI default,UI default,UI default,True
DeepSeek,DeepSeek-V3,main_prompt,20,Land surveyor,2454,2,High,Original rationale supplied in user-pasted DeepSeek JSON; occupation name normalized where needed.,UI default,UI default,UI default,True
DeepSeek,DeepSeek-V3,main_prompt,20,Hydrographic surveyor,2454,2,Medium,Original rationale supplied in user-pasted DeepSeek JSON; occupation name normalized where needed.,UI default,UI default,UI default,True
DeepSeek,DeepSeek-V3,main_prompt,20,Town planning officer,2452,3,Medium,Original rationale supplied in user-pasted DeepSeek JSON; occupation name normalized where needed.,UI default,UI default,UI default,True
DeepSeek,DeepSeek-V3,main_prompt,20,Urban designer,2452,2,Medium,Original rationale supplied in user-pasted DeepSeek JSON; occupation name normalized where needed.,UI default,UI default,UI default,True
DeepSeek,DeepSeek-V3,main_prompt,20,Chartered architectural technologist,2452,3,Medium,Original rationale supplied in user-pasted DeepSeek JSON; occupation name normalized where needed.,UI default,UI default,UI default,True
DeepSeek,DeepSeek-V3,main_prompt,20,BIM technician,3120,4,High,Original rationale supplied in user-pasted DeepSeek JSON; occupation name normalized where needed.,UI default,UI default,UI default,True
DeepSeek,DeepSeek-V3,main_prompt,20,CAD technician,3120,4,High,Original rationale supplied in user-pasted DeepSeek JSON; occupation name normalized where needed.,UI default,UI default,UI default,True
DeepSeek,DeepSeek-V3,main_prompt,20,Architectural technician,3120,3,Medium,Original rationale supplied in user-pasted DeepSeek JSON; occupation name normalized where needed.,UI default,UI default,UI default,True
DeepSeek,DeepSeek-V3,main_prompt,20,Cartographer,3120,4,High,Original rationale supplied in user-pasted DeepSeek JSON; occupation name normalized where needed.,UI default,UI default,UI default,True
DeepSeek,DeepSeek-V3,main_prompt,20,Civil engineering technician,3114,3,High,Original rationale supplied in user-pasted DeepSeek JSON; occupation name normalized where needed.,UI default,UI default,UI default,True
DeepSeek,DeepSeek-V3,main_prompt,20,Building technician,3114,3,Medium,Original rationale supplied in user-pasted DeepSeek JSON; occupation name normalized where needed.,UI default,UI default,UI default,True
DeepSeek,DeepSeek-V3,main_prompt,20,Surveying technician,3114,3,High,Original rationale supplied in user-pasted DeepSeek JSON; occupation name normalized where needed.,UI default,UI default,UI default,True
DeepSeek,DeepSeek-V3,main_prompt,20,Planning engineer,2481,3,High,Original rationale supplied in user-pasted DeepSeek JSON; occupation name normalized where needed.,UI default,UI default,UI default,True
DeepSeek,DeepSeek-V3,main_prompt,20,Quality control engineer,2481,3,High,Original rationale supplied in user-pasted DeepSeek JSON; occupation name normalized where needed.,UI default,UI default,UI default,True
DeepSeek,DeepSeek-V3,main_prompt,20,Estimator,3541,4,High,Original rationale supplied in user-pasted DeepSeek JSON; occupation name normalized where needed.,UI default,UI default,UI default,True
DeepSeek,DeepSeek-V3,main_prompt,20,Valuer,3541,2,Medium,Original rationale supplied in user-pasted DeepSeek JSON; occupation name normalized where needed.,UI default,UI default,UI default,True
DeepSeek,DeepSeek-V3,main_prompt,20,Energy adviser and assessor,3541,4,High,Original rationale supplied in user-pasted DeepSeek JSON; occupation name normalized where needed.,UI default,UI default,UI default,True
DeepSeek,DeepSeek-V3,main_prompt,20,Building control officer,3581,2,High,Original rationale supplied in user-pasted DeepSeek JSON; occupation name normalized where needed.,UI default,UI default,UI default,True
DeepSeek,DeepSeek-V3,main_prompt,20,Housing and planning inspector,3581,2,Medium,Original rationale supplied in user-pasted DeepSeek JSON; occupation name normalized where needed.,UI default,UI default,UI default,True
DeepSeek,DeepSeek-V3,main_prompt,20,Health and safety inspector,3581,2,High,Original rationale supplied in user-pasted DeepSeek JSON; occupation name normalized where needed.,UI default,UI default,UI default,True
DeepSeek,DeepSeek-V3,main_prompt,20,Traffic and vehicle examiner/inspector,3581,3,Medium,Original rationale supplied in user-pasted DeepSeek JSON; occupation name normalized where needed.,UI default,UI default,UI default,True
DeepSeek,DeepSeek-V3,main_prompt,20,Occupational health and safety officer,3582,2,Medium,Original rationale supplied in user-pasted DeepSeek JSON; occupation name normalized where needed.,UI default,UI default,UI default,True
DeepSeek,DeepSeek-V3,main_prompt,20,Fire safety officer,3582,3,Medium,Original rationale supplied in user-pasted DeepSeek JSON; occupation name normalized where needed.,UI default,UI default,UI default,True
DeepSeek,DeepSeek-V3,main_prompt,20,Road traffic and transport safety officer,3582,2,Medium,Original rationale supplied in user-pasted DeepSeek JSON; occupation name normalized where needed.,UI default,UI default,UI default,True
DeepSeek,DeepSeek-V3,main_prompt,20,Occupational hygienist,3582,3,Medium,Original rationale supplied in user-pasted DeepSeek JSON; occupation name normalized where needed.,UI default,UI default,UI default,True
DeepSeek,DeepSeek-V3,main_prompt,20,Environmental health professional,2483,3,High,Original rationale supplied in user-pasted DeepSeek JSON; occupation name normalized where needed.,UI default,UI default,UI default,True
DeepSeek,DeepSeek-V3,main_prompt,20,Environmental consultant,2152,3,High,Original rationale supplied in user-pasted DeepSeek JSON; occupation name normalized where needed.,UI default,UI default,UI default,True
DeepSeek,DeepSeek-V3,main_prompt,20,Environmental scientist,2152,3,High,Original rationale supplied in user-pasted DeepSeek JSON; occupation name normalized where needed.,UI default,UI default,UI default,True
DeepSeek,DeepSeek-V3,main_prompt,20,Environmental/geo-environmental engineer,2152,2,Medium,Original rationale supplied in user-pasted DeepSeek JSON; occupation name normalized where needed.,UI default,UI default,UI default,True
DeepSeek,DeepSeek-V3,main_prompt,20,Sustainability officer,2152,3,Medium,Original rationale supplied in user-pasted DeepSeek JSON; occupation name normalized where needed.,UI default,UI default,UI default,True
DeepSeek,DeepSeek-V3,main_prompt,20,Energy manager,2152,3,High,Original rationale supplied in user-pasted DeepSeek JSON; occupation name normalized where needed.,UI default,UI default,UI default,True
DeepSeek,DeepSeek-V3,main_prompt,20,Hydrogeologist,2114,2,Medium,Original rationale supplied in user-pasted DeepSeek JSON; occupation name normalized where needed.,UI default,UI default,UI default,True
DeepSeek,DeepSeek-V3,main_prompt,20,Hydrologist,2114,3,High,Original rationale supplied in user-pasted DeepSeek JSON; occupation name normalized where needed.,UI default,UI default,UI default,True
