importer,partner,year,value,geo,iso3,tnlg_M_2021,tnlg_M_2023,tnlg_M_2024,tnlg_M_2025,tnlg_F_2021,tnlg_F_2023,tnlg_F_2024,tnlg_F_2025,tml_M_2021,tml_M_2023,tml_M_2024,tml_M_2025,ttm_M_2021,ttm_M_2023,ttm_M_2024,ttm_M_2025,tir_M_2021,tir_M_2023,tir_M_2024,tir_M_2025,tnlg_C_2021,tnlg_C_2023,tnlg_C_2024,tnlg_C_2025,tnlg_J_2021,tnlg_J_2023,tnlg_J_2024,tnlg_J_2025,tnlg_N_2021,tnlg_N_2023,tnlg_N_2024,tnlg_N_2025,tany_C_2021,tany_C_2023,tany_C_2024,tany_C_2025,tany_J_2021,tany_J_2023,tany_J_2024,tany_J_2025,tany_M_2021,tany_F_2021,tany_M_2023,tany_F_2023,tany_M_2024,tany_F_2024,tany_M_2025,tany_F_2025,d_tnlg_M_2124,d_tnlg_M_2324,d_tnlg_F_2124,d_tnlg_F_2324,d_tml_M_2324,d_ttm_M_2324,d_tir_M_2324,d_tany_M_2124,d_tnlg_J_2324,d_tnlg_C_2324,d_tnlg_N_2324,country,logv,post,post24,post_x_d_tnlg_M_2324,p24_x_d_tnlg_M_2324,post_x_d_tnlg_M_2124,p24_x_d_tnlg_M_2124,post_x_d_tnlg_F_2324,p24_x_d_tnlg_F_2324,post_x_d_tml_M_2324,p24_x_d_tml_M_2324,post_x_d_ttm_M_2324,p24_x_d_ttm_M_2324,post_x_d_tir_M_2324,p24_x_d_tir_M_2324,post_x_d_tany_M_2124,p24_x_d_tany_M_2124,post_x_d_tnlg_J_2324,p24_x_d_tnlg_J_2324,post_x_d_tnlg_C_2324,p24_x_d_tnlg_C_2324,post_x_d_tnlg_N_2324,p24_x_d_tnlg_N_2324,post_x_tnlg_M_2024,p24_x_tnlg_M_2024
ROU,IND,2018,18.189512,RO,ROU,3.98,4.99,3.73,8.69,0.02,0.02,0.04,1.3,2.4,3.22,4.72,8.85,6.35,5.53,6.95,11.35,3.8,1.89,2.38,6.36,0.34,0.75,0.47,1.65,0.99,3.04,9.19,22.41,0.17,0.8,2.62,3.3,1.28,1.34,1.3,3.24,8.8,8.12,15.69,32.07,6.68,0.05,7.21,0.13,9.06,0.18,15.6,2.65,-0.25,-1.2600000000000002,0.02,0.02,1.4999999999999996,1.42,0.49,2.380000000000001,6.1499999999999995,-0.28,1.82,Romania,2.900845164242723,0.0,0.0,-0.0,-0.0,-0.0,-0.0,0.0,0.0,0.0,0.0,0.0,0.0,0.0,0.0,0.0,0.0,0.0,0.0,-0.0,-0.0,0.0,0.0,0.0,0.0
ROU,PHL,2018,4.919153,RO,ROU,3.98,4.99,3.73,8.69,0.02,0.02,0.04,1.3,2.4,3.22,4.72,8.85,6.35,5.53,6.95,11.35,3.8,1.89,2.38,6.36,0.34,0.75,0.47,1.65,0.99,3.04,9.19,22.41,0.17,0.8,2.62,3.3,1.28,1.34,1.3,3.24,8.8,8.12,15.69,32.07,6.68,0.05,7.21,0.13,9.06,0.18,15.6,2.65,-0.25,-1.2600000000000002,0.02,0.02,1.4999999999999996,1.42,0.49,2.380000000000001,6.1499999999999995,-0.28,1.82,Romania,1.5931363612123899,0.0,0.0,-0.0,-0.0,-0.0,-0.0,0.0,0.0,0.0,0.0,0.0,0.0,0.0,0.0,0.0,0.0,0.0,0.0,-0.0,-0.0,0.0,0.0,0.0,0.0
ROU,VNM,2018,1.330194,RO,ROU,3.98,4.99,3.73,8.69,0.02,0.02,0.04,1.3,2.4,3.22,4.72,8.85,6.35,5.53,6.95,11.35,3.8,1.89,2.38,6.36,0.34,0.75,0.47,1.65,0.99,3.04,9.19,22.41,0.17,0.8,2.62,3.3,1.28,1.34,1.3,3.24,8.8,8.12,15.69,32.07,6.68,0.05,7.21,0.13,9.06,0.18,15.6,2.65,-0.25,-1.2600000000000002,0.02,0.02,1.4999999999999996,1.42,0.49,2.380000000000001,6.1499999999999995,-0.28,1.82,Romania,0.28532479625810125,0.0,0.0,-0.0,-0.0,-0.0,-0.0,0.0,0.0,0.0,0.0,0.0,0.0,0.0,0.0,0.0,0.0,0.0,0.0,-0.0,-0.0,0.0,0.0,0.0,0.0
ROU,IND,2020,50.036097,RO,ROU,3.98,4.99,3.73,8.69,0.02,0.02,0.04,1.3,2.4,3.22,4.72,8.85,6.35,5.53,6.95,11.35,3.8,1.89,2.38,6.36,0.34,0.75,0.47,1.65,0.99,3.04,9.19,22.41,0.17,0.8,2.62,3.3,1.28,1.34,1.3,3.24,8.8,8.12,15.69,32.07,6.68,0.05,7.21,0.13,9.06,0.18,15.6,2.65,-0.25,-1.2600000000000002,0.02,0.02,1.4999999999999996,1.42,0.49,2.380000000000001,6.1499999999999995,-0.28,1.82,Romania,3.912744684954821,0.0,0.0,-0.0,-0.0,-0.0,-0.0,0.0,0.0,0.0,0.0,0.0,0.0,0.0,0.0,0.0,0.0,0.0,0.0,-0.0,-0.0,0.0,0.0,0.0,0.0
ROU,PHL,2020,4.955868,RO,ROU,3.98,4.99,3.73,8.69,0.02,0.02,0.04,1.3,2.4,3.22,4.72,8.85,6.35,5.53,6.95,11.35,3.8,1.89,2.38,6.36,0.34,0.75,0.47,1.65,0.99,3.04,9.19,22.41,0.17,0.8,2.62,3.3,1.28,1.34,1.3,3.24,8.8,8.12,15.69,32.07,6.68,0.05,7.21,0.13,9.06,0.18,15.6,2.65,-0.25,-1.2600000000000002,0.02,0.02,1.4999999999999996,1.42,0.49,2.380000000000001,6.1499999999999995,-0.28,1.82,Romania,1.6005723290296279,0.0,0.0,-0.0,-0.0,-0.0,-0.0,0.0,0.0,0.0,0.0,0.0,0.0,0.0,0.0,0.0,0.0,0.0,0.0,-0.0,-0.0,0.0,0.0,0.0,0.0
ROU,IND,2019,60.01501,RO,ROU,3.98,4.99,3.73,8.69,0.02,0.02,0.04,1.3,2.4,3.22,4.72,8.85,6.35,5.53,6.95,11.35,3.8,1.89,2.38,6.36,0.34,0.75,0.47,1.65,0.99,3.04,9.19,22.41,0.17,0.8,2.62,3.3,1.28,1.34,1.3,3.24,8.8,8.12,15.69,32.07,6.68,0.05,7.21,0.13,9.06,0.18,15.6,2.65,-0.25,-1.2600000000000002,0.02,0.02,1.4999999999999996,1.42,0.49,2.380000000000001,6.1499999999999995,-0.28,1.82,Romania,4.094594697602305,0.0,0.0,-0.0,-0.0,-0.0,-0.0,0.0,0.0,0.0,0.0,0.0,0.0,0.0,0.0,0.0,0.0,0.0,0.0,-0.0,-0.0,0.0,0.0,0.0,0.0
ROU,PHL,2019,4.012616,RO,ROU,3.98,4.99,3.73,8.69,0.02,0.02,0.04,1.3,2.4,3.22,4.72,8.85,6.35,5.53,6.95,11.35,3.8,1.89,2.38,6.36,0.34,0.75,0.47,1.65,0.99,3.04,9.19,22.41,0.17,0.8,2.62,3.3,1.28,1.34,1.3,3.24,8.8,8.12,15.69,32.07,6.68,0.05,7.21,0.13,9.06,0.18,15.6,2.65,-0.25,-1.2600000000000002,0.02,0.02,1.4999999999999996,1.42,0.49,2.380000000000001,6.1499999999999995,-0.28,1.82,Romania,1.3894433976955791,0.0,0.0,-0.0,-0.0,-0.0,-0.0,0.0,0.0,0.0,0.0,0.0,0.0,0.0,0.0,0.0,0.0,0.0,0.0,-0.0,-0.0,0.0,0.0,0.0,0.0
ROU,VNM,2019,2.061074,RO,ROU,3.98,4.99,3.73,8.69,0.02,0.02,0.04,1.3,2.4,3.22,4.72,8.85,6.35,5.53,6.95,11.35,3.8,1.89,2.38,6.36,0.34,0.75,0.47,1.65,0.99,3.04,9.19,22.41,0.17,0.8,2.62,3.3,1.28,1.34,1.3,3.24,8.8,8.12,15.69,32.07,6.68,0.05,7.21,0.13,9.06,0.18,15.6,2.65,-0.25,-1.2600000000000002,0.02,0.02,1.4999999999999996,1.42,0.49,2.380000000000001,6.1499999999999995,-0.28,1.82,Romania,0.7232272061642903,0.0,0.0,-0.0,-0.0,-0.0,-0.0,0.0,0.0,0.0,0.0,0.0,0.0,0.0,0.0,0.0,0.0,0.0,0.0,-0.0,-0.0,0.0,0.0,0.0,0.0
ROU,VNM,2020,2.2186,RO,ROU,3.98,4.99,3.73,8.69,0.02,0.02,0.04,1.3,2.4,3.22,4.72,8.85,6.35,5.53,6.95,11.35,3.8,1.89,2.38,6.36,0.34,0.75,0.47,1.65,0.99,3.04,9.19,22.41,0.17,0.8,2.62,3.3,1.28,1.34,1.3,3.24,8.8,8.12,15.69,32.07,6.68,0.05,7.21,0.13,9.06,0.18,15.6,2.65,-0.25,-1.2600000000000002,0.02,0.02,1.4999999999999996,1.42,0.49,2.380000000000001,6.1499999999999995,-0.28,1.82,Romania,0.7968763663224222,0.0,0.0,-0.0,-0.0,-0.0,-0.0,0.0,0.0,0.0,0.0,0.0,0.0,0.0,0.0,0.0,0.0,0.0,0.0,-0.0,-0.0,0.0,0.0,0.0,0.0
ROU,IND,2022,77.888381,RO,ROU,3.98,4.99,3.73,8.69,0.02,0.02,0.04,1.3,2.4,3.22,4.72,8.85,6.35,5.53,6.95,11.35,3.8,1.89,2.38,6.36,0.34,0.75,0.47,1.65,0.99,3.04,9.19,22.41,0.17,0.8,2.62,3.3,1.28,1.34,1.3,3.24,8.8,8.12,15.69,32.07,6.68,0.05,7.21,0.13,9.06,0.18,15.6,2.65,-0.25,-1.2600000000000002,0.02,0.02,1.4999999999999996,1.42,0.49,2.380000000000001,6.1499999999999995,-0.28,1.82,Romania,4.3552767889923745,0.0,0.0,-0.0,-0.0,-0.0,-0.0,0.0,0.0,0.0,0.0,0.0,0.0,0.0,0.0,0.0,0.0,0.0,0.0,-0.0,-0.0,0.0,0.0,0.0,0.0
ROU,PHL,2022,8.080873,RO,ROU,3.98,4.99,3.73,8.69,0.02,0.02,0.04,1.3,2.4,3.22,4.72,8.85,6.35,5.53,6.95,11.35,3.8,1.89,2.38,6.36,0.34,0.75,0.47,1.65,0.99,3.04,9.19,22.41,0.17,0.8,2.62,3.3,1.28,1.34,1.3,3.24,8.8,8.12,15.69,32.07,6.68,0.05,7.21,0.13,9.06,0.18,15.6,2.65,-0.25,-1.2600000000000002,0.02,0.02,1.4999999999999996,1.42,0.49,2.380000000000001,6.1499999999999995,-0.28,1.82,Romania,2.089499911251067,0.0,0.0,-0.0,-0.0,-0.0,-0.0,0.0,0.0,0.0,0.0,0.0,0.0,0.0,0.0,0.0,0.0,0.0,0.0,-0.0,-0.0,0.0,0.0,0.0,0.0
ROU,VNM,2022,1.874058,RO,ROU,3.98,4.99,3.73,8.69,0.02,0.02,0.04,1.3,2.4,3.22,4.72,8.85,6.35,5.53,6.95,11.35,3.8,1.89,2.38,6.36,0.34,0.75,0.47,1.65,0.99,3.04,9.19,22.41,0.17,0.8,2.62,3.3,1.28,1.34,1.3,3.24,8.8,8.12,15.69,32.07,6.68,0.05,7.21,0.13,9.06,0.18,15.6,2.65,-0.25,-1.2600000000000002,0.02,0.02,1.4999999999999996,1.42,0.49,2.380000000000001,6.1499999999999995,-0.28,1.82,Romania,0.6281061331772086,0.0,0.0,-0.0,-0.0,-0.0,-0.0,0.0,0.0,0.0,0.0,0.0,0.0,0.0,0.0,0.0,0.0,0.0,0.0,-0.0,-0.0,0.0,0.0,0.0,0.0
ROU,IND,2021,52.942311,RO,ROU,3.98,4.99,3.73,8.69,0.02,0.02,0.04,1.3,2.4,3.22,4.72,8.85,6.35,5.53,6.95,11.35,3.8,1.89,2.38,6.36,0.34,0.75,0.47,1.65,0.99,3.04,9.19,22.41,0.17,0.8,2.62,3.3,1.28,1.34,1.3,3.24,8.8,8.12,15.69,32.07,6.68,0.05,7.21,0.13,9.06,0.18,15.6,2.65,-0.25,-1.2600000000000002,0.02,0.02,1.4999999999999996,1.42,0.49,2.380000000000001,6.1499999999999995,-0.28,1.82,Romania,3.9692028490384756,0.0,0.0,-0.0,-0.0,-0.0,-0.0,0.0,0.0,0.0,0.0,0.0,0.0,0.0,0.0,0.0,0.0,0.0,0.0,-0.0,-0.0,0.0,0.0,0.0,0.0
ROU,PHL,2021,7.977753,RO,ROU,3.98,4.99,3.73,8.69,0.02,0.02,0.04,1.3,2.4,3.22,4.72,8.85,6.35,5.53,6.95,11.35,3.8,1.89,2.38,6.36,0.34,0.75,0.47,1.65,0.99,3.04,9.19,22.41,0.17,0.8,2.62,3.3,1.28,1.34,1.3,3.24,8.8,8.12,15.69,32.07,6.68,0.05,7.21,0.13,9.06,0.18,15.6,2.65,-0.25,-1.2600000000000002,0.02,0.02,1.4999999999999996,1.42,0.49,2.380000000000001,6.1499999999999995,-0.28,1.82,Romania,2.0766567928635538,0.0,0.0,-0.0,-0.0,-0.0,-0.0,0.0,0.0,0.0,0.0,0.0,0.0,0.0,0.0,0.0,0.0,0.0,0.0,-0.0,-0.0,0.0,0.0,0.0,0.0
ROU,VNM,2021,2.207303,RO,ROU,3.98,4.99,3.73,8.69,0.02,0.02,0.04,1.3,2.4,3.22,4.72,8.85,6.35,5.53,6.95,11.35,3.8,1.89,2.38,6.36,0.34,0.75,0.47,1.65,0.99,3.04,9.19,22.41,0.17,0.8,2.62,3.3,1.28,1.34,1.3,3.24,8.8,8.12,15.69,32.07,6.68,0.05,7.21,0.13,9.06,0.18,15.6,2.65,-0.25,-1.2600000000000002,0.02,0.02,1.4999999999999996,1.42,0.49,2.380000000000001,6.1499999999999995,-0.28,1.82,Romania,0.7917714082906401,0.0,0.0,-0.0,-0.0,-0.0,-0.0,0.0,0.0,0.0,0.0,0.0,0.0,0.0,0.0,0.0,0.0,0.0,0.0,-0.0,-0.0,0.0,0.0,0.0,0.0
ROU,IND,2024,67.608374,RO,ROU,3.98,4.99,3.73,8.69,0.02,0.02,0.04,1.3,2.4,3.22,4.72,8.85,6.35,5.53,6.95,11.35,3.8,1.89,2.38,6.36,0.34,0.75,0.47,1.65,0.99,3.04,9.19,22.41,0.17,0.8,2.62,3.3,1.28,1.34,1.3,3.24,8.8,8.12,15.69,32.07,6.68,0.05,7.21,0.13,9.06,0.18,15.6,2.65,-0.25,-1.2600000000000002,0.02,0.02,1.4999999999999996,1.42,0.49,2.380000000000001,6.1499999999999995,-0.28,1.82,Romania,4.213731851116598,1.0,1.0,-1.2600000000000002,-1.2600000000000002,-0.25,-0.25,0.02,0.02,1.4999999999999996,1.4999999999999996,1.42,1.42,0.49,0.49,2.380000000000001,2.380000000000001,6.1499999999999995,6.1499999999999995,-0.28,-0.28,1.82,1.82,3.73,3.73
ROU,PHL,2024,11.322534,RO,ROU,3.98,4.99,3.73,8.69,0.02,0.02,0.04,1.3,2.4,3.22,4.72,8.85,6.35,5.53,6.95,11.35,3.8,1.89,2.38,6.36,0.34,0.75,0.47,1.65,0.99,3.04,9.19,22.41,0.17,0.8,2.62,3.3,1.28,1.34,1.3,3.24,8.8,8.12,15.69,32.07,6.68,0.05,7.21,0.13,9.06,0.18,15.6,2.65,-0.25,-1.2600000000000002,0.02,0.02,1.4999999999999996,1.42,0.49,2.380000000000001,6.1499999999999995,-0.28,1.82,Romania,2.426794899314114,1.0,1.0,-1.2600000000000002,-1.2600000000000002,-0.25,-0.25,0.02,0.02,1.4999999999999996,1.4999999999999996,1.42,1.42,0.49,0.49,2.380000000000001,2.380000000000001,6.1499999999999995,6.1499999999999995,-0.28,-0.28,1.82,1.82,3.73,3.73
ROU,VNM,2024,2.028867,RO,ROU,3.98,4.99,3.73,8.69,0.02,0.02,0.04,1.3,2.4,3.22,4.72,8.85,6.35,5.53,6.95,11.35,3.8,1.89,2.38,6.36,0.34,0.75,0.47,1.65,0.99,3.04,9.19,22.41,0.17,0.8,2.62,3.3,1.28,1.34,1.3,3.24,8.8,8.12,15.69,32.07,6.68,0.05,7.21,0.13,9.06,0.18,15.6,2.65,-0.25,-1.2600000000000002,0.02,0.02,1.4999999999999996,1.42,0.49,2.380000000000001,6.1499999999999995,-0.28,1.82,Romania,0.7074775091634242,1.0,1.0,-1.2600000000000002,-1.2600000000000002,-0.25,-0.25,0.02,0.02,1.4999999999999996,1.4999999999999996,1.42,1.42,0.49,0.49,2.380000000000001,2.380000000000001,6.1499999999999995,6.1499999999999995,-0.28,-0.28,1.82,1.82,3.73,3.73
ROU,IND,2023,43.027884,RO,ROU,3.98,4.99,3.73,8.69,0.02,0.02,0.04,1.3,2.4,3.22,4.72,8.85,6.35,5.53,6.95,11.35,3.8,1.89,2.38,6.36,0.34,0.75,0.47,1.65,0.99,3.04,9.19,22.41,0.17,0.8,2.62,3.3,1.28,1.34,1.3,3.24,8.8,8.12,15.69,32.07,6.68,0.05,7.21,0.13,9.06,0.18,15.6,2.65,-0.25,-1.2600000000000002,0.02,0.02,1.4999999999999996,1.42,0.49,2.380000000000001,6.1499999999999995,-0.28,1.82,Romania,3.7618483706471886,1.0,0.0,-1.2600000000000002,-0.0,-0.25,-0.0,0.02,0.0,1.4999999999999996,0.0,1.42,0.0,0.49,0.0,2.380000000000001,0.0,6.1499999999999995,0.0,-0.28,-0.0,1.82,0.0,3.73,0.0
ROU,PHL,2023,7.390064,RO,ROU,3.98,4.99,3.73,8.69,0.02,0.02,0.04,1.3,2.4,3.22,4.72,8.85,6.35,5.53,6.95,11.35,3.8,1.89,2.38,6.36,0.34,0.75,0.47,1.65,0.99,3.04,9.19,22.41,0.17,0.8,2.62,3.3,1.28,1.34,1.3,3.24,8.8,8.12,15.69,32.07,6.68,0.05,7.21,0.13,9.06,0.18,15.6,2.65,-0.25,-1.2600000000000002,0.02,0.02,1.4999999999999996,1.42,0.49,2.380000000000001,6.1499999999999995,-0.28,1.82,Romania,2.0001363952744367,1.0,0.0,-1.2600000000000002,-0.0,-0.25,-0.0,0.02,0.0,1.4999999999999996,0.0,1.42,0.0,0.49,0.0,2.380000000000001,0.0,6.1499999999999995,0.0,-0.28,-0.0,1.82,0.0,3.73,0.0
ROU,VNM,2023,1.705605,RO,ROU,3.98,4.99,3.73,8.69,0.02,0.02,0.04,1.3,2.4,3.22,4.72,8.85,6.35,5.53,6.95,11.35,3.8,1.89,2.38,6.36,0.34,0.75,0.47,1.65,0.99,3.04,9.19,22.41,0.17,0.8,2.62,3.3,1.28,1.34,1.3,3.24,8.8,8.12,15.69,32.07,6.68,0.05,7.21,0.13,9.06,0.18,15.6,2.65,-0.25,-1.2600000000000002,0.02,0.02,1.4999999999999996,1.42,0.49,2.380000000000001,6.1499999999999995,-0.28,1.82,Romania,0.5339198865047913,1.0,0.0,-1.2600000000000002,-0.0,-0.25,-0.0,0.02,0.0,1.4999999999999996,0.0,1.42,0.0,0.49,0.0,2.380000000000001,0.0,6.1499999999999995,0.0,-0.28,-0.0,1.82,0.0,3.73,0.0
ESP,IND,2021,90.973139,ES,ESP,3.06,4.44,11.92,17.31,0.59,1.46,1.47,4.17,5.8,6.22,11.34,12.68,4.97,6.84,13.91,19.57,4.37,6.54,8.16,9.7,0.79,1.25,2.38,6.46,8.24,13.16,21.3,40.38,1.76,2.01,3.75,9.37,7.42,8.68,9.81,17.14,26.65,32.43,46.57,60.57,13.72,3.77,16.14,4.63,26.07,4.43,38.35,11.26,8.86,7.4799999999999995,0.88,0.010000000000000009,5.12,7.07,1.62,12.35,8.14,1.13,1.7400000000000002,Spain,4.510564287119716,0.0,0.0,0.0,0.0,0.0,0.0,0.0,0.0,0.0,0.0,0.0,0.0,0.0,0.0,0.0,0.0,0.0,0.0,0.0,0.0,0.0,0.0,0.0,0.0
ESP,PHL,2021,42.090613,ES,ESP,3.06,4.44,11.92,17.31,0.59,1.46,1.47,4.17,5.8,6.22,11.34,12.68,4.97,6.84,13.91,19.57,4.37,6.54,8.16,9.7,0.79,1.25,2.38,6.46,8.24,13.16,21.3,40.38,1.76,2.01,3.75,9.37,7.42,8.68,9.81,17.14,26.65,32.43,46.57,60.57,13.72,3.77,16.14,4.63,26.07,4.43,38.35,11.26,8.86,7.4799999999999995,0.88,0.010000000000000009,5.12,7.07,1.62,12.35,8.14,1.13,1.7400000000000002,Spain,3.7398247467058856,0.0,0.0,0.0,0.0,0.0,0.0,0.0,0.0,0.0,0.0,0.0,0.0,0.0,0.0,0.0,0.0,0.0,0.0,0.0,0.0,0.0,0.0,0.0,0.0
ESP,VNM,2021,10.900696,ES,ESP,3.06,4.44,11.92,17.31,0.59,1.46,1.47,4.17,5.8,6.22,11.34,12.68,4.97,6.84,13.91,19.57,4.37,6.54,8.16,9.7,0.79,1.25,2.38,6.46,8.24,13.16,21.3,40.38,1.76,2.01,3.75,9.37,7.42,8.68,9.81,17.14,26.65,32.43,46.57,60.57,13.72,3.77,16.14,4.63,26.07,4.43,38.35,11.26,8.86,7.4799999999999995,0.88,0.010000000000000009,5.12,7.07,1.62,12.35,8.14,1.13,1.7400000000000002,Spain,2.3888266404075775,0.0,0.0,0.0,0.0,0.0,0.0,0.0,0.0,0.0,0.0,0.0,0.0,0.0,0.0,0.0,0.0,0.0,0.0,0.0,0.0,0.0,0.0,0.0,0.0
ESP,IND,2022,109.442626,ES,ESP,3.06,4.44,11.92,17.31,0.59,1.46,1.47,4.17,5.8,6.22,11.34,12.68,4.97,6.84,13.91,19.57,4.37,6.54,8.16,9.7,0.79,1.25,2.38,6.46,8.24,13.16,21.3,40.38,1.76,2.01,3.75,9.37,7.42,8.68,9.81,17.14,26.65,32.43,46.57,60.57,13.72,3.77,16.14,4.63,26.07,4.43,38.35,11.26,8.86,7.4799999999999995,0.88,0.010000000000000009,5.12,7.07,1.62,12.35,8.14,1.13,1.7400000000000002,Spain,4.6954004484694085,0.0,0.0,0.0,0.0,0.0,0.0,0.0,0.0,0.0,0.0,0.0,0.0,0.0,0.0,0.0,0.0,0.0,0.0,0.0,0.0,0.0,0.0,0.0,0.0
ESP,PHL,2022,51.236458,ES,ESP,3.06,4.44,11.92,17.31,0.59,1.46,1.47,4.17,5.8,6.22,11.34,12.68,4.97,6.84,13.91,19.57,4.37,6.54,8.16,9.7,0.79,1.25,2.38,6.46,8.24,13.16,21.3,40.38,1.76,2.01,3.75,9.37,7.42,8.68,9.81,17.14,26.65,32.43,46.57,60.57,13.72,3.77,16.14,4.63,26.07,4.43,38.35,11.26,8.86,7.4799999999999995,0.88,0.010000000000000009,5.12,7.07,1.62,12.35,8.14,1.13,1.7400000000000002,Spain,3.9364513489561834,0.0,0.0,0.0,0.0,0.0,0.0,0.0,0.0,0.0,0.0,0.0,0.0,0.0,0.0,0.0,0.0,0.0,0.0,0.0,0.0,0.0,0.0,0.0,0.0
ESP,VNM,2022,11.999021,ES,ESP,3.06,4.44,11.92,17.31,0.59,1.46,1.47,4.17,5.8,6.22,11.34,12.68,4.97,6.84,13.91,19.57,4.37,6.54,8.16,9.7,0.79,1.25,2.38,6.46,8.24,13.16,21.3,40.38,1.76,2.01,3.75,9.37,7.42,8.68,9.81,17.14,26.65,32.43,46.57,60.57,13.72,3.77,16.14,4.63,26.07,4.43,38.35,11.26,8.86,7.4799999999999995,0.88,0.010000000000000009,5.12,7.07,1.62,12.35,8.14,1.13,1.7400000000000002,Spain,2.484825063126566,0.0,0.0,0.0,0.0,0.0,0.0,0.0,0.0,0.0,0.0,0.0,0.0,0.0,0.0,0.0,0.0,0.0,0.0,0.0,0.0,0.0,0.0,0.0,0.0
ESP,IND,2023,157.475938,ES,ESP,3.06,4.44,11.92,17.31,0.59,1.46,1.47,4.17,5.8,6.22,11.34,12.68,4.97,6.84,13.91,19.57,4.37,6.54,8.16,9.7,0.79,1.25,2.38,6.46,8.24,13.16,21.3,40.38,1.76,2.01,3.75,9.37,7.42,8.68,9.81,17.14,26.65,32.43,46.57,60.57,13.72,3.77,16.14,4.63,26.07,4.43,38.35,11.26,8.86,7.4799999999999995,0.88,0.010000000000000009,5.12,7.07,1.62,12.35,8.14,1.13,1.7400000000000002,Spain,5.059272671991285,1.0,0.0,7.4799999999999995,0.0,8.86,0.0,0.010000000000000009,0.0,5.12,0.0,7.07,0.0,1.62,0.0,12.35,0.0,8.14,0.0,1.13,0.0,1.7400000000000002,0.0,11.92,0.0
ESP,PHL,2023,54.904546,ES,ESP,3.06,4.44,11.92,17.31,0.59,1.46,1.47,4.17,5.8,6.22,11.34,12.68,4.97,6.84,13.91,19.57,4.37,6.54,8.16,9.7,0.79,1.25,2.38,6.46,8.24,13.16,21.3,40.38,1.76,2.01,3.75,9.37,7.42,8.68,9.81,17.14,26.65,32.43,46.57,60.57,13.72,3.77,16.14,4.63,26.07,4.43,38.35,11.26,8.86,7.4799999999999995,0.88,0.010000000000000009,5.12,7.07,1.62,12.35,8.14,1.13,1.7400000000000002,Spain,4.005596150187514,1.0,0.0,7.4799999999999995,0.0,8.86,0.0,0.010000000000000009,0.0,5.12,0.0,7.07,0.0,1.62,0.0,12.35,0.0,8.14,0.0,1.13,0.0,1.7400000000000002,0.0,11.92,0.0
ESP,VNM,2023,20.304951,ES,ESP,3.06,4.44,11.92,17.31,0.59,1.46,1.47,4.17,5.8,6.22,11.34,12.68,4.97,6.84,13.91,19.57,4.37,6.54,8.16,9.7,0.79,1.25,2.38,6.46,8.24,13.16,21.3,40.38,1.76,2.01,3.75,9.37,7.42,8.68,9.81,17.14,26.65,32.43,46.57,60.57,13.72,3.77,16.14,4.63,26.07,4.43,38.35,11.26,8.86,7.4799999999999995,0.88,0.010000000000000009,5.12,7.07,1.62,12.35,8.14,1.13,1.7400000000000002,Spain,3.0108647479366297,1.0,0.0,7.4799999999999995,0.0,8.86,0.0,0.010000000000000009,0.0,5.12,0.0,7.07,0.0,1.62,0.0,12.35,0.0,8.14,0.0,1.13,0.0,1.7400000000000002,0.0,11.92,0.0
ESP,IND,2024,188.425081,ES,ESP,3.06,4.44,11.92,17.31,0.59,1.46,1.47,4.17,5.8,6.22,11.34,12.68,4.97,6.84,13.91,19.57,4.37,6.54,8.16,9.7,0.79,1.25,2.38,6.46,8.24,13.16,21.3,40.38,1.76,2.01,3.75,9.37,7.42,8.68,9.81,17.14,26.65,32.43,46.57,60.57,13.72,3.77,16.14,4.63,26.07,4.43,38.35,11.26,8.86,7.4799999999999995,0.88,0.010000000000000009,5.12,7.07,1.62,12.35,8.14,1.13,1.7400000000000002,Spain,5.2387004796087036,1.0,1.0,7.4799999999999995,7.4799999999999995,8.86,8.86,0.010000000000000009,0.010000000000000009,5.12,5.12,7.07,7.07,1.62,1.62,12.35,12.35,8.14,8.14,1.13,1.13,1.7400000000000002,1.7400000000000002,11.92,11.92
ESP,PHL,2024,70.75877,ES,ESP,3.06,4.44,11.92,17.31,0.59,1.46,1.47,4.17,5.8,6.22,11.34,12.68,4.97,6.84,13.91,19.57,4.37,6.54,8.16,9.7,0.79,1.25,2.38,6.46,8.24,13.16,21.3,40.38,1.76,2.01,3.75,9.37,7.42,8.68,9.81,17.14,26.65,32.43,46.57,60.57,13.72,3.77,16.14,4.63,26.07,4.43,38.35,11.26,8.86,7.4799999999999995,0.88,0.010000000000000009,5.12,7.07,1.62,12.35,8.14,1.13,1.7400000000000002,Spain,4.259276486438412,1.0,1.0,7.4799999999999995,7.4799999999999995,8.86,8.86,0.010000000000000009,0.010000000000000009,5.12,5.12,7.07,7.07,1.62,1.62,12.35,12.35,8.14,8.14,1.13,1.13,1.7400000000000002,1.7400000000000002,11.92,11.92
ESP,VNM,2024,19.050867,ES,ESP,3.06,4.44,11.92,17.31,0.59,1.46,1.47,4.17,5.8,6.22,11.34,12.68,4.97,6.84,13.91,19.57,4.37,6.54,8.16,9.7,0.79,1.25,2.38,6.46,8.24,13.16,21.3,40.38,1.76,2.01,3.75,9.37,7.42,8.68,9.81,17.14,26.65,32.43,46.57,60.57,13.72,3.77,16.14,4.63,26.07,4.43,38.35,11.26,8.86,7.4799999999999995,0.88,0.010000000000000009,5.12,7.07,1.62,12.35,8.14,1.13,1.7400000000000002,Spain,2.9471126123481026,1.0,1.0,7.4799999999999995,7.4799999999999995,8.86,8.86,0.010000000000000009,0.010000000000000009,5.12,5.12,7.07,7.07,1.62,1.62,12.35,12.35,8.14,8.14,1.13,1.13,1.7400000000000002,1.7400000000000002,11.92,11.92
ESP,IND,2019,158.685887,ES,ESP,3.06,4.44,11.92,17.31,0.59,1.46,1.47,4.17,5.8,6.22,11.34,12.68,4.97,6.84,13.91,19.57,4.37,6.54,8.16,9.7,0.79,1.25,2.38,6.46,8.24,13.16,21.3,40.38,1.76,2.01,3.75,9.37,7.42,8.68,9.81,17.14,26.65,32.43,46.57,60.57,13.72,3.77,16.14,4.63,26.07,4.43,38.35,11.26,8.86,7.4799999999999995,0.88,0.010000000000000009,5.12,7.07,1.62,12.35,8.14,1.13,1.7400000000000002,Spain,5.066926694781492,0.0,0.0,0.0,0.0,0.0,0.0,0.0,0.0,0.0,0.0,0.0,0.0,0.0,0.0,0.0,0.0,0.0,0.0,0.0,0.0,0.0,0.0,0.0,0.0
ESP,PHL,2019,44.806463,ES,ESP,3.06,4.44,11.92,17.31,0.59,1.46,1.47,4.17,5.8,6.22,11.34,12.68,4.97,6.84,13.91,19.57,4.37,6.54,8.16,9.7,0.79,1.25,2.38,6.46,8.24,13.16,21.3,40.38,1.76,2.01,3.75,9.37,7.42,8.68,9.81,17.14,26.65,32.43,46.57,60.57,13.72,3.77,16.14,4.63,26.07,4.43,38.35,11.26,8.86,7.4799999999999995,0.88,0.010000000000000009,5.12,7.07,1.62,12.35,8.14,1.13,1.7400000000000002,Spain,3.8023523924088343,0.0,0.0,0.0,0.0,0.0,0.0,0.0,0.0,0.0,0.0,0.0,0.0,0.0,0.0,0.0,0.0,0.0,0.0,0.0,0.0,0.0,0.0,0.0,0.0
ESP,VNM,2019,12.01643,ES,ESP,3.06,4.44,11.92,17.31,0.59,1.46,1.47,4.17,5.8,6.22,11.34,12.68,4.97,6.84,13.91,19.57,4.37,6.54,8.16,9.7,0.79,1.25,2.38,6.46,8.24,13.16,21.3,40.38,1.76,2.01,3.75,9.37,7.42,8.68,9.81,17.14,26.65,32.43,46.57,60.57,13.72,3.77,16.14,4.63,26.07,4.43,38.35,11.26,8.86,7.4799999999999995,0.88,0.010000000000000009,5.12,7.07,1.62,12.35,8.14,1.13,1.7400000000000002,Spain,2.4862748800006633,0.0,0.0,0.0,0.0,0.0,0.0,0.0,0.0,0.0,0.0,0.0,0.0,0.0,0.0,0.0,0.0,0.0,0.0,0.0,0.0,0.0,0.0,0.0,0.0
ESP,IND,2020,107.524021,ES,ESP,3.06,4.44,11.92,17.31,0.59,1.46,1.47,4.17,5.8,6.22,11.34,12.68,4.97,6.84,13.91,19.57,4.37,6.54,8.16,9.7,0.79,1.25,2.38,6.46,8.24,13.16,21.3,40.38,1.76,2.01,3.75,9.37,7.42,8.68,9.81,17.14,26.65,32.43,46.57,60.57,13.72,3.77,16.14,4.63,26.07,4.43,38.35,11.26,8.86,7.4799999999999995,0.88,0.010000000000000009,5.12,7.07,1.62,12.35,8.14,1.13,1.7400000000000002,Spain,4.677714273769015,0.0,0.0,0.0,0.0,0.0,0.0,0.0,0.0,0.0,0.0,0.0,0.0,0.0,0.0,0.0,0.0,0.0,0.0,0.0,0.0,0.0,0.0,0.0,0.0
ESP,PHL,2020,37.847455,ES,ESP,3.06,4.44,11.92,17.31,0.59,1.46,1.47,4.17,5.8,6.22,11.34,12.68,4.97,6.84,13.91,19.57,4.37,6.54,8.16,9.7,0.79,1.25,2.38,6.46,8.24,13.16,21.3,40.38,1.76,2.01,3.75,9.37,7.42,8.68,9.81,17.14,26.65,32.43,46.57,60.57,13.72,3.77,16.14,4.63,26.07,4.43,38.35,11.26,8.86,7.4799999999999995,0.88,0.010000000000000009,5.12,7.07,1.62,12.35,8.14,1.13,1.7400000000000002,Spain,3.6335637385210906,0.0,0.0,0.0,0.0,0.0,0.0,0.0,0.0,0.0,0.0,0.0,0.0,0.0,0.0,0.0,0.0,0.0,0.0,0.0,0.0,0.0,0.0,0.0,0.0
ESP,VNM,2020,10.093984,ES,ESP,3.06,4.44,11.92,17.31,0.59,1.46,1.47,4.17,5.8,6.22,11.34,12.68,4.97,6.84,13.91,19.57,4.37,6.54,8.16,9.7,0.79,1.25,2.38,6.46,8.24,13.16,21.3,40.38,1.76,2.01,3.75,9.37,7.42,8.68,9.81,17.14,26.65,32.43,46.57,60.57,13.72,3.77,16.14,4.63,26.07,4.43,38.35,11.26,8.86,7.4799999999999995,0.88,0.010000000000000009,5.12,7.07,1.62,12.35,8.14,1.13,1.7400000000000002,Spain,2.311939602816755,0.0,0.0,0.0,0.0,0.0,0.0,0.0,0.0,0.0,0.0,0.0,0.0,0.0,0.0,0.0,0.0,0.0,0.0,0.0,0.0,0.0,0.0,0.0,0.0
ESP,IND,2018,228.523218,ES,ESP,3.06,4.44,11.92,17.31,0.59,1.46,1.47,4.17,5.8,6.22,11.34,12.68,4.97,6.84,13.91,19.57,4.37,6.54,8.16,9.7,0.79,1.25,2.38,6.46,8.24,13.16,21.3,40.38,1.76,2.01,3.75,9.37,7.42,8.68,9.81,17.14,26.65,32.43,46.57,60.57,13.72,3.77,16.14,4.63,26.07,4.43,38.35,11.26,8.86,7.4799999999999995,0.88,0.010000000000000009,5.12,7.07,1.62,12.35,8.14,1.13,1.7400000000000002,Spain,5.431637815675544,0.0,0.0,0.0,0.0,0.0,0.0,0.0,0.0,0.0,0.0,0.0,0.0,0.0,0.0,0.0,0.0,0.0,0.0,0.0,0.0,0.0,0.0,0.0,0.0
ESP,PHL,2018,31.796124,ES,ESP,3.06,4.44,11.92,17.31,0.59,1.46,1.47,4.17,5.8,6.22,11.34,12.68,4.97,6.84,13.91,19.57,4.37,6.54,8.16,9.7,0.79,1.25,2.38,6.46,8.24,13.16,21.3,40.38,1.76,2.01,3.75,9.37,7.42,8.68,9.81,17.14,26.65,32.43,46.57,60.57,13.72,3.77,16.14,4.63,26.07,4.43,38.35,11.26,8.86,7.4799999999999995,0.88,0.010000000000000009,5.12,7.07,1.62,12.35,8.14,1.13,1.7400000000000002,Spain,3.4593443955648797,0.0,0.0,0.0,0.0,0.0,0.0,0.0,0.0,0.0,0.0,0.0,0.0,0.0,0.0,0.0,0.0,0.0,0.0,0.0,0.0,0.0,0.0,0.0,0.0
ESP,VNM,2018,9.601113,ES,ESP,3.06,4.44,11.92,17.31,0.59,1.46,1.47,4.17,5.8,6.22,11.34,12.68,4.97,6.84,13.91,19.57,4.37,6.54,8.16,9.7,0.79,1.25,2.38,6.46,8.24,13.16,21.3,40.38,1.76,2.01,3.75,9.37,7.42,8.68,9.81,17.14,26.65,32.43,46.57,60.57,13.72,3.77,16.14,4.63,26.07,4.43,38.35,11.26,8.86,7.4799999999999995,0.88,0.010000000000000009,5.12,7.07,1.62,12.35,8.14,1.13,1.7400000000000002,Spain,2.2618790292535578,0.0,0.0,0.0,0.0,0.0,0.0,0.0,0.0,0.0,0.0,0.0,0.0,0.0,0.0,0.0,0.0,0.0,0.0,0.0,0.0,0.0,0.0,0.0,0.0
IRL,IND,2024,911.385056,IE,IRL,2.85,5.02,13.61,13.29,0.0,1.48,2.67,0.38,2.85,6.76,10.17,7.69,1.69,4.51,13.19,19.21,1.34,4.07,3.66,4.09,1.04,1.71,7.4,8.25,8.6,9.17,26.69,38.21,2.21,2.15,10.78,10.6,8.83,7.18,17.51,17.66,32.4,28.52,49.07,59.82,13.59,0.27,15.77,5.92,27.25,6.24,31.76,9.2,10.76,8.59,2.67,1.19,3.41,8.68,-0.41000000000000014,13.66,17.520000000000003,5.69,8.629999999999999,Ireland,6.814965481943105,1.0,1.0,8.59,8.59,10.76,10.76,1.19,1.19,3.41,3.41,8.68,8.68,-0.41000000000000014,-0.41000000000000014,13.66,13.66,17.520000000000003,17.520000000000003,5.69,5.69,8.629999999999999,8.629999999999999,13.61,13.61
IRL,PHL,2024,371.372268,IE,IRL,2.85,5.02,13.61,13.29,0.0,1.48,2.67,0.38,2.85,6.76,10.17,7.69,1.69,4.51,13.19,19.21,1.34,4.07,3.66,4.09,1.04,1.71,7.4,8.25,8.6,9.17,26.69,38.21,2.21,2.15,10.78,10.6,8.83,7.18,17.51,17.66,32.4,28.52,49.07,59.82,13.59,0.27,15.77,5.92,27.25,6.24,31.76,9.2,10.76,8.59,2.67,1.19,3.41,8.68,-0.41000000000000014,13.66,17.520000000000003,5.69,8.629999999999999,Ireland,5.917204977310072,1.0,1.0,8.59,8.59,10.76,10.76,1.19,1.19,3.41,3.41,8.68,8.68,-0.41000000000000014,-0.41000000000000014,13.66,13.66,17.520000000000003,17.520000000000003,5.69,5.69,8.629999999999999,8.629999999999999,13.61,13.61
IRL,VNM,2024,68.678458,IE,IRL,2.85,5.02,13.61,13.29,0.0,1.48,2.67,0.38,2.85,6.76,10.17,7.69,1.69,4.51,13.19,19.21,1.34,4.07,3.66,4.09,1.04,1.71,7.4,8.25,8.6,9.17,26.69,38.21,2.21,2.15,10.78,10.6,8.83,7.18,17.51,17.66,32.4,28.52,49.07,59.82,13.59,0.27,15.77,5.92,27.25,6.24,31.76,9.2,10.76,8.59,2.67,1.19,3.41,8.68,-0.41000000000000014,13.66,17.520000000000003,5.69,8.629999999999999,Ireland,4.229435583826149,1.0,1.0,8.59,8.59,10.76,10.76,1.19,1.19,3.41,3.41,8.68,8.68,-0.41000000000000014,-0.41000000000000014,13.66,13.66,17.520000000000003,17.520000000000003,5.69,5.69,8.629999999999999,8.629999999999999,13.61,13.61
IRL,VNM,2023,51.86452,IE,IRL,2.85,5.02,13.61,13.29,0.0,1.48,2.67,0.38,2.85,6.76,10.17,7.69,1.69,4.51,13.19,19.21,1.34,4.07,3.66,4.09,1.04,1.71,7.4,8.25,8.6,9.17,26.69,38.21,2.21,2.15,10.78,10.6,8.83,7.18,17.51,17.66,32.4,28.52,49.07,59.82,13.59,0.27,15.77,5.92,27.25,6.24,31.76,9.2,10.76,8.59,2.67,1.19,3.41,8.68,-0.41000000000000014,13.66,17.520000000000003,5.69,8.629999999999999,Ireland,3.9486349340448603,1.0,0.0,8.59,0.0,10.76,0.0,1.19,0.0,3.41,0.0,8.68,0.0,-0.41000000000000014,-0.0,13.66,0.0,17.520000000000003,0.0,5.69,0.0,8.629999999999999,0.0,13.61,0.0
POL,IND,2019,31.608758,PL,POL,0.45,1.81,5.45,13.58,0.01,0.28,0.9,1.15,2.0,2.67,3.78,4.15,1.75,0.91,4.35,3.8,1.68,2.37,3.77,2.9,0.11,0.48,1.63,4.47,2.98,5.31,15.74,27.33,0.68,1.09,3.44,7.16,2.33,2.86,5.13,7.7,16.35,17.56,32.63,38.09,6.48,0.35,9.05,1.23,14.45,2.01,22.16,2.35,5.0,3.64,0.89,0.62,1.1099999999999999,3.4399999999999995,1.4,7.969999999999999,10.43,1.15,2.3499999999999996,Poland,3.453434234092108,0.0,0.0,0.0,0.0,0.0,0.0,0.0,0.0,0.0,0.0,0.0,0.0,0.0,0.0,0.0,0.0,0.0,0.0,0.0,0.0,0.0,0.0,0.0,0.0
POL,IND,2018,30.247774,PL,POL,0.45,1.81,5.45,13.58,0.01,0.28,0.9,1.15,2.0,2.67,3.78,4.15,1.75,0.91,4.35,3.8,1.68,2.37,3.77,2.9,0.11,0.48,1.63,4.47,2.98,5.31,15.74,27.33,0.68,1.09,3.44,7.16,2.33,2.86,5.13,7.7,16.35,17.56,32.63,38.09,6.48,0.35,9.05,1.23,14.45,2.01,22.16,2.35,5.0,3.64,0.89,0.62,1.1099999999999999,3.4399999999999995,1.4,7.969999999999999,10.43,1.15,2.3499999999999996,Poland,3.409422594992351,0.0,0.0,0.0,0.0,0.0,0.0,0.0,0.0,0.0,0.0,0.0,0.0,0.0,0.0,0.0,0.0,0.0,0.0,0.0,0.0,0.0,0.0,0.0,0.0
POL,PHL,2018,16.524008,PL,POL,0.45,1.81,5.45,13.58,0.01,0.28,0.9,1.15,2.0,2.67,3.78,4.15,1.75,0.91,4.35,3.8,1.68,2.37,3.77,2.9,0.11,0.48,1.63,4.47,2.98,5.31,15.74,27.33,0.68,1.09,3.44,7.16,2.33,2.86,5.13,7.7,16.35,17.56,32.63,38.09,6.48,0.35,9.05,1.23,14.45,2.01,22.16,2.35,5.0,3.64,0.89,0.62,1.1099999999999999,3.4399999999999995,1.4,7.969999999999999,10.43,1.15,2.3499999999999996,Poland,2.8048143536786756,0.0,0.0,0.0,0.0,0.0,0.0,0.0,0.0,0.0,0.0,0.0,0.0,0.0,0.0,0.0,0.0,0.0,0.0,0.0,0.0,0.0,0.0,0.0,0.0
POL,VNM,2018,2.283476,PL,POL,0.45,1.81,5.45,13.58,0.01,0.28,0.9,1.15,2.0,2.67,3.78,4.15,1.75,0.91,4.35,3.8,1.68,2.37,3.77,2.9,0.11,0.48,1.63,4.47,2.98,5.31,15.74,27.33,0.68,1.09,3.44,7.16,2.33,2.86,5.13,7.7,16.35,17.56,32.63,38.09,6.48,0.35,9.05,1.23,14.45,2.01,22.16,2.35,5.0,3.64,0.89,0.62,1.1099999999999999,3.4399999999999995,1.4,7.969999999999999,10.43,1.15,2.3499999999999996,Poland,0.8256988434059457,0.0,0.0,0.0,0.0,0.0,0.0,0.0,0.0,0.0,0.0,0.0,0.0,0.0,0.0,0.0,0.0,0.0,0.0,0.0,0.0,0.0,0.0,0.0,0.0
FRA,IND,2024,830.096205,FR,FRA,1.69,1.26,3.9,11.8,1.31,0.38,1.8,2.59,7.36,6.41,7.59,8.0,4.29,5.8,8.55,19.33,3.27,2.85,5.31,5.38,0.5,0.81,2.32,8.02,4.72,8.12,21.79,39.37,0.78,0.59,3.24,7.58,5.33,4.87,7.43,16.93,23.55,29.56,41.76,58.98,15.23,4.09,13.75,2.09,17.47,3.14,32.5,9.52,2.21,2.6399999999999997,0.49,1.42,1.1799999999999997,2.750000000000001,2.4599999999999995,2.2399999999999984,13.67,1.5099999999999998,2.6500000000000004,France,6.721541603712195,1.0,1.0,2.6399999999999997,2.6399999999999997,2.21,2.21,1.42,1.42,1.1799999999999997,1.1799999999999997,2.750000000000001,2.750000000000001,2.4599999999999995,2.4599999999999995,2.2399999999999984,2.2399999999999984,13.67,13.67,1.5099999999999998,1.5099999999999998,2.6500000000000004,2.6500000000000004,3.9,3.9
FRA,PHL,2024,118.526884,FR,FRA,1.69,1.26,3.9,11.8,1.31,0.38,1.8,2.59,7.36,6.41,7.59,8.0,4.29,5.8,8.55,19.33,3.27,2.85,5.31,5.38,0.5,0.81,2.32,8.02,4.72,8.12,21.79,39.37,0.78,0.59,3.24,7.58,5.33,4.87,7.43,16.93,23.55,29.56,41.76,58.98,15.23,4.09,13.75,2.09,17.47,3.14,32.5,9.52,2.21,2.6399999999999997,0.49,1.42,1.1799999999999997,2.750000000000001,2.4599999999999995,2.2399999999999984,13.67,1.5099999999999998,2.6500000000000004,France,4.775139804042573,1.0,1.0,2.6399999999999997,2.6399999999999997,2.21,2.21,1.42,1.42,1.1799999999999997,1.1799999999999997,2.750000000000001,2.750000000000001,2.4599999999999995,2.4599999999999995,2.2399999999999984,2.2399999999999984,13.67,13.67,1.5099999999999998,1.5099999999999998,2.6500000000000004,2.6500000000000004,3.9,3.9
FRA,VNM,2024,43.60662,FR,FRA,1.69,1.26,3.9,11.8,1.31,0.38,1.8,2.59,7.36,6.41,7.59,8.0,4.29,5.8,8.55,19.33,3.27,2.85,5.31,5.38,0.5,0.81,2.32,8.02,4.72,8.12,21.79,39.37,0.78,0.59,3.24,7.58,5.33,4.87,7.43,16.93,23.55,29.56,41.76,58.98,15.23,4.09,13.75,2.09,17.47,3.14,32.5,9.52,2.21,2.6399999999999997,0.49,1.42,1.1799999999999997,2.750000000000001,2.4599999999999995,2.2399999999999984,13.67,1.5099999999999998,2.6500000000000004,France,3.775208973691628,1.0,1.0,2.6399999999999997,2.6399999999999997,2.21,2.21,1.42,1.42,1.1799999999999997,1.1799999999999997,2.750000000000001,2.750000000000001,2.4599999999999995,2.4599999999999995,2.2399999999999984,2.2399999999999984,13.67,13.67,1.5099999999999998,1.5099999999999998,2.6500000000000004,2.6500000000000004,3.9,3.9
NLD,IND,2024,967.242995,NL,NLD,3.76,7.68,22.01,30.18,0.22,1.02,4.3,8.13,10.53,10.79,12.45,18.03,6.42,9.69,23.78,38.51,5.59,6.73,8.28,7.73,1.0,2.0,7.73,13.65,9.31,14.87,36.58,50.61,1.86,3.73,10.73,14.0,12.42,11.74,18.03,28.56,32.05,36.97,58.03,69.99,20.05,7.39,24.8,4.72,39.78,8.88,54.98,21.29,18.25,14.330000000000002,4.08,3.28,1.6600000000000001,14.090000000000002,1.549999999999999,19.73,21.71,5.73,7.0,Netherlands,6.874449751372955,1.0,1.0,14.330000000000002,14.330000000000002,18.25,18.25,3.28,3.28,1.6600000000000001,1.6600000000000001,14.090000000000002,14.090000000000002,1.549999999999999,1.549999999999999,19.73,19.73,21.71,21.71,5.73,5.73,7.0,7.0,22.01,22.01
NLD,PHL,2024,621.063162,NL,NLD,3.76,7.68,22.01,30.18,0.22,1.02,4.3,8.13,10.53,10.79,12.45,18.03,6.42,9.69,23.78,38.51,5.59,6.73,8.28,7.73,1.0,2.0,7.73,13.65,9.31,14.87,36.58,50.61,1.86,3.73,10.73,14.0,12.42,11.74,18.03,28.56,32.05,36.97,58.03,69.99,20.05,7.39,24.8,4.72,39.78,8.88,54.98,21.29,18.25,14.330000000000002,4.08,3.28,1.6600000000000001,14.090000000000002,1.549999999999999,19.73,21.71,5.73,7.0,Netherlands,6.431432786906281,1.0,1.0,14.330000000000002,14.330000000000002,18.25,18.25,3.28,3.28,1.6600000000000001,1.6600000000000001,14.090000000000002,14.090000000000002,1.549999999999999,1.549999999999999,19.73,19.73,21.71,21.71,5.73,5.73,7.0,7.0,22.01,22.01
NLD,VNM,2024,58.29093,NL,NLD,3.76,7.68,22.01,30.18,0.22,1.02,4.3,8.13,10.53,10.79,12.45,18.03,6.42,9.69,23.78,38.51,5.59,6.73,8.28,7.73,1.0,2.0,7.73,13.65,9.31,14.87,36.58,50.61,1.86,3.73,10.73,14.0,12.42,11.74,18.03,28.56,32.05,36.97,58.03,69.99,20.05,7.39,24.8,4.72,39.78,8.88,54.98,21.29,18.25,14.330000000000002,4.08,3.28,1.6600000000000001,14.090000000000002,1.549999999999999,19.73,21.71,5.73,7.0,Netherlands,4.065446506639396,1.0,1.0,14.330000000000002,14.330000000000002,18.25,18.25,3.28,3.28,1.6600000000000001,1.6600000000000001,14.090000000000002,14.090000000000002,1.549999999999999,1.549999999999999,19.73,19.73,21.71,21.71,5.73,5.73,7.0,7.0,22.01,22.01
NLD,IND,2018,1192.016271,NL,NLD,3.76,7.68,22.01,30.18,0.22,1.02,4.3,8.13,10.53,10.79,12.45,18.03,6.42,9.69,23.78,38.51,5.59,6.73,8.28,7.73,1.0,2.0,7.73,13.65,9.31,14.87,36.58,50.61,1.86,3.73,10.73,14.0,12.42,11.74,18.03,28.56,32.05,36.97,58.03,69.99,20.05,7.39,24.8,4.72,39.78,8.88,54.98,21.29,18.25,14.330000000000002,4.08,3.28,1.6600000000000001,14.090000000000002,1.549999999999999,19.73,21.71,5.73,7.0,Netherlands,7.083401497699918,0.0,0.0,0.0,0.0,0.0,0.0,0.0,0.0,0.0,0.0,0.0,0.0,0.0,0.0,0.0,0.0,0.0,0.0,0.0,0.0,0.0,0.0,0.0,0.0
NLD,PHL,2018,139.796857,NL,NLD,3.76,7.68,22.01,30.18,0.22,1.02,4.3,8.13,10.53,10.79,12.45,18.03,6.42,9.69,23.78,38.51,5.59,6.73,8.28,7.73,1.0,2.0,7.73,13.65,9.31,14.87,36.58,50.61,1.86,3.73,10.73,14.0,12.42,11.74,18.03,28.56,32.05,36.97,58.03,69.99,20.05,7.39,24.8,4.72,39.78,8.88,54.98,21.29,18.25,14.330000000000002,4.08,3.28,1.6600000000000001,14.090000000000002,1.549999999999999,19.73,21.71,5.73,7.0,Netherlands,4.940190347429673,0.0,0.0,0.0,0.0,0.0,0.0,0.0,0.0,0.0,0.0,0.0,0.0,0.0,0.0,0.0,0.0,0.0,0.0,0.0,0.0,0.0,0.0,0.0,0.0
NLD,VNM,2018,17.61229,NL,NLD,3.76,7.68,22.01,30.18,0.22,1.02,4.3,8.13,10.53,10.79,12.45,18.03,6.42,9.69,23.78,38.51,5.59,6.73,8.28,7.73,1.0,2.0,7.73,13.65,9.31,14.87,36.58,50.61,1.86,3.73,10.73,14.0,12.42,11.74,18.03,28.56,32.05,36.97,58.03,69.99,20.05,7.39,24.8,4.72,39.78,8.88,54.98,21.29,18.25,14.330000000000002,4.08,3.28,1.6600000000000001,14.090000000000002,1.549999999999999,19.73,21.71,5.73,7.0,Netherlands,2.8685969538038214,0.0,0.0,0.0,0.0,0.0,0.0,0.0,0.0,0.0,0.0,0.0,0.0,0.0,0.0,0.0,0.0,0.0,0.0,0.0,0.0,0.0,0.0,0.0,0.0
NLD,IND,2019,830.943368,NL,NLD,3.76,7.68,22.01,30.18,0.22,1.02,4.3,8.13,10.53,10.79,12.45,18.03,6.42,9.69,23.78,38.51,5.59,6.73,8.28,7.73,1.0,2.0,7.73,13.65,9.31,14.87,36.58,50.61,1.86,3.73,10.73,14.0,12.42,11.74,18.03,28.56,32.05,36.97,58.03,69.99,20.05,7.39,24.8,4.72,39.78,8.88,54.98,21.29,18.25,14.330000000000002,4.08,3.28,1.6600000000000001,14.090000000000002,1.549999999999999,19.73,21.71,5.73,7.0,Netherlands,6.722561643315375,0.0,0.0,0.0,0.0,0.0,0.0,0.0,0.0,0.0,0.0,0.0,0.0,0.0,0.0,0.0,0.0,0.0,0.0,0.0,0.0,0.0,0.0,0.0,0.0
NLD,PHL,2019,172.159368,NL,NLD,3.76,7.68,22.01,30.18,0.22,1.02,4.3,8.13,10.53,10.79,12.45,18.03,6.42,9.69,23.78,38.51,5.59,6.73,8.28,7.73,1.0,2.0,7.73,13.65,9.31,14.87,36.58,50.61,1.86,3.73,10.73,14.0,12.42,11.74,18.03,28.56,32.05,36.97,58.03,69.99,20.05,7.39,24.8,4.72,39.78,8.88,54.98,21.29,18.25,14.330000000000002,4.08,3.28,1.6600000000000001,14.090000000000002,1.549999999999999,19.73,21.71,5.73,7.0,Netherlands,5.148420605962964,0.0,0.0,0.0,0.0,0.0,0.0,0.0,0.0,0.0,0.0,0.0,0.0,0.0,0.0,0.0,0.0,0.0,0.0,0.0,0.0,0.0,0.0,0.0,0.0
NLD,VNM,2019,17.43573,NL,NLD,3.76,7.68,22.01,30.18,0.22,1.02,4.3,8.13,10.53,10.79,12.45,18.03,6.42,9.69,23.78,38.51,5.59,6.73,8.28,7.73,1.0,2.0,7.73,13.65,9.31,14.87,36.58,50.61,1.86,3.73,10.73,14.0,12.42,11.74,18.03,28.56,32.05,36.97,58.03,69.99,20.05,7.39,24.8,4.72,39.78,8.88,54.98,21.29,18.25,14.330000000000002,4.08,3.28,1.6600000000000001,14.090000000000002,1.549999999999999,19.73,21.71,5.73,7.0,Netherlands,2.8585215490532208,0.0,0.0,0.0,0.0,0.0,0.0,0.0,0.0,0.0,0.0,0.0,0.0,0.0,0.0,0.0,0.0,0.0,0.0,0.0,0.0,0.0,0.0,0.0,0.0
NLD,IND,2020,798.669849,NL,NLD,3.76,7.68,22.01,30.18,0.22,1.02,4.3,8.13,10.53,10.79,12.45,18.03,6.42,9.69,23.78,38.51,5.59,6.73,8.28,7.73,1.0,2.0,7.73,13.65,9.31,14.87,36.58,50.61,1.86,3.73,10.73,14.0,12.42,11.74,18.03,28.56,32.05,36.97,58.03,69.99,20.05,7.39,24.8,4.72,39.78,8.88,54.98,21.29,18.25,14.330000000000002,4.08,3.28,1.6600000000000001,14.090000000000002,1.549999999999999,19.73,21.71,5.73,7.0,Netherlands,6.682947655116888,0.0,0.0,0.0,0.0,0.0,0.0,0.0,0.0,0.0,0.0,0.0,0.0,0.0,0.0,0.0,0.0,0.0,0.0,0.0,0.0,0.0,0.0,0.0,0.0
NLD,PHL,2020,214.993039,NL,NLD,3.76,7.68,22.01,30.18,0.22,1.02,4.3,8.13,10.53,10.79,12.45,18.03,6.42,9.69,23.78,38.51,5.59,6.73,8.28,7.73,1.0,2.0,7.73,13.65,9.31,14.87,36.58,50.61,1.86,3.73,10.73,14.0,12.42,11.74,18.03,28.56,32.05,36.97,58.03,69.99,20.05,7.39,24.8,4.72,39.78,8.88,54.98,21.29,18.25,14.330000000000002,4.08,3.28,1.6600000000000001,14.090000000000002,1.549999999999999,19.73,21.71,5.73,7.0,Netherlands,5.370605650859338,0.0,0.0,0.0,0.0,0.0,0.0,0.0,0.0,0.0,0.0,0.0,0.0,0.0,0.0,0.0,0.0,0.0,0.0,0.0,0.0,0.0,0.0,0.0,0.0
NLD,VNM,2020,16.72522,NL,NLD,3.76,7.68,22.01,30.18,0.22,1.02,4.3,8.13,10.53,10.79,12.45,18.03,6.42,9.69,23.78,38.51,5.59,6.73,8.28,7.73,1.0,2.0,7.73,13.65,9.31,14.87,36.58,50.61,1.86,3.73,10.73,14.0,12.42,11.74,18.03,28.56,32.05,36.97,58.03,69.99,20.05,7.39,24.8,4.72,39.78,8.88,54.98,21.29,18.25,14.330000000000002,4.08,3.28,1.6600000000000001,14.090000000000002,1.549999999999999,19.73,21.71,5.73,7.0,Netherlands,2.8169177598889155,0.0,0.0,0.0,0.0,0.0,0.0,0.0,0.0,0.0,0.0,0.0,0.0,0.0,0.0,0.0,0.0,0.0,0.0,0.0,0.0,0.0,0.0,0.0,0.0
ITA,IND,2023,219.567204,IT,ITA,1.34,2.85,9.44,17.65,1.72,0.71,2.4,3.1,2.35,3.25,7.45,10.41,5.14,3.95,13.14,31.0,1.64,1.77,5.11,7.6,1.37,0.9,3.19,5.26,3.85,8.56,16.78,33.99,2.0,1.62,3.95,5.88,6.63,4.94,8.03,14.73,16.19,21.04,34.6,51.28,8.68,5.24,9.23,2.62,19.56,5.24,35.72,10.39,8.1,6.59,0.6799999999999999,1.69,4.2,9.190000000000001,3.3400000000000003,10.879999999999999,8.22,2.29,2.33,Italy,5.391658354220116,1.0,0.0,6.59,0.0,8.1,0.0,1.69,0.0,4.2,0.0,9.190000000000001,0.0,3.3400000000000003,0.0,10.879999999999999,0.0,8.22,0.0,2.29,0.0,2.33,0.0,9.44,0.0
ITA,IND,2021,251.308198,IT,ITA,1.34,2.85,9.44,17.65,1.72,0.71,2.4,3.1,2.35,3.25,7.45,10.41,5.14,3.95,13.14,31.0,1.64,1.77,5.11,7.6,1.37,0.9,3.19,5.26,3.85,8.56,16.78,33.99,2.0,1.62,3.95,5.88,6.63,4.94,8.03,14.73,16.19,21.04,34.6,51.28,8.68,5.24,9.23,2.62,19.56,5.24,35.72,10.39,8.1,6.59,0.6799999999999999,1.69,4.2,9.190000000000001,3.3400000000000003,10.879999999999999,8.22,2.29,2.33,Italy,5.526680066381157,0.0,0.0,0.0,0.0,0.0,0.0,0.0,0.0,0.0,0.0,0.0,0.0,0.0,0.0,0.0,0.0,0.0,0.0,0.0,0.0,0.0,0.0,0.0,0.0
ITA,PHL,2021,78.465791,IT,ITA,1.34,2.85,9.44,17.65,1.72,0.71,2.4,3.1,2.35,3.25,7.45,10.41,5.14,3.95,13.14,31.0,1.64,1.77,5.11,7.6,1.37,0.9,3.19,5.26,3.85,8.56,16.78,33.99,2.0,1.62,3.95,5.88,6.63,4.94,8.03,14.73,16.19,21.04,34.6,51.28,8.68,5.24,9.23,2.62,19.56,5.24,35.72,10.39,8.1,6.59,0.6799999999999999,1.69,4.2,9.190000000000001,3.3400000000000003,10.879999999999999,8.22,2.29,2.33,Italy,4.362662746367674,0.0,0.0,0.0,0.0,0.0,0.0,0.0,0.0,0.0,0.0,0.0,0.0,0.0,0.0,0.0,0.0,0.0,0.0,0.0,0.0,0.0,0.0,0.0,0.0
ITA,VNM,2021,7.883052,IT,ITA,1.34,2.85,9.44,17.65,1.72,0.71,2.4,3.1,2.35,3.25,7.45,10.41,5.14,3.95,13.14,31.0,1.64,1.77,5.11,7.6,1.37,0.9,3.19,5.26,3.85,8.56,16.78,33.99,2.0,1.62,3.95,5.88,6.63,4.94,8.03,14.73,16.19,21.04,34.6,51.28,8.68,5.24,9.23,2.62,19.56,5.24,35.72,10.39,8.1,6.59,0.6799999999999999,1.69,4.2,9.190000000000001,3.3400000000000003,10.879999999999999,8.22,2.29,2.33,Italy,2.064715138529438,0.0,0.0,0.0,0.0,0.0,0.0,0.0,0.0,0.0,0.0,0.0,0.0,0.0,0.0,0.0,0.0,0.0,0.0,0.0,0.0,0.0,0.0,0.0,0.0
ITA,IND,2022,214.840873,IT,ITA,1.34,2.85,9.44,17.65,1.72,0.71,2.4,3.1,2.35,3.25,7.45,10.41,5.14,3.95,13.14,31.0,1.64,1.77,5.11,7.6,1.37,0.9,3.19,5.26,3.85,8.56,16.78,33.99,2.0,1.62,3.95,5.88,6.63,4.94,8.03,14.73,16.19,21.04,34.6,51.28,8.68,5.24,9.23,2.62,19.56,5.24,35.72,10.39,8.1,6.59,0.6799999999999999,1.69,4.2,9.190000000000001,3.3400000000000003,10.879999999999999,8.22,2.29,2.33,Italy,5.36989762851811,0.0,0.0,0.0,0.0,0.0,0.0,0.0,0.0,0.0,0.0,0.0,0.0,0.0,0.0,0.0,0.0,0.0,0.0,0.0,0.0,0.0,0.0,0.0,0.0
ITA,PHL,2022,109.015478,IT,ITA,1.34,2.85,9.44,17.65,1.72,0.71,2.4,3.1,2.35,3.25,7.45,10.41,5.14,3.95,13.14,31.0,1.64,1.77,5.11,7.6,1.37,0.9,3.19,5.26,3.85,8.56,16.78,33.99,2.0,1.62,3.95,5.88,6.63,4.94,8.03,14.73,16.19,21.04,34.6,51.28,8.68,5.24,9.23,2.62,19.56,5.24,35.72,10.39,8.1,6.59,0.6799999999999999,1.69,4.2,9.190000000000001,3.3400000000000003,10.879999999999999,8.22,2.29,2.33,Italy,4.691489872148098,0.0,0.0,0.0,0.0,0.0,0.0,0.0,0.0,0.0,0.0,0.0,0.0,0.0,0.0,0.0,0.0,0.0,0.0,0.0,0.0,0.0,0.0,0.0,0.0
ITA,VNM,2022,10.739778,IT,ITA,1.34,2.85,9.44,17.65,1.72,0.71,2.4,3.1,2.35,3.25,7.45,10.41,5.14,3.95,13.14,31.0,1.64,1.77,5.11,7.6,1.37,0.9,3.19,5.26,3.85,8.56,16.78,33.99,2.0,1.62,3.95,5.88,6.63,4.94,8.03,14.73,16.19,21.04,34.6,51.28,8.68,5.24,9.23,2.62,19.56,5.24,35.72,10.39,8.1,6.59,0.6799999999999999,1.69,4.2,9.190000000000001,3.3400000000000003,10.879999999999999,8.22,2.29,2.33,Italy,2.3739544184760217,0.0,0.0,0.0,0.0,0.0,0.0,0.0,0.0,0.0,0.0,0.0,0.0,0.0,0.0,0.0,0.0,0.0,0.0,0.0,0.0,0.0,0.0,0.0,0.0
ITA,IND,2019,215.081135,IT,ITA,1.34,2.85,9.44,17.65,1.72,0.71,2.4,3.1,2.35,3.25,7.45,10.41,5.14,3.95,13.14,31.0,1.64,1.77,5.11,7.6,1.37,0.9,3.19,5.26,3.85,8.56,16.78,33.99,2.0,1.62,3.95,5.88,6.63,4.94,8.03,14.73,16.19,21.04,34.6,51.28,8.68,5.24,9.23,2.62,19.56,5.24,35.72,10.39,8.1,6.59,0.6799999999999999,1.69,4.2,9.190000000000001,3.3400000000000003,10.879999999999999,8.22,2.29,2.33,Italy,5.371015329033747,0.0,0.0,0.0,0.0,0.0,0.0,0.0,0.0,0.0,0.0,0.0,0.0,0.0,0.0,0.0,0.0,0.0,0.0,0.0,0.0,0.0,0.0,0.0,0.0
ITA,PHL,2019,60.287212,IT,ITA,1.34,2.85,9.44,17.65,1.72,0.71,2.4,3.1,2.35,3.25,7.45,10.41,5.14,3.95,13.14,31.0,1.64,1.77,5.11,7.6,1.37,0.9,3.19,5.26,3.85,8.56,16.78,33.99,2.0,1.62,3.95,5.88,6.63,4.94,8.03,14.73,16.19,21.04,34.6,51.28,8.68,5.24,9.23,2.62,19.56,5.24,35.72,10.39,8.1,6.59,0.6799999999999999,1.69,4.2,9.190000000000001,3.3400000000000003,10.879999999999999,8.22,2.29,2.33,Italy,4.099120008273997,0.0,0.0,0.0,0.0,0.0,0.0,0.0,0.0,0.0,0.0,0.0,0.0,0.0,0.0,0.0,0.0,0.0,0.0,0.0,0.0,0.0,0.0,0.0,0.0
ITA,VNM,2019,10.755153,IT,ITA,1.34,2.85,9.44,17.65,1.72,0.71,2.4,3.1,2.35,3.25,7.45,10.41,5.14,3.95,13.14,31.0,1.64,1.77,5.11,7.6,1.37,0.9,3.19,5.26,3.85,8.56,16.78,33.99,2.0,1.62,3.95,5.88,6.63,4.94,8.03,14.73,16.19,21.04,34.6,51.28,8.68,5.24,9.23,2.62,19.56,5.24,35.72,10.39,8.1,6.59,0.6799999999999999,1.69,4.2,9.190000000000001,3.3400000000000003,10.879999999999999,8.22,2.29,2.33,Italy,2.375384988559928,0.0,0.0,0.0,0.0,0.0,0.0,0.0,0.0,0.0,0.0,0.0,0.0,0.0,0.0,0.0,0.0,0.0,0.0,0.0,0.0,0.0,0.0,0.0,0.0
ITA,IND,2018,182.204544,IT,ITA,1.34,2.85,9.44,17.65,1.72,0.71,2.4,3.1,2.35,3.25,7.45,10.41,5.14,3.95,13.14,31.0,1.64,1.77,5.11,7.6,1.37,0.9,3.19,5.26,3.85,8.56,16.78,33.99,2.0,1.62,3.95,5.88,6.63,4.94,8.03,14.73,16.19,21.04,34.6,51.28,8.68,5.24,9.23,2.62,19.56,5.24,35.72,10.39,8.1,6.59,0.6799999999999999,1.69,4.2,9.190000000000001,3.3400000000000003,10.879999999999999,8.22,2.29,2.33,Italy,5.205129924141654,0.0,0.0,0.0,0.0,0.0,0.0,0.0,0.0,0.0,0.0,0.0,0.0,0.0,0.0,0.0,0.0,0.0,0.0,0.0,0.0,0.0,0.0,0.0,0.0
ITA,PHL,2018,90.277424,IT,ITA,1.34,2.85,9.44,17.65,1.72,0.71,2.4,3.1,2.35,3.25,7.45,10.41,5.14,3.95,13.14,31.0,1.64,1.77,5.11,7.6,1.37,0.9,3.19,5.26,3.85,8.56,16.78,33.99,2.0,1.62,3.95,5.88,6.63,4.94,8.03,14.73,16.19,21.04,34.6,51.28,8.68,5.24,9.23,2.62,19.56,5.24,35.72,10.39,8.1,6.59,0.6799999999999999,1.69,4.2,9.190000000000001,3.3400000000000003,10.879999999999999,8.22,2.29,2.33,Italy,4.502887418090764,0.0,0.0,0.0,0.0,0.0,0.0,0.0,0.0,0.0,0.0,0.0,0.0,0.0,0.0,0.0,0.0,0.0,0.0,0.0,0.0,0.0,0.0,0.0,0.0
ITA,VNM,2018,9.83665,IT,ITA,1.34,2.85,9.44,17.65,1.72,0.71,2.4,3.1,2.35,3.25,7.45,10.41,5.14,3.95,13.14,31.0,1.64,1.77,5.11,7.6,1.37,0.9,3.19,5.26,3.85,8.56,16.78,33.99,2.0,1.62,3.95,5.88,6.63,4.94,8.03,14.73,16.19,21.04,34.6,51.28,8.68,5.24,9.23,2.62,19.56,5.24,35.72,10.39,8.1,6.59,0.6799999999999999,1.69,4.2,9.190000000000001,3.3400000000000003,10.879999999999999,8.22,2.29,2.33,Italy,2.2861152059444017,0.0,0.0,0.0,0.0,0.0,0.0,0.0,0.0,0.0,0.0,0.0,0.0,0.0,0.0,0.0,0.0,0.0,0.0,0.0,0.0,0.0,0.0,0.0,0.0
ITA,IND,2020,178.146766,IT,ITA,1.34,2.85,9.44,17.65,1.72,0.71,2.4,3.1,2.35,3.25,7.45,10.41,5.14,3.95,13.14,31.0,1.64,1.77,5.11,7.6,1.37,0.9,3.19,5.26,3.85,8.56,16.78,33.99,2.0,1.62,3.95,5.88,6.63,4.94,8.03,14.73,16.19,21.04,34.6,51.28,8.68,5.24,9.23,2.62,19.56,5.24,35.72,10.39,8.1,6.59,0.6799999999999999,1.69,4.2,9.190000000000001,3.3400000000000003,10.879999999999999,8.22,2.29,2.33,Italy,5.182607738645423,0.0,0.0,0.0,0.0,0.0,0.0,0.0,0.0,0.0,0.0,0.0,0.0,0.0,0.0,0.0,0.0,0.0,0.0,0.0,0.0,0.0,0.0,0.0,0.0
ITA,PHL,2020,42.790968,IT,ITA,1.34,2.85,9.44,17.65,1.72,0.71,2.4,3.1,2.35,3.25,7.45,10.41,5.14,3.95,13.14,31.0,1.64,1.77,5.11,7.6,1.37,0.9,3.19,5.26,3.85,8.56,16.78,33.99,2.0,1.62,3.95,5.88,6.63,4.94,8.03,14.73,16.19,21.04,34.6,51.28,8.68,5.24,9.23,2.62,19.56,5.24,35.72,10.39,8.1,6.59,0.6799999999999999,1.69,4.2,9.190000000000001,3.3400000000000003,10.879999999999999,8.22,2.29,2.33,Italy,3.7563270522808185,0.0,0.0,0.0,0.0,0.0,0.0,0.0,0.0,0.0,0.0,0.0,0.0,0.0,0.0,0.0,0.0,0.0,0.0,0.0,0.0,0.0,0.0,0.0,0.0
ITA,VNM,2020,9.646812,IT,ITA,1.34,2.85,9.44,17.65,1.72,0.71,2.4,3.1,2.35,3.25,7.45,10.41,5.14,3.95,13.14,31.0,1.64,1.77,5.11,7.6,1.37,0.9,3.19,5.26,3.85,8.56,16.78,33.99,2.0,1.62,3.95,5.88,6.63,4.94,8.03,14.73,16.19,21.04,34.6,51.28,8.68,5.24,9.23,2.62,19.56,5.24,35.72,10.39,8.1,6.59,0.6799999999999999,1.69,4.2,9.190000000000001,3.3400000000000003,10.879999999999999,8.22,2.29,2.33,Italy,2.2666274980748176,0.0,0.0,0.0,0.0,0.0,0.0,0.0,0.0,0.0,0.0,0.0,0.0,0.0,0.0,0.0,0.0,0.0,0.0,0.0,0.0,0.0,0.0,0.0,0.0
POL,IND,2020,28.789541,PL,POL,0.45,1.81,5.45,13.58,0.01,0.28,0.9,1.15,2.0,2.67,3.78,4.15,1.75,0.91,4.35,3.8,1.68,2.37,3.77,2.9,0.11,0.48,1.63,4.47,2.98,5.31,15.74,27.33,0.68,1.09,3.44,7.16,2.33,2.86,5.13,7.7,16.35,17.56,32.63,38.09,6.48,0.35,9.05,1.23,14.45,2.01,22.16,2.35,5.0,3.64,0.89,0.62,1.1099999999999999,3.4399999999999995,1.4,7.969999999999999,10.43,1.15,2.3499999999999996,Poland,3.3600121614612166,0.0,0.0,0.0,0.0,0.0,0.0,0.0,0.0,0.0,0.0,0.0,0.0,0.0,0.0,0.0,0.0,0.0,0.0,0.0,0.0,0.0,0.0,0.0,0.0
POL,PHL,2020,13.856182,PL,POL,0.45,1.81,5.45,13.58,0.01,0.28,0.9,1.15,2.0,2.67,3.78,4.15,1.75,0.91,4.35,3.8,1.68,2.37,3.77,2.9,0.11,0.48,1.63,4.47,2.98,5.31,15.74,27.33,0.68,1.09,3.44,7.16,2.33,2.86,5.13,7.7,16.35,17.56,32.63,38.09,6.48,0.35,9.05,1.23,14.45,2.01,22.16,2.35,5.0,3.64,0.89,0.62,1.1099999999999999,3.4399999999999995,1.4,7.969999999999999,10.43,1.15,2.3499999999999996,Poland,2.628731486837741,0.0,0.0,0.0,0.0,0.0,0.0,0.0,0.0,0.0,0.0,0.0,0.0,0.0,0.0,0.0,0.0,0.0,0.0,0.0,0.0,0.0,0.0,0.0,0.0
POL,VNM,2020,2.570016,PL,POL,0.45,1.81,5.45,13.58,0.01,0.28,0.9,1.15,2.0,2.67,3.78,4.15,1.75,0.91,4.35,3.8,1.68,2.37,3.77,2.9,0.11,0.48,1.63,4.47,2.98,5.31,15.74,27.33,0.68,1.09,3.44,7.16,2.33,2.86,5.13,7.7,16.35,17.56,32.63,38.09,6.48,0.35,9.05,1.23,14.45,2.01,22.16,2.35,5.0,3.64,0.89,0.62,1.1099999999999999,3.4399999999999995,1.4,7.969999999999999,10.43,1.15,2.3499999999999996,Poland,0.9439121245686828,0.0,0.0,0.0,0.0,0.0,0.0,0.0,0.0,0.0,0.0,0.0,0.0,0.0,0.0,0.0,0.0,0.0,0.0,0.0,0.0,0.0,0.0,0.0,0.0
POL,PHL,2019,13.187333,PL,POL,0.45,1.81,5.45,13.58,0.01,0.28,0.9,1.15,2.0,2.67,3.78,4.15,1.75,0.91,4.35,3.8,1.68,2.37,3.77,2.9,0.11,0.48,1.63,4.47,2.98,5.31,15.74,27.33,0.68,1.09,3.44,7.16,2.33,2.86,5.13,7.7,16.35,17.56,32.63,38.09,6.48,0.35,9.05,1.23,14.45,2.01,22.16,2.35,5.0,3.64,0.89,0.62,1.1099999999999999,3.4399999999999995,1.4,7.969999999999999,10.43,1.15,2.3499999999999996,Poland,2.5792567476489934,0.0,0.0,0.0,0.0,0.0,0.0,0.0,0.0,0.0,0.0,0.0,0.0,0.0,0.0,0.0,0.0,0.0,0.0,0.0,0.0,0.0,0.0,0.0,0.0
POL,VNM,2019,2.406576,PL,POL,0.45,1.81,5.45,13.58,0.01,0.28,0.9,1.15,2.0,2.67,3.78,4.15,1.75,0.91,4.35,3.8,1.68,2.37,3.77,2.9,0.11,0.48,1.63,4.47,2.98,5.31,15.74,27.33,0.68,1.09,3.44,7.16,2.33,2.86,5.13,7.7,16.35,17.56,32.63,38.09,6.48,0.35,9.05,1.23,14.45,2.01,22.16,2.35,5.0,3.64,0.89,0.62,1.1099999999999999,3.4399999999999995,1.4,7.969999999999999,10.43,1.15,2.3499999999999996,Poland,0.878204990396781,0.0,0.0,0.0,0.0,0.0,0.0,0.0,0.0,0.0,0.0,0.0,0.0,0.0,0.0,0.0,0.0,0.0,0.0,0.0,0.0,0.0,0.0,0.0,0.0
POL,IND,2021,31.906771,PL,POL,0.45,1.81,5.45,13.58,0.01,0.28,0.9,1.15,2.0,2.67,3.78,4.15,1.75,0.91,4.35,3.8,1.68,2.37,3.77,2.9,0.11,0.48,1.63,4.47,2.98,5.31,15.74,27.33,0.68,1.09,3.44,7.16,2.33,2.86,5.13,7.7,16.35,17.56,32.63,38.09,6.48,0.35,9.05,1.23,14.45,2.01,22.16,2.35,5.0,3.64,0.89,0.62,1.1099999999999999,3.4399999999999995,1.4,7.969999999999999,10.43,1.15,2.3499999999999996,Poland,3.4628182443207494,0.0,0.0,0.0,0.0,0.0,0.0,0.0,0.0,0.0,0.0,0.0,0.0,0.0,0.0,0.0,0.0,0.0,0.0,0.0,0.0,0.0,0.0,0.0,0.0
POL,PHL,2021,13.90512,PL,POL,0.45,1.81,5.45,13.58,0.01,0.28,0.9,1.15,2.0,2.67,3.78,4.15,1.75,0.91,4.35,3.8,1.68,2.37,3.77,2.9,0.11,0.48,1.63,4.47,2.98,5.31,15.74,27.33,0.68,1.09,3.44,7.16,2.33,2.86,5.13,7.7,16.35,17.56,32.63,38.09,6.48,0.35,9.05,1.23,14.45,2.01,22.16,2.35,5.0,3.64,0.89,0.62,1.1099999999999999,3.4399999999999995,1.4,7.969999999999999,10.43,1.15,2.3499999999999996,Poland,2.6322571176379026,0.0,0.0,0.0,0.0,0.0,0.0,0.0,0.0,0.0,0.0,0.0,0.0,0.0,0.0,0.0,0.0,0.0,0.0,0.0,0.0,0.0,0.0,0.0,0.0
POL,VNM,2021,5.935193,PL,POL,0.45,1.81,5.45,13.58,0.01,0.28,0.9,1.15,2.0,2.67,3.78,4.15,1.75,0.91,4.35,3.8,1.68,2.37,3.77,2.9,0.11,0.48,1.63,4.47,2.98,5.31,15.74,27.33,0.68,1.09,3.44,7.16,2.33,2.86,5.13,7.7,16.35,17.56,32.63,38.09,6.48,0.35,9.05,1.23,14.45,2.01,22.16,2.35,5.0,3.64,0.89,0.62,1.1099999999999999,3.4399999999999995,1.4,7.969999999999999,10.43,1.15,2.3499999999999996,Poland,1.780899546488251,0.0,0.0,0.0,0.0,0.0,0.0,0.0,0.0,0.0,0.0,0.0,0.0,0.0,0.0,0.0,0.0,0.0,0.0,0.0,0.0,0.0,0.0,0.0,0.0
POL,IND,2023,46.622235,PL,POL,0.45,1.81,5.45,13.58,0.01,0.28,0.9,1.15,2.0,2.67,3.78,4.15,1.75,0.91,4.35,3.8,1.68,2.37,3.77,2.9,0.11,0.48,1.63,4.47,2.98,5.31,15.74,27.33,0.68,1.09,3.44,7.16,2.33,2.86,5.13,7.7,16.35,17.56,32.63,38.09,6.48,0.35,9.05,1.23,14.45,2.01,22.16,2.35,5.0,3.64,0.89,0.62,1.1099999999999999,3.4399999999999995,1.4,7.969999999999999,10.43,1.15,2.3499999999999996,Poland,3.8420775732564287,1.0,0.0,3.64,0.0,5.0,0.0,0.62,0.0,1.1099999999999999,0.0,3.4399999999999995,0.0,1.4,0.0,7.969999999999999,0.0,10.43,0.0,1.15,0.0,2.3499999999999996,0.0,5.45,0.0
POL,PHL,2023,16.30876,PL,POL,0.45,1.81,5.45,13.58,0.01,0.28,0.9,1.15,2.0,2.67,3.78,4.15,1.75,0.91,4.35,3.8,1.68,2.37,3.77,2.9,0.11,0.48,1.63,4.47,2.98,5.31,15.74,27.33,0.68,1.09,3.44,7.16,2.33,2.86,5.13,7.7,16.35,17.56,32.63,38.09,6.48,0.35,9.05,1.23,14.45,2.01,22.16,2.35,5.0,3.64,0.89,0.62,1.1099999999999999,3.4399999999999995,1.4,7.969999999999999,10.43,1.15,2.3499999999999996,Poland,2.7917023867654107,1.0,0.0,3.64,0.0,5.0,0.0,0.62,0.0,1.1099999999999999,0.0,3.4399999999999995,0.0,1.4,0.0,7.969999999999999,0.0,10.43,0.0,1.15,0.0,2.3499999999999996,0.0,5.45,0.0
POL,VNM,2023,4.744549,PL,POL,0.45,1.81,5.45,13.58,0.01,0.28,0.9,1.15,2.0,2.67,3.78,4.15,1.75,0.91,4.35,3.8,1.68,2.37,3.77,2.9,0.11,0.48,1.63,4.47,2.98,5.31,15.74,27.33,0.68,1.09,3.44,7.16,2.33,2.86,5.13,7.7,16.35,17.56,32.63,38.09,6.48,0.35,9.05,1.23,14.45,2.01,22.16,2.35,5.0,3.64,0.89,0.62,1.1099999999999999,3.4399999999999995,1.4,7.969999999999999,10.43,1.15,2.3499999999999996,Poland,1.556996380126264,1.0,0.0,3.64,0.0,5.0,0.0,0.62,0.0,1.1099999999999999,0.0,3.4399999999999995,0.0,1.4,0.0,7.969999999999999,0.0,10.43,0.0,1.15,0.0,2.3499999999999996,0.0,5.45,0.0
POL,IND,2022,43.513895,PL,POL,0.45,1.81,5.45,13.58,0.01,0.28,0.9,1.15,2.0,2.67,3.78,4.15,1.75,0.91,4.35,3.8,1.68,2.37,3.77,2.9,0.11,0.48,1.63,4.47,2.98,5.31,15.74,27.33,0.68,1.09,3.44,7.16,2.33,2.86,5.13,7.7,16.35,17.56,32.63,38.09,6.48,0.35,9.05,1.23,14.45,2.01,22.16,2.35,5.0,3.64,0.89,0.62,1.1099999999999999,3.4399999999999995,1.4,7.969999999999999,10.43,1.15,2.3499999999999996,Poland,3.773080312376599,0.0,0.0,0.0,0.0,0.0,0.0,0.0,0.0,0.0,0.0,0.0,0.0,0.0,0.0,0.0,0.0,0.0,0.0,0.0,0.0,0.0,0.0,0.0,0.0
POL,PHL,2022,14.87751,PL,POL,0.45,1.81,5.45,13.58,0.01,0.28,0.9,1.15,2.0,2.67,3.78,4.15,1.75,0.91,4.35,3.8,1.68,2.37,3.77,2.9,0.11,0.48,1.63,4.47,2.98,5.31,15.74,27.33,0.68,1.09,3.44,7.16,2.33,2.86,5.13,7.7,16.35,17.56,32.63,38.09,6.48,0.35,9.05,1.23,14.45,2.01,22.16,2.35,5.0,3.64,0.89,0.62,1.1099999999999999,3.4399999999999995,1.4,7.969999999999999,10.43,1.15,2.3499999999999996,Poland,2.6998506766925843,0.0,0.0,0.0,0.0,0.0,0.0,0.0,0.0,0.0,0.0,0.0,0.0,0.0,0.0,0.0,0.0,0.0,0.0,0.0,0.0,0.0,0.0,0.0,0.0
POL,VNM,2022,4.763116,PL,POL,0.45,1.81,5.45,13.58,0.01,0.28,0.9,1.15,2.0,2.67,3.78,4.15,1.75,0.91,4.35,3.8,1.68,2.37,3.77,2.9,0.11,0.48,1.63,4.47,2.98,5.31,15.74,27.33,0.68,1.09,3.44,7.16,2.33,2.86,5.13,7.7,16.35,17.56,32.63,38.09,6.48,0.35,9.05,1.23,14.45,2.01,22.16,2.35,5.0,3.64,0.89,0.62,1.1099999999999999,3.4399999999999995,1.4,7.969999999999999,10.43,1.15,2.3499999999999996,Poland,1.5609020759206482,0.0,0.0,0.0,0.0,0.0,0.0,0.0,0.0,0.0,0.0,0.0,0.0,0.0,0.0,0.0,0.0,0.0,0.0,0.0,0.0,0.0,0.0,0.0,0.0
POL,IND,2024,55.444616,PL,POL,0.45,1.81,5.45,13.58,0.01,0.28,0.9,1.15,2.0,2.67,3.78,4.15,1.75,0.91,4.35,3.8,1.68,2.37,3.77,2.9,0.11,0.48,1.63,4.47,2.98,5.31,15.74,27.33,0.68,1.09,3.44,7.16,2.33,2.86,5.13,7.7,16.35,17.56,32.63,38.09,6.48,0.35,9.05,1.23,14.45,2.01,22.16,2.35,5.0,3.64,0.89,0.62,1.1099999999999999,3.4399999999999995,1.4,7.969999999999999,10.43,1.15,2.3499999999999996,Poland,4.015384612598889,1.0,1.0,3.64,3.64,5.0,5.0,0.62,0.62,1.1099999999999999,1.1099999999999999,3.4399999999999995,3.4399999999999995,1.4,1.4,7.969999999999999,7.969999999999999,10.43,10.43,1.15,1.15,2.3499999999999996,2.3499999999999996,5.45,5.45
POL,PHL,2024,21.266669,PL,POL,0.45,1.81,5.45,13.58,0.01,0.28,0.9,1.15,2.0,2.67,3.78,4.15,1.75,0.91,4.35,3.8,1.68,2.37,3.77,2.9,0.11,0.48,1.63,4.47,2.98,5.31,15.74,27.33,0.68,1.09,3.44,7.16,2.33,2.86,5.13,7.7,16.35,17.56,32.63,38.09,6.48,0.35,9.05,1.23,14.45,2.01,22.16,2.35,5.0,3.64,0.89,0.62,1.1099999999999999,3.4399999999999995,1.4,7.969999999999999,10.43,1.15,2.3499999999999996,Poland,3.0571410114004967,1.0,1.0,3.64,3.64,5.0,5.0,0.62,0.62,1.1099999999999999,1.1099999999999999,3.4399999999999995,3.4399999999999995,1.4,1.4,7.969999999999999,7.969999999999999,10.43,10.43,1.15,1.15,2.3499999999999996,2.3499999999999996,5.45,5.45
POL,VNM,2024,6.738415,PL,POL,0.45,1.81,5.45,13.58,0.01,0.28,0.9,1.15,2.0,2.67,3.78,4.15,1.75,0.91,4.35,3.8,1.68,2.37,3.77,2.9,0.11,0.48,1.63,4.47,2.98,5.31,15.74,27.33,0.68,1.09,3.44,7.16,2.33,2.86,5.13,7.7,16.35,17.56,32.63,38.09,6.48,0.35,9.05,1.23,14.45,2.01,22.16,2.35,5.0,3.64,0.89,0.62,1.1099999999999999,3.4399999999999995,1.4,7.969999999999999,10.43,1.15,2.3499999999999996,Poland,1.9078247340642658,1.0,1.0,3.64,3.64,5.0,5.0,0.62,0.62,1.1099999999999999,1.1099999999999999,3.4399999999999995,3.4399999999999995,1.4,1.4,7.969999999999999,7.969999999999999,10.43,10.43,1.15,1.15,2.3499999999999996,2.3499999999999996,5.45,5.45
NLD,IND,2021,597.416523,NL,NLD,3.76,7.68,22.01,30.18,0.22,1.02,4.3,8.13,10.53,10.79,12.45,18.03,6.42,9.69,23.78,38.51,5.59,6.73,8.28,7.73,1.0,2.0,7.73,13.65,9.31,14.87,36.58,50.61,1.86,3.73,10.73,14.0,12.42,11.74,18.03,28.56,32.05,36.97,58.03,69.99,20.05,7.39,24.8,4.72,39.78,8.88,54.98,21.29,18.25,14.330000000000002,4.08,3.28,1.6600000000000001,14.090000000000002,1.549999999999999,19.73,21.71,5.73,7.0,Netherlands,6.392614563584999,0.0,0.0,0.0,0.0,0.0,0.0,0.0,0.0,0.0,0.0,0.0,0.0,0.0,0.0,0.0,0.0,0.0,0.0,0.0,0.0,0.0,0.0,0.0,0.0
NLD,PHL,2021,220.208454,NL,NLD,3.76,7.68,22.01,30.18,0.22,1.02,4.3,8.13,10.53,10.79,12.45,18.03,6.42,9.69,23.78,38.51,5.59,6.73,8.28,7.73,1.0,2.0,7.73,13.65,9.31,14.87,36.58,50.61,1.86,3.73,10.73,14.0,12.42,11.74,18.03,28.56,32.05,36.97,58.03,69.99,20.05,7.39,24.8,4.72,39.78,8.88,54.98,21.29,18.25,14.330000000000002,4.08,3.28,1.6600000000000001,14.090000000000002,1.549999999999999,19.73,21.71,5.73,7.0,Netherlands,5.394574615922184,0.0,0.0,0.0,0.0,0.0,0.0,0.0,0.0,0.0,0.0,0.0,0.0,0.0,0.0,0.0,0.0,0.0,0.0,0.0,0.0,0.0,0.0,0.0,0.0
NLD,VNM,2021,20.709013,NL,NLD,3.76,7.68,22.01,30.18,0.22,1.02,4.3,8.13,10.53,10.79,12.45,18.03,6.42,9.69,23.78,38.51,5.59,6.73,8.28,7.73,1.0,2.0,7.73,13.65,9.31,14.87,36.58,50.61,1.86,3.73,10.73,14.0,12.42,11.74,18.03,28.56,32.05,36.97,58.03,69.99,20.05,7.39,24.8,4.72,39.78,8.88,54.98,21.29,18.25,14.330000000000002,4.08,3.28,1.6600000000000001,14.090000000000002,1.549999999999999,19.73,21.71,5.73,7.0,Netherlands,3.0305690161356416,0.0,0.0,0.0,0.0,0.0,0.0,0.0,0.0,0.0,0.0,0.0,0.0,0.0,0.0,0.0,0.0,0.0,0.0,0.0,0.0,0.0,0.0,0.0,0.0
NLD,IND,2022,831.38987,NL,NLD,3.76,7.68,22.01,30.18,0.22,1.02,4.3,8.13,10.53,10.79,12.45,18.03,6.42,9.69,23.78,38.51,5.59,6.73,8.28,7.73,1.0,2.0,7.73,13.65,9.31,14.87,36.58,50.61,1.86,3.73,10.73,14.0,12.42,11.74,18.03,28.56,32.05,36.97,58.03,69.99,20.05,7.39,24.8,4.72,39.78,8.88,54.98,21.29,18.25,14.330000000000002,4.08,3.28,1.6600000000000001,14.090000000000002,1.549999999999999,19.73,21.71,5.73,7.0,Netherlands,6.723098842476808,0.0,0.0,0.0,0.0,0.0,0.0,0.0,0.0,0.0,0.0,0.0,0.0,0.0,0.0,0.0,0.0,0.0,0.0,0.0,0.0,0.0,0.0,0.0,0.0
NLD,PHL,2022,319.96048,NL,NLD,3.76,7.68,22.01,30.18,0.22,1.02,4.3,8.13,10.53,10.79,12.45,18.03,6.42,9.69,23.78,38.51,5.59,6.73,8.28,7.73,1.0,2.0,7.73,13.65,9.31,14.87,36.58,50.61,1.86,3.73,10.73,14.0,12.42,11.74,18.03,28.56,32.05,36.97,58.03,69.99,20.05,7.39,24.8,4.72,39.78,8.88,54.98,21.29,18.25,14.330000000000002,4.08,3.28,1.6600000000000001,14.090000000000002,1.549999999999999,19.73,21.71,5.73,7.0,Netherlands,5.7681974881670195,0.0,0.0,0.0,0.0,0.0,0.0,0.0,0.0,0.0,0.0,0.0,0.0,0.0,0.0,0.0,0.0,0.0,0.0,0.0,0.0,0.0,0.0,0.0,0.0
NLD,VNM,2022,34.261164,NL,NLD,3.76,7.68,22.01,30.18,0.22,1.02,4.3,8.13,10.53,10.79,12.45,18.03,6.42,9.69,23.78,38.51,5.59,6.73,8.28,7.73,1.0,2.0,7.73,13.65,9.31,14.87,36.58,50.61,1.86,3.73,10.73,14.0,12.42,11.74,18.03,28.56,32.05,36.97,58.03,69.99,20.05,7.39,24.8,4.72,39.78,8.88,54.98,21.29,18.25,14.330000000000002,4.08,3.28,1.6600000000000001,14.090000000000002,1.549999999999999,19.73,21.71,5.73,7.0,Netherlands,3.5340124678004314,0.0,0.0,0.0,0.0,0.0,0.0,0.0,0.0,0.0,0.0,0.0,0.0,0.0,0.0,0.0,0.0,0.0,0.0,0.0,0.0,0.0,0.0,0.0,0.0
NLD,IND,2023,1209.955457,NL,NLD,3.76,7.68,22.01,30.18,0.22,1.02,4.3,8.13,10.53,10.79,12.45,18.03,6.42,9.69,23.78,38.51,5.59,6.73,8.28,7.73,1.0,2.0,7.73,13.65,9.31,14.87,36.58,50.61,1.86,3.73,10.73,14.0,12.42,11.74,18.03,28.56,32.05,36.97,58.03,69.99,20.05,7.39,24.8,4.72,39.78,8.88,54.98,21.29,18.25,14.330000000000002,4.08,3.28,1.6600000000000001,14.090000000000002,1.549999999999999,19.73,21.71,5.73,7.0,Netherlands,7.0983388255165,1.0,0.0,14.330000000000002,0.0,18.25,0.0,3.28,0.0,1.6600000000000001,0.0,14.090000000000002,0.0,1.549999999999999,0.0,19.73,0.0,21.71,0.0,5.73,0.0,7.0,0.0,22.01,0.0
NLD,PHL,2023,291.957519,NL,NLD,3.76,7.68,22.01,30.18,0.22,1.02,4.3,8.13,10.53,10.79,12.45,18.03,6.42,9.69,23.78,38.51,5.59,6.73,8.28,7.73,1.0,2.0,7.73,13.65,9.31,14.87,36.58,50.61,1.86,3.73,10.73,14.0,12.42,11.74,18.03,28.56,32.05,36.97,58.03,69.99,20.05,7.39,24.8,4.72,39.78,8.88,54.98,21.29,18.25,14.330000000000002,4.08,3.28,1.6600000000000001,14.090000000000002,1.549999999999999,19.73,21.71,5.73,7.0,Netherlands,5.676608308807909,1.0,0.0,14.330000000000002,0.0,18.25,0.0,3.28,0.0,1.6600000000000001,0.0,14.090000000000002,0.0,1.549999999999999,0.0,19.73,0.0,21.71,0.0,5.73,0.0,7.0,0.0,22.01,0.0
NLD,VNM,2023,31.029055,NL,NLD,3.76,7.68,22.01,30.18,0.22,1.02,4.3,8.13,10.53,10.79,12.45,18.03,6.42,9.69,23.78,38.51,5.59,6.73,8.28,7.73,1.0,2.0,7.73,13.65,9.31,14.87,36.58,50.61,1.86,3.73,10.73,14.0,12.42,11.74,18.03,28.56,32.05,36.97,58.03,69.99,20.05,7.39,24.8,4.72,39.78,8.88,54.98,21.29,18.25,14.330000000000002,4.08,3.28,1.6600000000000001,14.090000000000002,1.549999999999999,19.73,21.71,5.73,7.0,Netherlands,3.4349240235975755,1.0,0.0,14.330000000000002,0.0,18.25,0.0,3.28,0.0,1.6600000000000001,0.0,14.090000000000002,0.0,1.549999999999999,0.0,19.73,0.0,21.71,0.0,5.73,0.0,7.0,0.0,22.01,0.0
DEU,IND,2024,925.946652,DE,DEU,2.48,5.98,12.28,14.74,1.59,0.45,3.3,3.02,7.65,8.01,14.85,14.53,7.96,7.5,18.01,26.84,5.43,5.06,9.61,6.63,1.12,1.82,4.08,8.48,7.56,12.61,29.61,47.27,0.48,4.45,4.67,7.96,9.19,9.32,16.11,24.38,28.8,33.05,60.52,75.38,25.54,8.29,26.34,4.48,42.29,10.01,48.3,14.28,9.799999999999999,6.299999999999999,1.7099999999999997,2.8499999999999996,6.84,10.510000000000002,4.55,16.75,17.0,2.26,0.21999999999999975,Germany,6.8308166217554875,1.0,1.0,6.299999999999999,6.299999999999999,9.799999999999999,9.799999999999999,2.8499999999999996,2.8499999999999996,6.84,6.84,10.510000000000002,10.510000000000002,4.55,4.55,16.75,16.75,17.0,17.0,2.26,2.26,0.21999999999999975,0.21999999999999975,12.28,12.28
DEU,PHL,2024,332.342898,DE,DEU,2.48,5.98,12.28,14.74,1.59,0.45,3.3,3.02,7.65,8.01,14.85,14.53,7.96,7.5,18.01,26.84,5.43,5.06,9.61,6.63,1.12,1.82,4.08,8.48,7.56,12.61,29.61,47.27,0.48,4.45,4.67,7.96,9.19,9.32,16.11,24.38,28.8,33.05,60.52,75.38,25.54,8.29,26.34,4.48,42.29,10.01,48.3,14.28,9.799999999999999,6.299999999999999,1.7099999999999997,2.8499999999999996,6.84,10.510000000000002,4.55,16.75,17.0,2.26,0.21999999999999975,Germany,5.8061672612206054,1.0,1.0,6.299999999999999,6.299999999999999,9.799999999999999,9.799999999999999,2.8499999999999996,2.8499999999999996,6.84,6.84,10.510000000000002,10.510000000000002,4.55,4.55,16.75,16.75,17.0,17.0,2.26,2.26,0.21999999999999975,0.21999999999999975,12.28,12.28
DEU,VNM,2024,51.406784,DE,DEU,2.48,5.98,12.28,14.74,1.59,0.45,3.3,3.02,7.65,8.01,14.85,14.53,7.96,7.5,18.01,26.84,5.43,5.06,9.61,6.63,1.12,1.82,4.08,8.48,7.56,12.61,29.61,47.27,0.48,4.45,4.67,7.96,9.19,9.32,16.11,24.38,28.8,33.05,60.52,75.38,25.54,8.29,26.34,4.48,42.29,10.01,48.3,14.28,9.799999999999999,6.299999999999999,1.7099999999999997,2.8499999999999996,6.84,10.510000000000002,4.55,16.75,17.0,2.26,0.21999999999999975,Germany,3.939770148187738,1.0,1.0,6.299999999999999,6.299999999999999,9.799999999999999,9.799999999999999,2.8499999999999996,2.8499999999999996,6.84,6.84,10.510000000000002,10.510000000000002,4.55,4.55,16.75,16.75,17.0,17.0,2.26,2.26,0.21999999999999975,0.21999999999999975,12.28,12.28
DEU,IND,2023,883.947472,DE,DEU,2.48,5.98,12.28,14.74,1.59,0.45,3.3,3.02,7.65,8.01,14.85,14.53,7.96,7.5,18.01,26.84,5.43,5.06,9.61,6.63,1.12,1.82,4.08,8.48,7.56,12.61,29.61,47.27,0.48,4.45,4.67,7.96,9.19,9.32,16.11,24.38,28.8,33.05,60.52,75.38,25.54,8.29,26.34,4.48,42.29,10.01,48.3,14.28,9.799999999999999,6.299999999999999,1.7099999999999997,2.8499999999999996,6.84,10.510000000000002,4.55,16.75,17.0,2.26,0.21999999999999975,Germany,6.784397640057677,1.0,0.0,6.299999999999999,0.0,9.799999999999999,0.0,2.8499999999999996,0.0,6.84,0.0,10.510000000000002,0.0,4.55,0.0,16.75,0.0,17.0,0.0,2.26,0.0,0.21999999999999975,0.0,12.28,0.0
DEU,PHL,2023,253.826761,DE,DEU,2.48,5.98,12.28,14.74,1.59,0.45,3.3,3.02,7.65,8.01,14.85,14.53,7.96,7.5,18.01,26.84,5.43,5.06,9.61,6.63,1.12,1.82,4.08,8.48,7.56,12.61,29.61,47.27,0.48,4.45,4.67,7.96,9.19,9.32,16.11,24.38,28.8,33.05,60.52,75.38,25.54,8.29,26.34,4.48,42.29,10.01,48.3,14.28,9.799999999999999,6.299999999999999,1.7099999999999997,2.8499999999999996,6.84,10.510000000000002,4.55,16.75,17.0,2.26,0.21999999999999975,Germany,5.536651991014101,1.0,0.0,6.299999999999999,0.0,9.799999999999999,0.0,2.8499999999999996,0.0,6.84,0.0,10.510000000000002,0.0,4.55,0.0,16.75,0.0,17.0,0.0,2.26,0.0,0.21999999999999975,0.0,12.28,0.0
DEU,VNM,2023,47.164348,DE,DEU,2.48,5.98,12.28,14.74,1.59,0.45,3.3,3.02,7.65,8.01,14.85,14.53,7.96,7.5,18.01,26.84,5.43,5.06,9.61,6.63,1.12,1.82,4.08,8.48,7.56,12.61,29.61,47.27,0.48,4.45,4.67,7.96,9.19,9.32,16.11,24.38,28.8,33.05,60.52,75.38,25.54,8.29,26.34,4.48,42.29,10.01,48.3,14.28,9.799999999999999,6.299999999999999,1.7099999999999997,2.8499999999999996,6.84,10.510000000000002,4.55,16.75,17.0,2.26,0.21999999999999975,Germany,3.8536382681962382,1.0,0.0,6.299999999999999,0.0,9.799999999999999,0.0,2.8499999999999996,0.0,6.84,0.0,10.510000000000002,0.0,4.55,0.0,16.75,0.0,17.0,0.0,2.26,0.0,0.21999999999999975,0.0,12.28,0.0
DEU,IND,2022,732.784431,DE,DEU,2.48,5.98,12.28,14.74,1.59,0.45,3.3,3.02,7.65,8.01,14.85,14.53,7.96,7.5,18.01,26.84,5.43,5.06,9.61,6.63,1.12,1.82,4.08,8.48,7.56,12.61,29.61,47.27,0.48,4.45,4.67,7.96,9.19,9.32,16.11,24.38,28.8,33.05,60.52,75.38,25.54,8.29,26.34,4.48,42.29,10.01,48.3,14.28,9.799999999999999,6.299999999999999,1.7099999999999997,2.8499999999999996,6.84,10.510000000000002,4.55,16.75,17.0,2.26,0.21999999999999975,Germany,6.59685156722811,0.0,0.0,0.0,0.0,0.0,0.0,0.0,0.0,0.0,0.0,0.0,0.0,0.0,0.0,0.0,0.0,0.0,0.0,0.0,0.0,0.0,0.0,0.0,0.0
DEU,PHL,2022,243.774136,DE,DEU,2.48,5.98,12.28,14.74,1.59,0.45,3.3,3.02,7.65,8.01,14.85,14.53,7.96,7.5,18.01,26.84,5.43,5.06,9.61,6.63,1.12,1.82,4.08,8.48,7.56,12.61,29.61,47.27,0.48,4.45,4.67,7.96,9.19,9.32,16.11,24.38,28.8,33.05,60.52,75.38,25.54,8.29,26.34,4.48,42.29,10.01,48.3,14.28,9.799999999999999,6.299999999999999,1.7099999999999997,2.8499999999999996,6.84,10.510000000000002,4.55,16.75,17.0,2.26,0.21999999999999975,Germany,5.496242124463031,0.0,0.0,0.0,0.0,0.0,0.0,0.0,0.0,0.0,0.0,0.0,0.0,0.0,0.0,0.0,0.0,0.0,0.0,0.0,0.0,0.0,0.0,0.0,0.0
DEU,VNM,2022,46.029943,DE,DEU,2.48,5.98,12.28,14.74,1.59,0.45,3.3,3.02,7.65,8.01,14.85,14.53,7.96,7.5,18.01,26.84,5.43,5.06,9.61,6.63,1.12,1.82,4.08,8.48,7.56,12.61,29.61,47.27,0.48,4.45,4.67,7.96,9.19,9.32,16.11,24.38,28.8,33.05,60.52,75.38,25.54,8.29,26.34,4.48,42.29,10.01,48.3,14.28,9.799999999999999,6.299999999999999,1.7099999999999997,2.8499999999999996,6.84,10.510000000000002,4.55,16.75,17.0,2.26,0.21999999999999975,Germany,3.8292921195055505,0.0,0.0,0.0,0.0,0.0,0.0,0.0,0.0,0.0,0.0,0.0,0.0,0.0,0.0,0.0,0.0,0.0,0.0,0.0,0.0,0.0,0.0,0.0,0.0
DEU,IND,2021,598.299095,DE,DEU,2.48,5.98,12.28,14.74,1.59,0.45,3.3,3.02,7.65,8.01,14.85,14.53,7.96,7.5,18.01,26.84,5.43,5.06,9.61,6.63,1.12,1.82,4.08,8.48,7.56,12.61,29.61,47.27,0.48,4.45,4.67,7.96,9.19,9.32,16.11,24.38,28.8,33.05,60.52,75.38,25.54,8.29,26.34,4.48,42.29,10.01,48.3,14.28,9.799999999999999,6.299999999999999,1.7099999999999997,2.8499999999999996,6.84,10.510000000000002,4.55,16.75,17.0,2.26,0.21999999999999975,Germany,6.394090787775754,0.0,0.0,0.0,0.0,0.0,0.0,0.0,0.0,0.0,0.0,0.0,0.0,0.0,0.0,0.0,0.0,0.0,0.0,0.0,0.0,0.0,0.0,0.0,0.0
DEU,PHL,2021,243.320098,DE,DEU,2.48,5.98,12.28,14.74,1.59,0.45,3.3,3.02,7.65,8.01,14.85,14.53,7.96,7.5,18.01,26.84,5.43,5.06,9.61,6.63,1.12,1.82,4.08,8.48,7.56,12.61,29.61,47.27,0.48,4.45,4.67,7.96,9.19,9.32,16.11,24.38,28.8,33.05,60.52,75.38,25.54,8.29,26.34,4.48,42.29,10.01,48.3,14.28,9.799999999999999,6.299999999999999,1.7099999999999997,2.8499999999999996,6.84,10.510000000000002,4.55,16.75,17.0,2.26,0.21999999999999975,Germany,5.494377852214218,0.0,0.0,0.0,0.0,0.0,0.0,0.0,0.0,0.0,0.0,0.0,0.0,0.0,0.0,0.0,0.0,0.0,0.0,0.0,0.0,0.0,0.0,0.0,0.0
DEU,VNM,2021,34.54474,DE,DEU,2.48,5.98,12.28,14.74,1.59,0.45,3.3,3.02,7.65,8.01,14.85,14.53,7.96,7.5,18.01,26.84,5.43,5.06,9.61,6.63,1.12,1.82,4.08,8.48,7.56,12.61,29.61,47.27,0.48,4.45,4.67,7.96,9.19,9.32,16.11,24.38,28.8,33.05,60.52,75.38,25.54,8.29,26.34,4.48,42.29,10.01,48.3,14.28,9.799999999999999,6.299999999999999,1.7099999999999997,2.8499999999999996,6.84,10.510000000000002,4.55,16.75,17.0,2.26,0.21999999999999975,Germany,3.5422552954976134,0.0,0.0,0.0,0.0,0.0,0.0,0.0,0.0,0.0,0.0,0.0,0.0,0.0,0.0,0.0,0.0,0.0,0.0,0.0,0.0,0.0,0.0,0.0,0.0
DEU,IND,2019,659.643712,DE,DEU,2.48,5.98,12.28,14.74,1.59,0.45,3.3,3.02,7.65,8.01,14.85,14.53,7.96,7.5,18.01,26.84,5.43,5.06,9.61,6.63,1.12,1.82,4.08,8.48,7.56,12.61,29.61,47.27,0.48,4.45,4.67,7.96,9.19,9.32,16.11,24.38,28.8,33.05,60.52,75.38,25.54,8.29,26.34,4.48,42.29,10.01,48.3,14.28,9.799999999999999,6.299999999999999,1.7099999999999997,2.8499999999999996,6.84,10.510000000000002,4.55,16.75,17.0,2.26,0.21999999999999975,Germany,6.491699858956603,0.0,0.0,0.0,0.0,0.0,0.0,0.0,0.0,0.0,0.0,0.0,0.0,0.0,0.0,0.0,0.0,0.0,0.0,0.0,0.0,0.0,0.0,0.0,0.0
DEU,PHL,2019,267.076037,DE,DEU,2.48,5.98,12.28,14.74,1.59,0.45,3.3,3.02,7.65,8.01,14.85,14.53,7.96,7.5,18.01,26.84,5.43,5.06,9.61,6.63,1.12,1.82,4.08,8.48,7.56,12.61,29.61,47.27,0.48,4.45,4.67,7.96,9.19,9.32,16.11,24.38,28.8,33.05,60.52,75.38,25.54,8.29,26.34,4.48,42.29,10.01,48.3,14.28,9.799999999999999,6.299999999999999,1.7099999999999997,2.8499999999999996,6.84,10.510000000000002,4.55,16.75,17.0,2.26,0.21999999999999975,Germany,5.587533400628868,0.0,0.0,0.0,0.0,0.0,0.0,0.0,0.0,0.0,0.0,0.0,0.0,0.0,0.0,0.0,0.0,0.0,0.0,0.0,0.0,0.0,0.0,0.0,0.0
DEU,VNM,2019,27.478151,DE,DEU,2.48,5.98,12.28,14.74,1.59,0.45,3.3,3.02,7.65,8.01,14.85,14.53,7.96,7.5,18.01,26.84,5.43,5.06,9.61,6.63,1.12,1.82,4.08,8.48,7.56,12.61,29.61,47.27,0.48,4.45,4.67,7.96,9.19,9.32,16.11,24.38,28.8,33.05,60.52,75.38,25.54,8.29,26.34,4.48,42.29,10.01,48.3,14.28,9.799999999999999,6.299999999999999,1.7099999999999997,2.8499999999999996,6.84,10.510000000000002,4.55,16.75,17.0,2.26,0.21999999999999975,Germany,3.3133911797919926,0.0,0.0,0.0,0.0,0.0,0.0,0.0,0.0,0.0,0.0,0.0,0.0,0.0,0.0,0.0,0.0,0.0,0.0,0.0,0.0,0.0,0.0,0.0,0.0
DEU,IND,2018,682.698002,DE,DEU,2.48,5.98,12.28,14.74,1.59,0.45,3.3,3.02,7.65,8.01,14.85,14.53,7.96,7.5,18.01,26.84,5.43,5.06,9.61,6.63,1.12,1.82,4.08,8.48,7.56,12.61,29.61,47.27,0.48,4.45,4.67,7.96,9.19,9.32,16.11,24.38,28.8,33.05,60.52,75.38,25.54,8.29,26.34,4.48,42.29,10.01,48.3,14.28,9.799999999999999,6.299999999999999,1.7099999999999997,2.8499999999999996,6.84,10.510000000000002,4.55,16.75,17.0,2.26,0.21999999999999975,Germany,6.526052597805041,0.0,0.0,0.0,0.0,0.0,0.0,0.0,0.0,0.0,0.0,0.0,0.0,0.0,0.0,0.0,0.0,0.0,0.0,0.0,0.0,0.0,0.0,0.0,0.0
DEU,PHL,2018,225.146513,DE,DEU,2.48,5.98,12.28,14.74,1.59,0.45,3.3,3.02,7.65,8.01,14.85,14.53,7.96,7.5,18.01,26.84,5.43,5.06,9.61,6.63,1.12,1.82,4.08,8.48,7.56,12.61,29.61,47.27,0.48,4.45,4.67,7.96,9.19,9.32,16.11,24.38,28.8,33.05,60.52,75.38,25.54,8.29,26.34,4.48,42.29,10.01,48.3,14.28,9.799999999999999,6.299999999999999,1.7099999999999997,2.8499999999999996,6.84,10.510000000000002,4.55,16.75,17.0,2.26,0.21999999999999975,Germany,5.41675135917484,0.0,0.0,0.0,0.0,0.0,0.0,0.0,0.0,0.0,0.0,0.0,0.0,0.0,0.0,0.0,0.0,0.0,0.0,0.0,0.0,0.0,0.0,0.0,0.0
DEU,VNM,2018,24.103328,DE,DEU,2.48,5.98,12.28,14.74,1.59,0.45,3.3,3.02,7.65,8.01,14.85,14.53,7.96,7.5,18.01,26.84,5.43,5.06,9.61,6.63,1.12,1.82,4.08,8.48,7.56,12.61,29.61,47.27,0.48,4.45,4.67,7.96,9.19,9.32,16.11,24.38,28.8,33.05,60.52,75.38,25.54,8.29,26.34,4.48,42.29,10.01,48.3,14.28,9.799999999999999,6.299999999999999,1.7099999999999997,2.8499999999999996,6.84,10.510000000000002,4.55,16.75,17.0,2.26,0.21999999999999975,Germany,3.1823499222491924,0.0,0.0,0.0,0.0,0.0,0.0,0.0,0.0,0.0,0.0,0.0,0.0,0.0,0.0,0.0,0.0,0.0,0.0,0.0,0.0,0.0,0.0,0.0,0.0
DEU,IND,2020,594.735247,DE,DEU,2.48,5.98,12.28,14.74,1.59,0.45,3.3,3.02,7.65,8.01,14.85,14.53,7.96,7.5,18.01,26.84,5.43,5.06,9.61,6.63,1.12,1.82,4.08,8.48,7.56,12.61,29.61,47.27,0.48,4.45,4.67,7.96,9.19,9.32,16.11,24.38,28.8,33.05,60.52,75.38,25.54,8.29,26.34,4.48,42.29,10.01,48.3,14.28,9.799999999999999,6.299999999999999,1.7099999999999997,2.8499999999999996,6.84,10.510000000000002,4.55,16.75,17.0,2.26,0.21999999999999975,Germany,6.388116343494996,0.0,0.0,0.0,0.0,0.0,0.0,0.0,0.0,0.0,0.0,0.0,0.0,0.0,0.0,0.0,0.0,0.0,0.0,0.0,0.0,0.0,0.0,0.0,0.0
DEU,PHL,2020,273.856855,DE,DEU,2.48,5.98,12.28,14.74,1.59,0.45,3.3,3.02,7.65,8.01,14.85,14.53,7.96,7.5,18.01,26.84,5.43,5.06,9.61,6.63,1.12,1.82,4.08,8.48,7.56,12.61,29.61,47.27,0.48,4.45,4.67,7.96,9.19,9.32,16.11,24.38,28.8,33.05,60.52,75.38,25.54,8.29,26.34,4.48,42.29,10.01,48.3,14.28,9.799999999999999,6.299999999999999,1.7099999999999997,2.8499999999999996,6.84,10.510000000000002,4.55,16.75,17.0,2.26,0.21999999999999975,Germany,5.612605542868235,0.0,0.0,0.0,0.0,0.0,0.0,0.0,0.0,0.0,0.0,0.0,0.0,0.0,0.0,0.0,0.0,0.0,0.0,0.0,0.0,0.0,0.0,0.0,0.0
DEU,VNM,2020,38.520234,DE,DEU,2.48,5.98,12.28,14.74,1.59,0.45,3.3,3.02,7.65,8.01,14.85,14.53,7.96,7.5,18.01,26.84,5.43,5.06,9.61,6.63,1.12,1.82,4.08,8.48,7.56,12.61,29.61,47.27,0.48,4.45,4.67,7.96,9.19,9.32,16.11,24.38,28.8,33.05,60.52,75.38,25.54,8.29,26.34,4.48,42.29,10.01,48.3,14.28,9.799999999999999,6.299999999999999,1.7099999999999997,2.8499999999999996,6.84,10.510000000000002,4.55,16.75,17.0,2.26,0.21999999999999975,Germany,3.6511836616778286,0.0,0.0,0.0,0.0,0.0,0.0,0.0,0.0,0.0,0.0,0.0,0.0,0.0,0.0,0.0,0.0,0.0,0.0,0.0,0.0,0.0,0.0,0.0,0.0
ITA,PHL,2023,75.49966,IT,ITA,1.34,2.85,9.44,17.65,1.72,0.71,2.4,3.1,2.35,3.25,7.45,10.41,5.14,3.95,13.14,31.0,1.64,1.77,5.11,7.6,1.37,0.9,3.19,5.26,3.85,8.56,16.78,33.99,2.0,1.62,3.95,5.88,6.63,4.94,8.03,14.73,16.19,21.04,34.6,51.28,8.68,5.24,9.23,2.62,19.56,5.24,35.72,10.39,8.1,6.59,0.6799999999999999,1.69,4.2,9.190000000000001,3.3400000000000003,10.879999999999999,8.22,2.29,2.33,Italy,4.32412815293358,1.0,0.0,6.59,0.0,8.1,0.0,1.69,0.0,4.2,0.0,9.190000000000001,0.0,3.3400000000000003,0.0,10.879999999999999,0.0,8.22,0.0,2.29,0.0,2.33,0.0,9.44,0.0
ITA,VNM,2023,14.975346,IT,ITA,1.34,2.85,9.44,17.65,1.72,0.71,2.4,3.1,2.35,3.25,7.45,10.41,5.14,3.95,13.14,31.0,1.64,1.77,5.11,7.6,1.37,0.9,3.19,5.26,3.85,8.56,16.78,33.99,2.0,1.62,3.95,5.88,6.63,4.94,8.03,14.73,16.19,21.04,34.6,51.28,8.68,5.24,9.23,2.62,19.56,5.24,35.72,10.39,8.1,6.59,0.6799999999999999,1.69,4.2,9.190000000000001,3.3400000000000003,10.879999999999999,8.22,2.29,2.33,Italy,2.706405248909885,1.0,0.0,6.59,0.0,8.1,0.0,1.69,0.0,4.2,0.0,9.190000000000001,0.0,3.3400000000000003,0.0,10.879999999999999,0.0,8.22,0.0,2.29,0.0,2.33,0.0,9.44,0.0
ITA,IND,2024,268.558194,IT,ITA,1.34,2.85,9.44,17.65,1.72,0.71,2.4,3.1,2.35,3.25,7.45,10.41,5.14,3.95,13.14,31.0,1.64,1.77,5.11,7.6,1.37,0.9,3.19,5.26,3.85,8.56,16.78,33.99,2.0,1.62,3.95,5.88,6.63,4.94,8.03,14.73,16.19,21.04,34.6,51.28,8.68,5.24,9.23,2.62,19.56,5.24,35.72,10.39,8.1,6.59,0.6799999999999999,1.69,4.2,9.190000000000001,3.3400000000000003,10.879999999999999,8.22,2.29,2.33,Italy,5.593067627894923,1.0,1.0,6.59,6.59,8.1,8.1,1.69,1.69,4.2,4.2,9.190000000000001,9.190000000000001,3.3400000000000003,3.3400000000000003,10.879999999999999,10.879999999999999,8.22,8.22,2.29,2.29,2.33,2.33,9.44,9.44
ITA,PHL,2024,118.964949,IT,ITA,1.34,2.85,9.44,17.65,1.72,0.71,2.4,3.1,2.35,3.25,7.45,10.41,5.14,3.95,13.14,31.0,1.64,1.77,5.11,7.6,1.37,0.9,3.19,5.26,3.85,8.56,16.78,33.99,2.0,1.62,3.95,5.88,6.63,4.94,8.03,14.73,16.19,21.04,34.6,51.28,8.68,5.24,9.23,2.62,19.56,5.24,35.72,10.39,8.1,6.59,0.6799999999999999,1.69,4.2,9.190000000000001,3.3400000000000003,10.879999999999999,8.22,2.29,2.33,Italy,4.778828903505785,1.0,1.0,6.59,6.59,8.1,8.1,1.69,1.69,4.2,4.2,9.190000000000001,9.190000000000001,3.3400000000000003,3.3400000000000003,10.879999999999999,10.879999999999999,8.22,8.22,2.29,2.29,2.33,2.33,9.44,9.44
ITA,VNM,2024,17.10825,IT,ITA,1.34,2.85,9.44,17.65,1.72,0.71,2.4,3.1,2.35,3.25,7.45,10.41,5.14,3.95,13.14,31.0,1.64,1.77,5.11,7.6,1.37,0.9,3.19,5.26,3.85,8.56,16.78,33.99,2.0,1.62,3.95,5.88,6.63,4.94,8.03,14.73,16.19,21.04,34.6,51.28,8.68,5.24,9.23,2.62,19.56,5.24,35.72,10.39,8.1,6.59,0.6799999999999999,1.69,4.2,9.190000000000001,3.3400000000000003,10.879999999999999,8.22,2.29,2.33,Italy,2.839560803304421,1.0,1.0,6.59,6.59,8.1,8.1,1.69,1.69,4.2,4.2,9.190000000000001,9.190000000000001,3.3400000000000003,3.3400000000000003,10.879999999999999,10.879999999999999,8.22,8.22,2.29,2.29,2.33,2.33,9.44,9.44
IRL,IND,2023,1124.582103,IE,IRL,2.85,5.02,13.61,13.29,0.0,1.48,2.67,0.38,2.85,6.76,10.17,7.69,1.69,4.51,13.19,19.21,1.34,4.07,3.66,4.09,1.04,1.71,7.4,8.25,8.6,9.17,26.69,38.21,2.21,2.15,10.78,10.6,8.83,7.18,17.51,17.66,32.4,28.52,49.07,59.82,13.59,0.27,15.77,5.92,27.25,6.24,31.76,9.2,10.76,8.59,2.67,1.19,3.41,8.68,-0.41000000000000014,13.66,17.520000000000003,5.69,8.629999999999999,Ireland,7.025166781628679,1.0,0.0,8.59,0.0,10.76,0.0,1.19,0.0,3.41,0.0,8.68,0.0,-0.41000000000000014,-0.0,13.66,0.0,17.520000000000003,0.0,5.69,0.0,8.629999999999999,0.0,13.61,0.0
IRL,PHL,2023,161.187587,IE,IRL,2.85,5.02,13.61,13.29,0.0,1.48,2.67,0.38,2.85,6.76,10.17,7.69,1.69,4.51,13.19,19.21,1.34,4.07,3.66,4.09,1.04,1.71,7.4,8.25,8.6,9.17,26.69,38.21,2.21,2.15,10.78,10.6,8.83,7.18,17.51,17.66,32.4,28.52,49.07,59.82,13.59,0.27,15.77,5.92,27.25,6.24,31.76,9.2,10.76,8.59,2.67,1.19,3.41,8.68,-0.41000000000000014,13.66,17.520000000000003,5.69,8.629999999999999,Ireland,5.082568823385505,1.0,0.0,8.59,0.0,10.76,0.0,1.19,0.0,3.41,0.0,8.68,0.0,-0.41000000000000014,-0.0,13.66,0.0,17.520000000000003,0.0,5.69,0.0,8.629999999999999,0.0,13.61,0.0
IRL,IND,2022,1320.780606,IE,IRL,2.85,5.02,13.61,13.29,0.0,1.48,2.67,0.38,2.85,6.76,10.17,7.69,1.69,4.51,13.19,19.21,1.34,4.07,3.66,4.09,1.04,1.71,7.4,8.25,8.6,9.17,26.69,38.21,2.21,2.15,10.78,10.6,8.83,7.18,17.51,17.66,32.4,28.52,49.07,59.82,13.59,0.27,15.77,5.92,27.25,6.24,31.76,9.2,10.76,8.59,2.67,1.19,3.41,8.68,-0.41000000000000014,13.66,17.520000000000003,5.69,8.629999999999999,Ireland,7.185978208972978,0.0,0.0,0.0,0.0,0.0,0.0,0.0,0.0,0.0,0.0,0.0,0.0,-0.0,-0.0,0.0,0.0,0.0,0.0,0.0,0.0,0.0,0.0,0.0,0.0
IRL,PHL,2022,433.498852,IE,IRL,2.85,5.02,13.61,13.29,0.0,1.48,2.67,0.38,2.85,6.76,10.17,7.69,1.69,4.51,13.19,19.21,1.34,4.07,3.66,4.09,1.04,1.71,7.4,8.25,8.6,9.17,26.69,38.21,2.21,2.15,10.78,10.6,8.83,7.18,17.51,17.66,32.4,28.52,49.07,59.82,13.59,0.27,15.77,5.92,27.25,6.24,31.76,9.2,10.76,8.59,2.67,1.19,3.41,8.68,-0.41000000000000014,13.66,17.520000000000003,5.69,8.629999999999999,Ireland,6.071889148004864,0.0,0.0,0.0,0.0,0.0,0.0,0.0,0.0,0.0,0.0,0.0,0.0,-0.0,-0.0,0.0,0.0,0.0,0.0,0.0,0.0,0.0,0.0,0.0,0.0
IRL,VNM,2022,25.368492,IE,IRL,2.85,5.02,13.61,13.29,0.0,1.48,2.67,0.38,2.85,6.76,10.17,7.69,1.69,4.51,13.19,19.21,1.34,4.07,3.66,4.09,1.04,1.71,7.4,8.25,8.6,9.17,26.69,38.21,2.21,2.15,10.78,10.6,8.83,7.18,17.51,17.66,32.4,28.52,49.07,59.82,13.59,0.27,15.77,5.92,27.25,6.24,31.76,9.2,10.76,8.59,2.67,1.19,3.41,8.68,-0.41000000000000014,13.66,17.520000000000003,5.69,8.629999999999999,Ireland,3.233507931560747,0.0,0.0,0.0,0.0,0.0,0.0,0.0,0.0,0.0,0.0,0.0,0.0,-0.0,-0.0,0.0,0.0,0.0,0.0,0.0,0.0,0.0,0.0,0.0,0.0
IRL,IND,2021,873.797513,IE,IRL,2.85,5.02,13.61,13.29,0.0,1.48,2.67,0.38,2.85,6.76,10.17,7.69,1.69,4.51,13.19,19.21,1.34,4.07,3.66,4.09,1.04,1.71,7.4,8.25,8.6,9.17,26.69,38.21,2.21,2.15,10.78,10.6,8.83,7.18,17.51,17.66,32.4,28.52,49.07,59.82,13.59,0.27,15.77,5.92,27.25,6.24,31.76,9.2,10.76,8.59,2.67,1.19,3.41,8.68,-0.41000000000000014,13.66,17.520000000000003,5.69,8.629999999999999,Ireland,6.772848670324226,0.0,0.0,0.0,0.0,0.0,0.0,0.0,0.0,0.0,0.0,0.0,0.0,-0.0,-0.0,0.0,0.0,0.0,0.0,0.0,0.0,0.0,0.0,0.0,0.0
IRL,PHL,2021,194.17026,IE,IRL,2.85,5.02,13.61,13.29,0.0,1.48,2.67,0.38,2.85,6.76,10.17,7.69,1.69,4.51,13.19,19.21,1.34,4.07,3.66,4.09,1.04,1.71,7.4,8.25,8.6,9.17,26.69,38.21,2.21,2.15,10.78,10.6,8.83,7.18,17.51,17.66,32.4,28.52,49.07,59.82,13.59,0.27,15.77,5.92,27.25,6.24,31.76,9.2,10.76,8.59,2.67,1.19,3.41,8.68,-0.41000000000000014,13.66,17.520000000000003,5.69,8.629999999999999,Ireland,5.2687354030382725,0.0,0.0,0.0,0.0,0.0,0.0,0.0,0.0,0.0,0.0,0.0,0.0,-0.0,-0.0,0.0,0.0,0.0,0.0,0.0,0.0,0.0,0.0,0.0,0.0
IRL,VNM,2021,25.962866,IE,IRL,2.85,5.02,13.61,13.29,0.0,1.48,2.67,0.38,2.85,6.76,10.17,7.69,1.69,4.51,13.19,19.21,1.34,4.07,3.66,4.09,1.04,1.71,7.4,8.25,8.6,9.17,26.69,38.21,2.21,2.15,10.78,10.6,8.83,7.18,17.51,17.66,32.4,28.52,49.07,59.82,13.59,0.27,15.77,5.92,27.25,6.24,31.76,9.2,10.76,8.59,2.67,1.19,3.41,8.68,-0.41000000000000014,13.66,17.520000000000003,5.69,8.629999999999999,Ireland,3.2566672863585224,0.0,0.0,0.0,0.0,0.0,0.0,0.0,0.0,0.0,0.0,0.0,0.0,-0.0,-0.0,0.0,0.0,0.0,0.0,0.0,0.0,0.0,0.0,0.0,0.0
IRL,IND,2020,440.727421,IE,IRL,2.85,5.02,13.61,13.29,0.0,1.48,2.67,0.38,2.85,6.76,10.17,7.69,1.69,4.51,13.19,19.21,1.34,4.07,3.66,4.09,1.04,1.71,7.4,8.25,8.6,9.17,26.69,38.21,2.21,2.15,10.78,10.6,8.83,7.18,17.51,17.66,32.4,28.52,49.07,59.82,13.59,0.27,15.77,5.92,27.25,6.24,31.76,9.2,10.76,8.59,2.67,1.19,3.41,8.68,-0.41000000000000014,13.66,17.520000000000003,5.69,8.629999999999999,Ireland,6.088426591378116,0.0,0.0,0.0,0.0,0.0,0.0,0.0,0.0,0.0,0.0,0.0,0.0,-0.0,-0.0,0.0,0.0,0.0,0.0,0.0,0.0,0.0,0.0,0.0,0.0
IRL,PHL,2020,138.553075,IE,IRL,2.85,5.02,13.61,13.29,0.0,1.48,2.67,0.38,2.85,6.76,10.17,7.69,1.69,4.51,13.19,19.21,1.34,4.07,3.66,4.09,1.04,1.71,7.4,8.25,8.6,9.17,26.69,38.21,2.21,2.15,10.78,10.6,8.83,7.18,17.51,17.66,32.4,28.52,49.07,59.82,13.59,0.27,15.77,5.92,27.25,6.24,31.76,9.2,10.76,8.59,2.67,1.19,3.41,8.68,-0.41000000000000014,13.66,17.520000000000003,5.69,8.629999999999999,Ireland,4.931253465216436,0.0,0.0,0.0,0.0,0.0,0.0,0.0,0.0,0.0,0.0,0.0,0.0,-0.0,-0.0,0.0,0.0,0.0,0.0,0.0,0.0,0.0,0.0,0.0,0.0
IRL,VNM,2020,11.756054,IE,IRL,2.85,5.02,13.61,13.29,0.0,1.48,2.67,0.38,2.85,6.76,10.17,7.69,1.69,4.51,13.19,19.21,1.34,4.07,3.66,4.09,1.04,1.71,7.4,8.25,8.6,9.17,26.69,38.21,2.21,2.15,10.78,10.6,8.83,7.18,17.51,17.66,32.4,28.52,49.07,59.82,13.59,0.27,15.77,5.92,27.25,6.24,31.76,9.2,10.76,8.59,2.67,1.19,3.41,8.68,-0.41000000000000014,13.66,17.520000000000003,5.69,8.629999999999999,Ireland,2.464368341945237,0.0,0.0,0.0,0.0,0.0,0.0,0.0,0.0,0.0,0.0,0.0,0.0,-0.0,-0.0,0.0,0.0,0.0,0.0,0.0,0.0,0.0,0.0,0.0,0.0
IRL,IND,2019,439.475332,IE,IRL,2.85,5.02,13.61,13.29,0.0,1.48,2.67,0.38,2.85,6.76,10.17,7.69,1.69,4.51,13.19,19.21,1.34,4.07,3.66,4.09,1.04,1.71,7.4,8.25,8.6,9.17,26.69,38.21,2.21,2.15,10.78,10.6,8.83,7.18,17.51,17.66,32.4,28.52,49.07,59.82,13.59,0.27,15.77,5.92,27.25,6.24,31.76,9.2,10.76,8.59,2.67,1.19,3.41,8.68,-0.41000000000000014,13.66,17.520000000000003,5.69,8.629999999999999,Ireland,6.085581588132509,0.0,0.0,0.0,0.0,0.0,0.0,0.0,0.0,0.0,0.0,0.0,0.0,-0.0,-0.0,0.0,0.0,0.0,0.0,0.0,0.0,0.0,0.0,0.0,0.0
IRL,PHL,2019,129.83048,IE,IRL,2.85,5.02,13.61,13.29,0.0,1.48,2.67,0.38,2.85,6.76,10.17,7.69,1.69,4.51,13.19,19.21,1.34,4.07,3.66,4.09,1.04,1.71,7.4,8.25,8.6,9.17,26.69,38.21,2.21,2.15,10.78,10.6,8.83,7.18,17.51,17.66,32.4,28.52,49.07,59.82,13.59,0.27,15.77,5.92,27.25,6.24,31.76,9.2,10.76,8.59,2.67,1.19,3.41,8.68,-0.41000000000000014,13.66,17.520000000000003,5.69,8.629999999999999,Ireland,4.8662295995077445,0.0,0.0,0.0,0.0,0.0,0.0,0.0,0.0,0.0,0.0,0.0,0.0,-0.0,-0.0,0.0,0.0,0.0,0.0,0.0,0.0,0.0,0.0,0.0,0.0
IRL,VNM,2019,11.04443,IE,IRL,2.85,5.02,13.61,13.29,0.0,1.48,2.67,0.38,2.85,6.76,10.17,7.69,1.69,4.51,13.19,19.21,1.34,4.07,3.66,4.09,1.04,1.71,7.4,8.25,8.6,9.17,26.69,38.21,2.21,2.15,10.78,10.6,8.83,7.18,17.51,17.66,32.4,28.52,49.07,59.82,13.59,0.27,15.77,5.92,27.25,6.24,31.76,9.2,10.76,8.59,2.67,1.19,3.41,8.68,-0.41000000000000014,13.66,17.520000000000003,5.69,8.629999999999999,Ireland,2.4019262284783713,0.0,0.0,0.0,0.0,0.0,0.0,0.0,0.0,0.0,0.0,0.0,0.0,-0.0,-0.0,0.0,0.0,0.0,0.0,0.0,0.0,0.0,0.0,0.0,0.0
IRL,IND,2018,562.930682,IE,IRL,2.85,5.02,13.61,13.29,0.0,1.48,2.67,0.38,2.85,6.76,10.17,7.69,1.69,4.51,13.19,19.21,1.34,4.07,3.66,4.09,1.04,1.71,7.4,8.25,8.6,9.17,26.69,38.21,2.21,2.15,10.78,10.6,8.83,7.18,17.51,17.66,32.4,28.52,49.07,59.82,13.59,0.27,15.77,5.92,27.25,6.24,31.76,9.2,10.76,8.59,2.67,1.19,3.41,8.68,-0.41000000000000014,13.66,17.520000000000003,5.69,8.629999999999999,Ireland,6.33315649800176,0.0,0.0,0.0,0.0,0.0,0.0,0.0,0.0,0.0,0.0,0.0,0.0,-0.0,-0.0,0.0,0.0,0.0,0.0,0.0,0.0,0.0,0.0,0.0,0.0
IRL,PHL,2018,86.326001,IE,IRL,2.85,5.02,13.61,13.29,0.0,1.48,2.67,0.38,2.85,6.76,10.17,7.69,1.69,4.51,13.19,19.21,1.34,4.07,3.66,4.09,1.04,1.71,7.4,8.25,8.6,9.17,26.69,38.21,2.21,2.15,10.78,10.6,8.83,7.18,17.51,17.66,32.4,28.52,49.07,59.82,13.59,0.27,15.77,5.92,27.25,6.24,31.76,9.2,10.76,8.59,2.67,1.19,3.41,8.68,-0.41000000000000014,13.66,17.520000000000003,5.69,8.629999999999999,Ireland,4.458130838922698,0.0,0.0,0.0,0.0,0.0,0.0,0.0,0.0,0.0,0.0,0.0,0.0,-0.0,-0.0,0.0,0.0,0.0,0.0,0.0,0.0,0.0,0.0,0.0,0.0
IRL,VNM,2018,22.884614,IE,IRL,2.85,5.02,13.61,13.29,0.0,1.48,2.67,0.38,2.85,6.76,10.17,7.69,1.69,4.51,13.19,19.21,1.34,4.07,3.66,4.09,1.04,1.71,7.4,8.25,8.6,9.17,26.69,38.21,2.21,2.15,10.78,10.6,8.83,7.18,17.51,17.66,32.4,28.52,49.07,59.82,13.59,0.27,15.77,5.92,27.25,6.24,31.76,9.2,10.76,8.59,2.67,1.19,3.41,8.68,-0.41000000000000014,13.66,17.520000000000003,5.69,8.629999999999999,Ireland,3.130464807019944,0.0,0.0,0.0,0.0,0.0,0.0,0.0,0.0,0.0,0.0,0.0,0.0,-0.0,-0.0,0.0,0.0,0.0,0.0,0.0,0.0,0.0,0.0,0.0,0.0
FRA,IND,2018,630.590988,FR,FRA,1.69,1.26,3.9,11.8,1.31,0.38,1.8,2.59,7.36,6.41,7.59,8.0,4.29,5.8,8.55,19.33,3.27,2.85,5.31,5.38,0.5,0.81,2.32,8.02,4.72,8.12,21.79,39.37,0.78,0.59,3.24,7.58,5.33,4.87,7.43,16.93,23.55,29.56,41.76,58.98,15.23,4.09,13.75,2.09,17.47,3.14,32.5,9.52,2.21,2.6399999999999997,0.49,1.42,1.1799999999999997,2.750000000000001,2.4599999999999995,2.2399999999999984,13.67,1.5099999999999998,2.6500000000000004,France,6.446657455857556,0.0,0.0,0.0,0.0,0.0,0.0,0.0,0.0,0.0,0.0,0.0,0.0,0.0,0.0,0.0,0.0,0.0,0.0,0.0,0.0,0.0,0.0,0.0,0.0
FRA,PHL,2018,82.789134,FR,FRA,1.69,1.26,3.9,11.8,1.31,0.38,1.8,2.59,7.36,6.41,7.59,8.0,4.29,5.8,8.55,19.33,3.27,2.85,5.31,5.38,0.5,0.81,2.32,8.02,4.72,8.12,21.79,39.37,0.78,0.59,3.24,7.58,5.33,4.87,7.43,16.93,23.55,29.56,41.76,58.98,15.23,4.09,13.75,2.09,17.47,3.14,32.5,9.52,2.21,2.6399999999999997,0.49,1.42,1.1799999999999997,2.750000000000001,2.4599999999999995,2.2399999999999984,13.67,1.5099999999999998,2.6500000000000004,France,4.416296820895499,0.0,0.0,0.0,0.0,0.0,0.0,0.0,0.0,0.0,0.0,0.0,0.0,0.0,0.0,0.0,0.0,0.0,0.0,0.0,0.0,0.0,0.0,0.0,0.0
FRA,VNM,2018,26.852491,FR,FRA,1.69,1.26,3.9,11.8,1.31,0.38,1.8,2.59,7.36,6.41,7.59,8.0,4.29,5.8,8.55,19.33,3.27,2.85,5.31,5.38,0.5,0.81,2.32,8.02,4.72,8.12,21.79,39.37,0.78,0.59,3.24,7.58,5.33,4.87,7.43,16.93,23.55,29.56,41.76,58.98,15.23,4.09,13.75,2.09,17.47,3.14,32.5,9.52,2.21,2.6399999999999997,0.49,1.42,1.1799999999999997,2.750000000000001,2.4599999999999995,2.2399999999999984,13.67,1.5099999999999998,2.6500000000000004,France,3.290358591325685,0.0,0.0,0.0,0.0,0.0,0.0,0.0,0.0,0.0,0.0,0.0,0.0,0.0,0.0,0.0,0.0,0.0,0.0,0.0,0.0,0.0,0.0,0.0,0.0
FRA,IND,2019,523.973685,FR,FRA,1.69,1.26,3.9,11.8,1.31,0.38,1.8,2.59,7.36,6.41,7.59,8.0,4.29,5.8,8.55,19.33,3.27,2.85,5.31,5.38,0.5,0.81,2.32,8.02,4.72,8.12,21.79,39.37,0.78,0.59,3.24,7.58,5.33,4.87,7.43,16.93,23.55,29.56,41.76,58.98,15.23,4.09,13.75,2.09,17.47,3.14,32.5,9.52,2.21,2.6399999999999997,0.49,1.42,1.1799999999999997,2.750000000000001,2.4599999999999995,2.2399999999999984,13.67,1.5099999999999998,2.6500000000000004,France,6.261441463594354,0.0,0.0,0.0,0.0,0.0,0.0,0.0,0.0,0.0,0.0,0.0,0.0,0.0,0.0,0.0,0.0,0.0,0.0,0.0,0.0,0.0,0.0,0.0,0.0
FRA,PHL,2019,153.850021,FR,FRA,1.69,1.26,3.9,11.8,1.31,0.38,1.8,2.59,7.36,6.41,7.59,8.0,4.29,5.8,8.55,19.33,3.27,2.85,5.31,5.38,0.5,0.81,2.32,8.02,4.72,8.12,21.79,39.37,0.78,0.59,3.24,7.58,5.33,4.87,7.43,16.93,23.55,29.56,41.76,58.98,15.23,4.09,13.75,2.09,17.47,3.14,32.5,9.52,2.21,2.6399999999999997,0.49,1.42,1.1799999999999997,2.750000000000001,2.4599999999999995,2.2399999999999984,13.67,1.5099999999999998,2.6500000000000004,France,5.035978238264629,0.0,0.0,0.0,0.0,0.0,0.0,0.0,0.0,0.0,0.0,0.0,0.0,0.0,0.0,0.0,0.0,0.0,0.0,0.0,0.0,0.0,0.0,0.0,0.0
FRA,VNM,2019,24.372555,FR,FRA,1.69,1.26,3.9,11.8,1.31,0.38,1.8,2.59,7.36,6.41,7.59,8.0,4.29,5.8,8.55,19.33,3.27,2.85,5.31,5.38,0.5,0.81,2.32,8.02,4.72,8.12,21.79,39.37,0.78,0.59,3.24,7.58,5.33,4.87,7.43,16.93,23.55,29.56,41.76,58.98,15.23,4.09,13.75,2.09,17.47,3.14,32.5,9.52,2.21,2.6399999999999997,0.49,1.42,1.1799999999999997,2.750000000000001,2.4599999999999995,2.2399999999999984,13.67,1.5099999999999998,2.6500000000000004,France,3.19345770416045,0.0,0.0,0.0,0.0,0.0,0.0,0.0,0.0,0.0,0.0,0.0,0.0,0.0,0.0,0.0,0.0,0.0,0.0,0.0,0.0,0.0,0.0,0.0,0.0
FRA,IND,2020,474.618665,FR,FRA,1.69,1.26,3.9,11.8,1.31,0.38,1.8,2.59,7.36,6.41,7.59,8.0,4.29,5.8,8.55,19.33,3.27,2.85,5.31,5.38,0.5,0.81,2.32,8.02,4.72,8.12,21.79,39.37,0.78,0.59,3.24,7.58,5.33,4.87,7.43,16.93,23.55,29.56,41.76,58.98,15.23,4.09,13.75,2.09,17.47,3.14,32.5,9.52,2.21,2.6399999999999997,0.49,1.42,1.1799999999999997,2.750000000000001,2.4599999999999995,2.2399999999999984,13.67,1.5099999999999998,2.6500000000000004,France,6.162511671083379,0.0,0.0,0.0,0.0,0.0,0.0,0.0,0.0,0.0,0.0,0.0,0.0,0.0,0.0,0.0,0.0,0.0,0.0,0.0,0.0,0.0,0.0,0.0,0.0
FRA,PHL,2020,73.66795,FR,FRA,1.69,1.26,3.9,11.8,1.31,0.38,1.8,2.59,7.36,6.41,7.59,8.0,4.29,5.8,8.55,19.33,3.27,2.85,5.31,5.38,0.5,0.81,2.32,8.02,4.72,8.12,21.79,39.37,0.78,0.59,3.24,7.58,5.33,4.87,7.43,16.93,23.55,29.56,41.76,58.98,15.23,4.09,13.75,2.09,17.47,3.14,32.5,9.52,2.21,2.6399999999999997,0.49,1.42,1.1799999999999997,2.750000000000001,2.4599999999999995,2.2399999999999984,13.67,1.5099999999999998,2.6500000000000004,France,4.299567833512382,0.0,0.0,0.0,0.0,0.0,0.0,0.0,0.0,0.0,0.0,0.0,0.0,0.0,0.0,0.0,0.0,0.0,0.0,0.0,0.0,0.0,0.0,0.0,0.0
FRA,VNM,2020,36.678558,FR,FRA,1.69,1.26,3.9,11.8,1.31,0.38,1.8,2.59,7.36,6.41,7.59,8.0,4.29,5.8,8.55,19.33,3.27,2.85,5.31,5.38,0.5,0.81,2.32,8.02,4.72,8.12,21.79,39.37,0.78,0.59,3.24,7.58,5.33,4.87,7.43,16.93,23.55,29.56,41.76,58.98,15.23,4.09,13.75,2.09,17.47,3.14,32.5,9.52,2.21,2.6399999999999997,0.49,1.42,1.1799999999999997,2.750000000000001,2.4599999999999995,2.2399999999999984,13.67,1.5099999999999998,2.6500000000000004,France,3.6021923336383894,0.0,0.0,0.0,0.0,0.0,0.0,0.0,0.0,0.0,0.0,0.0,0.0,0.0,0.0,0.0,0.0,0.0,0.0,0.0,0.0,0.0,0.0,0.0,0.0
FRA,IND,2021,558.583919,FR,FRA,1.69,1.26,3.9,11.8,1.31,0.38,1.8,2.59,7.36,6.41,7.59,8.0,4.29,5.8,8.55,19.33,3.27,2.85,5.31,5.38,0.5,0.81,2.32,8.02,4.72,8.12,21.79,39.37,0.78,0.59,3.24,7.58,5.33,4.87,7.43,16.93,23.55,29.56,41.76,58.98,15.23,4.09,13.75,2.09,17.47,3.14,32.5,9.52,2.21,2.6399999999999997,0.49,1.42,1.1799999999999997,2.750000000000001,2.4599999999999995,2.2399999999999984,13.67,1.5099999999999998,2.6500000000000004,France,6.325404865055161,0.0,0.0,0.0,0.0,0.0,0.0,0.0,0.0,0.0,0.0,0.0,0.0,0.0,0.0,0.0,0.0,0.0,0.0,0.0,0.0,0.0,0.0,0.0,0.0
FRA,PHL,2021,121.803851,FR,FRA,1.69,1.26,3.9,11.8,1.31,0.38,1.8,2.59,7.36,6.41,7.59,8.0,4.29,5.8,8.55,19.33,3.27,2.85,5.31,5.38,0.5,0.81,2.32,8.02,4.72,8.12,21.79,39.37,0.78,0.59,3.24,7.58,5.33,4.87,7.43,16.93,23.55,29.56,41.76,58.98,15.23,4.09,13.75,2.09,17.47,3.14,32.5,9.52,2.21,2.6399999999999997,0.49,1.42,1.1799999999999997,2.750000000000001,2.4599999999999995,2.2399999999999984,13.67,1.5099999999999998,2.6500000000000004,France,4.8024119721815595,0.0,0.0,0.0,0.0,0.0,0.0,0.0,0.0,0.0,0.0,0.0,0.0,0.0,0.0,0.0,0.0,0.0,0.0,0.0,0.0,0.0,0.0,0.0,0.0
FRA,VNM,2021,49.757209,FR,FRA,1.69,1.26,3.9,11.8,1.31,0.38,1.8,2.59,7.36,6.41,7.59,8.0,4.29,5.8,8.55,19.33,3.27,2.85,5.31,5.38,0.5,0.81,2.32,8.02,4.72,8.12,21.79,39.37,0.78,0.59,3.24,7.58,5.33,4.87,7.43,16.93,23.55,29.56,41.76,58.98,15.23,4.09,13.75,2.09,17.47,3.14,32.5,9.52,2.21,2.6399999999999997,0.49,1.42,1.1799999999999997,2.750000000000001,2.4599999999999995,2.2399999999999984,13.67,1.5099999999999998,2.6500000000000004,France,3.9071553576295686,0.0,0.0,0.0,0.0,0.0,0.0,0.0,0.0,0.0,0.0,0.0,0.0,0.0,0.0,0.0,0.0,0.0,0.0,0.0,0.0,0.0,0.0,0.0,0.0
FRA,IND,2022,861.942117,FR,FRA,1.69,1.26,3.9,11.8,1.31,0.38,1.8,2.59,7.36,6.41,7.59,8.0,4.29,5.8,8.55,19.33,3.27,2.85,5.31,5.38,0.5,0.81,2.32,8.02,4.72,8.12,21.79,39.37,0.78,0.59,3.24,7.58,5.33,4.87,7.43,16.93,23.55,29.56,41.76,58.98,15.23,4.09,13.75,2.09,17.47,3.14,32.5,9.52,2.21,2.6399999999999997,0.49,1.42,1.1799999999999997,2.750000000000001,2.4599999999999995,2.2399999999999984,13.67,1.5099999999999998,2.6500000000000004,France,6.759188118757082,0.0,0.0,0.0,0.0,0.0,0.0,0.0,0.0,0.0,0.0,0.0,0.0,0.0,0.0,0.0,0.0,0.0,0.0,0.0,0.0,0.0,0.0,0.0,0.0
FRA,PHL,2022,72.461416,FR,FRA,1.69,1.26,3.9,11.8,1.31,0.38,1.8,2.59,7.36,6.41,7.59,8.0,4.29,5.8,8.55,19.33,3.27,2.85,5.31,5.38,0.5,0.81,2.32,8.02,4.72,8.12,21.79,39.37,0.78,0.59,3.24,7.58,5.33,4.87,7.43,16.93,23.55,29.56,41.76,58.98,15.23,4.09,13.75,2.09,17.47,3.14,32.5,9.52,2.21,2.6399999999999997,0.49,1.42,1.1799999999999997,2.750000000000001,2.4599999999999995,2.2399999999999984,13.67,1.5099999999999998,2.6500000000000004,France,4.283054227092167,0.0,0.0,0.0,0.0,0.0,0.0,0.0,0.0,0.0,0.0,0.0,0.0,0.0,0.0,0.0,0.0,0.0,0.0,0.0,0.0,0.0,0.0,0.0,0.0
FRA,VNM,2022,27.180339,FR,FRA,1.69,1.26,3.9,11.8,1.31,0.38,1.8,2.59,7.36,6.41,7.59,8.0,4.29,5.8,8.55,19.33,3.27,2.85,5.31,5.38,0.5,0.81,2.32,8.02,4.72,8.12,21.79,39.37,0.78,0.59,3.24,7.58,5.33,4.87,7.43,16.93,23.55,29.56,41.76,58.98,15.23,4.09,13.75,2.09,17.47,3.14,32.5,9.52,2.21,2.6399999999999997,0.49,1.42,1.1799999999999997,2.750000000000001,2.4599999999999995,2.2399999999999984,13.67,1.5099999999999998,2.6500000000000004,France,3.302493881051399,0.0,0.0,0.0,0.0,0.0,0.0,0.0,0.0,0.0,0.0,0.0,0.0,0.0,0.0,0.0,0.0,0.0,0.0,0.0,0.0,0.0,0.0,0.0,0.0
FRA,IND,2023,831.11845,FR,FRA,1.69,1.26,3.9,11.8,1.31,0.38,1.8,2.59,7.36,6.41,7.59,8.0,4.29,5.8,8.55,19.33,3.27,2.85,5.31,5.38,0.5,0.81,2.32,8.02,4.72,8.12,21.79,39.37,0.78,0.59,3.24,7.58,5.33,4.87,7.43,16.93,23.55,29.56,41.76,58.98,15.23,4.09,13.75,2.09,17.47,3.14,32.5,9.52,2.21,2.6399999999999997,0.49,1.42,1.1799999999999997,2.750000000000001,2.4599999999999995,2.2399999999999984,13.67,1.5099999999999998,2.6500000000000004,France,6.722772323807221,1.0,0.0,2.6399999999999997,0.0,2.21,0.0,1.42,0.0,1.1799999999999997,0.0,2.750000000000001,0.0,2.4599999999999995,0.0,2.2399999999999984,0.0,13.67,0.0,1.5099999999999998,0.0,2.6500000000000004,0.0,3.9,0.0
FRA,PHL,2023,75.284265,FR,FRA,1.69,1.26,3.9,11.8,1.31,0.38,1.8,2.59,7.36,6.41,7.59,8.0,4.29,5.8,8.55,19.33,3.27,2.85,5.31,5.38,0.5,0.81,2.32,8.02,4.72,8.12,21.79,39.37,0.78,0.59,3.24,7.58,5.33,4.87,7.43,16.93,23.55,29.56,41.76,58.98,15.23,4.09,13.75,2.09,17.47,3.14,32.5,9.52,2.21,2.6399999999999997,0.49,1.42,1.1799999999999997,2.750000000000001,2.4599999999999995,2.2399999999999984,13.67,1.5099999999999998,2.6500000000000004,France,4.321271148826373,1.0,0.0,2.6399999999999997,0.0,2.21,0.0,1.42,0.0,1.1799999999999997,0.0,2.750000000000001,0.0,2.4599999999999995,0.0,2.2399999999999984,0.0,13.67,0.0,1.5099999999999998,0.0,2.6500000000000004,0.0,3.9,0.0
FRA,VNM,2023,36.753507,FR,FRA,1.69,1.26,3.9,11.8,1.31,0.38,1.8,2.59,7.36,6.41,7.59,8.0,4.29,5.8,8.55,19.33,3.27,2.85,5.31,5.38,0.5,0.81,2.32,8.02,4.72,8.12,21.79,39.37,0.78,0.59,3.24,7.58,5.33,4.87,7.43,16.93,23.55,29.56,41.76,58.98,15.23,4.09,13.75,2.09,17.47,3.14,32.5,9.52,2.21,2.6399999999999997,0.49,1.42,1.1799999999999997,2.750000000000001,2.4599999999999995,2.2399999999999984,13.67,1.5099999999999998,2.6500000000000004,France,3.6042336496772576,1.0,0.0,2.6399999999999997,0.0,2.21,0.0,1.42,0.0,1.1799999999999997,0.0,2.750000000000001,0.0,2.4599999999999995,0.0,2.2399999999999984,0.0,13.67,0.0,1.5099999999999998,0.0,2.6500000000000004,0.0,3.9,0.0
SWE,IND,2024,202.639421,SE,SWE,4.81,8.41,29.61,43.0,0.19,0.05,5.21,4.79,8.84,6.76,16.89,18.66,6.55,9.52,33.14,47.86,2.65,4.3,11.24,9.56,0.88,1.46,8.15,17.34,9.91,17.2,41.78,65.77,1.68,3.34,10.74,16.77,8.87,7.47,19.49,32.86,30.81,36.85,67.56,87.87,16.47,2.32,20.69,2.78,53.71,13.15,64.88,14.9,24.8,21.2,5.02,5.16,10.13,23.62,6.94,37.24,24.580000000000002,6.69,7.4,Sweden,5.311428148405485,1.0,1.0,21.2,21.2,24.8,24.8,5.16,5.16,10.13,10.13,23.62,23.62,6.94,6.94,37.24,37.24,24.580000000000002,24.580000000000002,6.69,6.69,7.4,7.4,29.61,29.61
SWE,PHL,2024,175.091389,SE,SWE,4.81,8.41,29.61,43.0,0.19,0.05,5.21,4.79,8.84,6.76,16.89,18.66,6.55,9.52,33.14,47.86,2.65,4.3,11.24,9.56,0.88,1.46,8.15,17.34,9.91,17.2,41.78,65.77,1.68,3.34,10.74,16.77,8.87,7.47,19.49,32.86,30.81,36.85,67.56,87.87,16.47,2.32,20.69,2.78,53.71,13.15,64.88,14.9,24.8,21.2,5.02,5.16,10.13,23.62,6.94,37.24,24.580000000000002,6.69,7.4,Sweden,5.165308060469755,1.0,1.0,21.2,21.2,24.8,24.8,5.16,5.16,10.13,10.13,23.62,23.62,6.94,6.94,37.24,37.24,24.580000000000002,24.580000000000002,6.69,6.69,7.4,7.4,29.61,29.61
SWE,VNM,2024,14.180614,SE,SWE,4.81,8.41,29.61,43.0,0.19,0.05,5.21,4.79,8.84,6.76,16.89,18.66,6.55,9.52,33.14,47.86,2.65,4.3,11.24,9.56,0.88,1.46,8.15,17.34,9.91,17.2,41.78,65.77,1.68,3.34,10.74,16.77,8.87,7.47,19.49,32.86,30.81,36.85,67.56,87.87,16.47,2.32,20.69,2.78,53.71,13.15,64.88,14.9,24.8,21.2,5.02,5.16,10.13,23.62,6.94,37.24,24.580000000000002,6.69,7.4,Sweden,2.651875820589676,1.0,1.0,21.2,21.2,24.8,24.8,5.16,5.16,10.13,10.13,23.62,23.62,6.94,6.94,37.24,37.24,24.580000000000002,24.580000000000002,6.69,6.69,7.4,7.4,29.61,29.61
PRT,IND,2024,17.29925,PT,PRT,4.68,2.09,8.32,11.92,0.43,0.03,1.25,0.29,2.31,6.76,8.15,12.21,5.53,5.85,12.98,17.37,3.03,1.51,5.68,4.75,0.47,0.82,1.48,2.99,8.86,11.77,27.17,38.78,2.54,2.98,1.88,5.75,8.58,8.74,6.78,9.94,,29.79,52.45,52.8,10.38,1.06,10.68,2.92,,2.74,25.68,4.74,3.6400000000000006,6.23,0.8200000000000001,1.22,1.3900000000000006,7.130000000000001,4.17,,15.400000000000002,0.66,-1.1,Portugal,2.850663147962826,1.0,1.0,6.23,6.23,3.6400000000000006,3.6400000000000006,1.22,1.22,1.3900000000000006,1.3900000000000006,7.130000000000001,7.130000000000001,4.17,4.17,,,15.400000000000002,15.400000000000002,0.66,0.66,-1.1,-1.1,8.32,8.32
PRT,PHL,2024,8.994071,PT,PRT,4.68,2.09,8.32,11.92,0.43,0.03,1.25,0.29,2.31,6.76,8.15,12.21,5.53,5.85,12.98,17.37,3.03,1.51,5.68,4.75,0.47,0.82,1.48,2.99,8.86,11.77,27.17,38.78,2.54,2.98,1.88,5.75,8.58,8.74,6.78,9.94,,29.79,52.45,52.8,10.38,1.06,10.68,2.92,,2.74,25.68,4.74,3.6400000000000006,6.23,0.8200000000000001,1.22,1.3900000000000006,7.130000000000001,4.17,,15.400000000000002,0.66,-1.1,Portugal,2.1965655824690136,1.0,1.0,6.23,6.23,3.6400000000000006,3.6400000000000006,1.22,1.22,1.3900000000000006,1.3900000000000006,7.130000000000001,7.130000000000001,4.17,4.17,,,15.400000000000002,15.400000000000002,0.66,0.66,-1.1,-1.1,8.32,8.32
PRT,IND,2021,12.773604,PT,PRT,4.68,2.09,8.32,11.92,0.43,0.03,1.25,0.29,2.31,6.76,8.15,12.21,5.53,5.85,12.98,17.37,3.03,1.51,5.68,4.75,0.47,0.82,1.48,2.99,8.86,11.77,27.17,38.78,2.54,2.98,1.88,5.75,8.58,8.74,6.78,9.94,,29.79,52.45,52.8,10.38,1.06,10.68,2.92,,2.74,25.68,4.74,3.6400000000000006,6.23,0.8200000000000001,1.22,1.3900000000000006,7.130000000000001,4.17,,15.400000000000002,0.66,-1.1,Portugal,2.5473808541891687,0.0,0.0,0.0,0.0,0.0,0.0,0.0,0.0,0.0,0.0,0.0,0.0,0.0,0.0,,,0.0,0.0,0.0,0.0,-0.0,-0.0,0.0,0.0
PRT,PHL,2021,4.499203,PT,PRT,4.68,2.09,8.32,11.92,0.43,0.03,1.25,0.29,2.31,6.76,8.15,12.21,5.53,5.85,12.98,17.37,3.03,1.51,5.68,4.75,0.47,0.82,1.48,2.99,8.86,11.77,27.17,38.78,2.54,2.98,1.88,5.75,8.58,8.74,6.78,9.94,,29.79,52.45,52.8,10.38,1.06,10.68,2.92,,2.74,25.68,4.74,3.6400000000000006,6.23,0.8200000000000001,1.22,1.3900000000000006,7.130000000000001,4.17,,15.400000000000002,0.66,-1.1,Portugal,1.503900269979138,0.0,0.0,0.0,0.0,0.0,0.0,0.0,0.0,0.0,0.0,0.0,0.0,0.0,0.0,,,0.0,0.0,0.0,0.0,-0.0,-0.0,0.0,0.0
PRT,VNM,2021,9.905685,PT,PRT,4.68,2.09,8.32,11.92,0.43,0.03,1.25,0.29,2.31,6.76,8.15,12.21,5.53,5.85,12.98,17.37,3.03,1.51,5.68,4.75,0.47,0.82,1.48,2.99,8.86,11.77,27.17,38.78,2.54,2.98,1.88,5.75,8.58,8.74,6.78,9.94,,29.79,52.45,52.8,10.38,1.06,10.68,2.92,,2.74,25.68,4.74,3.6400000000000006,6.23,0.8200000000000001,1.22,1.3900000000000006,7.130000000000001,4.17,,15.400000000000002,0.66,-1.1,Portugal,2.293108834750698,0.0,0.0,0.0,0.0,0.0,0.0,0.0,0.0,0.0,0.0,0.0,0.0,0.0,0.0,,,0.0,0.0,0.0,0.0,-0.0,-0.0,0.0,0.0
PRT,IND,2023,21.149594,PT,PRT,4.68,2.09,8.32,11.92,0.43,0.03,1.25,0.29,2.31,6.76,8.15,12.21,5.53,5.85,12.98,17.37,3.03,1.51,5.68,4.75,0.47,0.82,1.48,2.99,8.86,11.77,27.17,38.78,2.54,2.98,1.88,5.75,8.58,8.74,6.78,9.94,,29.79,52.45,52.8,10.38,1.06,10.68,2.92,,2.74,25.68,4.74,3.6400000000000006,6.23,0.8200000000000001,1.22,1.3900000000000006,7.130000000000001,4.17,,15.400000000000002,0.66,-1.1,Portugal,3.051620709090543,1.0,0.0,6.23,0.0,3.6400000000000006,0.0,1.22,0.0,1.3900000000000006,0.0,7.130000000000001,0.0,4.17,0.0,,,15.400000000000002,0.0,0.66,0.0,-1.1,-0.0,8.32,0.0
PRT,PHL,2023,6.637813,PT,PRT,4.68,2.09,8.32,11.92,0.43,0.03,1.25,0.29,2.31,6.76,8.15,12.21,5.53,5.85,12.98,17.37,3.03,1.51,5.68,4.75,0.47,0.82,1.48,2.99,8.86,11.77,27.17,38.78,2.54,2.98,1.88,5.75,8.58,8.74,6.78,9.94,,29.79,52.45,52.8,10.38,1.06,10.68,2.92,,2.74,25.68,4.74,3.6400000000000006,6.23,0.8200000000000001,1.22,1.3900000000000006,7.130000000000001,4.17,,15.400000000000002,0.66,-1.1,Portugal,1.8927825417650848,1.0,0.0,6.23,0.0,3.6400000000000006,0.0,1.22,0.0,1.3900000000000006,0.0,7.130000000000001,0.0,4.17,0.0,,,15.400000000000002,0.0,0.66,0.0,-1.1,-0.0,8.32,0.0
PRT,VNM,2023,7.577482,PT,PRT,4.68,2.09,8.32,11.92,0.43,0.03,1.25,0.29,2.31,6.76,8.15,12.21,5.53,5.85,12.98,17.37,3.03,1.51,5.68,4.75,0.47,0.82,1.48,2.99,8.86,11.77,27.17,38.78,2.54,2.98,1.88,5.75,8.58,8.74,6.78,9.94,,29.79,52.45,52.8,10.38,1.06,10.68,2.92,,2.74,25.68,4.74,3.6400000000000006,6.23,0.8200000000000001,1.22,1.3900000000000006,7.130000000000001,4.17,,15.400000000000002,0.66,-1.1,Portugal,2.025180954493354,1.0,0.0,6.23,0.0,3.6400000000000006,0.0,1.22,0.0,1.3900000000000006,0.0,7.130000000000001,0.0,4.17,0.0,,,15.400000000000002,0.0,0.66,0.0,-1.1,-0.0,8.32,0.0
PRT,IND,2022,14.331137,PT,PRT,4.68,2.09,8.32,11.92,0.43,0.03,1.25,0.29,2.31,6.76,8.15,12.21,5.53,5.85,12.98,17.37,3.03,1.51,5.68,4.75,0.47,0.82,1.48,2.99,8.86,11.77,27.17,38.78,2.54,2.98,1.88,5.75,8.58,8.74,6.78,9.94,,29.79,52.45,52.8,10.38,1.06,10.68,2.92,,2.74,25.68,4.74,3.6400000000000006,6.23,0.8200000000000001,1.22,1.3900000000000006,7.130000000000001,4.17,,15.400000000000002,0.66,-1.1,Portugal,2.6624345827260054,0.0,0.0,0.0,0.0,0.0,0.0,0.0,0.0,0.0,0.0,0.0,0.0,0.0,0.0,,,0.0,0.0,0.0,0.0,-0.0,-0.0,0.0,0.0
PRT,PHL,2022,6.605662,PT,PRT,4.68,2.09,8.32,11.92,0.43,0.03,1.25,0.29,2.31,6.76,8.15,12.21,5.53,5.85,12.98,17.37,3.03,1.51,5.68,4.75,0.47,0.82,1.48,2.99,8.86,11.77,27.17,38.78,2.54,2.98,1.88,5.75,8.58,8.74,6.78,9.94,,29.79,52.45,52.8,10.38,1.06,10.68,2.92,,2.74,25.68,4.74,3.6400000000000006,6.23,0.8200000000000001,1.22,1.3900000000000006,7.130000000000001,4.17,,15.400000000000002,0.66,-1.1,Portugal,1.8879271600525696,0.0,0.0,0.0,0.0,0.0,0.0,0.0,0.0,0.0,0.0,0.0,0.0,0.0,0.0,,,0.0,0.0,0.0,0.0,-0.0,-0.0,0.0,0.0
PRT,VNM,2022,7.639377,PT,PRT,4.68,2.09,8.32,11.92,0.43,0.03,1.25,0.29,2.31,6.76,8.15,12.21,5.53,5.85,12.98,17.37,3.03,1.51,5.68,4.75,0.47,0.82,1.48,2.99,8.86,11.77,27.17,38.78,2.54,2.98,1.88,5.75,8.58,8.74,6.78,9.94,,29.79,52.45,52.8,10.38,1.06,10.68,2.92,,2.74,25.68,4.74,3.6400000000000006,6.23,0.8200000000000001,1.22,1.3900000000000006,7.130000000000001,4.17,,15.400000000000002,0.66,-1.1,Portugal,2.033316055350878,0.0,0.0,0.0,0.0,0.0,0.0,0.0,0.0,0.0,0.0,0.0,0.0,0.0,0.0,,,0.0,0.0,0.0,0.0,-0.0,-0.0,0.0,0.0
SWE,IND,2019,112.353192,SE,SWE,4.81,8.41,29.61,43.0,0.19,0.05,5.21,4.79,8.84,6.76,16.89,18.66,6.55,9.52,33.14,47.86,2.65,4.3,11.24,9.56,0.88,1.46,8.15,17.34,9.91,17.2,41.78,65.77,1.68,3.34,10.74,16.77,8.87,7.47,19.49,32.86,30.81,36.85,67.56,87.87,16.47,2.32,20.69,2.78,53.71,13.15,64.88,14.9,24.8,21.2,5.02,5.16,10.13,23.62,6.94,37.24,24.580000000000002,6.69,7.4,Sweden,4.721647409442701,0.0,0.0,0.0,0.0,0.0,0.0,0.0,0.0,0.0,0.0,0.0,0.0,0.0,0.0,0.0,0.0,0.0,0.0,0.0,0.0,0.0,0.0,0.0,0.0
SWE,PHL,2019,164.714306,SE,SWE,4.81,8.41,29.61,43.0,0.19,0.05,5.21,4.79,8.84,6.76,16.89,18.66,6.55,9.52,33.14,47.86,2.65,4.3,11.24,9.56,0.88,1.46,8.15,17.34,9.91,17.2,41.78,65.77,1.68,3.34,10.74,16.77,8.87,7.47,19.49,32.86,30.81,36.85,67.56,87.87,16.47,2.32,20.69,2.78,53.71,13.15,64.88,14.9,24.8,21.2,5.02,5.16,10.13,23.62,6.94,37.24,24.580000000000002,6.69,7.4,Sweden,5.10421249437072,0.0,0.0,0.0,0.0,0.0,0.0,0.0,0.0,0.0,0.0,0.0,0.0,0.0,0.0,0.0,0.0,0.0,0.0,0.0,0.0,0.0,0.0,0.0,0.0
SWE,VNM,2019,5.869315,SE,SWE,4.81,8.41,29.61,43.0,0.19,0.05,5.21,4.79,8.84,6.76,16.89,18.66,6.55,9.52,33.14,47.86,2.65,4.3,11.24,9.56,0.88,1.46,8.15,17.34,9.91,17.2,41.78,65.77,1.68,3.34,10.74,16.77,8.87,7.47,19.49,32.86,30.81,36.85,67.56,87.87,16.47,2.32,20.69,2.78,53.71,13.15,64.88,14.9,24.8,21.2,5.02,5.16,10.13,23.62,6.94,37.24,24.580000000000002,6.69,7.4,Sweden,1.7697379319709816,0.0,0.0,0.0,0.0,0.0,0.0,0.0,0.0,0.0,0.0,0.0,0.0,0.0,0.0,0.0,0.0,0.0,0.0,0.0,0.0,0.0,0.0,0.0,0.0
SWE,IND,2021,168.241761,SE,SWE,4.81,8.41,29.61,43.0,0.19,0.05,5.21,4.79,8.84,6.76,16.89,18.66,6.55,9.52,33.14,47.86,2.65,4.3,11.24,9.56,0.88,1.46,8.15,17.34,9.91,17.2,41.78,65.77,1.68,3.34,10.74,16.77,8.87,7.47,19.49,32.86,30.81,36.85,67.56,87.87,16.47,2.32,20.69,2.78,53.71,13.15,64.88,14.9,24.8,21.2,5.02,5.16,10.13,23.62,6.94,37.24,24.580000000000002,6.69,7.4,Sweden,5.125401998529393,0.0,0.0,0.0,0.0,0.0,0.0,0.0,0.0,0.0,0.0,0.0,0.0,0.0,0.0,0.0,0.0,0.0,0.0,0.0,0.0,0.0,0.0,0.0,0.0
SWE,PHL,2021,319.605119,SE,SWE,4.81,8.41,29.61,43.0,0.19,0.05,5.21,4.79,8.84,6.76,16.89,18.66,6.55,9.52,33.14,47.86,2.65,4.3,11.24,9.56,0.88,1.46,8.15,17.34,9.91,17.2,41.78,65.77,1.68,3.34,10.74,16.77,8.87,7.47,19.49,32.86,30.81,36.85,67.56,87.87,16.47,2.32,20.69,2.78,53.71,13.15,64.88,14.9,24.8,21.2,5.02,5.16,10.13,23.62,6.94,37.24,24.580000000000002,6.69,7.4,Sweden,5.767086230659971,0.0,0.0,0.0,0.0,0.0,0.0,0.0,0.0,0.0,0.0,0.0,0.0,0.0,0.0,0.0,0.0,0.0,0.0,0.0,0.0,0.0,0.0,0.0,0.0
SWE,VNM,2021,6.307647,SE,SWE,4.81,8.41,29.61,43.0,0.19,0.05,5.21,4.79,8.84,6.76,16.89,18.66,6.55,9.52,33.14,47.86,2.65,4.3,11.24,9.56,0.88,1.46,8.15,17.34,9.91,17.2,41.78,65.77,1.68,3.34,10.74,16.77,8.87,7.47,19.49,32.86,30.81,36.85,67.56,87.87,16.47,2.32,20.69,2.78,53.71,13.15,64.88,14.9,24.8,21.2,5.02,5.16,10.13,23.62,6.94,37.24,24.580000000000002,6.69,7.4,Sweden,1.8417627068500897,0.0,0.0,0.0,0.0,0.0,0.0,0.0,0.0,0.0,0.0,0.0,0.0,0.0,0.0,0.0,0.0,0.0,0.0,0.0,0.0,0.0,0.0,0.0,0.0
SWE,IND,2020,118.708079,SE,SWE,4.81,8.41,29.61,43.0,0.19,0.05,5.21,4.79,8.84,6.76,16.89,18.66,6.55,9.52,33.14,47.86,2.65,4.3,11.24,9.56,0.88,1.46,8.15,17.34,9.91,17.2,41.78,65.77,1.68,3.34,10.74,16.77,8.87,7.47,19.49,32.86,30.81,36.85,67.56,87.87,16.47,2.32,20.69,2.78,53.71,13.15,64.88,14.9,24.8,21.2,5.02,5.16,10.13,23.62,6.94,37.24,24.580000000000002,6.69,7.4,Sweden,4.776667361641525,0.0,0.0,0.0,0.0,0.0,0.0,0.0,0.0,0.0,0.0,0.0,0.0,0.0,0.0,0.0,0.0,0.0,0.0,0.0,0.0,0.0,0.0,0.0,0.0
SWE,PHL,2020,194.18748,SE,SWE,4.81,8.41,29.61,43.0,0.19,0.05,5.21,4.79,8.84,6.76,16.89,18.66,6.55,9.52,33.14,47.86,2.65,4.3,11.24,9.56,0.88,1.46,8.15,17.34,9.91,17.2,41.78,65.77,1.68,3.34,10.74,16.77,8.87,7.47,19.49,32.86,30.81,36.85,67.56,87.87,16.47,2.32,20.69,2.78,53.71,13.15,64.88,14.9,24.8,21.2,5.02,5.16,10.13,23.62,6.94,37.24,24.580000000000002,6.69,7.4,Sweden,5.26882408416002,0.0,0.0,0.0,0.0,0.0,0.0,0.0,0.0,0.0,0.0,0.0,0.0,0.0,0.0,0.0,0.0,0.0,0.0,0.0,0.0,0.0,0.0,0.0,0.0
SWE,VNM,2020,10.493763,SE,SWE,4.81,8.41,29.61,43.0,0.19,0.05,5.21,4.79,8.84,6.76,16.89,18.66,6.55,9.52,33.14,47.86,2.65,4.3,11.24,9.56,0.88,1.46,8.15,17.34,9.91,17.2,41.78,65.77,1.68,3.34,10.74,16.77,8.87,7.47,19.49,32.86,30.81,36.85,67.56,87.87,16.47,2.32,20.69,2.78,53.71,13.15,64.88,14.9,24.8,21.2,5.02,5.16,10.13,23.62,6.94,37.24,24.580000000000002,6.69,7.4,Sweden,2.350781080675585,0.0,0.0,0.0,0.0,0.0,0.0,0.0,0.0,0.0,0.0,0.0,0.0,0.0,0.0,0.0,0.0,0.0,0.0,0.0,0.0,0.0,0.0,0.0,0.0
SWE,IND,2018,99.611562,SE,SWE,4.81,8.41,29.61,43.0,0.19,0.05,5.21,4.79,8.84,6.76,16.89,18.66,6.55,9.52,33.14,47.86,2.65,4.3,11.24,9.56,0.88,1.46,8.15,17.34,9.91,17.2,41.78,65.77,1.68,3.34,10.74,16.77,8.87,7.47,19.49,32.86,30.81,36.85,67.56,87.87,16.47,2.32,20.69,2.78,53.71,13.15,64.88,14.9,24.8,21.2,5.02,5.16,10.13,23.62,6.94,37.24,24.580000000000002,6.69,7.4,Sweden,4.601278242190637,0.0,0.0,0.0,0.0,0.0,0.0,0.0,0.0,0.0,0.0,0.0,0.0,0.0,0.0,0.0,0.0,0.0,0.0,0.0,0.0,0.0,0.0,0.0,0.0
SWE,PHL,2018,188.400048,SE,SWE,4.81,8.41,29.61,43.0,0.19,0.05,5.21,4.79,8.84,6.76,16.89,18.66,6.55,9.52,33.14,47.86,2.65,4.3,11.24,9.56,0.88,1.46,8.15,17.34,9.91,17.2,41.78,65.77,1.68,3.34,10.74,16.77,8.87,7.47,19.49,32.86,30.81,36.85,67.56,87.87,16.47,2.32,20.69,2.78,53.71,13.15,64.88,14.9,24.8,21.2,5.02,5.16,10.13,23.62,6.94,37.24,24.580000000000002,6.69,7.4,Sweden,5.2385676169193,0.0,0.0,0.0,0.0,0.0,0.0,0.0,0.0,0.0,0.0,0.0,0.0,0.0,0.0,0.0,0.0,0.0,0.0,0.0,0.0,0.0,0.0,0.0,0.0
SWE,VNM,2018,4.973623,SE,SWE,4.81,8.41,29.61,43.0,0.19,0.05,5.21,4.79,8.84,6.76,16.89,18.66,6.55,9.52,33.14,47.86,2.65,4.3,11.24,9.56,0.88,1.46,8.15,17.34,9.91,17.2,41.78,65.77,1.68,3.34,10.74,16.77,8.87,7.47,19.49,32.86,30.81,36.85,67.56,87.87,16.47,2.32,20.69,2.78,53.71,13.15,64.88,14.9,24.8,21.2,5.02,5.16,10.13,23.62,6.94,37.24,24.580000000000002,6.69,7.4,Sweden,1.6041485483792195,0.0,0.0,0.0,0.0,0.0,0.0,0.0,0.0,0.0,0.0,0.0,0.0,0.0,0.0,0.0,0.0,0.0,0.0,0.0,0.0,0.0,0.0,0.0,0.0
SWE,IND,2023,230.433727,SE,SWE,4.81,8.41,29.61,43.0,0.19,0.05,5.21,4.79,8.84,6.76,16.89,18.66,6.55,9.52,33.14,47.86,2.65,4.3,11.24,9.56,0.88,1.46,8.15,17.34,9.91,17.2,41.78,65.77,1.68,3.34,10.74,16.77,8.87,7.47,19.49,32.86,30.81,36.85,67.56,87.87,16.47,2.32,20.69,2.78,53.71,13.15,64.88,14.9,24.8,21.2,5.02,5.16,10.13,23.62,6.94,37.24,24.580000000000002,6.69,7.4,Sweden,5.4399633026571745,1.0,0.0,21.2,0.0,24.8,0.0,5.16,0.0,10.13,0.0,23.62,0.0,6.94,0.0,37.24,0.0,24.580000000000002,0.0,6.69,0.0,7.4,0.0,29.61,0.0
SWE,PHL,2023,41.026502,SE,SWE,4.81,8.41,29.61,43.0,0.19,0.05,5.21,4.79,8.84,6.76,16.89,18.66,6.55,9.52,33.14,47.86,2.65,4.3,11.24,9.56,0.88,1.46,8.15,17.34,9.91,17.2,41.78,65.77,1.68,3.34,10.74,16.77,8.87,7.47,19.49,32.86,30.81,36.85,67.56,87.87,16.47,2.32,20.69,2.78,53.71,13.15,64.88,14.9,24.8,21.2,5.02,5.16,10.13,23.62,6.94,37.24,24.580000000000002,6.69,7.4,Sweden,3.714218248128018,1.0,0.0,21.2,0.0,24.8,0.0,5.16,0.0,10.13,0.0,23.62,0.0,6.94,0.0,37.24,0.0,24.580000000000002,0.0,6.69,0.0,7.4,0.0,29.61,0.0
SWE,VNM,2023,11.502865,SE,SWE,4.81,8.41,29.61,43.0,0.19,0.05,5.21,4.79,8.84,6.76,16.89,18.66,6.55,9.52,33.14,47.86,2.65,4.3,11.24,9.56,0.88,1.46,8.15,17.34,9.91,17.2,41.78,65.77,1.68,3.34,10.74,16.77,8.87,7.47,19.49,32.86,30.81,36.85,67.56,87.87,16.47,2.32,20.69,2.78,53.71,13.15,64.88,14.9,24.8,21.2,5.02,5.16,10.13,23.62,6.94,37.24,24.580000000000002,6.69,7.4,Sweden,2.4425961347761533,1.0,0.0,21.2,0.0,24.8,0.0,5.16,0.0,10.13,0.0,23.62,0.0,6.94,0.0,37.24,0.0,24.580000000000002,0.0,6.69,0.0,7.4,0.0,29.61,0.0
SWE,IND,2022,147.238624,SE,SWE,4.81,8.41,29.61,43.0,0.19,0.05,5.21,4.79,8.84,6.76,16.89,18.66,6.55,9.52,33.14,47.86,2.65,4.3,11.24,9.56,0.88,1.46,8.15,17.34,9.91,17.2,41.78,65.77,1.68,3.34,10.74,16.77,8.87,7.47,19.49,32.86,30.81,36.85,67.56,87.87,16.47,2.32,20.69,2.78,53.71,13.15,64.88,14.9,24.8,21.2,5.02,5.16,10.13,23.62,6.94,37.24,24.580000000000002,6.69,7.4,Sweden,4.992054563180546,0.0,0.0,0.0,0.0,0.0,0.0,0.0,0.0,0.0,0.0,0.0,0.0,0.0,0.0,0.0,0.0,0.0,0.0,0.0,0.0,0.0,0.0,0.0,0.0
SWE,PHL,2022,30.968808,SE,SWE,4.81,8.41,29.61,43.0,0.19,0.05,5.21,4.79,8.84,6.76,16.89,18.66,6.55,9.52,33.14,47.86,2.65,4.3,11.24,9.56,0.88,1.46,8.15,17.34,9.91,17.2,41.78,65.77,1.68,3.34,10.74,16.77,8.87,7.47,19.49,32.86,30.81,36.85,67.56,87.87,16.47,2.32,20.69,2.78,53.71,13.15,64.88,14.9,24.8,21.2,5.02,5.16,10.13,23.62,6.94,37.24,24.580000000000002,6.69,7.4,Sweden,3.4329805043842088,0.0,0.0,0.0,0.0,0.0,0.0,0.0,0.0,0.0,0.0,0.0,0.0,0.0,0.0,0.0,0.0,0.0,0.0,0.0,0.0,0.0,0.0,0.0,0.0
SWE,VNM,2022,9.515195,SE,SWE,4.81,8.41,29.61,43.0,0.19,0.05,5.21,4.79,8.84,6.76,16.89,18.66,6.55,9.52,33.14,47.86,2.65,4.3,11.24,9.56,0.88,1.46,8.15,17.34,9.91,17.2,41.78,65.77,1.68,3.34,10.74,16.77,8.87,7.47,19.49,32.86,30.81,36.85,67.56,87.87,16.47,2.32,20.69,2.78,53.71,13.15,64.88,14.9,24.8,21.2,5.02,5.16,10.13,23.62,6.94,37.24,24.580000000000002,6.69,7.4,Sweden,2.2528899944950247,0.0,0.0,0.0,0.0,0.0,0.0,0.0,0.0,0.0,0.0,0.0,0.0,0.0,0.0,0.0,0.0,0.0,0.0,0.0,0.0,0.0,0.0,0.0,0.0
PRT,IND,2018,15.034076,PT,PRT,4.68,2.09,8.32,11.92,0.43,0.03,1.25,0.29,2.31,6.76,8.15,12.21,5.53,5.85,12.98,17.37,3.03,1.51,5.68,4.75,0.47,0.82,1.48,2.99,8.86,11.77,27.17,38.78,2.54,2.98,1.88,5.75,8.58,8.74,6.78,9.94,,29.79,52.45,52.8,10.38,1.06,10.68,2.92,,2.74,25.68,4.74,3.6400000000000006,6.23,0.8200000000000001,1.22,1.3900000000000006,7.130000000000001,4.17,,15.400000000000002,0.66,-1.1,Portugal,2.7103193579506946,0.0,0.0,0.0,0.0,0.0,0.0,0.0,0.0,0.0,0.0,0.0,0.0,0.0,0.0,,,0.0,0.0,0.0,0.0,-0.0,-0.0,0.0,0.0
PRT,PHL,2018,3.433571,PT,PRT,4.68,2.09,8.32,11.92,0.43,0.03,1.25,0.29,2.31,6.76,8.15,12.21,5.53,5.85,12.98,17.37,3.03,1.51,5.68,4.75,0.47,0.82,1.48,2.99,8.86,11.77,27.17,38.78,2.54,2.98,1.88,5.75,8.58,8.74,6.78,9.94,,29.79,52.45,52.8,10.38,1.06,10.68,2.92,,2.74,25.68,4.74,3.6400000000000006,6.23,0.8200000000000001,1.22,1.3900000000000006,7.130000000000001,4.17,,15.400000000000002,0.66,-1.1,Portugal,1.2336008274726291,0.0,0.0,0.0,0.0,0.0,0.0,0.0,0.0,0.0,0.0,0.0,0.0,0.0,0.0,,,0.0,0.0,0.0,0.0,-0.0,-0.0,0.0,0.0
PRT,VNM,2018,3.568725,PT,PRT,4.68,2.09,8.32,11.92,0.43,0.03,1.25,0.29,2.31,6.76,8.15,12.21,5.53,5.85,12.98,17.37,3.03,1.51,5.68,4.75,0.47,0.82,1.48,2.99,8.86,11.77,27.17,38.78,2.54,2.98,1.88,5.75,8.58,8.74,6.78,9.94,,29.79,52.45,52.8,10.38,1.06,10.68,2.92,,2.74,25.68,4.74,3.6400000000000006,6.23,0.8200000000000001,1.22,1.3900000000000006,7.130000000000001,4.17,,15.400000000000002,0.66,-1.1,Portugal,1.272208389143706,0.0,0.0,0.0,0.0,0.0,0.0,0.0,0.0,0.0,0.0,0.0,0.0,0.0,0.0,,,0.0,0.0,0.0,0.0,-0.0,-0.0,0.0,0.0
PRT,IND,2020,10.665651,PT,PRT,4.68,2.09,8.32,11.92,0.43,0.03,1.25,0.29,2.31,6.76,8.15,12.21,5.53,5.85,12.98,17.37,3.03,1.51,5.68,4.75,0.47,0.82,1.48,2.99,8.86,11.77,27.17,38.78,2.54,2.98,1.88,5.75,8.58,8.74,6.78,9.94,,29.79,52.45,52.8,10.38,1.06,10.68,2.92,,2.74,25.68,4.74,3.6400000000000006,6.23,0.8200000000000001,1.22,1.3900000000000006,7.130000000000001,4.17,,15.400000000000002,0.66,-1.1,Portugal,2.367028390848024,0.0,0.0,0.0,0.0,0.0,0.0,0.0,0.0,0.0,0.0,0.0,0.0,0.0,0.0,,,0.0,0.0,0.0,0.0,-0.0,-0.0,0.0,0.0
PRT,PHL,2020,3.165314,PT,PRT,4.68,2.09,8.32,11.92,0.43,0.03,1.25,0.29,2.31,6.76,8.15,12.21,5.53,5.85,12.98,17.37,3.03,1.51,5.68,4.75,0.47,0.82,1.48,2.99,8.86,11.77,27.17,38.78,2.54,2.98,1.88,5.75,8.58,8.74,6.78,9.94,,29.79,52.45,52.8,10.38,1.06,10.68,2.92,,2.74,25.68,4.74,3.6400000000000006,6.23,0.8200000000000001,1.22,1.3900000000000006,7.130000000000001,4.17,,15.400000000000002,0.66,-1.1,Portugal,1.1522522607857264,0.0,0.0,0.0,0.0,0.0,0.0,0.0,0.0,0.0,0.0,0.0,0.0,0.0,0.0,,,0.0,0.0,0.0,0.0,-0.0,-0.0,0.0,0.0
PRT,VNM,2020,5.751212,PT,PRT,4.68,2.09,8.32,11.92,0.43,0.03,1.25,0.29,2.31,6.76,8.15,12.21,5.53,5.85,12.98,17.37,3.03,1.51,5.68,4.75,0.47,0.82,1.48,2.99,8.86,11.77,27.17,38.78,2.54,2.98,1.88,5.75,8.58,8.74,6.78,9.94,,29.79,52.45,52.8,10.38,1.06,10.68,2.92,,2.74,25.68,4.74,3.6400000000000006,6.23,0.8200000000000001,1.22,1.3900000000000006,7.130000000000001,4.17,,15.400000000000002,0.66,-1.1,Portugal,1.7494106152064217,0.0,0.0,0.0,0.0,0.0,0.0,0.0,0.0,0.0,0.0,0.0,0.0,0.0,0.0,,,0.0,0.0,0.0,0.0,-0.0,-0.0,0.0,0.0
PRT,IND,2019,15.587301,PT,PRT,4.68,2.09,8.32,11.92,0.43,0.03,1.25,0.29,2.31,6.76,8.15,12.21,5.53,5.85,12.98,17.37,3.03,1.51,5.68,4.75,0.47,0.82,1.48,2.99,8.86,11.77,27.17,38.78,2.54,2.98,1.88,5.75,8.58,8.74,6.78,9.94,,29.79,52.45,52.8,10.38,1.06,10.68,2.92,,2.74,25.68,4.74,3.6400000000000006,6.23,0.8200000000000001,1.22,1.3900000000000006,7.130000000000001,4.17,,15.400000000000002,0.66,-1.1,Portugal,2.7464565442847246,0.0,0.0,0.0,0.0,0.0,0.0,0.0,0.0,0.0,0.0,0.0,0.0,0.0,0.0,,,0.0,0.0,0.0,0.0,-0.0,-0.0,0.0,0.0
PRT,PHL,2019,3.265395,PT,PRT,4.68,2.09,8.32,11.92,0.43,0.03,1.25,0.29,2.31,6.76,8.15,12.21,5.53,5.85,12.98,17.37,3.03,1.51,5.68,4.75,0.47,0.82,1.48,2.99,8.86,11.77,27.17,38.78,2.54,2.98,1.88,5.75,8.58,8.74,6.78,9.94,,29.79,52.45,52.8,10.38,1.06,10.68,2.92,,2.74,25.68,4.74,3.6400000000000006,6.23,0.8200000000000001,1.22,1.3900000000000006,7.130000000000001,4.17,,15.400000000000002,0.66,-1.1,Portugal,1.1833807355027768,0.0,0.0,0.0,0.0,0.0,0.0,0.0,0.0,0.0,0.0,0.0,0.0,0.0,0.0,,,0.0,0.0,0.0,0.0,-0.0,-0.0,0.0,0.0
PRT,VNM,2019,4.170331,PT,PRT,4.68,2.09,8.32,11.92,0.43,0.03,1.25,0.29,2.31,6.76,8.15,12.21,5.53,5.85,12.98,17.37,3.03,1.51,5.68,4.75,0.47,0.82,1.48,2.99,8.86,11.77,27.17,38.78,2.54,2.98,1.88,5.75,8.58,8.74,6.78,9.94,,29.79,52.45,52.8,10.38,1.06,10.68,2.92,,2.74,25.68,4.74,3.6400000000000006,6.23,0.8200000000000001,1.22,1.3900000000000006,7.130000000000001,4.17,,15.400000000000002,0.66,-1.1,Portugal,1.4279954091593634,0.0,0.0,0.0,0.0,0.0,0.0,0.0,0.0,0.0,0.0,0.0,0.0,0.0,0.0,,,0.0,0.0,0.0,0.0,-0.0,-0.0,0.0,0.0
HUN,IND,2021,21.238851,HU,HUN,0.69,0.76,4.2,11.37,0.07,0.43,0.43,1.41,0.69,1.11,5.99,4.91,2.06,1.54,9.62,13.14,0.67,1.31,7.43,6.66,0.69,0.72,1.22,2.35,2.36,5.31,20.15,29.48,0.31,1.03,2.13,2.81,4.0,4.24,4.83,7.78,13.09,14.54,32.88,46.05,3.71,0.55,5.24,1.8,17.3,4.27,22.86,4.53,3.5100000000000002,3.4400000000000004,0.36,0.0,4.88,8.079999999999998,6.119999999999999,13.59,14.84,0.5,1.0999999999999999,Hungary,3.0558320988652965,0.0,0.0,0.0,0.0,0.0,0.0,0.0,0.0,0.0,0.0,0.0,0.0,0.0,0.0,0.0,0.0,0.0,0.0,0.0,0.0,0.0,0.0,0.0,0.0
HUN,PHL,2021,12.509408,HU,HUN,0.69,0.76,4.2,11.37,0.07,0.43,0.43,1.41,0.69,1.11,5.99,4.91,2.06,1.54,9.62,13.14,0.67,1.31,7.43,6.66,0.69,0.72,1.22,2.35,2.36,5.31,20.15,29.48,0.31,1.03,2.13,2.81,4.0,4.24,4.83,7.78,13.09,14.54,32.88,46.05,3.71,0.55,5.24,1.8,17.3,4.27,22.86,4.53,3.5100000000000002,3.4400000000000004,0.36,0.0,4.88,8.079999999999998,6.119999999999999,13.59,14.84,0.5,1.0999999999999999,Hungary,2.5264810012168057,0.0,0.0,0.0,0.0,0.0,0.0,0.0,0.0,0.0,0.0,0.0,0.0,0.0,0.0,0.0,0.0,0.0,0.0,0.0,0.0,0.0,0.0,0.0,0.0
HUN,VNM,2021,2.239766,HU,HUN,0.69,0.76,4.2,11.37,0.07,0.43,0.43,1.41,0.69,1.11,5.99,4.91,2.06,1.54,9.62,13.14,0.67,1.31,7.43,6.66,0.69,0.72,1.22,2.35,2.36,5.31,20.15,29.48,0.31,1.03,2.13,2.81,4.0,4.24,4.83,7.78,13.09,14.54,32.88,46.05,3.71,0.55,5.24,1.8,17.3,4.27,22.86,4.53,3.5100000000000002,3.4400000000000004,0.36,0.0,4.88,8.079999999999998,6.119999999999999,13.59,14.84,0.5,1.0999999999999999,Hungary,0.8063713961244606,0.0,0.0,0.0,0.0,0.0,0.0,0.0,0.0,0.0,0.0,0.0,0.0,0.0,0.0,0.0,0.0,0.0,0.0,0.0,0.0,0.0,0.0,0.0,0.0
HUN,IND,2022,19.417447,HU,HUN,0.69,0.76,4.2,11.37,0.07,0.43,0.43,1.41,0.69,1.11,5.99,4.91,2.06,1.54,9.62,13.14,0.67,1.31,7.43,6.66,0.69,0.72,1.22,2.35,2.36,5.31,20.15,29.48,0.31,1.03,2.13,2.81,4.0,4.24,4.83,7.78,13.09,14.54,32.88,46.05,3.71,0.55,5.24,1.8,17.3,4.27,22.86,4.53,3.5100000000000002,3.4400000000000004,0.36,0.0,4.88,8.079999999999998,6.119999999999999,13.59,14.84,0.5,1.0999999999999999,Hungary,2.9661719918113523,0.0,0.0,0.0,0.0,0.0,0.0,0.0,0.0,0.0,0.0,0.0,0.0,0.0,0.0,0.0,0.0,0.0,0.0,0.0,0.0,0.0,0.0,0.0,0.0
HUN,PHL,2022,13.634777,HU,HUN,0.69,0.76,4.2,11.37,0.07,0.43,0.43,1.41,0.69,1.11,5.99,4.91,2.06,1.54,9.62,13.14,0.67,1.31,7.43,6.66,0.69,0.72,1.22,2.35,2.36,5.31,20.15,29.48,0.31,1.03,2.13,2.81,4.0,4.24,4.83,7.78,13.09,14.54,32.88,46.05,3.71,0.55,5.24,1.8,17.3,4.27,22.86,4.53,3.5100000000000002,3.4400000000000004,0.36,0.0,4.88,8.079999999999998,6.119999999999999,13.59,14.84,0.5,1.0999999999999999,Hungary,2.6126236611949776,0.0,0.0,0.0,0.0,0.0,0.0,0.0,0.0,0.0,0.0,0.0,0.0,0.0,0.0,0.0,0.0,0.0,0.0,0.0,0.0,0.0,0.0,0.0,0.0
HUN,VNM,2022,3.793138,HU,HUN,0.69,0.76,4.2,11.37,0.07,0.43,0.43,1.41,0.69,1.11,5.99,4.91,2.06,1.54,9.62,13.14,0.67,1.31,7.43,6.66,0.69,0.72,1.22,2.35,2.36,5.31,20.15,29.48,0.31,1.03,2.13,2.81,4.0,4.24,4.83,7.78,13.09,14.54,32.88,46.05,3.71,0.55,5.24,1.8,17.3,4.27,22.86,4.53,3.5100000000000002,3.4400000000000004,0.36,0.0,4.88,8.079999999999998,6.119999999999999,13.59,14.84,0.5,1.0999999999999999,Hungary,1.3331936448553638,0.0,0.0,0.0,0.0,0.0,0.0,0.0,0.0,0.0,0.0,0.0,0.0,0.0,0.0,0.0,0.0,0.0,0.0,0.0,0.0,0.0,0.0,0.0,0.0
HUN,IND,2023,17.975298,HU,HUN,0.69,0.76,4.2,11.37,0.07,0.43,0.43,1.41,0.69,1.11,5.99,4.91,2.06,1.54,9.62,13.14,0.67,1.31,7.43,6.66,0.69,0.72,1.22,2.35,2.36,5.31,20.15,29.48,0.31,1.03,2.13,2.81,4.0,4.24,4.83,7.78,13.09,14.54,32.88,46.05,3.71,0.55,5.24,1.8,17.3,4.27,22.86,4.53,3.5100000000000002,3.4400000000000004,0.36,0.0,4.88,8.079999999999998,6.119999999999999,13.59,14.84,0.5,1.0999999999999999,Hungary,2.88899848205105,1.0,0.0,3.4400000000000004,0.0,3.5100000000000002,0.0,0.0,0.0,4.88,0.0,8.079999999999998,0.0,6.119999999999999,0.0,13.59,0.0,14.84,0.0,0.5,0.0,1.0999999999999999,0.0,4.2,0.0
HUN,PHL,2023,16.608149,HU,HUN,0.69,0.76,4.2,11.37,0.07,0.43,0.43,1.41,0.69,1.11,5.99,4.91,2.06,1.54,9.62,13.14,0.67,1.31,7.43,6.66,0.69,0.72,1.22,2.35,2.36,5.31,20.15,29.48,0.31,1.03,2.13,2.81,4.0,4.24,4.83,7.78,13.09,14.54,32.88,46.05,3.71,0.55,5.24,1.8,17.3,4.27,22.86,4.53,3.5100000000000002,3.4400000000000004,0.36,0.0,4.88,8.079999999999998,6.119999999999999,13.59,14.84,0.5,1.0999999999999999,Hungary,2.8098934785231955,1.0,0.0,3.4400000000000004,0.0,3.5100000000000002,0.0,0.0,0.0,4.88,0.0,8.079999999999998,0.0,6.119999999999999,0.0,13.59,0.0,14.84,0.0,0.5,0.0,1.0999999999999999,0.0,4.2,0.0
HUN,VNM,2023,2.661481,HU,HUN,0.69,0.76,4.2,11.37,0.07,0.43,0.43,1.41,0.69,1.11,5.99,4.91,2.06,1.54,9.62,13.14,0.67,1.31,7.43,6.66,0.69,0.72,1.22,2.35,2.36,5.31,20.15,29.48,0.31,1.03,2.13,2.81,4.0,4.24,4.83,7.78,13.09,14.54,32.88,46.05,3.71,0.55,5.24,1.8,17.3,4.27,22.86,4.53,3.5100000000000002,3.4400000000000004,0.36,0.0,4.88,8.079999999999998,6.119999999999999,13.59,14.84,0.5,1.0999999999999999,Hungary,0.9788827347737076,1.0,0.0,3.4400000000000004,0.0,3.5100000000000002,0.0,0.0,0.0,4.88,0.0,8.079999999999998,0.0,6.119999999999999,0.0,13.59,0.0,14.84,0.0,0.5,0.0,1.0999999999999999,0.0,4.2,0.0
HUN,IND,2019,24.793576,HU,HUN,0.69,0.76,4.2,11.37,0.07,0.43,0.43,1.41,0.69,1.11,5.99,4.91,2.06,1.54,9.62,13.14,0.67,1.31,7.43,6.66,0.69,0.72,1.22,2.35,2.36,5.31,20.15,29.48,0.31,1.03,2.13,2.81,4.0,4.24,4.83,7.78,13.09,14.54,32.88,46.05,3.71,0.55,5.24,1.8,17.3,4.27,22.86,4.53,3.5100000000000002,3.4400000000000004,0.36,0.0,4.88,8.079999999999998,6.119999999999999,13.59,14.84,0.5,1.0999999999999999,Hungary,3.210584587358222,0.0,0.0,0.0,0.0,0.0,0.0,0.0,0.0,0.0,0.0,0.0,0.0,0.0,0.0,0.0,0.0,0.0,0.0,0.0,0.0,0.0,0.0,0.0,0.0
HUN,PHL,2019,6.957008,HU,HUN,0.69,0.76,4.2,11.37,0.07,0.43,0.43,1.41,0.69,1.11,5.99,4.91,2.06,1.54,9.62,13.14,0.67,1.31,7.43,6.66,0.69,0.72,1.22,2.35,2.36,5.31,20.15,29.48,0.31,1.03,2.13,2.81,4.0,4.24,4.83,7.78,13.09,14.54,32.88,46.05,3.71,0.55,5.24,1.8,17.3,4.27,22.86,4.53,3.5100000000000002,3.4400000000000004,0.36,0.0,4.88,8.079999999999998,6.119999999999999,13.59,14.84,0.5,1.0999999999999999,Hungary,1.939749496861786,0.0,0.0,0.0,0.0,0.0,0.0,0.0,0.0,0.0,0.0,0.0,0.0,0.0,0.0,0.0,0.0,0.0,0.0,0.0,0.0,0.0,0.0,0.0,0.0
HUN,VNM,2019,1.650728,HU,HUN,0.69,0.76,4.2,11.37,0.07,0.43,0.43,1.41,0.69,1.11,5.99,4.91,2.06,1.54,9.62,13.14,0.67,1.31,7.43,6.66,0.69,0.72,1.22,2.35,2.36,5.31,20.15,29.48,0.31,1.03,2.13,2.81,4.0,4.24,4.83,7.78,13.09,14.54,32.88,46.05,3.71,0.55,5.24,1.8,17.3,4.27,22.86,4.53,3.5100000000000002,3.4400000000000004,0.36,0.0,4.88,8.079999999999998,6.119999999999999,13.59,14.84,0.5,1.0999999999999999,Hungary,0.5012164027282539,0.0,0.0,0.0,0.0,0.0,0.0,0.0,0.0,0.0,0.0,0.0,0.0,0.0,0.0,0.0,0.0,0.0,0.0,0.0,0.0,0.0,0.0,0.0,0.0
HUN,IND,2018,30.973531,HU,HUN,0.69,0.76,4.2,11.37,0.07,0.43,0.43,1.41,0.69,1.11,5.99,4.91,2.06,1.54,9.62,13.14,0.67,1.31,7.43,6.66,0.69,0.72,1.22,2.35,2.36,5.31,20.15,29.48,0.31,1.03,2.13,2.81,4.0,4.24,4.83,7.78,13.09,14.54,32.88,46.05,3.71,0.55,5.24,1.8,17.3,4.27,22.86,4.53,3.5100000000000002,3.4400000000000004,0.36,0.0,4.88,8.079999999999998,6.119999999999999,13.59,14.84,0.5,1.0999999999999999,Hungary,3.4331330010475707,0.0,0.0,0.0,0.0,0.0,0.0,0.0,0.0,0.0,0.0,0.0,0.0,0.0,0.0,0.0,0.0,0.0,0.0,0.0,0.0,0.0,0.0,0.0,0.0
HUN,PHL,2018,4.232279,HU,HUN,0.69,0.76,4.2,11.37,0.07,0.43,0.43,1.41,0.69,1.11,5.99,4.91,2.06,1.54,9.62,13.14,0.67,1.31,7.43,6.66,0.69,0.72,1.22,2.35,2.36,5.31,20.15,29.48,0.31,1.03,2.13,2.81,4.0,4.24,4.83,7.78,13.09,14.54,32.88,46.05,3.71,0.55,5.24,1.8,17.3,4.27,22.86,4.53,3.5100000000000002,3.4400000000000004,0.36,0.0,4.88,8.079999999999998,6.119999999999999,13.59,14.84,0.5,1.0999999999999999,Hungary,1.4427406186589493,0.0,0.0,0.0,0.0,0.0,0.0,0.0,0.0,0.0,0.0,0.0,0.0,0.0,0.0,0.0,0.0,0.0,0.0,0.0,0.0,0.0,0.0,0.0,0.0
HUN,VNM,2018,1.65264,HU,HUN,0.69,0.76,4.2,11.37,0.07,0.43,0.43,1.41,0.69,1.11,5.99,4.91,2.06,1.54,9.62,13.14,0.67,1.31,7.43,6.66,0.69,0.72,1.22,2.35,2.36,5.31,20.15,29.48,0.31,1.03,2.13,2.81,4.0,4.24,4.83,7.78,13.09,14.54,32.88,46.05,3.71,0.55,5.24,1.8,17.3,4.27,22.86,4.53,3.5100000000000002,3.4400000000000004,0.36,0.0,4.88,8.079999999999998,6.119999999999999,13.59,14.84,0.5,1.0999999999999999,Hungary,0.5023740092761864,0.0,0.0,0.0,0.0,0.0,0.0,0.0,0.0,0.0,0.0,0.0,0.0,0.0,0.0,0.0,0.0,0.0,0.0,0.0,0.0,0.0,0.0,0.0,0.0
HUN,IND,2024,16.226141,HU,HUN,0.69,0.76,4.2,11.37,0.07,0.43,0.43,1.41,0.69,1.11,5.99,4.91,2.06,1.54,9.62,13.14,0.67,1.31,7.43,6.66,0.69,0.72,1.22,2.35,2.36,5.31,20.15,29.48,0.31,1.03,2.13,2.81,4.0,4.24,4.83,7.78,13.09,14.54,32.88,46.05,3.71,0.55,5.24,1.8,17.3,4.27,22.86,4.53,3.5100000000000002,3.4400000000000004,0.36,0.0,4.88,8.079999999999998,6.119999999999999,13.59,14.84,0.5,1.0999999999999999,Hungary,2.7866235836922972,1.0,1.0,3.4400000000000004,3.4400000000000004,3.5100000000000002,3.5100000000000002,0.0,0.0,4.88,4.88,8.079999999999998,8.079999999999998,6.119999999999999,6.119999999999999,13.59,13.59,14.84,14.84,0.5,0.5,1.0999999999999999,1.0999999999999999,4.2,4.2
HUN,PHL,2024,19.97784,HU,HUN,0.69,0.76,4.2,11.37,0.07,0.43,0.43,1.41,0.69,1.11,5.99,4.91,2.06,1.54,9.62,13.14,0.67,1.31,7.43,6.66,0.69,0.72,1.22,2.35,2.36,5.31,20.15,29.48,0.31,1.03,2.13,2.81,4.0,4.24,4.83,7.78,13.09,14.54,32.88,46.05,3.71,0.55,5.24,1.8,17.3,4.27,22.86,4.53,3.5100000000000002,3.4400000000000004,0.36,0.0,4.88,8.079999999999998,6.119999999999999,13.59,14.84,0.5,1.0999999999999999,Hungary,2.9946236592681967,1.0,1.0,3.4400000000000004,3.4400000000000004,3.5100000000000002,3.5100000000000002,0.0,0.0,4.88,4.88,8.079999999999998,8.079999999999998,6.119999999999999,6.119999999999999,13.59,13.59,14.84,14.84,0.5,0.5,1.0999999999999999,1.0999999999999999,4.2,4.2
HUN,VNM,2024,3.619509,HU,HUN,0.69,0.76,4.2,11.37,0.07,0.43,0.43,1.41,0.69,1.11,5.99,4.91,2.06,1.54,9.62,13.14,0.67,1.31,7.43,6.66,0.69,0.72,1.22,2.35,2.36,5.31,20.15,29.48,0.31,1.03,2.13,2.81,4.0,4.24,4.83,7.78,13.09,14.54,32.88,46.05,3.71,0.55,5.24,1.8,17.3,4.27,22.86,4.53,3.5100000000000002,3.4400000000000004,0.36,0.0,4.88,8.079999999999998,6.119999999999999,13.59,14.84,0.5,1.0999999999999999,Hungary,1.2863383812792564,1.0,1.0,3.4400000000000004,3.4400000000000004,3.5100000000000002,3.5100000000000002,0.0,0.0,4.88,4.88,8.079999999999998,8.079999999999998,6.119999999999999,6.119999999999999,13.59,13.59,14.84,14.84,0.5,0.5,1.0999999999999999,1.0999999999999999,4.2,4.2
HUN,IND,2020,23.86143,HU,HUN,0.69,0.76,4.2,11.37,0.07,0.43,0.43,1.41,0.69,1.11,5.99,4.91,2.06,1.54,9.62,13.14,0.67,1.31,7.43,6.66,0.69,0.72,1.22,2.35,2.36,5.31,20.15,29.48,0.31,1.03,2.13,2.81,4.0,4.24,4.83,7.78,13.09,14.54,32.88,46.05,3.71,0.55,5.24,1.8,17.3,4.27,22.86,4.53,3.5100000000000002,3.4400000000000004,0.36,0.0,4.88,8.079999999999998,6.119999999999999,13.59,14.84,0.5,1.0999999999999999,Hungary,3.1722633478160254,0.0,0.0,0.0,0.0,0.0,0.0,0.0,0.0,0.0,0.0,0.0,0.0,0.0,0.0,0.0,0.0,0.0,0.0,0.0,0.0,0.0,0.0,0.0,0.0
HUN,PHL,2020,8.706761,HU,HUN,0.69,0.76,4.2,11.37,0.07,0.43,0.43,1.41,0.69,1.11,5.99,4.91,2.06,1.54,9.62,13.14,0.67,1.31,7.43,6.66,0.69,0.72,1.22,2.35,2.36,5.31,20.15,29.48,0.31,1.03,2.13,2.81,4.0,4.24,4.83,7.78,13.09,14.54,32.88,46.05,3.71,0.55,5.24,1.8,17.3,4.27,22.86,4.53,3.5100000000000002,3.4400000000000004,0.36,0.0,4.88,8.079999999999998,6.119999999999999,13.59,14.84,0.5,1.0999999999999999,Hungary,2.1640998502909214,0.0,0.0,0.0,0.0,0.0,0.0,0.0,0.0,0.0,0.0,0.0,0.0,0.0,0.0,0.0,0.0,0.0,0.0,0.0,0.0,0.0,0.0,0.0,0.0
HUN,VNM,2020,1.921133,HU,HUN,0.69,0.76,4.2,11.37,0.07,0.43,0.43,1.41,0.69,1.11,5.99,4.91,2.06,1.54,9.62,13.14,0.67,1.31,7.43,6.66,0.69,0.72,1.22,2.35,2.36,5.31,20.15,29.48,0.31,1.03,2.13,2.81,4.0,4.24,4.83,7.78,13.09,14.54,32.88,46.05,3.71,0.55,5.24,1.8,17.3,4.27,22.86,4.53,3.5100000000000002,3.4400000000000004,0.36,0.0,4.88,8.079999999999998,6.119999999999999,13.59,14.84,0.5,1.0999999999999999,Hungary,0.6529151161633587,0.0,0.0,0.0,0.0,0.0,0.0,0.0,0.0,0.0,0.0,0.0,0.0,0.0,0.0,0.0,0.0,0.0,0.0,0.0,0.0,0.0,0.0,0.0,0.0
PRT,VNM,2024,8.424552,PT,PRT,4.68,2.09,8.32,11.92,0.43,0.03,1.25,0.29,2.31,6.76,8.15,12.21,5.53,5.85,12.98,17.37,3.03,1.51,5.68,4.75,0.47,0.82,1.48,2.99,8.86,11.77,27.17,38.78,2.54,2.98,1.88,5.75,8.58,8.74,6.78,9.94,,29.79,52.45,52.8,10.38,1.06,10.68,2.92,,2.74,25.68,4.74,3.6400000000000006,6.23,0.8200000000000001,1.22,1.3900000000000006,7.130000000000001,4.17,,15.400000000000002,0.66,-1.1,Portugal,2.1311502997503973,1.0,1.0,6.23,6.23,3.6400000000000006,3.6400000000000006,1.22,1.22,1.3900000000000006,1.3900000000000006,7.130000000000001,7.130000000000001,4.17,4.17,,,15.400000000000002,15.400000000000002,0.66,0.66,-1.1,-1.1,8.32,8.32
GRC,IND,2024,15.086611,EL,GRC,0.65,1.8,7.23,13.95,0.0,0.3,1.84,1.75,2.95,3.37,9.59,12.86,2.75,3.83,13.13,24.0,0.5,2.15,4.31,6.38,0.17,0.95,1.37,2.54,1.91,5.92,14.98,27.45,0.0,1.14,6.9,7.19,5.35,5.19,7.48,7.77,11.16,17.5,25.63,43.93,9.2,2.82,8.67,3.4,21.02,5.17,30.81,6.96,6.58,5.430000000000001,1.84,1.54,6.22,9.3,2.1599999999999997,11.82,9.06,0.42000000000000015,5.760000000000001,Greece,2.713807661738163,1.0,1.0,5.430000000000001,5.430000000000001,6.58,6.58,1.54,1.54,6.22,6.22,9.3,9.3,2.1599999999999997,2.1599999999999997,11.82,11.82,9.06,9.06,0.42000000000000015,0.42000000000000015,5.760000000000001,5.760000000000001,7.23,7.23
GRC,PHL,2024,9.259243,EL,GRC,0.65,1.8,7.23,13.95,0.0,0.3,1.84,1.75,2.95,3.37,9.59,12.86,2.75,3.83,13.13,24.0,0.5,2.15,4.31,6.38,0.17,0.95,1.37,2.54,1.91,5.92,14.98,27.45,0.0,1.14,6.9,7.19,5.35,5.19,7.48,7.77,11.16,17.5,25.63,43.93,9.2,2.82,8.67,3.4,21.02,5.17,30.81,6.96,6.58,5.430000000000001,1.84,1.54,6.22,9.3,2.1599999999999997,11.82,9.06,0.42000000000000015,5.760000000000001,Greece,2.2256222958563754,1.0,1.0,5.430000000000001,5.430000000000001,6.58,6.58,1.54,1.54,6.22,6.22,9.3,9.3,2.1599999999999997,2.1599999999999997,11.82,11.82,9.06,9.06,0.42000000000000015,0.42000000000000015,5.760000000000001,5.760000000000001,7.23,7.23
GRC,VNM,2024,1.450527,EL,GRC,0.65,1.8,7.23,13.95,0.0,0.3,1.84,1.75,2.95,3.37,9.59,12.86,2.75,3.83,13.13,24.0,0.5,2.15,4.31,6.38,0.17,0.95,1.37,2.54,1.91,5.92,14.98,27.45,0.0,1.14,6.9,7.19,5.35,5.19,7.48,7.77,11.16,17.5,25.63,43.93,9.2,2.82,8.67,3.4,21.02,5.17,30.81,6.96,6.58,5.430000000000001,1.84,1.54,6.22,9.3,2.1599999999999997,11.82,9.06,0.42000000000000015,5.760000000000001,Greece,0.37192693867701926,1.0,1.0,5.430000000000001,5.430000000000001,6.58,6.58,1.54,1.54,6.22,6.22,9.3,9.3,2.1599999999999997,2.1599999999999997,11.82,11.82,9.06,9.06,0.42000000000000015,0.42000000000000015,5.760000000000001,5.760000000000001,7.23,7.23
GRC,PHL,2022,6.592637,EL,GRC,0.65,1.8,7.23,13.95,0.0,0.3,1.84,1.75,2.95,3.37,9.59,12.86,2.75,3.83,13.13,24.0,0.5,2.15,4.31,6.38,0.17,0.95,1.37,2.54,1.91,5.92,14.98,27.45,0.0,1.14,6.9,7.19,5.35,5.19,7.48,7.77,11.16,17.5,25.63,43.93,9.2,2.82,8.67,3.4,21.02,5.17,30.81,6.96,6.58,5.430000000000001,1.84,1.54,6.22,9.3,2.1599999999999997,11.82,9.06,0.42000000000000015,5.760000000000001,Greece,1.8859534202201258,0.0,0.0,0.0,0.0,0.0,0.0,0.0,0.0,0.0,0.0,0.0,0.0,0.0,0.0,0.0,0.0,0.0,0.0,0.0,0.0,0.0,0.0,0.0,0.0
GRC,VNM,2022,1.228789,EL,GRC,0.65,1.8,7.23,13.95,0.0,0.3,1.84,1.75,2.95,3.37,9.59,12.86,2.75,3.83,13.13,24.0,0.5,2.15,4.31,6.38,0.17,0.95,1.37,2.54,1.91,5.92,14.98,27.45,0.0,1.14,6.9,7.19,5.35,5.19,7.48,7.77,11.16,17.5,25.63,43.93,9.2,2.82,8.67,3.4,21.02,5.17,30.81,6.96,6.58,5.430000000000001,1.84,1.54,6.22,9.3,2.1599999999999997,11.82,9.06,0.42000000000000015,5.760000000000001,Greece,0.20602913154828612,0.0,0.0,0.0,0.0,0.0,0.0,0.0,0.0,0.0,0.0,0.0,0.0,0.0,0.0,0.0,0.0,0.0,0.0,0.0,0.0,0.0,0.0,0.0,0.0
GRC,IND,2023,11.340853,EL,GRC,0.65,1.8,7.23,13.95,0.0,0.3,1.84,1.75,2.95,3.37,9.59,12.86,2.75,3.83,13.13,24.0,0.5,2.15,4.31,6.38,0.17,0.95,1.37,2.54,1.91,5.92,14.98,27.45,0.0,1.14,6.9,7.19,5.35,5.19,7.48,7.77,11.16,17.5,25.63,43.93,9.2,2.82,8.67,3.4,21.02,5.17,30.81,6.96,6.58,5.430000000000001,1.84,1.54,6.22,9.3,2.1599999999999997,11.82,9.06,0.42000000000000015,5.760000000000001,Greece,2.428411515929243,1.0,0.0,5.430000000000001,0.0,6.58,0.0,1.54,0.0,6.22,0.0,9.3,0.0,2.1599999999999997,0.0,11.82,0.0,9.06,0.0,0.42000000000000015,0.0,5.760000000000001,0.0,7.23,0.0
GRC,PHL,2023,5.087745,EL,GRC,0.65,1.8,7.23,13.95,0.0,0.3,1.84,1.75,2.95,3.37,9.59,12.86,2.75,3.83,13.13,24.0,0.5,2.15,4.31,6.38,0.17,0.95,1.37,2.54,1.91,5.92,14.98,27.45,0.0,1.14,6.9,7.19,5.35,5.19,7.48,7.77,11.16,17.5,25.63,43.93,9.2,2.82,8.67,3.4,21.02,5.17,30.81,6.96,6.58,5.430000000000001,1.84,1.54,6.22,9.3,2.1599999999999997,11.82,9.06,0.42000000000000015,5.760000000000001,Greece,1.6268347068573477,1.0,0.0,5.430000000000001,0.0,6.58,0.0,1.54,0.0,6.22,0.0,9.3,0.0,2.1599999999999997,0.0,11.82,0.0,9.06,0.0,0.42000000000000015,0.0,5.760000000000001,0.0,7.23,0.0
GRC,VNM,2023,1.253415,EL,GRC,0.65,1.8,7.23,13.95,0.0,0.3,1.84,1.75,2.95,3.37,9.59,12.86,2.75,3.83,13.13,24.0,0.5,2.15,4.31,6.38,0.17,0.95,1.37,2.54,1.91,5.92,14.98,27.45,0.0,1.14,6.9,7.19,5.35,5.19,7.48,7.77,11.16,17.5,25.63,43.93,9.2,2.82,8.67,3.4,21.02,5.17,30.81,6.96,6.58,5.430000000000001,1.84,1.54,6.22,9.3,2.1599999999999997,11.82,9.06,0.42000000000000015,5.760000000000001,Greece,0.22587182618536863,1.0,0.0,5.430000000000001,0.0,6.58,0.0,1.54,0.0,6.22,0.0,9.3,0.0,2.1599999999999997,0.0,11.82,0.0,9.06,0.0,0.42000000000000015,0.0,5.760000000000001,0.0,7.23,0.0
CZE,IND,2019,39.034942,CZ,CZE,3.49,0.45,10.71,25.19,0.0,0.0,1.14,5.85,2.65,3.55,10.65,14.0,3.61,5.68,11.44,12.32,1.39,2.25,2.96,3.13,0.33,0.39,4.05,10.03,4.61,6.65,27.29,51.71,0.21,1.1,4.16,8.96,4.19,6.01,9.55,16.73,21.22,24.76,46.49,60.49,9.28,0.35,9.42,1.34,22.09,2.35,33.31,7.84,7.220000000000001,10.260000000000002,1.14,1.14,7.1000000000000005,5.76,0.71,12.81,20.64,3.6599999999999997,3.06,Czechia,3.6644571937251147,0.0,0.0,0.0,0.0,0.0,0.0,0.0,0.0,0.0,0.0,0.0,0.0,0.0,0.0,0.0,0.0,0.0,0.0,0.0,0.0,0.0,0.0,0.0,0.0
CZE,PHL,2019,8.016184,CZ,CZE,3.49,0.45,10.71,25.19,0.0,0.0,1.14,5.85,2.65,3.55,10.65,14.0,3.61,5.68,11.44,12.32,1.39,2.25,2.96,3.13,0.33,0.39,4.05,10.03,4.61,6.65,27.29,51.71,0.21,1.1,4.16,8.96,4.19,6.01,9.55,16.73,21.22,24.76,46.49,60.49,9.28,0.35,9.42,1.34,22.09,2.35,33.31,7.84,7.220000000000001,10.260000000000002,1.14,1.14,7.1000000000000005,5.76,0.71,12.81,20.64,3.6599999999999997,3.06,Czechia,2.0814624981708842,0.0,0.0,0.0,0.0,0.0,0.0,0.0,0.0,0.0,0.0,0.0,0.0,0.0,0.0,0.0,0.0,0.0,0.0,0.0,0.0,0.0,0.0,0.0,0.0
CZE,VNM,2019,2.327006,CZ,CZE,3.49,0.45,10.71,25.19,0.0,0.0,1.14,5.85,2.65,3.55,10.65,14.0,3.61,5.68,11.44,12.32,1.39,2.25,2.96,3.13,0.33,0.39,4.05,10.03,4.61,6.65,27.29,51.71,0.21,1.1,4.16,8.96,4.19,6.01,9.55,16.73,21.22,24.76,46.49,60.49,9.28,0.35,9.42,1.34,22.09,2.35,33.31,7.84,7.220000000000001,10.260000000000002,1.14,1.14,7.1000000000000005,5.76,0.71,12.81,20.64,3.6599999999999997,3.06,Czechia,0.84458246274399,0.0,0.0,0.0,0.0,0.0,0.0,0.0,0.0,0.0,0.0,0.0,0.0,0.0,0.0,0.0,0.0,0.0,0.0,0.0,0.0,0.0,0.0,0.0,0.0
BEL,PHL,2023,27.686127,BE,BEL,6.59,8.19,19.45,25.41,0.47,2.4,5.33,4.88,10.92,12.16,15.57,24.57,8.7,16.45,28.95,42.9,8.5,7.56,12.15,8.7,0.56,2.4,12.28,17.72,9.01,18.82,39.3,,1.27,3.93,6.55,10.05,10.42,15.31,23.24,39.8,34.76,,64.12,78.15,20.24,8.3,28.28,5.17,42.92,11.08,57.11,20.25,12.86,11.26,4.86,2.93,3.41,12.5,4.590000000000001,22.680000000000003,20.479999999999997,9.879999999999999,2.6199999999999997,Belgium,3.3209314574109854,1.0,0.0,11.26,0.0,12.86,0.0,2.93,0.0,3.41,0.0,12.5,0.0,4.590000000000001,0.0,22.680000000000003,0.0,20.479999999999997,0.0,9.879999999999999,0.0,2.6199999999999997,0.0,19.45,0.0
BEL,VNM,2023,11.533025,BE,BEL,6.59,8.19,19.45,25.41,0.47,2.4,5.33,4.88,10.92,12.16,15.57,24.57,8.7,16.45,28.95,42.9,8.5,7.56,12.15,8.7,0.56,2.4,12.28,17.72,9.01,18.82,39.3,,1.27,3.93,6.55,10.05,10.42,15.31,23.24,39.8,34.76,,64.12,78.15,20.24,8.3,28.28,5.17,42.92,11.08,57.11,20.25,12.86,11.26,4.86,2.93,3.41,12.5,4.590000000000001,22.680000000000003,20.479999999999997,9.879999999999999,2.6199999999999997,Belgium,2.44521465893416,1.0,0.0,11.26,0.0,12.86,0.0,2.93,0.0,3.41,0.0,12.5,0.0,4.590000000000001,0.0,22.680000000000003,0.0,20.479999999999997,0.0,9.879999999999999,0.0,2.6199999999999997,0.0,19.45,0.0
BEL,IND,2024,115.695319,BE,BEL,6.59,8.19,19.45,25.41,0.47,2.4,5.33,4.88,10.92,12.16,15.57,24.57,8.7,16.45,28.95,42.9,8.5,7.56,12.15,8.7,0.56,2.4,12.28,17.72,9.01,18.82,39.3,,1.27,3.93,6.55,10.05,10.42,15.31,23.24,39.8,34.76,,64.12,78.15,20.24,8.3,28.28,5.17,42.92,11.08,57.11,20.25,12.86,11.26,4.86,2.93,3.41,12.5,4.590000000000001,22.680000000000003,20.479999999999997,9.879999999999999,2.6199999999999997,Belgium,4.750960175299936,1.0,1.0,11.26,11.26,12.86,12.86,2.93,2.93,3.41,3.41,12.5,12.5,4.590000000000001,4.590000000000001,22.680000000000003,22.680000000000003,20.479999999999997,20.479999999999997,9.879999999999999,9.879999999999999,2.6199999999999997,2.6199999999999997,19.45,19.45
BEL,PHL,2024,34.510783,BE,BEL,6.59,8.19,19.45,25.41,0.47,2.4,5.33,4.88,10.92,12.16,15.57,24.57,8.7,16.45,28.95,42.9,8.5,7.56,12.15,8.7,0.56,2.4,12.28,17.72,9.01,18.82,39.3,,1.27,3.93,6.55,10.05,10.42,15.31,23.24,39.8,34.76,,64.12,78.15,20.24,8.3,28.28,5.17,42.92,11.08,57.11,20.25,12.86,11.26,4.86,2.93,3.41,12.5,4.590000000000001,22.680000000000003,20.479999999999997,9.879999999999999,2.6199999999999997,Belgium,3.541271825928149,1.0,1.0,11.26,11.26,12.86,12.86,2.93,2.93,3.41,3.41,12.5,12.5,4.590000000000001,4.590000000000001,22.680000000000003,22.680000000000003,20.479999999999997,20.479999999999997,9.879999999999999,9.879999999999999,2.6199999999999997,2.6199999999999997,19.45,19.45
BEL,VNM,2024,11.801121,BE,BEL,6.59,8.19,19.45,25.41,0.47,2.4,5.33,4.88,10.92,12.16,15.57,24.57,8.7,16.45,28.95,42.9,8.5,7.56,12.15,8.7,0.56,2.4,12.28,17.72,9.01,18.82,39.3,,1.27,3.93,6.55,10.05,10.42,15.31,23.24,39.8,34.76,,64.12,78.15,20.24,8.3,28.28,5.17,42.92,11.08,57.11,20.25,12.86,11.26,4.86,2.93,3.41,12.5,4.590000000000001,22.680000000000003,20.479999999999997,9.879999999999999,2.6199999999999997,Belgium,2.468194526959405,1.0,1.0,11.26,11.26,12.86,12.86,2.93,2.93,3.41,3.41,12.5,12.5,4.590000000000001,4.590000000000001,22.680000000000003,22.680000000000003,20.479999999999997,20.479999999999997,9.879999999999999,9.879999999999999,2.6199999999999997,2.6199999999999997,19.45,19.45
DNK,IND,2020,79.858753,DK,DNK,10.56,8.37,34.06,49.96,1.34,1.26,6.79,14.98,19.45,12.77,21.95,17.83,15.79,9.15,28.18,48.54,7.5,4.96,8.57,9.95,3.63,3.13,12.06,26.24,15.14,22.0,51.97,62.74,3.55,1.44,17.69,24.8,27.28,14.8,21.75,38.55,54.75,44.31,68.3,79.08,39.22,8.87,23.58,3.23,44.9,11.7,63.71,23.93,23.5,25.690000000000005,5.45,5.53,9.18,19.03,3.6100000000000003,5.68,29.97,8.93,16.25,Denmark,4.380259486687217,0.0,0.0,0.0,0.0,0.0,0.0,0.0,0.0,0.0,0.0,0.0,0.0,0.0,0.0,0.0,0.0,0.0,0.0,0.0,0.0,0.0,0.0,0.0,0.0
DNK,PHL,2020,16.111324,DK,DNK,10.56,8.37,34.06,49.96,1.34,1.26,6.79,14.98,19.45,12.77,21.95,17.83,15.79,9.15,28.18,48.54,7.5,4.96,8.57,9.95,3.63,3.13,12.06,26.24,15.14,22.0,51.97,62.74,3.55,1.44,17.69,24.8,27.28,14.8,21.75,38.55,54.75,44.31,68.3,79.08,39.22,8.87,23.58,3.23,44.9,11.7,63.71,23.93,23.5,25.690000000000005,5.45,5.53,9.18,19.03,3.6100000000000003,5.68,29.97,8.93,16.25,Denmark,2.779522378790157,0.0,0.0,0.0,0.0,0.0,0.0,0.0,0.0,0.0,0.0,0.0,0.0,0.0,0.0,0.0,0.0,0.0,0.0,0.0,0.0,0.0,0.0,0.0,0.0
DNK,VNM,2020,8.355008,DK,DNK,10.56,8.37,34.06,49.96,1.34,1.26,6.79,14.98,19.45,12.77,21.95,17.83,15.79,9.15,28.18,48.54,7.5,4.96,8.57,9.95,3.63,3.13,12.06,26.24,15.14,22.0,51.97,62.74,3.55,1.44,17.69,24.8,27.28,14.8,21.75,38.55,54.75,44.31,68.3,79.08,39.22,8.87,23.58,3.23,44.9,11.7,63.71,23.93,23.5,25.690000000000005,5.45,5.53,9.18,19.03,3.6100000000000003,5.68,29.97,8.93,16.25,Denmark,2.1228611195573714,0.0,0.0,0.0,0.0,0.0,0.0,0.0,0.0,0.0,0.0,0.0,0.0,0.0,0.0,0.0,0.0,0.0,0.0,0.0,0.0,0.0,0.0,0.0,0.0
DNK,IND,2021,83.182879,DK,DNK,10.56,8.37,34.06,49.96,1.34,1.26,6.79,14.98,19.45,12.77,21.95,17.83,15.79,9.15,28.18,48.54,7.5,4.96,8.57,9.95,3.63,3.13,12.06,26.24,15.14,22.0,51.97,62.74,3.55,1.44,17.69,24.8,27.28,14.8,21.75,38.55,54.75,44.31,68.3,79.08,39.22,8.87,23.58,3.23,44.9,11.7,63.71,23.93,23.5,25.690000000000005,5.45,5.53,9.18,19.03,3.6100000000000003,5.68,29.97,8.93,16.25,Denmark,4.421041545401296,0.0,0.0,0.0,0.0,0.0,0.0,0.0,0.0,0.0,0.0,0.0,0.0,0.0,0.0,0.0,0.0,0.0,0.0,0.0,0.0,0.0,0.0,0.0,0.0
DNK,PHL,2021,28.12637,DK,DNK,10.56,8.37,34.06,49.96,1.34,1.26,6.79,14.98,19.45,12.77,21.95,17.83,15.79,9.15,28.18,48.54,7.5,4.96,8.57,9.95,3.63,3.13,12.06,26.24,15.14,22.0,51.97,62.74,3.55,1.44,17.69,24.8,27.28,14.8,21.75,38.55,54.75,44.31,68.3,79.08,39.22,8.87,23.58,3.23,44.9,11.7,63.71,23.93,23.5,25.690000000000005,5.45,5.53,9.18,19.03,3.6100000000000003,5.68,29.97,8.93,16.25,Denmark,3.336707570449348,0.0,0.0,0.0,0.0,0.0,0.0,0.0,0.0,0.0,0.0,0.0,0.0,0.0,0.0,0.0,0.0,0.0,0.0,0.0,0.0,0.0,0.0,0.0,0.0
DNK,VNM,2021,10.884583,DK,DNK,10.56,8.37,34.06,49.96,1.34,1.26,6.79,14.98,19.45,12.77,21.95,17.83,15.79,9.15,28.18,48.54,7.5,4.96,8.57,9.95,3.63,3.13,12.06,26.24,15.14,22.0,51.97,62.74,3.55,1.44,17.69,24.8,27.28,14.8,21.75,38.55,54.75,44.31,68.3,79.08,39.22,8.87,23.58,3.23,44.9,11.7,63.71,23.93,23.5,25.690000000000005,5.45,5.53,9.18,19.03,3.6100000000000003,5.68,29.97,8.93,16.25,Denmark,2.387347384352312,0.0,0.0,0.0,0.0,0.0,0.0,0.0,0.0,0.0,0.0,0.0,0.0,0.0,0.0,0.0,0.0,0.0,0.0,0.0,0.0,0.0,0.0,0.0,0.0
BEL,IND,2023,105.511789,BE,BEL,6.59,8.19,19.45,25.41,0.47,2.4,5.33,4.88,10.92,12.16,15.57,24.57,8.7,16.45,28.95,42.9,8.5,7.56,12.15,8.7,0.56,2.4,12.28,17.72,9.01,18.82,39.3,,1.27,3.93,6.55,10.05,10.42,15.31,23.24,39.8,34.76,,64.12,78.15,20.24,8.3,28.28,5.17,42.92,11.08,57.11,20.25,12.86,11.26,4.86,2.93,3.41,12.5,4.590000000000001,22.680000000000003,20.479999999999997,9.879999999999999,2.6199999999999997,Belgium,4.658822690749046,1.0,0.0,11.26,0.0,12.86,0.0,2.93,0.0,3.41,0.0,12.5,0.0,4.590000000000001,0.0,22.680000000000003,0.0,20.479999999999997,0.0,9.879999999999999,0.0,2.6199999999999997,0.0,19.45,0.0
BEL,IND,2022,95.693051,BE,BEL,6.59,8.19,19.45,25.41,0.47,2.4,5.33,4.88,10.92,12.16,15.57,24.57,8.7,16.45,28.95,42.9,8.5,7.56,12.15,8.7,0.56,2.4,12.28,17.72,9.01,18.82,39.3,,1.27,3.93,6.55,10.05,10.42,15.31,23.24,39.8,34.76,,64.12,78.15,20.24,8.3,28.28,5.17,42.92,11.08,57.11,20.25,12.86,11.26,4.86,2.93,3.41,12.5,4.590000000000001,22.680000000000003,20.479999999999997,9.879999999999999,2.6199999999999997,Belgium,4.561145683492307,0.0,0.0,0.0,0.0,0.0,0.0,0.0,0.0,0.0,0.0,0.0,0.0,0.0,0.0,0.0,0.0,0.0,0.0,0.0,0.0,0.0,0.0,0.0,0.0
BEL,PHL,2022,23.992721,BE,BEL,6.59,8.19,19.45,25.41,0.47,2.4,5.33,4.88,10.92,12.16,15.57,24.57,8.7,16.45,28.95,42.9,8.5,7.56,12.15,8.7,0.56,2.4,12.28,17.72,9.01,18.82,39.3,,1.27,3.93,6.55,10.05,10.42,15.31,23.24,39.8,34.76,,64.12,78.15,20.24,8.3,28.28,5.17,42.92,11.08,57.11,20.25,12.86,11.26,4.86,2.93,3.41,12.5,4.590000000000001,22.680000000000003,20.479999999999997,9.879999999999999,2.6199999999999997,Belgium,3.17775049267906,0.0,0.0,0.0,0.0,0.0,0.0,0.0,0.0,0.0,0.0,0.0,0.0,0.0,0.0,0.0,0.0,0.0,0.0,0.0,0.0,0.0,0.0,0.0,0.0
BEL,VNM,2022,10.468131,BE,BEL,6.59,8.19,19.45,25.41,0.47,2.4,5.33,4.88,10.92,12.16,15.57,24.57,8.7,16.45,28.95,42.9,8.5,7.56,12.15,8.7,0.56,2.4,12.28,17.72,9.01,18.82,39.3,,1.27,3.93,6.55,10.05,10.42,15.31,23.24,39.8,34.76,,64.12,78.15,20.24,8.3,28.28,5.17,42.92,11.08,57.11,20.25,12.86,11.26,4.86,2.93,3.41,12.5,4.590000000000001,22.680000000000003,20.479999999999997,9.879999999999999,2.6199999999999997,Belgium,2.3483354989189804,0.0,0.0,0.0,0.0,0.0,0.0,0.0,0.0,0.0,0.0,0.0,0.0,0.0,0.0,0.0,0.0,0.0,0.0,0.0,0.0,0.0,0.0,0.0,0.0
DNK,IND,2022,104.383409,DK,DNK,10.56,8.37,34.06,49.96,1.34,1.26,6.79,14.98,19.45,12.77,21.95,17.83,15.79,9.15,28.18,48.54,7.5,4.96,8.57,9.95,3.63,3.13,12.06,26.24,15.14,22.0,51.97,62.74,3.55,1.44,17.69,24.8,27.28,14.8,21.75,38.55,54.75,44.31,68.3,79.08,39.22,8.87,23.58,3.23,44.9,11.7,63.71,23.93,23.5,25.690000000000005,5.45,5.53,9.18,19.03,3.6100000000000003,5.68,29.97,8.93,16.25,Denmark,4.648070745195273,0.0,0.0,0.0,0.0,0.0,0.0,0.0,0.0,0.0,0.0,0.0,0.0,0.0,0.0,0.0,0.0,0.0,0.0,0.0,0.0,0.0,0.0,0.0,0.0
DNK,PHL,2022,27.921729,DK,DNK,10.56,8.37,34.06,49.96,1.34,1.26,6.79,14.98,19.45,12.77,21.95,17.83,15.79,9.15,28.18,48.54,7.5,4.96,8.57,9.95,3.63,3.13,12.06,26.24,15.14,22.0,51.97,62.74,3.55,1.44,17.69,24.8,27.28,14.8,21.75,38.55,54.75,44.31,68.3,79.08,39.22,8.87,23.58,3.23,44.9,11.7,63.71,23.93,23.5,25.690000000000005,5.45,5.53,9.18,19.03,3.6100000000000003,5.68,29.97,8.93,16.25,Denmark,3.3294052029108756,0.0,0.0,0.0,0.0,0.0,0.0,0.0,0.0,0.0,0.0,0.0,0.0,0.0,0.0,0.0,0.0,0.0,0.0,0.0,0.0,0.0,0.0,0.0,0.0
DNK,VNM,2022,10.585901,DK,DNK,10.56,8.37,34.06,49.96,1.34,1.26,6.79,14.98,19.45,12.77,21.95,17.83,15.79,9.15,28.18,48.54,7.5,4.96,8.57,9.95,3.63,3.13,12.06,26.24,15.14,22.0,51.97,62.74,3.55,1.44,17.69,24.8,27.28,14.8,21.75,38.55,54.75,44.31,68.3,79.08,39.22,8.87,23.58,3.23,44.9,11.7,63.71,23.93,23.5,25.690000000000005,5.45,5.53,9.18,19.03,3.6100000000000003,5.68,29.97,8.93,16.25,Denmark,2.3595230214177603,0.0,0.0,0.0,0.0,0.0,0.0,0.0,0.0,0.0,0.0,0.0,0.0,0.0,0.0,0.0,0.0,0.0,0.0,0.0,0.0,0.0,0.0,0.0,0.0
BEL,VNM,2019,4.539392,BE,BEL,6.59,8.19,19.45,25.41,0.47,2.4,5.33,4.88,10.92,12.16,15.57,24.57,8.7,16.45,28.95,42.9,8.5,7.56,12.15,8.7,0.56,2.4,12.28,17.72,9.01,18.82,39.3,,1.27,3.93,6.55,10.05,10.42,15.31,23.24,39.8,34.76,,64.12,78.15,20.24,8.3,28.28,5.17,42.92,11.08,57.11,20.25,12.86,11.26,4.86,2.93,3.41,12.5,4.590000000000001,22.680000000000003,20.479999999999997,9.879999999999999,2.6199999999999997,Belgium,1.5127930823802327,0.0,0.0,0.0,0.0,0.0,0.0,0.0,0.0,0.0,0.0,0.0,0.0,0.0,0.0,0.0,0.0,0.0,0.0,0.0,0.0,0.0,0.0,0.0,0.0
BEL,IND,2020,75.631776,BE,BEL,6.59,8.19,19.45,25.41,0.47,2.4,5.33,4.88,10.92,12.16,15.57,24.57,8.7,16.45,28.95,42.9,8.5,7.56,12.15,8.7,0.56,2.4,12.28,17.72,9.01,18.82,39.3,,1.27,3.93,6.55,10.05,10.42,15.31,23.24,39.8,34.76,,64.12,78.15,20.24,8.3,28.28,5.17,42.92,11.08,57.11,20.25,12.86,11.26,4.86,2.93,3.41,12.5,4.590000000000001,22.680000000000003,20.479999999999997,9.879999999999999,2.6199999999999997,Belgium,4.325876512337166,0.0,0.0,0.0,0.0,0.0,0.0,0.0,0.0,0.0,0.0,0.0,0.0,0.0,0.0,0.0,0.0,0.0,0.0,0.0,0.0,0.0,0.0,0.0,0.0
CZE,IND,2021,86.067764,CZ,CZE,3.49,0.45,10.71,25.19,0.0,0.0,1.14,5.85,2.65,3.55,10.65,14.0,3.61,5.68,11.44,12.32,1.39,2.25,2.96,3.13,0.33,0.39,4.05,10.03,4.61,6.65,27.29,51.71,0.21,1.1,4.16,8.96,4.19,6.01,9.55,16.73,21.22,24.76,46.49,60.49,9.28,0.35,9.42,1.34,22.09,2.35,33.31,7.84,7.220000000000001,10.260000000000002,1.14,1.14,7.1000000000000005,5.76,0.71,12.81,20.64,3.6599999999999997,3.06,Czechia,4.455134939469506,0.0,0.0,0.0,0.0,0.0,0.0,0.0,0.0,0.0,0.0,0.0,0.0,0.0,0.0,0.0,0.0,0.0,0.0,0.0,0.0,0.0,0.0,0.0,0.0
CZE,PHL,2021,9.550841,CZ,CZE,3.49,0.45,10.71,25.19,0.0,0.0,1.14,5.85,2.65,3.55,10.65,14.0,3.61,5.68,11.44,12.32,1.39,2.25,2.96,3.13,0.33,0.39,4.05,10.03,4.61,6.65,27.29,51.71,0.21,1.1,4.16,8.96,4.19,6.01,9.55,16.73,21.22,24.76,46.49,60.49,9.28,0.35,9.42,1.34,22.09,2.35,33.31,7.84,7.220000000000001,10.260000000000002,1.14,1.14,7.1000000000000005,5.76,0.71,12.81,20.64,3.6599999999999997,3.06,Czechia,2.2566292134425607,0.0,0.0,0.0,0.0,0.0,0.0,0.0,0.0,0.0,0.0,0.0,0.0,0.0,0.0,0.0,0.0,0.0,0.0,0.0,0.0,0.0,0.0,0.0,0.0
CZE,VNM,2021,6.848149,CZ,CZE,3.49,0.45,10.71,25.19,0.0,0.0,1.14,5.85,2.65,3.55,10.65,14.0,3.61,5.68,11.44,12.32,1.39,2.25,2.96,3.13,0.33,0.39,4.05,10.03,4.61,6.65,27.29,51.71,0.21,1.1,4.16,8.96,4.19,6.01,9.55,16.73,21.22,24.76,46.49,60.49,9.28,0.35,9.42,1.34,22.09,2.35,33.31,7.84,7.220000000000001,10.260000000000002,1.14,1.14,7.1000000000000005,5.76,0.71,12.81,20.64,3.6599999999999997,3.06,Czechia,1.9239783967803055,0.0,0.0,0.0,0.0,0.0,0.0,0.0,0.0,0.0,0.0,0.0,0.0,0.0,0.0,0.0,0.0,0.0,0.0,0.0,0.0,0.0,0.0,0.0,0.0
CZE,IND,2020,86.764293,CZ,CZE,3.49,0.45,10.71,25.19,0.0,0.0,1.14,5.85,2.65,3.55,10.65,14.0,3.61,5.68,11.44,12.32,1.39,2.25,2.96,3.13,0.33,0.39,4.05,10.03,4.61,6.65,27.29,51.71,0.21,1.1,4.16,8.96,4.19,6.01,9.55,16.73,21.22,24.76,46.49,60.49,9.28,0.35,9.42,1.34,22.09,2.35,33.31,7.84,7.220000000000001,10.260000000000002,1.14,1.14,7.1000000000000005,5.76,0.71,12.81,20.64,3.6599999999999997,3.06,Czechia,4.463195166062314,0.0,0.0,0.0,0.0,0.0,0.0,0.0,0.0,0.0,0.0,0.0,0.0,0.0,0.0,0.0,0.0,0.0,0.0,0.0,0.0,0.0,0.0,0.0,0.0
CZE,PHL,2020,8.440145,CZ,CZE,3.49,0.45,10.71,25.19,0.0,0.0,1.14,5.85,2.65,3.55,10.65,14.0,3.61,5.68,11.44,12.32,1.39,2.25,2.96,3.13,0.33,0.39,4.05,10.03,4.61,6.65,27.29,51.71,0.21,1.1,4.16,8.96,4.19,6.01,9.55,16.73,21.22,24.76,46.49,60.49,9.28,0.35,9.42,1.34,22.09,2.35,33.31,7.84,7.220000000000001,10.260000000000002,1.14,1.14,7.1000000000000005,5.76,0.71,12.81,20.64,3.6599999999999997,3.06,Czechia,2.1329994885550763,0.0,0.0,0.0,0.0,0.0,0.0,0.0,0.0,0.0,0.0,0.0,0.0,0.0,0.0,0.0,0.0,0.0,0.0,0.0,0.0,0.0,0.0,0.0,0.0
CZE,VNM,2020,4.763844,CZ,CZE,3.49,0.45,10.71,25.19,0.0,0.0,1.14,5.85,2.65,3.55,10.65,14.0,3.61,5.68,11.44,12.32,1.39,2.25,2.96,3.13,0.33,0.39,4.05,10.03,4.61,6.65,27.29,51.71,0.21,1.1,4.16,8.96,4.19,6.01,9.55,16.73,21.22,24.76,46.49,60.49,9.28,0.35,9.42,1.34,22.09,2.35,33.31,7.84,7.220000000000001,10.260000000000002,1.14,1.14,7.1000000000000005,5.76,0.71,12.81,20.64,3.6599999999999997,3.06,Czechia,1.5610549053649654,0.0,0.0,0.0,0.0,0.0,0.0,0.0,0.0,0.0,0.0,0.0,0.0,0.0,0.0,0.0,0.0,0.0,0.0,0.0,0.0,0.0,0.0,0.0,0.0
BEL,PHL,2020,16.516961,BE,BEL,6.59,8.19,19.45,25.41,0.47,2.4,5.33,4.88,10.92,12.16,15.57,24.57,8.7,16.45,28.95,42.9,8.5,7.56,12.15,8.7,0.56,2.4,12.28,17.72,9.01,18.82,39.3,,1.27,3.93,6.55,10.05,10.42,15.31,23.24,39.8,34.76,,64.12,78.15,20.24,8.3,28.28,5.17,42.92,11.08,57.11,20.25,12.86,11.26,4.86,2.93,3.41,12.5,4.590000000000001,22.680000000000003,20.479999999999997,9.879999999999999,2.6199999999999997,Belgium,2.804387792332557,0.0,0.0,0.0,0.0,0.0,0.0,0.0,0.0,0.0,0.0,0.0,0.0,0.0,0.0,0.0,0.0,0.0,0.0,0.0,0.0,0.0,0.0,0.0,0.0
BEL,VNM,2020,6.044899,BE,BEL,6.59,8.19,19.45,25.41,0.47,2.4,5.33,4.88,10.92,12.16,15.57,24.57,8.7,16.45,28.95,42.9,8.5,7.56,12.15,8.7,0.56,2.4,12.28,17.72,9.01,18.82,39.3,,1.27,3.93,6.55,10.05,10.42,15.31,23.24,39.8,34.76,,64.12,78.15,20.24,8.3,28.28,5.17,42.92,11.08,57.11,20.25,12.86,11.26,4.86,2.93,3.41,12.5,4.590000000000001,22.680000000000003,20.479999999999997,9.879999999999999,2.6199999999999997,Belgium,1.7992147759040158,0.0,0.0,0.0,0.0,0.0,0.0,0.0,0.0,0.0,0.0,0.0,0.0,0.0,0.0,0.0,0.0,0.0,0.0,0.0,0.0,0.0,0.0,0.0,0.0
BEL,IND,2021,112.714962,BE,BEL,6.59,8.19,19.45,25.41,0.47,2.4,5.33,4.88,10.92,12.16,15.57,24.57,8.7,16.45,28.95,42.9,8.5,7.56,12.15,8.7,0.56,2.4,12.28,17.72,9.01,18.82,39.3,,1.27,3.93,6.55,10.05,10.42,15.31,23.24,39.8,34.76,,64.12,78.15,20.24,8.3,28.28,5.17,42.92,11.08,57.11,20.25,12.86,11.26,4.86,2.93,3.41,12.5,4.590000000000001,22.680000000000003,20.479999999999997,9.879999999999999,2.6199999999999997,Belgium,4.724862171772561,0.0,0.0,0.0,0.0,0.0,0.0,0.0,0.0,0.0,0.0,0.0,0.0,0.0,0.0,0.0,0.0,0.0,0.0,0.0,0.0,0.0,0.0,0.0,0.0
BEL,PHL,2021,20.299394,BE,BEL,6.59,8.19,19.45,25.41,0.47,2.4,5.33,4.88,10.92,12.16,15.57,24.57,8.7,16.45,28.95,42.9,8.5,7.56,12.15,8.7,0.56,2.4,12.28,17.72,9.01,18.82,39.3,,1.27,3.93,6.55,10.05,10.42,15.31,23.24,39.8,34.76,,64.12,78.15,20.24,8.3,28.28,5.17,42.92,11.08,57.11,20.25,12.86,11.26,4.86,2.93,3.41,12.5,4.590000000000001,22.680000000000003,20.479999999999997,9.879999999999999,2.6199999999999997,Belgium,3.0105910333854067,0.0,0.0,0.0,0.0,0.0,0.0,0.0,0.0,0.0,0.0,0.0,0.0,0.0,0.0,0.0,0.0,0.0,0.0,0.0,0.0,0.0,0.0,0.0,0.0
BEL,VNM,2021,7.994524,BE,BEL,6.59,8.19,19.45,25.41,0.47,2.4,5.33,4.88,10.92,12.16,15.57,24.57,8.7,16.45,28.95,42.9,8.5,7.56,12.15,8.7,0.56,2.4,12.28,17.72,9.01,18.82,39.3,,1.27,3.93,6.55,10.05,10.42,15.31,23.24,39.8,34.76,,64.12,78.15,20.24,8.3,28.28,5.17,42.92,11.08,57.11,20.25,12.86,11.26,4.86,2.93,3.41,12.5,4.590000000000001,22.680000000000003,20.479999999999997,9.879999999999999,2.6199999999999997,Belgium,2.0787568073027507,0.0,0.0,0.0,0.0,0.0,0.0,0.0,0.0,0.0,0.0,0.0,0.0,0.0,0.0,0.0,0.0,0.0,0.0,0.0,0.0,0.0,0.0,0.0,0.0
CZE,IND,2023,82.335821,CZ,CZE,3.49,0.45,10.71,25.19,0.0,0.0,1.14,5.85,2.65,3.55,10.65,14.0,3.61,5.68,11.44,12.32,1.39,2.25,2.96,3.13,0.33,0.39,4.05,10.03,4.61,6.65,27.29,51.71,0.21,1.1,4.16,8.96,4.19,6.01,9.55,16.73,21.22,24.76,46.49,60.49,9.28,0.35,9.42,1.34,22.09,2.35,33.31,7.84,7.220000000000001,10.260000000000002,1.14,1.14,7.1000000000000005,5.76,0.71,12.81,20.64,3.6599999999999997,3.06,Czechia,4.4108062620783155,1.0,0.0,10.260000000000002,0.0,7.220000000000001,0.0,1.14,0.0,7.1000000000000005,0.0,5.76,0.0,0.71,0.0,12.81,0.0,20.64,0.0,3.6599999999999997,0.0,3.06,0.0,10.71,0.0
CZE,PHL,2023,11.968783,CZ,CZE,3.49,0.45,10.71,25.19,0.0,0.0,1.14,5.85,2.65,3.55,10.65,14.0,3.61,5.68,11.44,12.32,1.39,2.25,2.96,3.13,0.33,0.39,4.05,10.03,4.61,6.65,27.29,51.71,0.21,1.1,4.16,8.96,4.19,6.01,9.55,16.73,21.22,24.76,46.49,60.49,9.28,0.35,9.42,1.34,22.09,2.35,33.31,7.84,7.220000000000001,10.260000000000002,1.14,1.14,7.1000000000000005,5.76,0.71,12.81,20.64,3.6599999999999997,3.06,Czechia,2.4823018435572752,1.0,0.0,10.260000000000002,0.0,7.220000000000001,0.0,1.14,0.0,7.1000000000000005,0.0,5.76,0.0,0.71,0.0,12.81,0.0,20.64,0.0,3.6599999999999997,0.0,3.06,0.0,10.71,0.0
CZE,VNM,2023,5.964002,CZ,CZE,3.49,0.45,10.71,25.19,0.0,0.0,1.14,5.85,2.65,3.55,10.65,14.0,3.61,5.68,11.44,12.32,1.39,2.25,2.96,3.13,0.33,0.39,4.05,10.03,4.61,6.65,27.29,51.71,0.21,1.1,4.16,8.96,4.19,6.01,9.55,16.73,21.22,24.76,46.49,60.49,9.28,0.35,9.42,1.34,22.09,2.35,33.31,7.84,7.220000000000001,10.260000000000002,1.14,1.14,7.1000000000000005,5.76,0.71,12.81,20.64,3.6599999999999997,3.06,Czechia,1.7857417322478415,1.0,0.0,10.260000000000002,0.0,7.220000000000001,0.0,1.14,0.0,7.1000000000000005,0.0,5.76,0.0,0.71,0.0,12.81,0.0,20.64,0.0,3.6599999999999997,0.0,3.06,0.0,10.71,0.0
CZE,IND,2024,79.043128,CZ,CZE,3.49,0.45,10.71,25.19,0.0,0.0,1.14,5.85,2.65,3.55,10.65,14.0,3.61,5.68,11.44,12.32,1.39,2.25,2.96,3.13,0.33,0.39,4.05,10.03,4.61,6.65,27.29,51.71,0.21,1.1,4.16,8.96,4.19,6.01,9.55,16.73,21.22,24.76,46.49,60.49,9.28,0.35,9.42,1.34,22.09,2.35,33.31,7.84,7.220000000000001,10.260000000000002,1.14,1.14,7.1000000000000005,5.76,0.71,12.81,20.64,3.6599999999999997,3.06,Czechia,4.369993627555332,1.0,1.0,10.260000000000002,10.260000000000002,7.220000000000001,7.220000000000001,1.14,1.14,7.1000000000000005,7.1000000000000005,5.76,5.76,0.71,0.71,12.81,12.81,20.64,20.64,3.6599999999999997,3.6599999999999997,3.06,3.06,10.71,10.71
CZE,PHL,2024,22.747322,CZ,CZE,3.49,0.45,10.71,25.19,0.0,0.0,1.14,5.85,2.65,3.55,10.65,14.0,3.61,5.68,11.44,12.32,1.39,2.25,2.96,3.13,0.33,0.39,4.05,10.03,4.61,6.65,27.29,51.71,0.21,1.1,4.16,8.96,4.19,6.01,9.55,16.73,21.22,24.76,46.49,60.49,9.28,0.35,9.42,1.34,22.09,2.35,33.31,7.84,7.220000000000001,10.260000000000002,1.14,1.14,7.1000000000000005,5.76,0.71,12.81,20.64,3.6599999999999997,3.06,Czechia,3.124447424182375,1.0,1.0,10.260000000000002,10.260000000000002,7.220000000000001,7.220000000000001,1.14,1.14,7.1000000000000005,7.1000000000000005,5.76,5.76,0.71,0.71,12.81,12.81,20.64,20.64,3.6599999999999997,3.6599999999999997,3.06,3.06,10.71,10.71
CZE,VNM,2024,9.128789,CZ,CZE,3.49,0.45,10.71,25.19,0.0,0.0,1.14,5.85,2.65,3.55,10.65,14.0,3.61,5.68,11.44,12.32,1.39,2.25,2.96,3.13,0.33,0.39,4.05,10.03,4.61,6.65,27.29,51.71,0.21,1.1,4.16,8.96,4.19,6.01,9.55,16.73,21.22,24.76,46.49,60.49,9.28,0.35,9.42,1.34,22.09,2.35,33.31,7.84,7.220000000000001,10.260000000000002,1.14,1.14,7.1000000000000005,5.76,0.71,12.81,20.64,3.6599999999999997,3.06,Czechia,2.2114330461599536,1.0,1.0,10.260000000000002,10.260000000000002,7.220000000000001,7.220000000000001,1.14,1.14,7.1000000000000005,7.1000000000000005,5.76,5.76,0.71,0.71,12.81,12.81,20.64,20.64,3.6599999999999997,3.6599999999999997,3.06,3.06,10.71,10.71
DNK,IND,2019,79.523183,DK,DNK,10.56,8.37,34.06,49.96,1.34,1.26,6.79,14.98,19.45,12.77,21.95,17.83,15.79,9.15,28.18,48.54,7.5,4.96,8.57,9.95,3.63,3.13,12.06,26.24,15.14,22.0,51.97,62.74,3.55,1.44,17.69,24.8,27.28,14.8,21.75,38.55,54.75,44.31,68.3,79.08,39.22,8.87,23.58,3.23,44.9,11.7,63.71,23.93,23.5,25.690000000000005,5.45,5.53,9.18,19.03,3.6100000000000003,5.68,29.97,8.93,16.25,Denmark,4.376048589213229,0.0,0.0,0.0,0.0,0.0,0.0,0.0,0.0,0.0,0.0,0.0,0.0,0.0,0.0,0.0,0.0,0.0,0.0,0.0,0.0,0.0,0.0,0.0,0.0
DNK,PHL,2019,17.389498,DK,DNK,10.56,8.37,34.06,49.96,1.34,1.26,6.79,14.98,19.45,12.77,21.95,17.83,15.79,9.15,28.18,48.54,7.5,4.96,8.57,9.95,3.63,3.13,12.06,26.24,15.14,22.0,51.97,62.74,3.55,1.44,17.69,24.8,27.28,14.8,21.75,38.55,54.75,44.31,68.3,79.08,39.22,8.87,23.58,3.23,44.9,11.7,63.71,23.93,23.5,25.690000000000005,5.45,5.53,9.18,19.03,3.6100000000000003,5.68,29.97,8.93,16.25,Denmark,2.8558664607844895,0.0,0.0,0.0,0.0,0.0,0.0,0.0,0.0,0.0,0.0,0.0,0.0,0.0,0.0,0.0,0.0,0.0,0.0,0.0,0.0,0.0,0.0,0.0,0.0
DNK,VNM,2019,4.376363,DK,DNK,10.56,8.37,34.06,49.96,1.34,1.26,6.79,14.98,19.45,12.77,21.95,17.83,15.79,9.15,28.18,48.54,7.5,4.96,8.57,9.95,3.63,3.13,12.06,26.24,15.14,22.0,51.97,62.74,3.55,1.44,17.69,24.8,27.28,14.8,21.75,38.55,54.75,44.31,68.3,79.08,39.22,8.87,23.58,3.23,44.9,11.7,63.71,23.93,23.5,25.690000000000005,5.45,5.53,9.18,19.03,3.6100000000000003,5.68,29.97,8.93,16.25,Denmark,1.4762180141473216,0.0,0.0,0.0,0.0,0.0,0.0,0.0,0.0,0.0,0.0,0.0,0.0,0.0,0.0,0.0,0.0,0.0,0.0,0.0,0.0,0.0,0.0,0.0,0.0
BEL,IND,2018,73.554769,BE,BEL,6.59,8.19,19.45,25.41,0.47,2.4,5.33,4.88,10.92,12.16,15.57,24.57,8.7,16.45,28.95,42.9,8.5,7.56,12.15,8.7,0.56,2.4,12.28,17.72,9.01,18.82,39.3,,1.27,3.93,6.55,10.05,10.42,15.31,23.24,39.8,34.76,,64.12,78.15,20.24,8.3,28.28,5.17,42.92,11.08,57.11,20.25,12.86,11.26,4.86,2.93,3.41,12.5,4.590000000000001,22.680000000000003,20.479999999999997,9.879999999999999,2.6199999999999997,Belgium,4.29803028519014,0.0,0.0,0.0,0.0,0.0,0.0,0.0,0.0,0.0,0.0,0.0,0.0,0.0,0.0,0.0,0.0,0.0,0.0,0.0,0.0,0.0,0.0,0.0,0.0
BEL,PHL,2018,21.107896,BE,BEL,6.59,8.19,19.45,25.41,0.47,2.4,5.33,4.88,10.92,12.16,15.57,24.57,8.7,16.45,28.95,42.9,8.5,7.56,12.15,8.7,0.56,2.4,12.28,17.72,9.01,18.82,39.3,,1.27,3.93,6.55,10.05,10.42,15.31,23.24,39.8,34.76,,64.12,78.15,20.24,8.3,28.28,5.17,42.92,11.08,57.11,20.25,12.86,11.26,4.86,2.93,3.41,12.5,4.590000000000001,22.680000000000003,20.479999999999997,9.879999999999999,2.6199999999999997,Belgium,3.049647188489404,0.0,0.0,0.0,0.0,0.0,0.0,0.0,0.0,0.0,0.0,0.0,0.0,0.0,0.0,0.0,0.0,0.0,0.0,0.0,0.0,0.0,0.0,0.0,0.0
BEL,VNM,2018,4.258997,BE,BEL,6.59,8.19,19.45,25.41,0.47,2.4,5.33,4.88,10.92,12.16,15.57,24.57,8.7,16.45,28.95,42.9,8.5,7.56,12.15,8.7,0.56,2.4,12.28,17.72,9.01,18.82,39.3,,1.27,3.93,6.55,10.05,10.42,15.31,23.24,39.8,34.76,,64.12,78.15,20.24,8.3,28.28,5.17,42.92,11.08,57.11,20.25,12.86,11.26,4.86,2.93,3.41,12.5,4.590000000000001,22.680000000000003,20.479999999999997,9.879999999999999,2.6199999999999997,Belgium,1.4490336865501263,0.0,0.0,0.0,0.0,0.0,0.0,0.0,0.0,0.0,0.0,0.0,0.0,0.0,0.0,0.0,0.0,0.0,0.0,0.0,0.0,0.0,0.0,0.0,0.0
BEL,IND,2019,97.760282,BE,BEL,6.59,8.19,19.45,25.41,0.47,2.4,5.33,4.88,10.92,12.16,15.57,24.57,8.7,16.45,28.95,42.9,8.5,7.56,12.15,8.7,0.56,2.4,12.28,17.72,9.01,18.82,39.3,,1.27,3.93,6.55,10.05,10.42,15.31,23.24,39.8,34.76,,64.12,78.15,20.24,8.3,28.28,5.17,42.92,11.08,57.11,20.25,12.86,11.26,4.86,2.93,3.41,12.5,4.590000000000001,22.680000000000003,20.479999999999997,9.879999999999999,2.6199999999999997,Belgium,4.582518380034509,0.0,0.0,0.0,0.0,0.0,0.0,0.0,0.0,0.0,0.0,0.0,0.0,0.0,0.0,0.0,0.0,0.0,0.0,0.0,0.0,0.0,0.0,0.0,0.0
BEL,PHL,2019,16.038081,BE,BEL,6.59,8.19,19.45,25.41,0.47,2.4,5.33,4.88,10.92,12.16,15.57,24.57,8.7,16.45,28.95,42.9,8.5,7.56,12.15,8.7,0.56,2.4,12.28,17.72,9.01,18.82,39.3,,1.27,3.93,6.55,10.05,10.42,15.31,23.24,39.8,34.76,,64.12,78.15,20.24,8.3,28.28,5.17,42.92,11.08,57.11,20.25,12.86,11.26,4.86,2.93,3.41,12.5,4.590000000000001,22.680000000000003,20.479999999999997,9.879999999999999,2.6199999999999997,Belgium,2.7749659568771334,0.0,0.0,0.0,0.0,0.0,0.0,0.0,0.0,0.0,0.0,0.0,0.0,0.0,0.0,0.0,0.0,0.0,0.0,0.0,0.0,0.0,0.0,0.0,0.0
FIN,IND,2020,80.916966,FI,FIN,3.88,11.17,30.02,43.6,2.19,0.86,6.61,9.2,15.99,13.51,19.24,33.55,13.3,14.47,29.5,61.12,9.08,5.39,12.88,18.63,1.45,2.0,12.02,,7.68,16.65,44.01,56.1,3.52,2.37,9.8,21.55,16.25,12.98,20.75,,40.64,48.19,66.43,79.79,29.63,9.39,31.54,5.18,48.46,11.26,74.75,24.01,26.14,18.85,4.42,5.75,5.729999999999999,15.03,7.490000000000001,18.830000000000002,27.36,10.02,7.430000000000001,Finland,4.393423517775576,0.0,0.0,0.0,0.0,0.0,0.0,0.0,0.0,0.0,0.0,0.0,0.0,0.0,0.0,0.0,0.0,0.0,0.0,0.0,0.0,0.0,0.0,0.0,0.0
FIN,PHL,2020,12.828591,FI,FIN,3.88,11.17,30.02,43.6,2.19,0.86,6.61,9.2,15.99,13.51,19.24,33.55,13.3,14.47,29.5,61.12,9.08,5.39,12.88,18.63,1.45,2.0,12.02,,7.68,16.65,44.01,56.1,3.52,2.37,9.8,21.55,16.25,12.98,20.75,,40.64,48.19,66.43,79.79,29.63,9.39,31.54,5.18,48.46,11.26,74.75,24.01,26.14,18.85,4.42,5.75,5.729999999999999,15.03,7.490000000000001,18.830000000000002,27.36,10.02,7.430000000000001,Finland,2.551676351864149,0.0,0.0,0.0,0.0,0.0,0.0,0.0,0.0,0.0,0.0,0.0,0.0,0.0,0.0,0.0,0.0,0.0,0.0,0.0,0.0,0.0,0.0,0.0,0.0
FIN,IND,2019,70.184262,FI,FIN,3.88,11.17,30.02,43.6,2.19,0.86,6.61,9.2,15.99,13.51,19.24,33.55,13.3,14.47,29.5,61.12,9.08,5.39,12.88,18.63,1.45,2.0,12.02,,7.68,16.65,44.01,56.1,3.52,2.37,9.8,21.55,16.25,12.98,20.75,,40.64,48.19,66.43,79.79,29.63,9.39,31.54,5.18,48.46,11.26,74.75,24.01,26.14,18.85,4.42,5.75,5.729999999999999,15.03,7.490000000000001,18.830000000000002,27.36,10.02,7.430000000000001,Finland,4.251124097863683,0.0,0.0,0.0,0.0,0.0,0.0,0.0,0.0,0.0,0.0,0.0,0.0,0.0,0.0,0.0,0.0,0.0,0.0,0.0,0.0,0.0,0.0,0.0,0.0
FIN,PHL,2019,11.825221,FI,FIN,3.88,11.17,30.02,43.6,2.19,0.86,6.61,9.2,15.99,13.51,19.24,33.55,13.3,14.47,29.5,61.12,9.08,5.39,12.88,18.63,1.45,2.0,12.02,,7.68,16.65,44.01,56.1,3.52,2.37,9.8,21.55,16.25,12.98,20.75,,40.64,48.19,66.43,79.79,29.63,9.39,31.54,5.18,48.46,11.26,74.75,24.01,26.14,18.85,4.42,5.75,5.729999999999999,15.03,7.490000000000001,18.830000000000002,27.36,10.02,7.430000000000001,Finland,2.4702346234211143,0.0,0.0,0.0,0.0,0.0,0.0,0.0,0.0,0.0,0.0,0.0,0.0,0.0,0.0,0.0,0.0,0.0,0.0,0.0,0.0,0.0,0.0,0.0,0.0
FIN,VNM,2019,3.441028,FI,FIN,3.88,11.17,30.02,43.6,2.19,0.86,6.61,9.2,15.99,13.51,19.24,33.55,13.3,14.47,29.5,61.12,9.08,5.39,12.88,18.63,1.45,2.0,12.02,,7.68,16.65,44.01,56.1,3.52,2.37,9.8,21.55,16.25,12.98,20.75,,40.64,48.19,66.43,79.79,29.63,9.39,31.54,5.18,48.46,11.26,74.75,24.01,26.14,18.85,4.42,5.75,5.729999999999999,15.03,7.490000000000001,18.830000000000002,27.36,10.02,7.430000000000001,Finland,1.2357702639516643,0.0,0.0,0.0,0.0,0.0,0.0,0.0,0.0,0.0,0.0,0.0,0.0,0.0,0.0,0.0,0.0,0.0,0.0,0.0,0.0,0.0,0.0,0.0,0.0
FIN,IND,2024,181.27078,FI,FIN,3.88,11.17,30.02,43.6,2.19,0.86,6.61,9.2,15.99,13.51,19.24,33.55,13.3,14.47,29.5,61.12,9.08,5.39,12.88,18.63,1.45,2.0,12.02,,7.68,16.65,44.01,56.1,3.52,2.37,9.8,21.55,16.25,12.98,20.75,,40.64,48.19,66.43,79.79,29.63,9.39,31.54,5.18,48.46,11.26,74.75,24.01,26.14,18.85,4.42,5.75,5.729999999999999,15.03,7.490000000000001,18.830000000000002,27.36,10.02,7.430000000000001,Finland,5.199991935439035,1.0,1.0,18.85,18.85,26.14,26.14,5.75,5.75,5.729999999999999,5.729999999999999,15.03,15.03,7.490000000000001,7.490000000000001,18.830000000000002,18.830000000000002,27.36,27.36,10.02,10.02,7.430000000000001,7.430000000000001,30.02,30.02
FIN,PHL,2024,17.829635,FI,FIN,3.88,11.17,30.02,43.6,2.19,0.86,6.61,9.2,15.99,13.51,19.24,33.55,13.3,14.47,29.5,61.12,9.08,5.39,12.88,18.63,1.45,2.0,12.02,,7.68,16.65,44.01,56.1,3.52,2.37,9.8,21.55,16.25,12.98,20.75,,40.64,48.19,66.43,79.79,29.63,9.39,31.54,5.18,48.46,11.26,74.75,24.01,26.14,18.85,4.42,5.75,5.729999999999999,15.03,7.490000000000001,18.830000000000002,27.36,10.02,7.430000000000001,Finland,2.8808619605494163,1.0,1.0,18.85,18.85,26.14,26.14,5.75,5.75,5.729999999999999,5.729999999999999,15.03,15.03,7.490000000000001,7.490000000000001,18.830000000000002,18.830000000000002,27.36,27.36,10.02,10.02,7.430000000000001,7.430000000000001,30.02,30.02
FIN,VNM,2024,6.063632,FI,FIN,3.88,11.17,30.02,43.6,2.19,0.86,6.61,9.2,15.99,13.51,19.24,33.55,13.3,14.47,29.5,61.12,9.08,5.39,12.88,18.63,1.45,2.0,12.02,,7.68,16.65,44.01,56.1,3.52,2.37,9.8,21.55,16.25,12.98,20.75,,40.64,48.19,66.43,79.79,29.63,9.39,31.54,5.18,48.46,11.26,74.75,24.01,26.14,18.85,4.42,5.75,5.729999999999999,15.03,7.490000000000001,18.830000000000002,27.36,10.02,7.430000000000001,Finland,1.8023089604827687,1.0,1.0,18.85,18.85,26.14,26.14,5.75,5.75,5.729999999999999,5.729999999999999,15.03,15.03,7.490000000000001,7.490000000000001,18.830000000000002,18.830000000000002,27.36,27.36,10.02,10.02,7.430000000000001,7.430000000000001,30.02,30.02
GRC,IND,2022,12.018158,EL,GRC,0.65,1.8,7.23,13.95,0.0,0.3,1.84,1.75,2.95,3.37,9.59,12.86,2.75,3.83,13.13,24.0,0.5,2.15,4.31,6.38,0.17,0.95,1.37,2.54,1.91,5.92,14.98,27.45,0.0,1.14,6.9,7.19,5.35,5.19,7.48,7.77,11.16,17.5,25.63,43.93,9.2,2.82,8.67,3.4,21.02,5.17,30.81,6.96,6.58,5.430000000000001,1.84,1.54,6.22,9.3,2.1599999999999997,11.82,9.06,0.42000000000000015,5.760000000000001,Greece,2.486418672771563,0.0,0.0,0.0,0.0,0.0,0.0,0.0,0.0,0.0,0.0,0.0,0.0,0.0,0.0,0.0,0.0,0.0,0.0,0.0,0.0,0.0,0.0,0.0,0.0
GRC,IND,2018,10.68082,EL,GRC,0.65,1.8,7.23,13.95,0.0,0.3,1.84,1.75,2.95,3.37,9.59,12.86,2.75,3.83,13.13,24.0,0.5,2.15,4.31,6.38,0.17,0.95,1.37,2.54,1.91,5.92,14.98,27.45,0.0,1.14,6.9,7.19,5.35,5.19,7.48,7.77,11.16,17.5,25.63,43.93,9.2,2.82,8.67,3.4,21.02,5.17,30.81,6.96,6.58,5.430000000000001,1.84,1.54,6.22,9.3,2.1599999999999997,11.82,9.06,0.42000000000000015,5.760000000000001,Greece,2.3684496096109076,0.0,0.0,0.0,0.0,0.0,0.0,0.0,0.0,0.0,0.0,0.0,0.0,0.0,0.0,0.0,0.0,0.0,0.0,0.0,0.0,0.0,0.0,0.0,0.0
GRC,PHL,2018,3.033782,EL,GRC,0.65,1.8,7.23,13.95,0.0,0.3,1.84,1.75,2.95,3.37,9.59,12.86,2.75,3.83,13.13,24.0,0.5,2.15,4.31,6.38,0.17,0.95,1.37,2.54,1.91,5.92,14.98,27.45,0.0,1.14,6.9,7.19,5.35,5.19,7.48,7.77,11.16,17.5,25.63,43.93,9.2,2.82,8.67,3.4,21.02,5.17,30.81,6.96,6.58,5.430000000000001,1.84,1.54,6.22,9.3,2.1599999999999997,11.82,9.06,0.42000000000000015,5.760000000000001,Greece,1.1098100260046924,0.0,0.0,0.0,0.0,0.0,0.0,0.0,0.0,0.0,0.0,0.0,0.0,0.0,0.0,0.0,0.0,0.0,0.0,0.0,0.0,0.0,0.0,0.0,0.0
GRC,VNM,2018,0.378704,EL,GRC,0.65,1.8,7.23,13.95,0.0,0.3,1.84,1.75,2.95,3.37,9.59,12.86,2.75,3.83,13.13,24.0,0.5,2.15,4.31,6.38,0.17,0.95,1.37,2.54,1.91,5.92,14.98,27.45,0.0,1.14,6.9,7.19,5.35,5.19,7.48,7.77,11.16,17.5,25.63,43.93,9.2,2.82,8.67,3.4,21.02,5.17,30.81,6.96,6.58,5.430000000000001,1.84,1.54,6.22,9.3,2.1599999999999997,11.82,9.06,0.42000000000000015,5.760000000000001,Greece,-0.9710003816796817,0.0,0.0,0.0,0.0,0.0,0.0,0.0,0.0,0.0,0.0,0.0,0.0,0.0,0.0,0.0,0.0,0.0,0.0,0.0,0.0,0.0,0.0,0.0,0.0
GRC,IND,2021,9.857706,EL,GRC,0.65,1.8,7.23,13.95,0.0,0.3,1.84,1.75,2.95,3.37,9.59,12.86,2.75,3.83,13.13,24.0,0.5,2.15,4.31,6.38,0.17,0.95,1.37,2.54,1.91,5.92,14.98,27.45,0.0,1.14,6.9,7.19,5.35,5.19,7.48,7.77,11.16,17.5,25.63,43.93,9.2,2.82,8.67,3.4,21.02,5.17,30.81,6.96,6.58,5.430000000000001,1.84,1.54,6.22,9.3,2.1599999999999997,11.82,9.06,0.42000000000000015,5.760000000000001,Greece,2.2882534843448474,0.0,0.0,0.0,0.0,0.0,0.0,0.0,0.0,0.0,0.0,0.0,0.0,0.0,0.0,0.0,0.0,0.0,0.0,0.0,0.0,0.0,0.0,0.0,0.0
GRC,PHL,2021,7.270838,EL,GRC,0.65,1.8,7.23,13.95,0.0,0.3,1.84,1.75,2.95,3.37,9.59,12.86,2.75,3.83,13.13,24.0,0.5,2.15,4.31,6.38,0.17,0.95,1.37,2.54,1.91,5.92,14.98,27.45,0.0,1.14,6.9,7.19,5.35,5.19,7.48,7.77,11.16,17.5,25.63,43.93,9.2,2.82,8.67,3.4,21.02,5.17,30.81,6.96,6.58,5.430000000000001,1.84,1.54,6.22,9.3,2.1599999999999997,11.82,9.06,0.42000000000000015,5.760000000000001,Greece,1.9838715531281412,0.0,0.0,0.0,0.0,0.0,0.0,0.0,0.0,0.0,0.0,0.0,0.0,0.0,0.0,0.0,0.0,0.0,0.0,0.0,0.0,0.0,0.0,0.0,0.0
GRC,VNM,2021,1.782821,EL,GRC,0.65,1.8,7.23,13.95,0.0,0.3,1.84,1.75,2.95,3.37,9.59,12.86,2.75,3.83,13.13,24.0,0.5,2.15,4.31,6.38,0.17,0.95,1.37,2.54,1.91,5.92,14.98,27.45,0.0,1.14,6.9,7.19,5.35,5.19,7.48,7.77,11.16,17.5,25.63,43.93,9.2,2.82,8.67,3.4,21.02,5.17,30.81,6.96,6.58,5.430000000000001,1.84,1.54,6.22,9.3,2.1599999999999997,11.82,9.06,0.42000000000000015,5.760000000000001,Greece,0.5781969412445822,0.0,0.0,0.0,0.0,0.0,0.0,0.0,0.0,0.0,0.0,0.0,0.0,0.0,0.0,0.0,0.0,0.0,0.0,0.0,0.0,0.0,0.0,0.0,0.0
GRC,IND,2020,8.555897,EL,GRC,0.65,1.8,7.23,13.95,0.0,0.3,1.84,1.75,2.95,3.37,9.59,12.86,2.75,3.83,13.13,24.0,0.5,2.15,4.31,6.38,0.17,0.95,1.37,2.54,1.91,5.92,14.98,27.45,0.0,1.14,6.9,7.19,5.35,5.19,7.48,7.77,11.16,17.5,25.63,43.93,9.2,2.82,8.67,3.4,21.02,5.17,30.81,6.96,6.58,5.430000000000001,1.84,1.54,6.22,9.3,2.1599999999999997,11.82,9.06,0.42000000000000015,5.760000000000001,Greece,2.146620752812027,0.0,0.0,0.0,0.0,0.0,0.0,0.0,0.0,0.0,0.0,0.0,0.0,0.0,0.0,0.0,0.0,0.0,0.0,0.0,0.0,0.0,0.0,0.0,0.0
GRC,PHL,2020,3.791224,EL,GRC,0.65,1.8,7.23,13.95,0.0,0.3,1.84,1.75,2.95,3.37,9.59,12.86,2.75,3.83,13.13,24.0,0.5,2.15,4.31,6.38,0.17,0.95,1.37,2.54,1.91,5.92,14.98,27.45,0.0,1.14,6.9,7.19,5.35,5.19,7.48,7.77,11.16,17.5,25.63,43.93,9.2,2.82,8.67,3.4,21.02,5.17,30.81,6.96,6.58,5.430000000000001,1.84,1.54,6.22,9.3,2.1599999999999997,11.82,9.06,0.42000000000000015,5.760000000000001,Greece,1.3326889221006661,0.0,0.0,0.0,0.0,0.0,0.0,0.0,0.0,0.0,0.0,0.0,0.0,0.0,0.0,0.0,0.0,0.0,0.0,0.0,0.0,0.0,0.0,0.0,0.0
GRC,VNM,2020,1.151112,EL,GRC,0.65,1.8,7.23,13.95,0.0,0.3,1.84,1.75,2.95,3.37,9.59,12.86,2.75,3.83,13.13,24.0,0.5,2.15,4.31,6.38,0.17,0.95,1.37,2.54,1.91,5.92,14.98,27.45,0.0,1.14,6.9,7.19,5.35,5.19,7.48,7.77,11.16,17.5,25.63,43.93,9.2,2.82,8.67,3.4,21.02,5.17,30.81,6.96,6.58,5.430000000000001,1.84,1.54,6.22,9.3,2.1599999999999997,11.82,9.06,0.42000000000000015,5.760000000000001,Greece,0.1407284316955916,0.0,0.0,0.0,0.0,0.0,0.0,0.0,0.0,0.0,0.0,0.0,0.0,0.0,0.0,0.0,0.0,0.0,0.0,0.0,0.0,0.0,0.0,0.0,0.0
GRC,IND,2019,8.990945,EL,GRC,0.65,1.8,7.23,13.95,0.0,0.3,1.84,1.75,2.95,3.37,9.59,12.86,2.75,3.83,13.13,24.0,0.5,2.15,4.31,6.38,0.17,0.95,1.37,2.54,1.91,5.92,14.98,27.45,0.0,1.14,6.9,7.19,5.35,5.19,7.48,7.77,11.16,17.5,25.63,43.93,9.2,2.82,8.67,3.4,21.02,5.17,30.81,6.96,6.58,5.430000000000001,1.84,1.54,6.22,9.3,2.1599999999999997,11.82,9.06,0.42000000000000015,5.760000000000001,Greece,2.196217959755586,0.0,0.0,0.0,0.0,0.0,0.0,0.0,0.0,0.0,0.0,0.0,0.0,0.0,0.0,0.0,0.0,0.0,0.0,0.0,0.0,0.0,0.0,0.0,0.0
GRC,PHL,2019,3.167282,EL,GRC,0.65,1.8,7.23,13.95,0.0,0.3,1.84,1.75,2.95,3.37,9.59,12.86,2.75,3.83,13.13,24.0,0.5,2.15,4.31,6.38,0.17,0.95,1.37,2.54,1.91,5.92,14.98,27.45,0.0,1.14,6.9,7.19,5.35,5.19,7.48,7.77,11.16,17.5,25.63,43.93,9.2,2.82,8.67,3.4,21.02,5.17,30.81,6.96,6.58,5.430000000000001,1.84,1.54,6.22,9.3,2.1599999999999997,11.82,9.06,0.42000000000000015,5.760000000000001,Greece,1.1528738068509916,0.0,0.0,0.0,0.0,0.0,0.0,0.0,0.0,0.0,0.0,0.0,0.0,0.0,0.0,0.0,0.0,0.0,0.0,0.0,0.0,0.0,0.0,0.0,0.0
GRC,VNM,2019,0.403598,EL,GRC,0.65,1.8,7.23,13.95,0.0,0.3,1.84,1.75,2.95,3.37,9.59,12.86,2.75,3.83,13.13,24.0,0.5,2.15,4.31,6.38,0.17,0.95,1.37,2.54,1.91,5.92,14.98,27.45,0.0,1.14,6.9,7.19,5.35,5.19,7.48,7.77,11.16,17.5,25.63,43.93,9.2,2.82,8.67,3.4,21.02,5.17,30.81,6.96,6.58,5.430000000000001,1.84,1.54,6.22,9.3,2.1599999999999997,11.82,9.06,0.42000000000000015,5.760000000000001,Greece,-0.9073359459163487,0.0,0.0,0.0,0.0,0.0,0.0,0.0,0.0,0.0,0.0,0.0,0.0,0.0,0.0,0.0,0.0,0.0,0.0,0.0,0.0,0.0,0.0,0.0,0.0
CZE,IND,2022,76.588443,CZ,CZE,3.49,0.45,10.71,25.19,0.0,0.0,1.14,5.85,2.65,3.55,10.65,14.0,3.61,5.68,11.44,12.32,1.39,2.25,2.96,3.13,0.33,0.39,4.05,10.03,4.61,6.65,27.29,51.71,0.21,1.1,4.16,8.96,4.19,6.01,9.55,16.73,21.22,24.76,46.49,60.49,9.28,0.35,9.42,1.34,22.09,2.35,33.31,7.84,7.220000000000001,10.260000000000002,1.14,1.14,7.1000000000000005,5.76,0.71,12.81,20.64,3.6599999999999997,3.06,Czechia,4.338446190690187,0.0,0.0,0.0,0.0,0.0,0.0,0.0,0.0,0.0,0.0,0.0,0.0,0.0,0.0,0.0,0.0,0.0,0.0,0.0,0.0,0.0,0.0,0.0,0.0
CZE,PHL,2022,10.266681,CZ,CZE,3.49,0.45,10.71,25.19,0.0,0.0,1.14,5.85,2.65,3.55,10.65,14.0,3.61,5.68,11.44,12.32,1.39,2.25,2.96,3.13,0.33,0.39,4.05,10.03,4.61,6.65,27.29,51.71,0.21,1.1,4.16,8.96,4.19,6.01,9.55,16.73,21.22,24.76,46.49,60.49,9.28,0.35,9.42,1.34,22.09,2.35,33.31,7.84,7.220000000000001,10.260000000000002,1.14,1.14,7.1000000000000005,5.76,0.71,12.81,20.64,3.6599999999999997,3.06,Czechia,2.3289037974143407,0.0,0.0,0.0,0.0,0.0,0.0,0.0,0.0,0.0,0.0,0.0,0.0,0.0,0.0,0.0,0.0,0.0,0.0,0.0,0.0,0.0,0.0,0.0,0.0
CZE,VNM,2022,6.095782,CZ,CZE,3.49,0.45,10.71,25.19,0.0,0.0,1.14,5.85,2.65,3.55,10.65,14.0,3.61,5.68,11.44,12.32,1.39,2.25,2.96,3.13,0.33,0.39,4.05,10.03,4.61,6.65,27.29,51.71,0.21,1.1,4.16,8.96,4.19,6.01,9.55,16.73,21.22,24.76,46.49,60.49,9.28,0.35,9.42,1.34,22.09,2.35,33.31,7.84,7.220000000000001,10.260000000000002,1.14,1.14,7.1000000000000005,5.76,0.71,12.81,20.64,3.6599999999999997,3.06,Czechia,1.807597056590044,0.0,0.0,0.0,0.0,0.0,0.0,0.0,0.0,0.0,0.0,0.0,0.0,0.0,0.0,0.0,0.0,0.0,0.0,0.0,0.0,0.0,0.0,0.0,0.0
FIN,IND,2022,112.30543,FI,FIN,3.88,11.17,30.02,43.6,2.19,0.86,6.61,9.2,15.99,13.51,19.24,33.55,13.3,14.47,29.5,61.12,9.08,5.39,12.88,18.63,1.45,2.0,12.02,,7.68,16.65,44.01,56.1,3.52,2.37,9.8,21.55,16.25,12.98,20.75,,40.64,48.19,66.43,79.79,29.63,9.39,31.54,5.18,48.46,11.26,74.75,24.01,26.14,18.85,4.42,5.75,5.729999999999999,15.03,7.490000000000001,18.830000000000002,27.36,10.02,7.430000000000001,Finland,4.721222213202339,0.0,0.0,0.0,0.0,0.0,0.0,0.0,0.0,0.0,0.0,0.0,0.0,0.0,0.0,0.0,0.0,0.0,0.0,0.0,0.0,0.0,0.0,0.0,0.0
FIN,PHL,2022,9.458233,FI,FIN,3.88,11.17,30.02,43.6,2.19,0.86,6.61,9.2,15.99,13.51,19.24,33.55,13.3,14.47,29.5,61.12,9.08,5.39,12.88,18.63,1.45,2.0,12.02,,7.68,16.65,44.01,56.1,3.52,2.37,9.8,21.55,16.25,12.98,20.75,,40.64,48.19,66.43,79.79,29.63,9.39,31.54,5.18,48.46,11.26,74.75,24.01,26.14,18.85,4.42,5.75,5.729999999999999,15.03,7.490000000000001,18.830000000000002,27.36,10.02,7.430000000000001,Finland,2.246885579147677,0.0,0.0,0.0,0.0,0.0,0.0,0.0,0.0,0.0,0.0,0.0,0.0,0.0,0.0,0.0,0.0,0.0,0.0,0.0,0.0,0.0,0.0,0.0,0.0
FIN,VNM,2022,5.069225,FI,FIN,3.88,11.17,30.02,43.6,2.19,0.86,6.61,9.2,15.99,13.51,19.24,33.55,13.3,14.47,29.5,61.12,9.08,5.39,12.88,18.63,1.45,2.0,12.02,,7.68,16.65,44.01,56.1,3.52,2.37,9.8,21.55,16.25,12.98,20.75,,40.64,48.19,66.43,79.79,29.63,9.39,31.54,5.18,48.46,11.26,74.75,24.01,26.14,18.85,4.42,5.75,5.729999999999999,15.03,7.490000000000001,18.830000000000002,27.36,10.02,7.430000000000001,Finland,1.623187945958265,0.0,0.0,0.0,0.0,0.0,0.0,0.0,0.0,0.0,0.0,0.0,0.0,0.0,0.0,0.0,0.0,0.0,0.0,0.0,0.0,0.0,0.0,0.0,0.0
FIN,IND,2018,82.519626,FI,FIN,3.88,11.17,30.02,43.6,2.19,0.86,6.61,9.2,15.99,13.51,19.24,33.55,13.3,14.47,29.5,61.12,9.08,5.39,12.88,18.63,1.45,2.0,12.02,,7.68,16.65,44.01,56.1,3.52,2.37,9.8,21.55,16.25,12.98,20.75,,40.64,48.19,66.43,79.79,29.63,9.39,31.54,5.18,48.46,11.26,74.75,24.01,26.14,18.85,4.42,5.75,5.729999999999999,15.03,7.490000000000001,18.830000000000002,27.36,10.02,7.430000000000001,Finland,4.413036155958171,0.0,0.0,0.0,0.0,0.0,0.0,0.0,0.0,0.0,0.0,0.0,0.0,0.0,0.0,0.0,0.0,0.0,0.0,0.0,0.0,0.0,0.0,0.0,0.0
FIN,PHL,2018,10.014282,FI,FIN,3.88,11.17,30.02,43.6,2.19,0.86,6.61,9.2,15.99,13.51,19.24,33.55,13.3,14.47,29.5,61.12,9.08,5.39,12.88,18.63,1.45,2.0,12.02,,7.68,16.65,44.01,56.1,3.52,2.37,9.8,21.55,16.25,12.98,20.75,,40.64,48.19,66.43,79.79,29.63,9.39,31.54,5.18,48.46,11.26,74.75,24.01,26.14,18.85,4.42,5.75,5.729999999999999,15.03,7.490000000000001,18.830000000000002,27.36,10.02,7.430000000000001,Finland,2.304012274086446,0.0,0.0,0.0,0.0,0.0,0.0,0.0,0.0,0.0,0.0,0.0,0.0,0.0,0.0,0.0,0.0,0.0,0.0,0.0,0.0,0.0,0.0,0.0,0.0
FIN,VNM,2018,3.426106,FI,FIN,3.88,11.17,30.02,43.6,2.19,0.86,6.61,9.2,15.99,13.51,19.24,33.55,13.3,14.47,29.5,61.12,9.08,5.39,12.88,18.63,1.45,2.0,12.02,,7.68,16.65,44.01,56.1,3.52,2.37,9.8,21.55,16.25,12.98,20.75,,40.64,48.19,66.43,79.79,29.63,9.39,31.54,5.18,48.46,11.26,74.75,24.01,26.14,18.85,4.42,5.75,5.729999999999999,15.03,7.490000000000001,18.830000000000002,27.36,10.02,7.430000000000001,Finland,1.2314243392948705,0.0,0.0,0.0,0.0,0.0,0.0,0.0,0.0,0.0,0.0,0.0,0.0,0.0,0.0,0.0,0.0,0.0,0.0,0.0,0.0,0.0,0.0,0.0,0.0
FIN,IND,2023,274.525546,FI,FIN,3.88,11.17,30.02,43.6,2.19,0.86,6.61,9.2,15.99,13.51,19.24,33.55,13.3,14.47,29.5,61.12,9.08,5.39,12.88,18.63,1.45,2.0,12.02,,7.68,16.65,44.01,56.1,3.52,2.37,9.8,21.55,16.25,12.98,20.75,,40.64,48.19,66.43,79.79,29.63,9.39,31.54,5.18,48.46,11.26,74.75,24.01,26.14,18.85,4.42,5.75,5.729999999999999,15.03,7.490000000000001,18.830000000000002,27.36,10.02,7.430000000000001,Finland,5.6150443203717,1.0,0.0,18.85,0.0,26.14,0.0,5.75,0.0,5.729999999999999,0.0,15.03,0.0,7.490000000000001,0.0,18.830000000000002,0.0,27.36,0.0,10.02,0.0,7.430000000000001,0.0,30.02,0.0
FIN,PHL,2023,19.463433,FI,FIN,3.88,11.17,30.02,43.6,2.19,0.86,6.61,9.2,15.99,13.51,19.24,33.55,13.3,14.47,29.5,61.12,9.08,5.39,12.88,18.63,1.45,2.0,12.02,,7.68,16.65,44.01,56.1,3.52,2.37,9.8,21.55,16.25,12.98,20.75,,40.64,48.19,66.43,79.79,29.63,9.39,31.54,5.18,48.46,11.26,74.75,24.01,26.14,18.85,4.42,5.75,5.729999999999999,15.03,7.490000000000001,18.830000000000002,27.36,10.02,7.430000000000001,Finland,2.968537474354078,1.0,0.0,18.85,0.0,26.14,0.0,5.75,0.0,5.729999999999999,0.0,15.03,0.0,7.490000000000001,0.0,18.830000000000002,0.0,27.36,0.0,10.02,0.0,7.430000000000001,0.0,30.02,0.0
FIN,VNM,2023,5.855045,FI,FIN,3.88,11.17,30.02,43.6,2.19,0.86,6.61,9.2,15.99,13.51,19.24,33.55,13.3,14.47,29.5,61.12,9.08,5.39,12.88,18.63,1.45,2.0,12.02,,7.68,16.65,44.01,56.1,3.52,2.37,9.8,21.55,16.25,12.98,20.75,,40.64,48.19,66.43,79.79,29.63,9.39,31.54,5.18,48.46,11.26,74.75,24.01,26.14,18.85,4.42,5.75,5.729999999999999,15.03,7.490000000000001,18.830000000000002,27.36,10.02,7.430000000000001,Finland,1.7673036827588304,1.0,0.0,18.85,0.0,26.14,0.0,5.75,0.0,5.729999999999999,0.0,15.03,0.0,7.490000000000001,0.0,18.830000000000002,0.0,27.36,0.0,10.02,0.0,7.430000000000001,0.0,30.02,0.0
CZE,IND,2018,25.787188,CZ,CZE,3.49,0.45,10.71,25.19,0.0,0.0,1.14,5.85,2.65,3.55,10.65,14.0,3.61,5.68,11.44,12.32,1.39,2.25,2.96,3.13,0.33,0.39,4.05,10.03,4.61,6.65,27.29,51.71,0.21,1.1,4.16,8.96,4.19,6.01,9.55,16.73,21.22,24.76,46.49,60.49,9.28,0.35,9.42,1.34,22.09,2.35,33.31,7.84,7.220000000000001,10.260000000000002,1.14,1.14,7.1000000000000005,5.76,0.71,12.81,20.64,3.6599999999999997,3.06,Czechia,3.249877779439059,0.0,0.0,0.0,0.0,0.0,0.0,0.0,0.0,0.0,0.0,0.0,0.0,0.0,0.0,0.0,0.0,0.0,0.0,0.0,0.0,0.0,0.0,0.0,0.0
CZE,PHL,2018,6.757351,CZ,CZE,3.49,0.45,10.71,25.19,0.0,0.0,1.14,5.85,2.65,3.55,10.65,14.0,3.61,5.68,11.44,12.32,1.39,2.25,2.96,3.13,0.33,0.39,4.05,10.03,4.61,6.65,27.29,51.71,0.21,1.1,4.16,8.96,4.19,6.01,9.55,16.73,21.22,24.76,46.49,60.49,9.28,0.35,9.42,1.34,22.09,2.35,33.31,7.84,7.220000000000001,10.260000000000002,1.14,1.14,7.1000000000000005,5.76,0.71,12.81,20.64,3.6599999999999997,3.06,Czechia,1.9106309493508233,0.0,0.0,0.0,0.0,0.0,0.0,0.0,0.0,0.0,0.0,0.0,0.0,0.0,0.0,0.0,0.0,0.0,0.0,0.0,0.0,0.0,0.0,0.0,0.0
CZE,VNM,2018,1.968196,CZ,CZE,3.49,0.45,10.71,25.19,0.0,0.0,1.14,5.85,2.65,3.55,10.65,14.0,3.61,5.68,11.44,12.32,1.39,2.25,2.96,3.13,0.33,0.39,4.05,10.03,4.61,6.65,27.29,51.71,0.21,1.1,4.16,8.96,4.19,6.01,9.55,16.73,21.22,24.76,46.49,60.49,9.28,0.35,9.42,1.34,22.09,2.35,33.31,7.84,7.220000000000001,10.260000000000002,1.14,1.14,7.1000000000000005,5.76,0.71,12.81,20.64,3.6599999999999997,3.06,Czechia,0.6771173871668937,0.0,0.0,0.0,0.0,0.0,0.0,0.0,0.0,0.0,0.0,0.0,0.0,0.0,0.0,0.0,0.0,0.0,0.0,0.0,0.0,0.0,0.0,0.0,0.0
FIN,VNM,2020,4.985345,FI,FIN,3.88,11.17,30.02,43.6,2.19,0.86,6.61,9.2,15.99,13.51,19.24,33.55,13.3,14.47,29.5,61.12,9.08,5.39,12.88,18.63,1.45,2.0,12.02,,7.68,16.65,44.01,56.1,3.52,2.37,9.8,21.55,16.25,12.98,20.75,,40.64,48.19,66.43,79.79,29.63,9.39,31.54,5.18,48.46,11.26,74.75,24.01,26.14,18.85,4.42,5.75,5.729999999999999,15.03,7.490000000000001,18.830000000000002,27.36,10.02,7.430000000000001,Finland,1.6065026086419332,0.0,0.0,0.0,0.0,0.0,0.0,0.0,0.0,0.0,0.0,0.0,0.0,0.0,0.0,0.0,0.0,0.0,0.0,0.0,0.0,0.0,0.0,0.0,0.0
FIN,IND,2021,87.426492,FI,FIN,3.88,11.17,30.02,43.6,2.19,0.86,6.61,9.2,15.99,13.51,19.24,33.55,13.3,14.47,29.5,61.12,9.08,5.39,12.88,18.63,1.45,2.0,12.02,,7.68,16.65,44.01,56.1,3.52,2.37,9.8,21.55,16.25,12.98,20.75,,40.64,48.19,66.43,79.79,29.63,9.39,31.54,5.18,48.46,11.26,74.75,24.01,26.14,18.85,4.42,5.75,5.729999999999999,15.03,7.490000000000001,18.830000000000002,27.36,10.02,7.430000000000001,Finland,4.470798348860436,0.0,0.0,0.0,0.0,0.0,0.0,0.0,0.0,0.0,0.0,0.0,0.0,0.0,0.0,0.0,0.0,0.0,0.0,0.0,0.0,0.0,0.0,0.0,0.0
FIN,PHL,2021,12.518343,FI,FIN,3.88,11.17,30.02,43.6,2.19,0.86,6.61,9.2,15.99,13.51,19.24,33.55,13.3,14.47,29.5,61.12,9.08,5.39,12.88,18.63,1.45,2.0,12.02,,7.68,16.65,44.01,56.1,3.52,2.37,9.8,21.55,16.25,12.98,20.75,,40.64,48.19,66.43,79.79,29.63,9.39,31.54,5.18,48.46,11.26,74.75,24.01,26.14,18.85,4.42,5.75,5.729999999999999,15.03,7.490000000000001,18.830000000000002,27.36,10.02,7.430000000000001,Finland,2.5271950086703394,0.0,0.0,0.0,0.0,0.0,0.0,0.0,0.0,0.0,0.0,0.0,0.0,0.0,0.0,0.0,0.0,0.0,0.0,0.0,0.0,0.0,0.0,0.0,0.0
FIN,VNM,2021,5.367724,FI,FIN,3.88,11.17,30.02,43.6,2.19,0.86,6.61,9.2,15.99,13.51,19.24,33.55,13.3,14.47,29.5,61.12,9.08,5.39,12.88,18.63,1.45,2.0,12.02,,7.68,16.65,44.01,56.1,3.52,2.37,9.8,21.55,16.25,12.98,20.75,,40.64,48.19,66.43,79.79,29.63,9.39,31.54,5.18,48.46,11.26,74.75,24.01,26.14,18.85,4.42,5.75,5.729999999999999,15.03,7.490000000000001,18.830000000000002,27.36,10.02,7.430000000000001,Finland,1.6804039825502257,0.0,0.0,0.0,0.0,0.0,0.0,0.0,0.0,0.0,0.0,0.0,0.0,0.0,0.0,0.0,0.0,0.0,0.0,0.0,0.0,0.0,0.0,0.0,0.0
DNK,IND,2024,148.108213,DK,DNK,10.56,8.37,34.06,49.96,1.34,1.26,6.79,14.98,19.45,12.77,21.95,17.83,15.79,9.15,28.18,48.54,7.5,4.96,8.57,9.95,3.63,3.13,12.06,26.24,15.14,22.0,51.97,62.74,3.55,1.44,17.69,24.8,27.28,14.8,21.75,38.55,54.75,44.31,68.3,79.08,39.22,8.87,23.58,3.23,44.9,11.7,63.71,23.93,23.5,25.690000000000005,5.45,5.53,9.18,19.03,3.6100000000000003,5.68,29.97,8.93,16.25,Denmark,4.997943175509265,1.0,1.0,25.690000000000005,25.690000000000005,23.5,23.5,5.53,5.53,9.18,9.18,19.03,19.03,3.6100000000000003,3.6100000000000003,5.68,5.68,29.97,29.97,8.93,8.93,16.25,16.25,34.06,34.06
DNK,PHL,2024,38.612623,DK,DNK,10.56,8.37,34.06,49.96,1.34,1.26,6.79,14.98,19.45,12.77,21.95,17.83,15.79,9.15,28.18,48.54,7.5,4.96,8.57,9.95,3.63,3.13,12.06,26.24,15.14,22.0,51.97,62.74,3.55,1.44,17.69,24.8,27.28,14.8,21.75,38.55,54.75,44.31,68.3,79.08,39.22,8.87,23.58,3.23,44.9,11.7,63.71,23.93,23.5,25.690000000000005,5.45,5.53,9.18,19.03,3.6100000000000003,5.68,29.97,8.93,16.25,Denmark,3.653579243736551,1.0,1.0,25.690000000000005,25.690000000000005,23.5,23.5,5.53,5.53,9.18,9.18,19.03,19.03,3.6100000000000003,3.6100000000000003,5.68,5.68,29.97,29.97,8.93,8.93,16.25,16.25,34.06,34.06
DNK,VNM,2024,11.705212,DK,DNK,10.56,8.37,34.06,49.96,1.34,1.26,6.79,14.98,19.45,12.77,21.95,17.83,15.79,9.15,28.18,48.54,7.5,4.96,8.57,9.95,3.63,3.13,12.06,26.24,15.14,22.0,51.97,62.74,3.55,1.44,17.69,24.8,27.28,14.8,21.75,38.55,54.75,44.31,68.3,79.08,39.22,8.87,23.58,3.23,44.9,11.7,63.71,23.93,23.5,25.690000000000005,5.45,5.53,9.18,19.03,3.6100000000000003,5.68,29.97,8.93,16.25,Denmark,2.460034212696839,1.0,1.0,25.690000000000005,25.690000000000005,23.5,23.5,5.53,5.53,9.18,9.18,19.03,19.03,3.6100000000000003,3.6100000000000003,5.68,5.68,29.97,29.97,8.93,8.93,16.25,16.25,34.06,34.06
DNK,IND,2023,122.498514,DK,DNK,10.56,8.37,34.06,49.96,1.34,1.26,6.79,14.98,19.45,12.77,21.95,17.83,15.79,9.15,28.18,48.54,7.5,4.96,8.57,9.95,3.63,3.13,12.06,26.24,15.14,22.0,51.97,62.74,3.55,1.44,17.69,24.8,27.28,14.8,21.75,38.55,54.75,44.31,68.3,79.08,39.22,8.87,23.58,3.23,44.9,11.7,63.71,23.93,23.5,25.690000000000005,5.45,5.53,9.18,19.03,3.6100000000000003,5.68,29.97,8.93,16.25,Denmark,4.80809889929896,1.0,0.0,25.690000000000005,0.0,23.5,0.0,5.53,0.0,9.18,0.0,19.03,0.0,3.6100000000000003,0.0,5.68,0.0,29.97,0.0,8.93,0.0,16.25,0.0,34.06,0.0
DNK,PHL,2023,27.703672,DK,DNK,10.56,8.37,34.06,49.96,1.34,1.26,6.79,14.98,19.45,12.77,21.95,17.83,15.79,9.15,28.18,48.54,7.5,4.96,8.57,9.95,3.63,3.13,12.06,26.24,15.14,22.0,51.97,62.74,3.55,1.44,17.69,24.8,27.28,14.8,21.75,38.55,54.75,44.31,68.3,79.08,39.22,8.87,23.58,3.23,44.9,11.7,63.71,23.93,23.5,25.690000000000005,5.45,5.53,9.18,19.03,3.6100000000000003,5.68,29.97,8.93,16.25,Denmark,3.3215649675844667,1.0,0.0,25.690000000000005,0.0,23.5,0.0,5.53,0.0,9.18,0.0,19.03,0.0,3.6100000000000003,0.0,5.68,0.0,29.97,0.0,8.93,0.0,16.25,0.0,34.06,0.0
DNK,VNM,2023,11.362714,DK,DNK,10.56,8.37,34.06,49.96,1.34,1.26,6.79,14.98,19.45,12.77,21.95,17.83,15.79,9.15,28.18,48.54,7.5,4.96,8.57,9.95,3.63,3.13,12.06,26.24,15.14,22.0,51.97,62.74,3.55,1.44,17.69,24.8,27.28,14.8,21.75,38.55,54.75,44.31,68.3,79.08,39.22,8.87,23.58,3.23,44.9,11.7,63.71,23.93,23.5,25.690000000000005,5.45,5.53,9.18,19.03,3.6100000000000003,5.68,29.97,8.93,16.25,Denmark,2.43033729320963,1.0,0.0,25.690000000000005,0.0,23.5,0.0,5.53,0.0,9.18,0.0,19.03,0.0,3.6100000000000003,0.0,5.68,0.0,29.97,0.0,8.93,0.0,16.25,0.0,34.06,0.0
DNK,IND,2018,62.010533,DK,DNK,10.56,8.37,34.06,49.96,1.34,1.26,6.79,14.98,19.45,12.77,21.95,17.83,15.79,9.15,28.18,48.54,7.5,4.96,8.57,9.95,3.63,3.13,12.06,26.24,15.14,22.0,51.97,62.74,3.55,1.44,17.69,24.8,27.28,14.8,21.75,38.55,54.75,44.31,68.3,79.08,39.22,8.87,23.58,3.23,44.9,11.7,63.71,23.93,23.5,25.690000000000005,5.45,5.53,9.18,19.03,3.6100000000000003,5.68,29.97,8.93,16.25,Denmark,4.127304257712687,0.0,0.0,0.0,0.0,0.0,0.0,0.0,0.0,0.0,0.0,0.0,0.0,0.0,0.0,0.0,0.0,0.0,0.0,0.0,0.0,0.0,0.0,0.0,0.0
DNK,PHL,2018,15.005854,DK,DNK,10.56,8.37,34.06,49.96,1.34,1.26,6.79,14.98,19.45,12.77,21.95,17.83,15.79,9.15,28.18,48.54,7.5,4.96,8.57,9.95,3.63,3.13,12.06,26.24,15.14,22.0,51.97,62.74,3.55,1.44,17.69,24.8,27.28,14.8,21.75,38.55,54.75,44.31,68.3,79.08,39.22,8.87,23.58,3.23,44.9,11.7,63.71,23.93,23.5,25.690000000000005,5.45,5.53,9.18,19.03,3.6100000000000003,5.68,29.97,8.93,16.25,Denmark,2.708440391634649,0.0,0.0,0.0,0.0,0.0,0.0,0.0,0.0,0.0,0.0,0.0,0.0,0.0,0.0,0.0,0.0,0.0,0.0,0.0,0.0,0.0,0.0,0.0,0.0
DNK,VNM,2018,3.991047,DK,DNK,10.56,8.37,34.06,49.96,1.34,1.26,6.79,14.98,19.45,12.77,21.95,17.83,15.79,9.15,28.18,48.54,7.5,4.96,8.57,9.95,3.63,3.13,12.06,26.24,15.14,22.0,51.97,62.74,3.55,1.44,17.69,24.8,27.28,14.8,21.75,38.55,54.75,44.31,68.3,79.08,39.22,8.87,23.58,3.23,44.9,11.7,63.71,23.93,23.5,25.690000000000005,5.45,5.53,9.18,19.03,3.6100000000000003,5.68,29.97,8.93,16.25,Denmark,1.384053602494373,0.0,0.0,0.0,0.0,0.0,0.0,0.0,0.0,0.0,0.0,0.0,0.0,0.0,0.0,0.0,0.0,0.0,0.0,0.0,0.0,0.0,0.0,0.0,0.0
AUT,IND,2022,154.188877,AT,AUT,3.4,5.73,13.94,26.92,0.53,0.72,3.55,5.99,7.0,11.99,16.7,16.83,12.14,15.09,26.87,39.79,2.61,5.13,5.5,3.92,0.36,1.98,9.14,16.68,3.62,15.01,31.35,61.48,0.07,2.89,7.71,12.52,9.61,12.31,22.71,32.54,30.27,37.05,60.74,79.93,20.93,3.12,25.82,4.28,39.59,7.35,52.8,14.89,10.54,8.209999999999999,3.0199999999999996,2.83,4.709999999999999,11.780000000000001,0.3700000000000001,18.660000000000004,16.340000000000003,7.16,4.82,Austria,5.03817832493474,0.0,0.0,0.0,0.0,0.0,0.0,0.0,0.0,0.0,0.0,0.0,0.0,0.0,0.0,0.0,0.0,0.0,0.0,0.0,0.0,0.0,0.0,0.0,0.0
AUT,PHL,2022,15.787221,AT,AUT,3.4,5.73,13.94,26.92,0.53,0.72,3.55,5.99,7.0,11.99,16.7,16.83,12.14,15.09,26.87,39.79,2.61,5.13,5.5,3.92,0.36,1.98,9.14,16.68,3.62,15.01,31.35,61.48,0.07,2.89,7.71,12.52,9.61,12.31,22.71,32.54,30.27,37.05,60.74,79.93,20.93,3.12,25.82,4.28,39.59,7.35,52.8,14.89,10.54,8.209999999999999,3.0199999999999996,2.83,4.709999999999999,11.780000000000001,0.3700000000000001,18.660000000000004,16.340000000000003,7.16,4.82,Austria,2.759200815311428,0.0,0.0,0.0,0.0,0.0,0.0,0.0,0.0,0.0,0.0,0.0,0.0,0.0,0.0,0.0,0.0,0.0,0.0,0.0,0.0,0.0,0.0,0.0,0.0
AUT,VNM,2022,4.868633,AT,AUT,3.4,5.73,13.94,26.92,0.53,0.72,3.55,5.99,7.0,11.99,16.7,16.83,12.14,15.09,26.87,39.79,2.61,5.13,5.5,3.92,0.36,1.98,9.14,16.68,3.62,15.01,31.35,61.48,0.07,2.89,7.71,12.52,9.61,12.31,22.71,32.54,30.27,37.05,60.74,79.93,20.93,3.12,25.82,4.28,39.59,7.35,52.8,14.89,10.54,8.209999999999999,3.0199999999999996,2.83,4.709999999999999,11.780000000000001,0.3700000000000001,18.660000000000004,16.340000000000003,7.16,4.82,Austria,1.5828131995394477,0.0,0.0,0.0,0.0,0.0,0.0,0.0,0.0,0.0,0.0,0.0,0.0,0.0,0.0,0.0,0.0,0.0,0.0,0.0,0.0,0.0,0.0,0.0,0.0
AUT,IND,2018,94.718044,AT,AUT,3.4,5.73,13.94,26.92,0.53,0.72,3.55,5.99,7.0,11.99,16.7,16.83,12.14,15.09,26.87,39.79,2.61,5.13,5.5,3.92,0.36,1.98,9.14,16.68,3.62,15.01,31.35,61.48,0.07,2.89,7.71,12.52,9.61,12.31,22.71,32.54,30.27,37.05,60.74,79.93,20.93,3.12,25.82,4.28,39.59,7.35,52.8,14.89,10.54,8.209999999999999,3.0199999999999996,2.83,4.709999999999999,11.780000000000001,0.3700000000000001,18.660000000000004,16.340000000000003,7.16,4.82,Austria,4.550904520584637,0.0,0.0,0.0,0.0,0.0,0.0,0.0,0.0,0.0,0.0,0.0,0.0,0.0,0.0,0.0,0.0,0.0,0.0,0.0,0.0,0.0,0.0,0.0,0.0
AUT,PHL,2018,12.354956,AT,AUT,3.4,5.73,13.94,26.92,0.53,0.72,3.55,5.99,7.0,11.99,16.7,16.83,12.14,15.09,26.87,39.79,2.61,5.13,5.5,3.92,0.36,1.98,9.14,16.68,3.62,15.01,31.35,61.48,0.07,2.89,7.71,12.52,9.61,12.31,22.71,32.54,30.27,37.05,60.74,79.93,20.93,3.12,25.82,4.28,39.59,7.35,52.8,14.89,10.54,8.209999999999999,3.0199999999999996,2.83,4.709999999999999,11.780000000000001,0.3700000000000001,18.660000000000004,16.340000000000003,7.16,4.82,Austria,2.5140572781230217,0.0,0.0,0.0,0.0,0.0,0.0,0.0,0.0,0.0,0.0,0.0,0.0,0.0,0.0,0.0,0.0,0.0,0.0,0.0,0.0,0.0,0.0,0.0,0.0
AUT,VNM,2018,3.84498,AT,AUT,3.4,5.73,13.94,26.92,0.53,0.72,3.55,5.99,7.0,11.99,16.7,16.83,12.14,15.09,26.87,39.79,2.61,5.13,5.5,3.92,0.36,1.98,9.14,16.68,3.62,15.01,31.35,61.48,0.07,2.89,7.71,12.52,9.61,12.31,22.71,32.54,30.27,37.05,60.74,79.93,20.93,3.12,25.82,4.28,39.59,7.35,52.8,14.89,10.54,8.209999999999999,3.0199999999999996,2.83,4.709999999999999,11.780000000000001,0.3700000000000001,18.660000000000004,16.340000000000003,7.16,4.82,Austria,1.346768401383611,0.0,0.0,0.0,0.0,0.0,0.0,0.0,0.0,0.0,0.0,0.0,0.0,0.0,0.0,0.0,0.0,0.0,0.0,0.0,0.0,0.0,0.0,0.0,0.0
AUT,IND,2020,95.659824,AT,AUT,3.4,5.73,13.94,26.92,0.53,0.72,3.55,5.99,7.0,11.99,16.7,16.83,12.14,15.09,26.87,39.79,2.61,5.13,5.5,3.92,0.36,1.98,9.14,16.68,3.62,15.01,31.35,61.48,0.07,2.89,7.71,12.52,9.61,12.31,22.71,32.54,30.27,37.05,60.74,79.93,20.93,3.12,25.82,4.28,39.59,7.35,52.8,14.89,10.54,8.209999999999999,3.0199999999999996,2.83,4.709999999999999,11.780000000000001,0.3700000000000001,18.660000000000004,16.340000000000003,7.16,4.82,Austria,4.560798398400991,0.0,0.0,0.0,0.0,0.0,0.0,0.0,0.0,0.0,0.0,0.0,0.0,0.0,0.0,0.0,0.0,0.0,0.0,0.0,0.0,0.0,0.0,0.0,0.0
AUT,PHL,2020,12.465079,AT,AUT,3.4,5.73,13.94,26.92,0.53,0.72,3.55,5.99,7.0,11.99,16.7,16.83,12.14,15.09,26.87,39.79,2.61,5.13,5.5,3.92,0.36,1.98,9.14,16.68,3.62,15.01,31.35,61.48,0.07,2.89,7.71,12.52,9.61,12.31,22.71,32.54,30.27,37.05,60.74,79.93,20.93,3.12,25.82,4.28,39.59,7.35,52.8,14.89,10.54,8.209999999999999,3.0199999999999996,2.83,4.709999999999999,11.780000000000001,0.3700000000000001,18.660000000000004,16.340000000000003,7.16,4.82,Austria,2.5229310547011257,0.0,0.0,0.0,0.0,0.0,0.0,0.0,0.0,0.0,0.0,0.0,0.0,0.0,0.0,0.0,0.0,0.0,0.0,0.0,0.0,0.0,0.0,0.0,0.0
AUT,VNM,2020,4.275728,AT,AUT,3.4,5.73,13.94,26.92,0.53,0.72,3.55,5.99,7.0,11.99,16.7,16.83,12.14,15.09,26.87,39.79,2.61,5.13,5.5,3.92,0.36,1.98,9.14,16.68,3.62,15.01,31.35,61.48,0.07,2.89,7.71,12.52,9.61,12.31,22.71,32.54,30.27,37.05,60.74,79.93,20.93,3.12,25.82,4.28,39.59,7.35,52.8,14.89,10.54,8.209999999999999,3.0199999999999996,2.83,4.709999999999999,11.780000000000001,0.3700000000000001,18.660000000000004,16.340000000000003,7.16,4.82,Austria,1.4529543802882798,0.0,0.0,0.0,0.0,0.0,0.0,0.0,0.0,0.0,0.0,0.0,0.0,0.0,0.0,0.0,0.0,0.0,0.0,0.0,0.0,0.0,0.0,0.0,0.0
AUT,IND,2023,126.740568,AT,AUT,3.4,5.73,13.94,26.92,0.53,0.72,3.55,5.99,7.0,11.99,16.7,16.83,12.14,15.09,26.87,39.79,2.61,5.13,5.5,3.92,0.36,1.98,9.14,16.68,3.62,15.01,31.35,61.48,0.07,2.89,7.71,12.52,9.61,12.31,22.71,32.54,30.27,37.05,60.74,79.93,20.93,3.12,25.82,4.28,39.59,7.35,52.8,14.89,10.54,8.209999999999999,3.0199999999999996,2.83,4.709999999999999,11.780000000000001,0.3700000000000001,18.660000000000004,16.340000000000003,7.16,4.82,Austria,4.842142225501235,1.0,0.0,8.209999999999999,0.0,10.54,0.0,2.83,0.0,4.709999999999999,0.0,11.780000000000001,0.0,0.3700000000000001,0.0,18.660000000000004,0.0,16.340000000000003,0.0,7.16,0.0,4.82,0.0,13.94,0.0
AUT,PHL,2023,15.456027,AT,AUT,3.4,5.73,13.94,26.92,0.53,0.72,3.55,5.99,7.0,11.99,16.7,16.83,12.14,15.09,26.87,39.79,2.61,5.13,5.5,3.92,0.36,1.98,9.14,16.68,3.62,15.01,31.35,61.48,0.07,2.89,7.71,12.52,9.61,12.31,22.71,32.54,30.27,37.05,60.74,79.93,20.93,3.12,25.82,4.28,39.59,7.35,52.8,14.89,10.54,8.209999999999999,3.0199999999999996,2.83,4.709999999999999,11.780000000000001,0.3700000000000001,18.660000000000004,16.340000000000003,7.16,4.82,Austria,2.7379990243630465,1.0,0.0,8.209999999999999,0.0,10.54,0.0,2.83,0.0,4.709999999999999,0.0,11.780000000000001,0.0,0.3700000000000001,0.0,18.660000000000004,0.0,16.340000000000003,0.0,7.16,0.0,4.82,0.0,13.94,0.0
AUT,VNM,2023,5.597527,AT,AUT,3.4,5.73,13.94,26.92,0.53,0.72,3.55,5.99,7.0,11.99,16.7,16.83,12.14,15.09,26.87,39.79,2.61,5.13,5.5,3.92,0.36,1.98,9.14,16.68,3.62,15.01,31.35,61.48,0.07,2.89,7.71,12.52,9.61,12.31,22.71,32.54,30.27,37.05,60.74,79.93,20.93,3.12,25.82,4.28,39.59,7.35,52.8,14.89,10.54,8.209999999999999,3.0199999999999996,2.83,4.709999999999999,11.780000000000001,0.3700000000000001,18.660000000000004,16.340000000000003,7.16,4.82,Austria,1.7223248930610957,1.0,0.0,8.209999999999999,0.0,10.54,0.0,2.83,0.0,4.709999999999999,0.0,11.780000000000001,0.0,0.3700000000000001,0.0,18.660000000000004,0.0,16.340000000000003,0.0,7.16,0.0,4.82,0.0,13.94,0.0
AUT,IND,2019,123.89418,AT,AUT,3.4,5.73,13.94,26.92,0.53,0.72,3.55,5.99,7.0,11.99,16.7,16.83,12.14,15.09,26.87,39.79,2.61,5.13,5.5,3.92,0.36,1.98,9.14,16.68,3.62,15.01,31.35,61.48,0.07,2.89,7.71,12.52,9.61,12.31,22.71,32.54,30.27,37.05,60.74,79.93,20.93,3.12,25.82,4.28,39.59,7.35,52.8,14.89,10.54,8.209999999999999,3.0199999999999996,2.83,4.709999999999999,11.780000000000001,0.3700000000000001,18.660000000000004,16.340000000000003,7.16,4.82,Austria,4.819427814166196,0.0,0.0,0.0,0.0,0.0,0.0,0.0,0.0,0.0,0.0,0.0,0.0,0.0,0.0,0.0,0.0,0.0,0.0,0.0,0.0,0.0,0.0,0.0,0.0
AUT,PHL,2019,11.599875,AT,AUT,3.4,5.73,13.94,26.92,0.53,0.72,3.55,5.99,7.0,11.99,16.7,16.83,12.14,15.09,26.87,39.79,2.61,5.13,5.5,3.92,0.36,1.98,9.14,16.68,3.62,15.01,31.35,61.48,0.07,2.89,7.71,12.52,9.61,12.31,22.71,32.54,30.27,37.05,60.74,79.93,20.93,3.12,25.82,4.28,39.59,7.35,52.8,14.89,10.54,8.209999999999999,3.0199999999999996,2.83,4.709999999999999,11.780000000000001,0.3700000000000001,18.660000000000004,16.340000000000003,7.16,4.82,Austria,2.45099432219219,0.0,0.0,0.0,0.0,0.0,0.0,0.0,0.0,0.0,0.0,0.0,0.0,0.0,0.0,0.0,0.0,0.0,0.0,0.0,0.0,0.0,0.0,0.0,0.0
AUT,VNM,2019,4.170292,AT,AUT,3.4,5.73,13.94,26.92,0.53,0.72,3.55,5.99,7.0,11.99,16.7,16.83,12.14,15.09,26.87,39.79,2.61,5.13,5.5,3.92,0.36,1.98,9.14,16.68,3.62,15.01,31.35,61.48,0.07,2.89,7.71,12.52,9.61,12.31,22.71,32.54,30.27,37.05,60.74,79.93,20.93,3.12,25.82,4.28,39.59,7.35,52.8,14.89,10.54,8.209999999999999,3.0199999999999996,2.83,4.709999999999999,11.780000000000001,0.3700000000000001,18.660000000000004,16.340000000000003,7.16,4.82,Austria,1.427986057339961,0.0,0.0,0.0,0.0,0.0,0.0,0.0,0.0,0.0,0.0,0.0,0.0,0.0,0.0,0.0,0.0,0.0,0.0,0.0,0.0,0.0,0.0,0.0,0.0
AUT,IND,2021,144.792983,AT,AUT,3.4,5.73,13.94,26.92,0.53,0.72,3.55,5.99,7.0,11.99,16.7,16.83,12.14,15.09,26.87,39.79,2.61,5.13,5.5,3.92,0.36,1.98,9.14,16.68,3.62,15.01,31.35,61.48,0.07,2.89,7.71,12.52,9.61,12.31,22.71,32.54,30.27,37.05,60.74,79.93,20.93,3.12,25.82,4.28,39.59,7.35,52.8,14.89,10.54,8.209999999999999,3.0199999999999996,2.83,4.709999999999999,11.780000000000001,0.3700000000000001,18.660000000000004,16.340000000000003,7.16,4.82,Austria,4.9753050188326435,0.0,0.0,0.0,0.0,0.0,0.0,0.0,0.0,0.0,0.0,0.0,0.0,0.0,0.0,0.0,0.0,0.0,0.0,0.0,0.0,0.0,0.0,0.0,0.0
AUT,PHL,2021,13.942955,AT,AUT,3.4,5.73,13.94,26.92,0.53,0.72,3.55,5.99,7.0,11.99,16.7,16.83,12.14,15.09,26.87,39.79,2.61,5.13,5.5,3.92,0.36,1.98,9.14,16.68,3.62,15.01,31.35,61.48,0.07,2.89,7.71,12.52,9.61,12.31,22.71,32.54,30.27,37.05,60.74,79.93,20.93,3.12,25.82,4.28,39.59,7.35,52.8,14.89,10.54,8.209999999999999,3.0199999999999996,2.83,4.709999999999999,11.780000000000001,0.3700000000000001,18.660000000000004,16.340000000000003,7.16,4.82,Austria,2.6349743627817275,0.0,0.0,0.0,0.0,0.0,0.0,0.0,0.0,0.0,0.0,0.0,0.0,0.0,0.0,0.0,0.0,0.0,0.0,0.0,0.0,0.0,0.0,0.0,0.0
AUT,VNM,2021,5.486482,AT,AUT,3.4,5.73,13.94,26.92,0.53,0.72,3.55,5.99,7.0,11.99,16.7,16.83,12.14,15.09,26.87,39.79,2.61,5.13,5.5,3.92,0.36,1.98,9.14,16.68,3.62,15.01,31.35,61.48,0.07,2.89,7.71,12.52,9.61,12.31,22.71,32.54,30.27,37.05,60.74,79.93,20.93,3.12,25.82,4.28,39.59,7.35,52.8,14.89,10.54,8.209999999999999,3.0199999999999996,2.83,4.709999999999999,11.780000000000001,0.3700000000000001,18.660000000000004,16.340000000000003,7.16,4.82,Austria,1.7022872486632383,0.0,0.0,0.0,0.0,0.0,0.0,0.0,0.0,0.0,0.0,0.0,0.0,0.0,0.0,0.0,0.0,0.0,0.0,0.0,0.0,0.0,0.0,0.0,0.0
AUT,IND,2024,122.869039,AT,AUT,3.4,5.73,13.94,26.92,0.53,0.72,3.55,5.99,7.0,11.99,16.7,16.83,12.14,15.09,26.87,39.79,2.61,5.13,5.5,3.92,0.36,1.98,9.14,16.68,3.62,15.01,31.35,61.48,0.07,2.89,7.71,12.52,9.61,12.31,22.71,32.54,30.27,37.05,60.74,79.93,20.93,3.12,25.82,4.28,39.59,7.35,52.8,14.89,10.54,8.209999999999999,3.0199999999999996,2.83,4.709999999999999,11.780000000000001,0.3700000000000001,18.660000000000004,16.340000000000003,7.16,4.82,Austria,4.811119064574376,1.0,1.0,8.209999999999999,8.209999999999999,10.54,10.54,2.83,2.83,4.709999999999999,4.709999999999999,11.780000000000001,11.780000000000001,0.3700000000000001,0.3700000000000001,18.660000000000004,18.660000000000004,16.340000000000003,16.340000000000003,7.16,7.16,4.82,4.82,13.94,13.94
AUT,PHL,2024,20.909957,AT,AUT,3.4,5.73,13.94,26.92,0.53,0.72,3.55,5.99,7.0,11.99,16.7,16.83,12.14,15.09,26.87,39.79,2.61,5.13,5.5,3.92,0.36,1.98,9.14,16.68,3.62,15.01,31.35,61.48,0.07,2.89,7.71,12.52,9.61,12.31,22.71,32.54,30.27,37.05,60.74,79.93,20.93,3.12,25.82,4.28,39.59,7.35,52.8,14.89,10.54,8.209999999999999,3.0199999999999996,2.83,4.709999999999999,11.780000000000001,0.3700000000000001,18.660000000000004,16.340000000000003,7.16,4.82,Austria,3.0402254570060987,1.0,1.0,8.209999999999999,8.209999999999999,10.54,10.54,2.83,2.83,4.709999999999999,4.709999999999999,11.780000000000001,11.780000000000001,0.3700000000000001,0.3700000000000001,18.660000000000004,18.660000000000004,16.340000000000003,16.340000000000003,7.16,7.16,4.82,4.82,13.94,13.94
AUT,VNM,2024,6.930794,AT,AUT,3.4,5.73,13.94,26.92,0.53,0.72,3.55,5.99,7.0,11.99,16.7,16.83,12.14,15.09,26.87,39.79,2.61,5.13,5.5,3.92,0.36,1.98,9.14,16.68,3.62,15.01,31.35,61.48,0.07,2.89,7.71,12.52,9.61,12.31,22.71,32.54,30.27,37.05,60.74,79.93,20.93,3.12,25.82,4.28,39.59,7.35,52.8,14.89,10.54,8.209999999999999,3.0199999999999996,2.83,4.709999999999999,11.780000000000001,0.3700000000000001,18.660000000000004,16.340000000000003,7.16,4.82,Austria,1.9359743809532506,1.0,1.0,8.209999999999999,8.209999999999999,10.54,10.54,2.83,2.83,4.709999999999999,4.709999999999999,11.780000000000001,11.780000000000001,0.3700000000000001,0.3700000000000001,18.660000000000004,18.660000000000004,16.340000000000003,16.340000000000003,7.16,7.16,4.82,4.82,13.94,13.94
