indicator,iso3,country,year,value
IT.NET.BBND.P2,AFE,Africa Eastern and Southern,2025,1.41
IT.NET.BBND.P2,AFE,Africa Eastern and Southern,2024,1.03
IT.NET.BBND.P2,AFE,Africa Eastern and Southern,2023,0.78
IT.NET.BBND.P2,AFE,Africa Eastern and Southern,2022,0.67
IT.NET.BBND.P2,AFE,Africa Eastern and Southern,2021,0.62
IT.NET.BBND.P2,AFE,Africa Eastern and Southern,2020,0.51
IT.NET.BBND.P2,AFE,Africa Eastern and Southern,2019,0.6
IT.NET.BBND.P2,AFE,Africa Eastern and Southern,2018,0.5
IT.NET.BBND.P2,AFE,Africa Eastern and Southern,2017,0.5
IT.NET.BBND.P2,AFE,Africa Eastern and Southern,2016,0.5
IT.NET.BBND.P2,AFE,Africa Eastern and Southern,2015,0.5
IT.NET.BBND.P2,AFW,Africa Western and Central,2025,0.69
IT.NET.BBND.P2,AFW,Africa Western and Central,2024,0.57
IT.NET.BBND.P2,AFW,Africa Western and Central,2023,0.48
IT.NET.BBND.P2,AFW,Africa Western and Central,2022,0.41
IT.NET.BBND.P2,AFW,Africa Western and Central,2021,0.36
IT.NET.BBND.P2,AFW,Africa Western and Central,2020,0.37
IT.NET.BBND.P2,AFW,Africa Western and Central,2019,0.3
IT.NET.BBND.P2,AFW,Africa Western and Central,2018,0.2
IT.NET.BBND.P2,AFW,Africa Western and Central,2017,0.2
IT.NET.BBND.P2,AFW,Africa Western and Central,2016,0.2
IT.NET.BBND.P2,AFW,Africa Western and Central,2015,0.1
IT.NET.BBND.P2,ARB,Arab World,2022,11.9963102299597
IT.NET.BBND.P2,ARB,Arab World,2021,9.72405002319894
IT.NET.BBND.P2,ARB,Arab World,2020,8.64722518977881
IT.NET.BBND.P2,ARB,Arab World,2019,7.48830314498961
IT.NET.BBND.P2,ARB,Arab World,2018,7.42213410612557
IT.NET.BBND.P2,ARB,Arab World,2017,6.75037761278678
IT.NET.BBND.P2,ARB,Arab World,2016,5.40362000528477
IT.NET.BBND.P2,ARB,Arab World,2015,4.98570358832213
IT.NET.BBND.P2,CSS,Caribbean small states,2021,18.3844757261607
IT.NET.BBND.P2,CSS,Caribbean small states,2020,18.4915639241509
IT.NET.BBND.P2,CSS,Caribbean small states,2019,16.0168044444927
IT.NET.BBND.P2,CSS,Caribbean small states,2018,17.4299988451081
IT.NET.BBND.P2,CSS,Caribbean small states,2017,15.194029672585
IT.NET.BBND.P2,CSS,Caribbean small states,2016,14.3725860244286
IT.NET.BBND.P2,CSS,Caribbean small states,2015,13.122045644732
IT.NET.BBND.P2,CEB,Central Europe and the Baltics,2022,29.5807948378636
IT.NET.BBND.P2,CEB,Central Europe and the Baltics,2021,28.9659286694394
IT.NET.BBND.P2,CEB,Central Europe and the Baltics,2020,27.6199726811752
IT.NET.BBND.P2,CEB,Central Europe and the Baltics,2019,26.3462865575171
IT.NET.BBND.P2,CEB,Central Europe and the Baltics,2018,25.2903305687623
IT.NET.BBND.P2,CEB,Central Europe and the Baltics,2017,24.2605433782126
IT.NET.BBND.P2,CEB,Central Europe and the Baltics,2016,23.2181457096423
IT.NET.BBND.P2,CEB,Central Europe and the Baltics,2015,22.4291409822815
IT.NET.BBND.P2,EAR,Early-demographic dividend,2022,5.98967585553685
IT.NET.BBND.P2,EAR,Early-demographic dividend,2021,5.47910506073188
IT.NET.BBND.P2,EAR,Early-demographic dividend,2020,4.84527695969511
IT.NET.BBND.P2,EAR,Early-demographic dividend,2019,4.18222696155961
IT.NET.BBND.P2,EAR,Early-demographic dividend,2018,4.14596909449036
IT.NET.BBND.P2,EAR,Early-demographic dividend,2017,3.65839456855015
IT.NET.BBND.P2,EAR,Early-demographic dividend,2016,3.44187901225152
IT.NET.BBND.P2,EAR,Early-demographic dividend,2015,3.10118535406309
IT.NET.BBND.P2,EAS,East Asia & Pacific,2025,36.46
IT.NET.BBND.P2,EAS,East Asia & Pacific,2024,34.75
IT.NET.BBND.P2,EAS,East Asia & Pacific,2023,33.13
IT.NET.BBND.P2,EAS,East Asia & Pacific,2022,31.12
IT.NET.BBND.P2,EAS,East Asia & Pacific,2021,28.69
IT.NET.BBND.P2,EAS,East Asia & Pacific,2020,26.14
IT.NET.BBND.P2,EAS,East Asia & Pacific,2019,24.4
IT.NET.BBND.P2,EAS,East Asia & Pacific,2018,22.4
IT.NET.BBND.P2,EAS,East Asia & Pacific,2017,21.6
IT.NET.BBND.P2,EAS,East Asia & Pacific,2016,18.4
IT.NET.BBND.P2,EAS,East Asia & Pacific,2015,16.3
IT.NET.BBND.P2,EAP,East Asia & Pacific (excluding high income),2025,35.91
IT.NET.BBND.P2,EAP,East Asia & Pacific (excluding high income),2024,34.15
IT.NET.BBND.P2,EAP,East Asia & Pacific (excluding high income),2023,32.48
IT.NET.BBND.P2,EAP,East Asia & Pacific (excluding high income),2022,30.38
IT.NET.BBND.P2,EAP,East Asia & Pacific (excluding high income),2021,27.78
IT.NET.BBND.P2,EAP,East Asia & Pacific (excluding high income),2020,25.05
IT.NET.BBND.P2,EAP,East Asia & Pacific (excluding high income),2019,23.6249612413341
IT.NET.BBND.P2,EAP,East Asia & Pacific (excluding high income),2018,21.4912358499865
IT.NET.BBND.P2,EAP,East Asia & Pacific (excluding high income),2017,20.6158047610263
IT.NET.BBND.P2,EAP,East Asia & Pacific (excluding high income),2016,17.0570951109245
IT.NET.BBND.P2,EAP,East Asia & Pacific (excluding high income),2015,14.7798050266976
IT.NET.BBND.P2,TEA,East Asia & Pacific (IDA & IBRD countries),2025,36.36
IT.NET.BBND.P2,TEA,East Asia & Pacific (IDA & IBRD countries),2024,34.57
IT.NET.BBND.P2,TEA,East Asia & Pacific (IDA & IBRD countries),2023,32.88
IT.NET.BBND.P2,TEA,East Asia & Pacific (IDA & IBRD countries),2022,30.76
IT.NET.BBND.P2,TEA,East Asia & Pacific (IDA & IBRD countries),2021,28.12
IT.NET.BBND.P2,TEA,East Asia & Pacific (IDA & IBRD countries),2020,25.36
IT.NET.BBND.P2,TEA,East Asia & Pacific (IDA & IBRD countries),2019,23.5
IT.NET.BBND.P2,TEA,East Asia & Pacific (IDA & IBRD countries),2018,21.3
IT.NET.BBND.P2,TEA,East Asia & Pacific (IDA & IBRD countries),2017,20.5
IT.NET.BBND.P2,TEA,East Asia & Pacific (IDA & IBRD countries),2016,17.0
IT.NET.BBND.P2,TEA,East Asia & Pacific (IDA & IBRD countries),2015,14.7
IT.NET.BBND.P2,EMU,Euro area,2022,40.8890630672494
IT.NET.BBND.P2,EMU,Euro area,2021,39.907173788575
IT.NET.BBND.P2,EMU,Euro area,2020,38.9134629698703
IT.NET.BBND.P2,EMU,Euro area,2019,37.8238210695565
IT.NET.BBND.P2,EMU,Euro area,2018,36.9809043655201
IT.NET.BBND.P2,EMU,Euro area,2017,36.0242017920541
IT.NET.BBND.P2,EMU,Euro area,2016,34.7862827751847
IT.NET.BBND.P2,EMU,Euro area,2015,33.5833939250786
IT.NET.BBND.P2,ECS,Europe & Central Asia,2025,34.45
IT.NET.BBND.P2,ECS,Europe & Central Asia,2024,33.47
IT.NET.BBND.P2,ECS,Europe & Central Asia,2023,32.56
IT.NET.BBND.P2,ECS,Europe & Central Asia,2022,31.57
IT.NET.BBND.P2,ECS,Europe & Central Asia,2021,30.85
IT.NET.BBND.P2,ECS,Europe & Central Asia,2020,29.8
IT.NET.BBND.P2,ECS,Europe & Central Asia,2019,28.5
IT.NET.BBND.P2,ECS,Europe & Central Asia,2018,27.8
IT.NET.BBND.P2,ECS,Europe & Central Asia,2017,26.9
IT.NET.BBND.P2,ECS,Europe & Central Asia,2016,25.6
IT.NET.BBND.P2,ECS,Europe & Central Asia,2015,24.8
IT.NET.BBND.P2,ECA,Europe & Central Asia (excluding high income),2025,24.53
IT.NET.BBND.P2,ECA,Europe & Central Asia (excluding high income),2024,23.11
IT.NET.BBND.P2,ECA,Europe & Central Asia (excluding high income),2023,21.79
IT.NET.BBND.P2,ECA,Europe & Central Asia (excluding high income),2022,20.13
IT.NET.BBND.P2,ECA,Europe & Central Asia (excluding high income),2021,19.15
IT.NET.BBND.P2,ECA,Europe & Central Asia (excluding high income),2020,17.68
IT.NET.BBND.P2,ECA,Europe & Central Asia (excluding high income),2019,15.5606133758178
IT.NET.BBND.P2,ECA,Europe & Central Asia (excluding high income),2018,15.3491254650346
IT.NET.BBND.P2,ECA,Europe & Central Asia (excluding high income),2017,13.6946760886332
IT.NET.BBND.P2,ECA,Europe & Central Asia (excluding high income),2016,12.6541741689409
IT.NET.BBND.P2,ECA,Europe & Central Asia (excluding high income),2015,11.7041776028352
IT.NET.BBND.P2,TEC,Europe & Central Asia (IDA & IBRD countries),2025,26.72
IT.NET.BBND.P2,TEC,Europe & Central Asia (IDA & IBRD countries),2024,25.36
IT.NET.BBND.P2,TEC,Europe & Central Asia (IDA & IBRD countries),2023,24.09
IT.NET.BBND.P2,TEC,Europe & Central Asia (IDA & IBRD countries),2022,22.66
IT.NET.BBND.P2,TEC,Europe & Central Asia (IDA & IBRD countries),2021,21.68
IT.NET.BBND.P2,TEC,Europe & Central Asia (IDA & IBRD countries),2020,20.51
IT.NET.BBND.P2,TEC,Europe & Central Asia (IDA & IBRD countries),2019,18.8
IT.NET.BBND.P2,TEC,Europe & Central Asia (IDA & IBRD countries),2018,18.2
IT.NET.BBND.P2,TEC,Europe & Central Asia (IDA & IBRD countries),2017,17.3
IT.NET.BBND.P2,TEC,Europe & Central Asia (IDA & IBRD countries),2016,15.9
IT.NET.BBND.P2,TEC,Europe & Central Asia (IDA & IBRD countries),2015,15.2
IT.NET.BBND.P2,EUU,European Union,2022,38.6802657254509
IT.NET.BBND.P2,EUU,European Union,2021,37.8613994311883
IT.NET.BBND.P2,EUU,European Union,2020,36.8053737269773
IT.NET.BBND.P2,EUU,European Union,2019,35.6346241840124
IT.NET.BBND.P2,EUU,European Union,2018,34.7500632097183
IT.NET.BBND.P2,EUU,European Union,2017,33.7866460425655
IT.NET.BBND.P2,EUU,European Union,2016,32.5654171406935
IT.NET.BBND.P2,EUU,European Union,2015,31.4509303481746
IT.NET.BBND.P2,HPC,Heavily indebted poor countries (HIPC),2022,0.684833455807485
IT.NET.BBND.P2,HPC,Heavily indebted poor countries (HIPC),2021,0.671554280983301
IT.NET.BBND.P2,HPC,Heavily indebted poor countries (HIPC),2020,0.627807532948656
IT.NET.BBND.P2,HPC,Heavily indebted poor countries (HIPC),2019,0.514171867332499
IT.NET.BBND.P2,HPC,Heavily indebted poor countries (HIPC),2018,0.54574408758872
IT.NET.BBND.P2,HPC,Heavily indebted poor countries (HIPC),2017,0.402848721466469
IT.NET.BBND.P2,HPC,Heavily indebted poor countries (HIPC),2016,0.382348529709421
IT.NET.BBND.P2,HPC,Heavily indebted poor countries (HIPC),2015,0.276195274652414
IT.NET.BBND.P2,,High income,2025,38.71
IT.NET.BBND.P2,,High income,2024,37.79
IT.NET.BBND.P2,,High income,2023,36.95
IT.NET.BBND.P2,,High income,2022,36.18
IT.NET.BBND.P2,,High income,2021,35.39
IT.NET.BBND.P2,,High income,2020,34.17
IT.NET.BBND.P2,,High income,2019,32.9
IT.NET.BBND.P2,,High income,2018,32.2
IT.NET.BBND.P2,,High income,2017,31.5
IT.NET.BBND.P2,,High income,2016,30.4
IT.NET.BBND.P2,,High income,2015,29.6
IT.NET.BBND.P2,IBD,IBRD only,2025,22.32
IT.NET.BBND.P2,IBD,IBRD only,2024,21.16
IT.NET.BBND.P2,IBD,IBRD only,2023,20.1
IT.NET.BBND.P2,IBD,IBRD only,2022,18.89
IT.NET.BBND.P2,IBD,IBRD only,2021,17.46
IT.NET.BBND.P2,IBD,IBRD only,2020,15.87
IT.NET.BBND.P2,IBD,IBRD only,2019,14.6
IT.NET.BBND.P2,IBD,IBRD only,2018,13.5
IT.NET.BBND.P2,IBD,IBRD only,2017,13.0
IT.NET.BBND.P2,IBD,IBRD only,2016,11.1
IT.NET.BBND.P2,IBD,IBRD only,2015,10.0
IT.NET.BBND.P2,IBT,IDA & IBRD total,2025,16.76
IT.NET.BBND.P2,IBT,IDA & IBRD total,2024,15.94
IT.NET.BBND.P2,IBT,IDA & IBRD total,2023,15.18
IT.NET.BBND.P2,IBT,IDA & IBRD total,2022,14.29
IT.NET.BBND.P2,IBT,IDA & IBRD total,2021,13.23
IT.NET.BBND.P2,IBT,IDA & IBRD total,2020,12.06
IT.NET.BBND.P2,IBT,IDA & IBRD total,2019,11.1
IT.NET.BBND.P2,IBT,IDA & IBRD total,2018,10.3
IT.NET.BBND.P2,IBT,IDA & IBRD total,2017,9.9
IT.NET.BBND.P2,IBT,IDA & IBRD total,2016,8.5
IT.NET.BBND.P2,IBT,IDA & IBRD total,2015,7.6
IT.NET.BBND.P2,IDB,IDA blend,2025,3.44
IT.NET.BBND.P2,IDB,IDA blend,2024,3.0
IT.NET.BBND.P2,IDB,IDA blend,2023,2.62
IT.NET.BBND.P2,IDB,IDA blend,2022,2.25
IT.NET.BBND.P2,IDB,IDA blend,2021,2.0
IT.NET.BBND.P2,IDB,IDA blend,2020,1.6
IT.NET.BBND.P2,IDB,IDA blend,2019,1.2
IT.NET.BBND.P2,IDB,IDA blend,2018,1.3
IT.NET.BBND.P2,IDB,IDA blend,2017,1.2
IT.NET.BBND.P2,IDB,IDA blend,2016,1.1
IT.NET.BBND.P2,IDB,IDA blend,2015,0.8
IT.NET.BBND.P2,IDX,IDA only,2025,2.35
IT.NET.BBND.P2,IDX,IDA only,2024,2.25
IT.NET.BBND.P2,IDX,IDA only,2023,2.2
IT.NET.BBND.P2,IDX,IDA only,2022,2.0
IT.NET.BBND.P2,IDX,IDA only,2021,1.77
IT.NET.BBND.P2,IDX,IDA only,2020,1.61
IT.NET.BBND.P2,IDX,IDA only,2019,1.4
IT.NET.BBND.P2,IDX,IDA only,2018,1.4
IT.NET.BBND.P2,IDX,IDA only,2017,1.2
IT.NET.BBND.P2,IDX,IDA only,2016,1.1
IT.NET.BBND.P2,IDX,IDA only,2015,0.9
IT.NET.BBND.P2,IDA,IDA total,2025,2.73
IT.NET.BBND.P2,IDA,IDA total,2024,2.51
IT.NET.BBND.P2,IDA,IDA total,2023,2.35
IT.NET.BBND.P2,IDA,IDA total,2022,2.09
IT.NET.BBND.P2,IDA,IDA total,2021,1.86
IT.NET.BBND.P2,IDA,IDA total,2020,1.61
IT.NET.BBND.P2,IDA,IDA total,2019,1.4
IT.NET.BBND.P2,IDA,IDA total,2018,1.3
IT.NET.BBND.P2,IDA,IDA total,2017,1.2
IT.NET.BBND.P2,IDA,IDA total,2016,1.1
IT.NET.BBND.P2,IDA,IDA total,2015,0.8
IT.NET.BBND.P2,LTE,Late-demographic dividend,2022,34.579321506941
IT.NET.BBND.P2,LTE,Late-demographic dividend,2021,30.5466806297646
IT.NET.BBND.P2,LTE,Late-demographic dividend,2020,27.7227364611525
IT.NET.BBND.P2,LTE,Late-demographic dividend,2019,25.7970369402879
IT.NET.BBND.P2,LTE,Late-demographic dividend,2018,23.8100103502832
IT.NET.BBND.P2,LTE,Late-demographic dividend,2017,22.970432346049
IT.NET.BBND.P2,LTE,Late-demographic dividend,2016,19.3691748113145
IT.NET.BBND.P2,LTE,Late-demographic dividend,2015,17.1872504809095
IT.NET.BBND.P2,LCN,Latin America & Caribbean,2025,20.54
IT.NET.BBND.P2,LCN,Latin America & Caribbean,2024,19.39
IT.NET.BBND.P2,LCN,Latin America & Caribbean,2023,18.32
IT.NET.BBND.P2,LCN,Latin America & Caribbean,2022,17.57
IT.NET.BBND.P2,LCN,Latin America & Caribbean,2021,16.59
IT.NET.BBND.P2,LCN,Latin America & Caribbean,2020,15.03
IT.NET.BBND.P2,LCN,Latin America & Caribbean,2019,13.5
IT.NET.BBND.P2,LCN,Latin America & Caribbean,2018,13.0
IT.NET.BBND.P2,LCN,Latin America & Caribbean,2017,12.2
IT.NET.BBND.P2,LCN,Latin America & Caribbean,2016,11.5
IT.NET.BBND.P2,LCN,Latin America & Caribbean,2015,10.8
IT.NET.BBND.P2,LAC,Latin America & Caribbean (excluding high income),2025,20.54
IT.NET.BBND.P2,LAC,Latin America & Caribbean (excluding high income),2024,19.4
IT.NET.BBND.P2,LAC,Latin America & Caribbean (excluding high income),2023,18.35
IT.NET.BBND.P2,LAC,Latin America & Caribbean (excluding high income),2022,17.6
IT.NET.BBND.P2,LAC,Latin America & Caribbean (excluding high income),2021,16.58
IT.NET.BBND.P2,LAC,Latin America & Caribbean (excluding high income),2020,14.97
IT.NET.BBND.P2,LAC,Latin America & Caribbean (excluding high income),2019,13.3669628457872
IT.NET.BBND.P2,LAC,Latin America & Caribbean (excluding high income),2018,13.111119019351
IT.NET.BBND.P2,LAC,Latin America & Caribbean (excluding high income),2017,11.9671034388232
IT.NET.BBND.P2,LAC,Latin America & Caribbean (excluding high income),2016,11.2215083403221
IT.NET.BBND.P2,LAC,Latin America & Caribbean (excluding high income),2015,10.5996563579803
IT.NET.BBND.P2,TLA,Latin America & the Caribbean (IDA & IBRD countries),2025,20.76
IT.NET.BBND.P2,TLA,Latin America & the Caribbean (IDA & IBRD countries),2024,19.61
IT.NET.BBND.P2,TLA,Latin America & the Caribbean (IDA & IBRD countries),2023,18.55
IT.NET.BBND.P2,TLA,Latin America & the Caribbean (IDA & IBRD countries),2022,17.79
IT.NET.BBND.P2,TLA,Latin America & the Caribbean (IDA & IBRD countries),2021,16.8
IT.NET.BBND.P2,TLA,Latin America & the Caribbean (IDA & IBRD countries),2020,15.22
IT.NET.BBND.P2,TLA,Latin America & the Caribbean (IDA & IBRD countries),2019,13.7
IT.NET.BBND.P2,TLA,Latin America & the Caribbean (IDA & IBRD countries),2018,13.2
IT.NET.BBND.P2,TLA,Latin America & the Caribbean (IDA & IBRD countries),2017,12.3
IT.NET.BBND.P2,TLA,Latin America & the Caribbean (IDA & IBRD countries),2016,11.6
IT.NET.BBND.P2,TLA,Latin America & the Caribbean (IDA & IBRD countries),2015,11.0
IT.NET.BBND.P2,LDC,Least developed countries: UN classification,2025,2.04
IT.NET.BBND.P2,LDC,Least developed countries: UN classification,2024,1.95
IT.NET.BBND.P2,LDC,Least developed countries: UN classification,2023,1.9
IT.NET.BBND.P2,LDC,Least developed countries: UN classification,2022,1.67
IT.NET.BBND.P2,LDC,Least developed countries: UN classification,2021,1.43
IT.NET.BBND.P2,LDC,Least developed countries: UN classification,2020,1.31
IT.NET.BBND.P2,LDC,Least developed countries: UN classification,2019,1.18796183070503
IT.NET.BBND.P2,LDC,Least developed countries: UN classification,2018,1.37187700797035
IT.NET.BBND.P2,LDC,Least developed countries: UN classification,2017,1.05085377256333
IT.NET.BBND.P2,LDC,Least developed countries: UN classification,2016,0.920524709733674
IT.NET.BBND.P2,LDC,Least developed countries: UN classification,2015,0.755090926043476
IT.NET.BBND.P2,LMY,Low & middle income,2022,14.5372793849357
IT.NET.BBND.P2,LMY,Low & middle income,2021,12.9370224740086
IT.NET.BBND.P2,LMY,Low & middle income,2020,11.7696105635362
IT.NET.BBND.P2,LMY,Low & middle income,2019,10.7683743061326
IT.NET.BBND.P2,LMY,Low & middle income,2018,10.3639176131794
IT.NET.BBND.P2,LMY,Low & middle income,2017,9.63954661940624
IT.NET.BBND.P2,LMY,Low & middle income,2016,8.23950443451547
IT.NET.BBND.P2,LMY,Low & middle income,2015,7.28468906913775
IT.NET.BBND.P2,,Low income,2025,0.57
IT.NET.BBND.P2,,Low income,2024,0.53
IT.NET.BBND.P2,,Low income,2023,0.5
IT.NET.BBND.P2,,Low income,2022,0.48
IT.NET.BBND.P2,,Low income,2021,0.46
IT.NET.BBND.P2,,Low income,2020,0.48
IT.NET.BBND.P2,,Low income,2019,0.4
IT.NET.BBND.P2,,Low income,2018,0.4
IT.NET.BBND.P2,,Low income,2017,0.4
IT.NET.BBND.P2,,Low income,2016,0.4
IT.NET.BBND.P2,,Low income,2015,0.3
IT.NET.BBND.P2,,Lower middle income,2025,5.05
IT.NET.BBND.P2,,Lower middle income,2024,4.61
IT.NET.BBND.P2,,Lower middle income,2023,4.23
IT.NET.BBND.P2,,Lower middle income,2022,3.87
IT.NET.BBND.P2,,Lower middle income,2021,3.47
IT.NET.BBND.P2,,Lower middle income,2020,2.97
IT.NET.BBND.P2,,Lower middle income,2019,2.6
IT.NET.BBND.P2,,Lower middle income,2018,2.4
IT.NET.BBND.P2,,Lower middle income,2017,2.2
IT.NET.BBND.P2,,Lower middle income,2016,2.0
IT.NET.BBND.P2,,Lower middle income,2015,1.7
IT.NET.BBND.P2,MEA,"Middle East, North Africa, Afghanistan & Pakistan",2025,9.69
IT.NET.BBND.P2,MEA,"Middle East, North Africa, Afghanistan & Pakistan",2024,9.29
IT.NET.BBND.P2,MEA,"Middle East, North Africa, Afghanistan & Pakistan",2023,8.94
IT.NET.BBND.P2,MEA,"Middle East, North Africa, Afghanistan & Pakistan",2022,8.53
IT.NET.BBND.P2,MEA,"Middle East, North Africa, Afghanistan & Pakistan",2021,7.92
IT.NET.BBND.P2,MEA,"Middle East, North Africa, Afghanistan & Pakistan",2020,7.09
IT.NET.BBND.P2,MEA,"Middle East, North Africa, Afghanistan & Pakistan",2019,9.3
IT.NET.BBND.P2,MEA,"Middle East, North Africa, Afghanistan & Pakistan",2018,9.2
IT.NET.BBND.P2,MEA,"Middle East, North Africa, Afghanistan & Pakistan",2017,8.5
IT.NET.BBND.P2,MEA,"Middle East, North Africa, Afghanistan & Pakistan",2016,6.6
IT.NET.BBND.P2,MEA,"Middle East, North Africa, Afghanistan & Pakistan",2015,6.1
IT.NET.BBND.P2,MNA,"Middle East, North Africa, Afghanistan & Pakistan (excluding high income)",2025,7.3
IT.NET.BBND.P2,MNA,"Middle East, North Africa, Afghanistan & Pakistan (excluding high income)",2024,6.97
IT.NET.BBND.P2,MNA,"Middle East, North Africa, Afghanistan & Pakistan (excluding high income)",2023,6.67
IT.NET.BBND.P2,MNA,"Middle East, North Africa, Afghanistan & Pakistan (excluding high income)",2022,6.33
IT.NET.BBND.P2,MNA,"Middle East, North Africa, Afghanistan & Pakistan (excluding high income)",2021,6.06
IT.NET.BBND.P2,MNA,"Middle East, North Africa, Afghanistan & Pakistan (excluding high income)",2020,5.57
IT.NET.BBND.P2,MNA,"Middle East, North Africa, Afghanistan & Pakistan (excluding high income)",2019,7.57816991391546
IT.NET.BBND.P2,MNA,"Middle East, North Africa, Afghanistan & Pakistan (excluding high income)",2018,7.52217616933334
IT.NET.BBND.P2,MNA,"Middle East, North Africa, Afghanistan & Pakistan (excluding high income)",2017,6.82735230454902
IT.NET.BBND.P2,MNA,"Middle East, North Africa, Afghanistan & Pakistan (excluding high income)",2016,5.56134691284344
IT.NET.BBND.P2,MNA,"Middle East, North Africa, Afghanistan & Pakistan (excluding high income)",2015,4.85292499666622
IT.NET.BBND.P2,TMN,"Middle East, North Africa, Afghanistan & Pakistan (IDA & IBRD)",2025,7.3
IT.NET.BBND.P2,TMN,"Middle East, North Africa, Afghanistan & Pakistan (IDA & IBRD)",2024,6.96
IT.NET.BBND.P2,TMN,"Middle East, North Africa, Afghanistan & Pakistan (IDA & IBRD)",2023,6.66
IT.NET.BBND.P2,TMN,"Middle East, North Africa, Afghanistan & Pakistan (IDA & IBRD)",2022,6.32
IT.NET.BBND.P2,TMN,"Middle East, North Africa, Afghanistan & Pakistan (IDA & IBRD)",2021,6.05
IT.NET.BBND.P2,TMN,"Middle East, North Africa, Afghanistan & Pakistan (IDA & IBRD)",2020,5.56
IT.NET.BBND.P2,TMN,"Middle East, North Africa, Afghanistan & Pakistan (IDA & IBRD)",2019,7.5
IT.NET.BBND.P2,TMN,"Middle East, North Africa, Afghanistan & Pakistan (IDA & IBRD)",2018,7.3
IT.NET.BBND.P2,TMN,"Middle East, North Africa, Afghanistan & Pakistan (IDA & IBRD)",2017,6.6
IT.NET.BBND.P2,TMN,"Middle East, North Africa, Afghanistan & Pakistan (IDA & IBRD)",2016,4.8
IT.NET.BBND.P2,TMN,"Middle East, North Africa, Afghanistan & Pakistan (IDA & IBRD)",2015,4.2
IT.NET.BBND.P2,MIC,Middle income,2022,15.825640378637
IT.NET.BBND.P2,MIC,Middle income,2021,14.3596258479531
IT.NET.BBND.P2,MIC,Middle income,2020,13.0020850242212
IT.NET.BBND.P2,MIC,Middle income,2019,11.9037395950011
IT.NET.BBND.P2,MIC,Middle income,2018,11.0675663752677
IT.NET.BBND.P2,MIC,Middle income,2017,10.537514321789
IT.NET.BBND.P2,MIC,Middle income,2016,9.05089004752004
IT.NET.BBND.P2,MIC,Middle income,2015,7.98971509110299
IT.NET.BBND.P2,NAC,North America,2025,39.96
IT.NET.BBND.P2,NAC,North America,2024,39.24
IT.NET.BBND.P2,NAC,North America,2023,38.55
IT.NET.BBND.P2,NAC,North America,2022,37.97
IT.NET.BBND.P2,NAC,North America,2021,37.48
IT.NET.BBND.P2,NAC,North America,2020,36.23
IT.NET.BBND.P2,NAC,North America,2019,34.5
IT.NET.BBND.P2,NAC,North America,2018,33.6
IT.NET.BBND.P2,NAC,North America,2017,33.1
IT.NET.BBND.P2,NAC,North America,2016,32.6
IT.NET.BBND.P2,NAC,North America,2015,31.9
IT.NET.BBND.P2,OED,OECD members,2022,34.8799350889749
IT.NET.BBND.P2,OED,OECD members,2021,34.3185169388163
IT.NET.BBND.P2,OED,OECD members,2020,33.3232041262681
IT.NET.BBND.P2,OED,OECD members,2019,31.8242681667376
IT.NET.BBND.P2,OED,OECD members,2018,31.0479649218396
IT.NET.BBND.P2,OED,OECD members,2017,30.2762466497589
IT.NET.BBND.P2,OED,OECD members,2016,29.4076708686858
IT.NET.BBND.P2,OED,OECD members,2015,28.5098206588096
IT.NET.BBND.P2,OSS,Other small states,2022,15.0229009243791
IT.NET.BBND.P2,OSS,Other small states,2021,15.9796592086703
IT.NET.BBND.P2,OSS,Other small states,2020,15.2461998006019
IT.NET.BBND.P2,OSS,Other small states,2019,14.6438993318097
IT.NET.BBND.P2,OSS,Other small states,2018,13.8837022740943
IT.NET.BBND.P2,OSS,Other small states,2017,13.6781121475105
IT.NET.BBND.P2,OSS,Other small states,2016,13.1836874564626
IT.NET.BBND.P2,OSS,Other small states,2015,12.9865602523849
IT.NET.BBND.P2,PSS,Pacific island small states,2021,1.67904879323406
IT.NET.BBND.P2,PSS,Pacific island small states,2020,1.61253535966431
IT.NET.BBND.P2,PSS,Pacific island small states,2019,1.67879461190218
IT.NET.BBND.P2,PSS,Pacific island small states,2018,1.23466897689513
IT.NET.BBND.P2,PSS,Pacific island small states,2017,1.07784508596654
IT.NET.BBND.P2,PSS,Pacific island small states,2016,1.16344521409972
IT.NET.BBND.P2,PSS,Pacific island small states,2015,1.20074818997026
IT.NET.BBND.P2,PST,Post-demographic dividend,2022,39.0196852558533
IT.NET.BBND.P2,PST,Post-demographic dividend,2021,37.5619670210331
IT.NET.BBND.P2,PST,Post-demographic dividend,2020,36.7231308182618
IT.NET.BBND.P2,PST,Post-demographic dividend,2019,35.383484619994
IT.NET.BBND.P2,PST,Post-demographic dividend,2018,34.4096802692823
IT.NET.BBND.P2,PST,Post-demographic dividend,2017,33.6833696539772
IT.NET.BBND.P2,PST,Post-demographic dividend,2016,32.8367051980785
IT.NET.BBND.P2,PST,Post-demographic dividend,2015,31.8586840766875
IT.NET.BBND.P2,PRE,Pre-demographic dividend,2022,1.19081236893756
IT.NET.BBND.P2,PRE,Pre-demographic dividend,2021,1.04148528643808
IT.NET.BBND.P2,PRE,Pre-demographic dividend,2020,1.06521915994392
IT.NET.BBND.P2,PRE,Pre-demographic dividend,2019,0.810910113650525
IT.NET.BBND.P2,PRE,Pre-demographic dividend,2018,0.850190965851068
IT.NET.BBND.P2,PRE,Pre-demographic dividend,2017,0.775816932512948
IT.NET.BBND.P2,PRE,Pre-demographic dividend,2016,0.208568813687382
IT.NET.BBND.P2,PRE,Pre-demographic dividend,2015,0.143895455376557
IT.NET.BBND.P2,SST,Small states,2025,17.31
IT.NET.BBND.P2,SST,Small states,2024,16.64
IT.NET.BBND.P2,SST,Small states,2023,16.13
IT.NET.BBND.P2,SST,Small states,2022,16.0
IT.NET.BBND.P2,SST,Small states,2021,15.39
IT.NET.BBND.P2,SST,Small states,2020,15.12
IT.NET.BBND.P2,SST,Small states,2019,13.2
IT.NET.BBND.P2,SST,Small states,2018,12.4
IT.NET.BBND.P2,SST,Small states,2017,12.2
IT.NET.BBND.P2,SST,Small states,2016,11.8
IT.NET.BBND.P2,SST,Small states,2015,11.4
IT.NET.BBND.P2,SAS,South Asia,2025,4.27
IT.NET.BBND.P2,SAS,South Asia,2024,3.86
IT.NET.BBND.P2,SAS,South Asia,2023,3.5
IT.NET.BBND.P2,SAS,South Asia,2022,3.06
IT.NET.BBND.P2,SAS,South Asia,2021,2.6
IT.NET.BBND.P2,SAS,South Asia,2020,2.23
IT.NET.BBND.P2,SAS,South Asia,2019,1.7
IT.NET.BBND.P2,SAS,South Asia,2018,1.7
IT.NET.BBND.P2,SAS,South Asia,2017,1.6
IT.NET.BBND.P2,SAS,South Asia,2016,1.6
IT.NET.BBND.P2,SAS,South Asia,2015,1.4
IT.NET.BBND.P2,TSA,South Asia (IDA & IBRD),2025,4.27
IT.NET.BBND.P2,TSA,South Asia (IDA & IBRD),2024,3.86
IT.NET.BBND.P2,TSA,South Asia (IDA & IBRD),2023,3.5
IT.NET.BBND.P2,TSA,South Asia (IDA & IBRD),2022,3.06
IT.NET.BBND.P2,TSA,South Asia (IDA & IBRD),2021,2.6
IT.NET.BBND.P2,TSA,South Asia (IDA & IBRD),2020,2.23
IT.NET.BBND.P2,TSA,South Asia (IDA & IBRD),2019,1.7
IT.NET.BBND.P2,TSA,South Asia (IDA & IBRD),2018,1.7
IT.NET.BBND.P2,TSA,South Asia (IDA & IBRD),2017,1.6
IT.NET.BBND.P2,TSA,South Asia (IDA & IBRD),2016,1.6
IT.NET.BBND.P2,TSA,South Asia (IDA & IBRD),2015,1.4
IT.NET.BBND.P2,SSF,Sub-Saharan Africa,2025,1.12
IT.NET.BBND.P2,SSF,Sub-Saharan Africa,2024,0.84
IT.NET.BBND.P2,SSF,Sub-Saharan Africa,2023,0.66
IT.NET.BBND.P2,SSF,Sub-Saharan Africa,2022,0.56
IT.NET.BBND.P2,SSF,Sub-Saharan Africa,2021,0.51
IT.NET.BBND.P2,SSF,Sub-Saharan Africa,2020,0.45
IT.NET.BBND.P2,SSF,Sub-Saharan Africa,2019,0.5
IT.NET.BBND.P2,SSF,Sub-Saharan Africa,2018,0.4
IT.NET.BBND.P2,SSF,Sub-Saharan Africa,2017,0.4
IT.NET.BBND.P2,SSF,Sub-Saharan Africa,2016,0.4
IT.NET.BBND.P2,SSF,Sub-Saharan Africa,2015,0.4
IT.NET.BBND.P2,SSA,Sub-Saharan Africa (excluding high income),2025,1.17
IT.NET.BBND.P2,SSA,Sub-Saharan Africa (excluding high income),2024,0.87
IT.NET.BBND.P2,SSA,Sub-Saharan Africa (excluding high income),2023,0.67
IT.NET.BBND.P2,SSA,Sub-Saharan Africa (excluding high income),2022,0.57
IT.NET.BBND.P2,SSA,Sub-Saharan Africa (excluding high income),2021,0.52
IT.NET.BBND.P2,SSA,Sub-Saharan Africa (excluding high income),2020,0.48
IT.NET.BBND.P2,SSA,Sub-Saharan Africa (excluding high income),2019,0.476909097290962
IT.NET.BBND.P2,SSA,Sub-Saharan Africa (excluding high income),2018,0.496931753869275
IT.NET.BBND.P2,SSA,Sub-Saharan Africa (excluding high income),2017,0.411606071751453
IT.NET.BBND.P2,SSA,Sub-Saharan Africa (excluding high income),2016,0.399329499271906
IT.NET.BBND.P2,SSA,Sub-Saharan Africa (excluding high income),2015,0.365305522512884
IT.NET.BBND.P2,TSS,Sub-Saharan Africa (IDA & IBRD countries),2025,1.12
IT.NET.BBND.P2,TSS,Sub-Saharan Africa (IDA & IBRD countries),2024,0.84
IT.NET.BBND.P2,TSS,Sub-Saharan Africa (IDA & IBRD countries),2023,0.66
IT.NET.BBND.P2,TSS,Sub-Saharan Africa (IDA & IBRD countries),2022,0.56
IT.NET.BBND.P2,TSS,Sub-Saharan Africa (IDA & IBRD countries),2021,0.51
IT.NET.BBND.P2,TSS,Sub-Saharan Africa (IDA & IBRD countries),2020,0.45
IT.NET.BBND.P2,TSS,Sub-Saharan Africa (IDA & IBRD countries),2019,0.5
IT.NET.BBND.P2,TSS,Sub-Saharan Africa (IDA & IBRD countries),2018,0.4
IT.NET.BBND.P2,TSS,Sub-Saharan Africa (IDA & IBRD countries),2017,0.4
IT.NET.BBND.P2,TSS,Sub-Saharan Africa (IDA & IBRD countries),2016,0.4
IT.NET.BBND.P2,TSS,Sub-Saharan Africa (IDA & IBRD countries),2015,0.4
IT.NET.BBND.P2,,Upper middle income,2025,33.01
IT.NET.BBND.P2,,Upper middle income,2024,31.37
IT.NET.BBND.P2,,Upper middle income,2023,29.83
IT.NET.BBND.P2,,Upper middle income,2022,27.95
IT.NET.BBND.P2,,Upper middle income,2021,25.76
IT.NET.BBND.P2,,Upper middle income,2020,23.39
IT.NET.BBND.P2,,Upper middle income,2019,21.6
IT.NET.BBND.P2,,Upper middle income,2018,19.9
IT.NET.BBND.P2,,Upper middle income,2017,19.1
IT.NET.BBND.P2,,Upper middle income,2016,16.1
IT.NET.BBND.P2,,Upper middle income,2015,14.2
IT.NET.BBND.P2,WLD,World,2025,20.11
IT.NET.BBND.P2,WLD,World,2024,19.31
IT.NET.BBND.P2,WLD,World,2023,18.58
IT.NET.BBND.P2,WLD,World,2022,17.73
IT.NET.BBND.P2,WLD,World,2021,16.74
IT.NET.BBND.P2,WLD,World,2020,15.58
IT.NET.BBND.P2,WLD,World,2019,14.7
IT.NET.BBND.P2,WLD,World,2018,14.0
IT.NET.BBND.P2,WLD,World,2017,13.5
IT.NET.BBND.P2,WLD,World,2016,12.2
IT.NET.BBND.P2,WLD,World,2015,11.3
IT.NET.BBND.P2,AFG,Afghanistan,2023,0.0800873028793967
IT.NET.BBND.P2,AFG,Afghanistan,2022,0.0796301678593983
IT.NET.BBND.P2,AFG,Afghanistan,2021,0.066424315829547
IT.NET.BBND.P2,AFG,Afghanistan,2020,0.0680079200431626
IT.NET.BBND.P2,AFG,Afghanistan,2019,0.0519942336405782
IT.NET.BBND.P2,AFG,Afghanistan,2018,0.043542941562346
IT.NET.BBND.P2,AFG,Afghanistan,2017,0.0257278621511121
IT.NET.BBND.P2,AFG,Afghanistan,2016,0.0253626650734575
IT.NET.BBND.P2,AFG,Afghanistan,2015,0.0208886536333134
IT.NET.BBND.P2,ALB,Albania,2024,24.8815713356962
IT.NET.BBND.P2,ALB,Albania,2023,22.5048592377088
IT.NET.BBND.P2,ALB,Albania,2022,20.6989441252111
IT.NET.BBND.P2,ALB,Albania,2021,19.6303737145283
IT.NET.BBND.P2,ALB,Albania,2020,17.720931463387
IT.NET.BBND.P2,ALB,Albania,2019,15.1192543526712
IT.NET.BBND.P2,ALB,Albania,2018,12.5058089696365
IT.NET.BBND.P2,ALB,Albania,2017,10.4757297699778
IT.NET.BBND.P2,ALB,Albania,2016,9.19224381243169
IT.NET.BBND.P2,ALB,Albania,2015,8.37878005900715
IT.NET.BBND.P2,DZA,Algeria,2024,13.3173088877016
IT.NET.BBND.P2,DZA,Algeria,2023,12.0086836084024
IT.NET.BBND.P2,DZA,Algeria,2022,10.3517244580598
IT.NET.BBND.P2,DZA,Algeria,2021,9.33184191925225
IT.NET.BBND.P2,DZA,Algeria,2020,8.6064465013707
IT.NET.BBND.P2,DZA,Algeria,2019,8.27526635803041
IT.NET.BBND.P2,DZA,Algeria,2018,7.21566750856693
IT.NET.BBND.P2,DZA,Algeria,2017,7.70045809597326
IT.NET.BBND.P2,DZA,Algeria,2016,7.00004046440209
IT.NET.BBND.P2,DZA,Algeria,2015,5.67060147059702
IT.NET.BBND.P2,AND,Andorra,2024,52.3554394786302
IT.NET.BBND.P2,AND,Andorra,2023,51.7401306025527
IT.NET.BBND.P2,AND,Andorra,2022,51.2050686907973
IT.NET.BBND.P2,AND,Andorra,2021,50.2769128681537
IT.NET.BBND.P2,AND,Andorra,2020,48.6559834582579
IT.NET.BBND.P2,AND,Andorra,2019,47.5429557758192
IT.NET.BBND.P2,AND,Andorra,2018,47.4481786008887
IT.NET.BBND.P2,AND,Andorra,2017,46.4785868253731
IT.NET.BBND.P2,AND,Andorra,2016,45.011845222427
IT.NET.BBND.P2,AND,Andorra,2015,42.5277800870119
IT.NET.BBND.P2,AGO,Angola,2024,0.362845240712436
IT.NET.BBND.P2,AGO,Angola,2023,0.373668982990052
IT.NET.BBND.P2,AGO,Angola,2022,0.386698155907211
IT.NET.BBND.P2,AGO,Angola,2021,0.39092529517689
IT.NET.BBND.P2,AGO,Angola,2020,0.363264238710965
IT.NET.BBND.P2,AGO,Angola,2019,0.367770426844486
IT.NET.BBND.P2,AGO,Angola,2018,0.350066962955579
IT.NET.BBND.P2,AGO,Angola,2017,0.32055404693903
IT.NET.BBND.P2,AGO,Angola,2016,0.290319010302891
IT.NET.BBND.P2,AGO,Angola,2015,0.545394210158053
IT.NET.BBND.P2,ATG,Antigua and Barbuda,2022,10.6818181818182
IT.NET.BBND.P2,ATG,Antigua and Barbuda,2021,8.66279006811119
IT.NET.BBND.P2,ATG,Antigua and Barbuda,2020,8.71023234544781
IT.NET.BBND.P2,ATG,Antigua and Barbuda,2019,8.75618405498884
IT.NET.BBND.P2,ATG,Antigua and Barbuda,2017,9.94826900119379
IT.NET.BBND.P2,ATG,Antigua and Barbuda,2016,10.2935455545799
IT.NET.BBND.P2,ATG,Antigua and Barbuda,2015,11.1845563645718
IT.NET.BBND.P2,ARG,Argentina,2024,26.0976420359532
IT.NET.BBND.P2,ARG,Argentina,2023,25.3580730689248
IT.NET.BBND.P2,ARG,Argentina,2022,24.6831785056628
IT.NET.BBND.P2,ARG,Argentina,2021,23.1500020932515
IT.NET.BBND.P2,ARG,Argentina,2020,21.1797871590669
IT.NET.BBND.P2,ARG,Argentina,2019,19.551931344405
IT.NET.BBND.P2,ARG,Argentina,2018,18.9758759187853
IT.NET.BBND.P2,ARG,Argentina,2017,17.7082272589602
IT.NET.BBND.P2,ARG,Argentina,2016,16.5184995378051
IT.NET.BBND.P2,ARG,Argentina,2015,15.768878045253
IT.NET.BBND.P2,ARM,Armenia,2024,20.3090953111129
IT.NET.BBND.P2,ARM,Armenia,2023,18.5458075085454
IT.NET.BBND.P2,ARM,Armenia,2022,17.7300708049016
IT.NET.BBND.P2,ARM,Armenia,2021,16.2565945813558
IT.NET.BBND.P2,ARM,Armenia,2020,14.8883804721864
IT.NET.BBND.P2,ARM,Armenia,2019,13.2819462446608
IT.NET.BBND.P2,ARM,Armenia,2018,11.9399374219278
IT.NET.BBND.P2,ARM,Armenia,2017,10.8172556564183
IT.NET.BBND.P2,ARM,Armenia,2016,10.2497847569184
IT.NET.BBND.P2,ARM,Armenia,2015,9.80149439763493
IT.NET.BBND.P2,ABW,Aruba,2022,17.4862221892338
IT.NET.BBND.P2,ABW,Aruba,2021,17.664887781476
IT.NET.BBND.P2,ABW,Aruba,2020,17.6908752327747
IT.NET.BBND.P2,ABW,Aruba,2019,17.7444058425791
IT.NET.BBND.P2,ABW,Aruba,2015,18.2369653689626
IT.NET.BBND.P2,AUS,Australia,2024,36.4788276060473
IT.NET.BBND.P2,AUS,Australia,2023,36.627426494239
IT.NET.BBND.P2,AUS,Australia,2022,36.3933201898066
IT.NET.BBND.P2,AUS,Australia,2021,35.8359861455454
IT.NET.BBND.P2,AUS,Australia,2020,35.346849265518
IT.NET.BBND.P2,AUS,Australia,2019,34.5434163723691
IT.NET.BBND.P2,AUS,Australia,2018,33.5486251312018
IT.NET.BBND.P2,AUS,Australia,2017,32.0326223266488
IT.NET.BBND.P2,AUS,Australia,2016,30.3083074972206
IT.NET.BBND.P2,AUS,Australia,2015,28.5117731324726
IT.NET.BBND.P2,AUT,Austria,2024,30.12779672163
IT.NET.BBND.P2,AUT,Austria,2023,29.3725409835617
IT.NET.BBND.P2,AUT,Austria,2022,29.2342573265435
IT.NET.BBND.P2,AUT,Austria,2021,29.2537339731419
IT.NET.BBND.P2,AUT,Austria,2020,29.2106456326106
IT.NET.BBND.P2,AUT,Austria,2019,28.3631930003301
IT.NET.BBND.P2,AUT,Austria,2018,28.5150396136468
IT.NET.BBND.P2,AUT,Austria,2017,28.5425998928488
IT.NET.BBND.P2,AUT,Austria,2016,28.8775983744406
IT.NET.BBND.P2,AUT,Austria,2015,28.4068593397138
IT.NET.BBND.P2,AZE,Azerbaijan,2024,21.7534102440295
IT.NET.BBND.P2,AZE,Azerbaijan,2023,20.8825041017301
IT.NET.BBND.P2,AZE,Azerbaijan,2022,20.3655958095069
IT.NET.BBND.P2,AZE,Azerbaijan,2021,20.0856994533421
IT.NET.BBND.P2,AZE,Azerbaijan,2020,19.5985750948022
IT.NET.BBND.P2,AZE,Azerbaijan,2019,19.2178211211639
IT.NET.BBND.P2,AZE,Azerbaijan,2018,18.8342000186458
IT.NET.BBND.P2,AZE,Azerbaijan,2017,18.1091657629876
IT.NET.BBND.P2,AZE,Azerbaijan,2016,18.2770953995915
IT.NET.BBND.P2,AZE,Azerbaijan,2015,19.4759070425568
IT.NET.BBND.P2,BHS,"Bahamas, The",2024,25.2679530406222
IT.NET.BBND.P2,BHS,"Bahamas, The",2023,23.816342880032
IT.NET.BBND.P2,BHS,"Bahamas, The",2022,21.135589553703
IT.NET.BBND.P2,BHS,"Bahamas, The",2021,20.7423310871326
IT.NET.BBND.P2,BHS,"Bahamas, The",2020,20.9668496424268
IT.NET.BBND.P2,BHS,"Bahamas, The",2019,20.8513333755622
IT.NET.BBND.P2,BHS,"Bahamas, The",2018,20.678503859013
IT.NET.BBND.P2,BHS,"Bahamas, The",2017,22.2461810312816
IT.NET.BBND.P2,BHS,"Bahamas, The",2016,21.9370965455928
IT.NET.BBND.P2,BHS,"Bahamas, The",2015,21.0247414012342
IT.NET.BBND.P2,BHR,Bahrain,2024,16.9915789748788
IT.NET.BBND.P2,BHR,Bahrain,2023,17.1582362107608
IT.NET.BBND.P2,BHR,Bahrain,2022,18.0025680504011
IT.NET.BBND.P2,BHR,Bahrain,2021,16.5057891919103
IT.NET.BBND.P2,BHR,Bahrain,2020,10.1824112975928
IT.NET.BBND.P2,BHR,Bahrain,2019,9.49012903269232
IT.NET.BBND.P2,BHR,Bahrain,2018,8.43441553498671
IT.NET.BBND.P2,BHR,Bahrain,2017,13.1014612060095
IT.NET.BBND.P2,BHR,Bahrain,2016,16.2552007409045
IT.NET.BBND.P2,BHR,Bahrain,2015,18.4748658416384
IT.NET.BBND.P2,BGD,Bangladesh,2024,8.08931134401926
IT.NET.BBND.P2,BGD,Bangladesh,2023,7.89245848428319
IT.NET.BBND.P2,BGD,Bangladesh,2022,7.17020479104462
IT.NET.BBND.P2,BGD,Bangladesh,2021,6.64246518111116
IT.NET.BBND.P2,BGD,Bangladesh,2020,6.04506220711318
IT.NET.BBND.P2,BGD,Bangladesh,2019,4.90288655437254
IT.NET.BBND.P2,BGD,Bangladesh,2018,4.92461851093909
IT.NET.BBND.P2,BGD,Bangladesh,2017,4.5013092271068
IT.NET.BBND.P2,BGD,Bangladesh,2016,4.09944456111627
IT.NET.BBND.P2,BGD,Bangladesh,2015,3.06992245398744
IT.NET.BBND.P2,BRB,Barbados,2022,37.4843261853654
IT.NET.BBND.P2,BRB,Barbados,2021,36.3512637029634
IT.NET.BBND.P2,BRB,Barbados,2020,45.43873225937
IT.NET.BBND.P2,BRB,Barbados,2019,37.98020675161
IT.NET.BBND.P2,BRB,Barbados,2018,31.8263267203636
IT.NET.BBND.P2,BRB,Barbados,2017,31.8876686023893
IT.NET.BBND.P2,BRB,Barbados,2016,31.0756872366755
IT.NET.BBND.P2,BRB,Barbados,2015,28.0544105523495
IT.NET.BBND.P2,BLR,Belarus,2024,36.2627055164488
IT.NET.BBND.P2,BLR,Belarus,2023,35.0931910729644
IT.NET.BBND.P2,BLR,Belarus,2022,34.0671782490739
IT.NET.BBND.P2,BLR,Belarus,2021,35.0097634241001
IT.NET.BBND.P2,BLR,Belarus,2020,34.8152229336418
IT.NET.BBND.P2,BLR,Belarus,2019,34.0723501521236
IT.NET.BBND.P2,BLR,Belarus,2018,33.7711870351479
IT.NET.BBND.P2,BLR,Belarus,2017,33.3125100702522
IT.NET.BBND.P2,BLR,Belarus,2016,32.2929606538076
IT.NET.BBND.P2,BLR,Belarus,2015,30.6040616643757
IT.NET.BBND.P2,BEL,Belgium,2024,44.2321563183446
IT.NET.BBND.P2,BEL,Belgium,2023,43.7026445985633
IT.NET.BBND.P2,BEL,Belgium,2022,43.5657139519422
IT.NET.BBND.P2,BEL,Belgium,2021,43.0218054966431
IT.NET.BBND.P2,BEL,Belgium,2020,41.0239697084264
IT.NET.BBND.P2,BEL,Belgium,2019,39.9517850127817
IT.NET.BBND.P2,BEL,Belgium,2018,39.4006967604533
IT.NET.BBND.P2,BEL,Belgium,2017,38.4911160919085
IT.NET.BBND.P2,BEL,Belgium,2016,37.6812994536783
IT.NET.BBND.P2,BEL,Belgium,2015,36.5492377831789
IT.NET.BBND.P2,BLZ,Belize,2022,9.75385677359442
IT.NET.BBND.P2,BLZ,Belize,2021,9.10594770150703
IT.NET.BBND.P2,BLZ,Belize,2020,9.21159022752628
IT.NET.BBND.P2,BLZ,Belize,2019,7.67179242617844
IT.NET.BBND.P2,BLZ,Belize,2018,6.48509044620831
IT.NET.BBND.P2,BLZ,Belize,2017,5.09268439075889
IT.NET.BBND.P2,BLZ,Belize,2016,5.03804444688173
IT.NET.BBND.P2,BLZ,Belize,2015,4.87717949221655
IT.NET.BBND.P2,BEN,Benin,2024,0.277382047807868
IT.NET.BBND.P2,BEN,Benin,2023,0.170880461346773
IT.NET.BBND.P2,BEN,Benin,2022,0.153072411564925
IT.NET.BBND.P2,BEN,Benin,2021,0.154166533404575
IT.NET.BBND.P2,BEN,Benin,2020,0.229384945213792
IT.NET.BBND.P2,BEN,Benin,2019,0.199854558369357
IT.NET.BBND.P2,BEN,Benin,2018,0.218309314921079
IT.NET.BBND.P2,BEN,Benin,2017,0.237670455772448
IT.NET.BBND.P2,BEN,Benin,2016,0.190616354708843
IT.NET.BBND.P2,BEN,Benin,2015,0.644882115781616
IT.NET.BBND.P2,BMU,Bermuda,2024,51.3026796212637
IT.NET.BBND.P2,BMU,Bermuda,2022,35.5804722852863
IT.NET.BBND.P2,BMU,Bermuda,2021,35.5772800395991
IT.NET.BBND.P2,BMU,Bermuda,2020,35.7242707589078
IT.NET.BBND.P2,BMU,Bermuda,2019,35.8775172758045
IT.NET.BBND.P2,BMU,Bermuda,2017,35.8740444807952
IT.NET.BBND.P2,BMU,Bermuda,2016,35.9296442812337
IT.NET.BBND.P2,BMU,Bermuda,2015,47.2708937350309
IT.NET.BBND.P2,BTN,Bhutan,2024,2.92069476099272
IT.NET.BBND.P2,BTN,Bhutan,2023,1.31881966212479
IT.NET.BBND.P2,BTN,Bhutan,2022,0.631823734751842
IT.NET.BBND.P2,BTN,Bhutan,2021,0.364566273170656
IT.NET.BBND.P2,BTN,Bhutan,2020,0.414152616992595
IT.NET.BBND.P2,BTN,Bhutan,2019,1.14719203372279
IT.NET.BBND.P2,BTN,Bhutan,2018,1.42176663915794
IT.NET.BBND.P2,BTN,Bhutan,2017,2.21479846487303
IT.NET.BBND.P2,BTN,Bhutan,2016,2.20480674345404
IT.NET.BBND.P2,BTN,Bhutan,2015,3.76361363077862
IT.NET.BBND.P2,BOL,Bolivia,2024,12.0711429622144
IT.NET.BBND.P2,BOL,Bolivia,2023,11.1529423948186
IT.NET.BBND.P2,BOL,Bolivia,2022,10.9975247479663
IT.NET.BBND.P2,BOL,Bolivia,2021,9.44574009663778
IT.NET.BBND.P2,BOL,Bolivia,2020,7.88671647526861
IT.NET.BBND.P2,BOL,Bolivia,2019,6.39917144373428
IT.NET.BBND.P2,BOL,Bolivia,2018,4.38026486466196
IT.NET.BBND.P2,BOL,Bolivia,2017,3.34957984808085
IT.NET.BBND.P2,BOL,Bolivia,2016,2.57234781333128
IT.NET.BBND.P2,BOL,Bolivia,2015,1.64281294868996
IT.NET.BBND.P2,BIH,Bosnia and Herzegovina,2024,29.3909178564419
IT.NET.BBND.P2,BIH,Bosnia and Herzegovina,2023,28.440133083292
IT.NET.BBND.P2,BIH,Bosnia and Herzegovina,2022,27.3190356221695
IT.NET.BBND.P2,BIH,Bosnia and Herzegovina,2021,24.5890868366952
IT.NET.BBND.P2,BIH,Bosnia and Herzegovina,2020,23.3507882918721
IT.NET.BBND.P2,BIH,Bosnia and Herzegovina,2019,22.2950124838105
IT.NET.BBND.P2,BIH,Bosnia and Herzegovina,2018,21.1504576321228
IT.NET.BBND.P2,BIH,Bosnia and Herzegovina,2017,20.4261287573476
IT.NET.BBND.P2,BIH,Bosnia and Herzegovina,2016,19.0747891666088
IT.NET.BBND.P2,BIH,Bosnia and Herzegovina,2015,18.0468836372803
IT.NET.BBND.P2,BWA,Botswana,2024,7.4409622000215
IT.NET.BBND.P2,BWA,Botswana,2023,6.16495796381324
IT.NET.BBND.P2,BWA,Botswana,2022,4.53192190474005
IT.NET.BBND.P2,BWA,Botswana,2021,5.5483769953124
IT.NET.BBND.P2,BWA,Botswana,2020,3.58604400704343
IT.NET.BBND.P2,BWA,Botswana,2019,2.10301262862428
IT.NET.BBND.P2,BWA,Botswana,2018,1.74169396309317
IT.NET.BBND.P2,BWA,Botswana,2017,1.43086105330679
IT.NET.BBND.P2,BWA,Botswana,2016,2.64263621946898
IT.NET.BBND.P2,BWA,Botswana,2015,1.67228482353299
IT.NET.BBND.P2,BRA,Brazil,2024,24.079199344422
IT.NET.BBND.P2,BRA,Brazil,2023,22.4192301618889
IT.NET.BBND.P2,BRA,Brazil,2022,20.9534469027015
IT.NET.BBND.P2,BRA,Brazil,2021,19.8363162401481
IT.NET.BBND.P2,BRA,Brazil,2020,17.418059685583
IT.NET.BBND.P2,BRA,Brazil,2019,15.8621991239093
IT.NET.BBND.P2,BRA,Brazil,2018,15.1537620986579
IT.NET.BBND.P2,BRA,Brazil,2017,14.1218273097456
IT.NET.BBND.P2,BRA,Brazil,2016,13.217709027651
IT.NET.BBND.P2,BRA,Brazil,2015,12.6353840484725
IT.NET.BBND.P2,VGB,British Virgin Islands,2024,24.9119606799929
IT.NET.BBND.P2,VGB,British Virgin Islands,2023,23.5269975631653
IT.NET.BBND.P2,VGB,British Virgin Islands,2022,20.5485529371852
IT.NET.BBND.P2,VGB,British Virgin Islands,2021,20.8865614007247
IT.NET.BBND.P2,VGB,British Virgin Islands,2020,19.0925003366097
IT.NET.BBND.P2,VGB,British Virgin Islands,2019,16.290699271878
IT.NET.BBND.P2,VGB,British Virgin Islands,2018,13.6047551721153
IT.NET.BBND.P2,VGB,British Virgin Islands,2017,15.3001620844674
IT.NET.BBND.P2,VGB,British Virgin Islands,2016,18.3540941023673
IT.NET.BBND.P2,VGB,British Virgin Islands,2015,19.3054669835933
IT.NET.BBND.P2,BRN,Brunei Darussalam,2024,21.1771240120937
IT.NET.BBND.P2,BRN,Brunei Darussalam,2023,20.2120497048692
IT.NET.BBND.P2,BRN,Brunei Darussalam,2022,19.8049937413532
IT.NET.BBND.P2,BRN,Brunei Darussalam,2021,17.580984722871
IT.NET.BBND.P2,BRN,Brunei Darussalam,2020,15.886760064729
IT.NET.BBND.P2,BRN,Brunei Darussalam,2019,12.2424776362158
IT.NET.BBND.P2,BRN,Brunei Darussalam,2018,11.2953107512391
IT.NET.BBND.P2,BRN,Brunei Darussalam,2017,9.49044762600168
IT.NET.BBND.P2,BRN,Brunei Darussalam,2016,8.44785809843673
IT.NET.BBND.P2,BRN,Brunei Darussalam,2015,8.15348687389274
IT.NET.BBND.P2,BGR,Bulgaria,2023,37.0235717545079
IT.NET.BBND.P2,BGR,Bulgaria,2022,34.9667968772891
IT.NET.BBND.P2,BGR,Bulgaria,2021,32.7688420838347
IT.NET.BBND.P2,BGR,Bulgaria,2020,30.5042854761098
IT.NET.BBND.P2,BGR,Bulgaria,2019,28.8836779290396
IT.NET.BBND.P2,BGR,Bulgaria,2018,27.103417988838
IT.NET.BBND.P2,BGR,Bulgaria,2017,25.3925159519229
IT.NET.BBND.P2,BGR,Bulgaria,2016,23.8176881048635
IT.NET.BBND.P2,BGR,Bulgaria,2015,22.4944225140811
IT.NET.BBND.P2,BFA,Burkina Faso,2024,0.851360416490348
IT.NET.BBND.P2,BFA,Burkina Faso,2023,0.459463342299517
IT.NET.BBND.P2,BFA,Burkina Faso,2022,0.214398323020291
IT.NET.BBND.P2,BFA,Burkina Faso,2021,0.0740660150924452
IT.NET.BBND.P2,BFA,Burkina Faso,2020,0.0650831126106853
IT.NET.BBND.P2,BFA,Burkina Faso,2019,0.0573181352576325
IT.NET.BBND.P2,BFA,Burkina Faso,2018,0.0676084024258783
IT.NET.BBND.P2,BFA,Burkina Faso,2017,0.062133040708376
IT.NET.BBND.P2,BFA,Burkina Faso,2016,0.0640501279140636
IT.NET.BBND.P2,BFA,Burkina Faso,2015,0.049814972578599
IT.NET.BBND.P2,BDI,Burundi,2023,0.0203441336211462
IT.NET.BBND.P2,BDI,Burundi,2022,0.0300650914860841
IT.NET.BBND.P2,BDI,Burundi,2021,0.0304886490520483
IT.NET.BBND.P2,BDI,Burundi,2020,0.0335260991567275
IT.NET.BBND.P2,BDI,Burundi,2019,0.0317494355111928
IT.NET.BBND.P2,BDI,Burundi,2018,0.0331803020141076
IT.NET.BBND.P2,BDI,Burundi,2017,0.0340147819169285
IT.NET.BBND.P2,BDI,Burundi,2016,0.0288715169450892
IT.NET.BBND.P2,BDI,Burundi,2015,0.0250824162395746
IT.NET.BBND.P2,CPV,Cabo Verde,2024,8.30537440200276
IT.NET.BBND.P2,CPV,Cabo Verde,2023,7.23008973237277
IT.NET.BBND.P2,CPV,Cabo Verde,2022,6.56769429388869
IT.NET.BBND.P2,CPV,Cabo Verde,2021,5.90962142576488
IT.NET.BBND.P2,CPV,Cabo Verde,2020,4.82611491823059
IT.NET.BBND.P2,CPV,Cabo Verde,2019,3.93928076809362
IT.NET.BBND.P2,CPV,Cabo Verde,2018,3.04957977464624
IT.NET.BBND.P2,CPV,Cabo Verde,2017,2.9232218025982
IT.NET.BBND.P2,CPV,Cabo Verde,2016,3.0320707671777
IT.NET.BBND.P2,CPV,Cabo Verde,2015,3.23344925974933
IT.NET.BBND.P2,KHM,Cambodia,2024,4.14566160137529
IT.NET.BBND.P2,KHM,Cambodia,2023,3.64181801068419
IT.NET.BBND.P2,KHM,Cambodia,2022,2.9638308346303
IT.NET.BBND.P2,KHM,Cambodia,2021,1.98089406311481
IT.NET.BBND.P2,KHM,Cambodia,2020,1.39770029835926
IT.NET.BBND.P2,KHM,Cambodia,2019,1.11871609188205
IT.NET.BBND.P2,KHM,Cambodia,2018,1.02122815035674
IT.NET.BBND.P2,KHM,Cambodia,2017,0.831393686402579
IT.NET.BBND.P2,KHM,Cambodia,2016,0.615922622642822
IT.NET.BBND.P2,KHM,Cambodia,2015,0.534485428160887
IT.NET.BBND.P2,CMR,Cameroon,2022,2.12862474053
IT.NET.BBND.P2,CMR,Cameroon,2021,2.23385126289217
IT.NET.BBND.P2,CMR,Cameroon,2020,2.75682417749367
IT.NET.BBND.P2,CMR,Cameroon,2019,1.57189487453881
IT.NET.BBND.P2,CMR,Cameroon,2018,1.59560948486525
IT.NET.BBND.P2,CMR,Cameroon,2017,1.58466709279995
IT.NET.BBND.P2,CMR,Cameroon,2016,1.55529332300567
IT.NET.BBND.P2,CMR,Cameroon,2015,0.0898239605008282
IT.NET.BBND.P2,CAN,Canada,2024,42.5238215177079
IT.NET.BBND.P2,CAN,Canada,2023,42.5241770773151
IT.NET.BBND.P2,CAN,Canada,2022,42.1792116530791
IT.NET.BBND.P2,CAN,Canada,2021,41.6930962576979
IT.NET.BBND.P2,CAN,Canada,2020,40.7949805592606
IT.NET.BBND.P2,CAN,Canada,2019,40.076756874499
IT.NET.BBND.P2,CAN,Canada,2018,38.7333531661948
IT.NET.BBND.P2,CAN,Canada,2017,37.8276923396247
IT.NET.BBND.P2,CAN,Canada,2016,36.8232874759276
IT.NET.BBND.P2,CAN,Canada,2015,36.4698589080979
IT.NET.BBND.P2,CYM,Cayman Islands,2022,56.3604363676998
IT.NET.BBND.P2,CYM,Cayman Islands,2021,45.6438637530667
IT.NET.BBND.P2,CYM,Cayman Islands,2020,46.5901811193291
IT.NET.BBND.P2,CYM,Cayman Islands,2019,75.7496992291354
IT.NET.BBND.P2,CYM,Cayman Islands,2017,48.3954443325327
IT.NET.BBND.P2,CYM,Cayman Islands,2016,38.8827258320127
IT.NET.BBND.P2,CYM,Cayman Islands,2015,44.4226339184322
IT.NET.BBND.P2,CAF,Central African Republic,2022,0.0160846160651184
IT.NET.BBND.P2,CAF,Central African Republic,2021,0.00976115490698539
IT.NET.BBND.P2,CAF,Central African Republic,2019,0.0100916071197805
IT.NET.BBND.P2,CAF,Central African Republic,2018,0.0124624461199055
IT.NET.BBND.P2,CAF,Central African Republic,2017,0.0129132904879117
IT.NET.BBND.P2,CAF,Central African Republic,2016,0.0156141837038414
IT.NET.BBND.P2,CAF,Central African Republic,2015,0.0401354842611874
IT.NET.BBND.P2,TCD,Chad,2024,0.0
IT.NET.BBND.P2,TCD,Chad,2023,0.0
IT.NET.BBND.P2,TCD,Chad,2022,0.0
IT.NET.BBND.P2,TCD,Chad,2021,0.0
IT.NET.BBND.P2,TCD,Chad,2020,0.0
IT.NET.BBND.P2,TCD,Chad,2019,0.00040754624616045
IT.NET.BBND.P2,TCD,Chad,2018,0.00206727545659399
IT.NET.BBND.P2,TCD,Chad,2017,0.00211870387298428
IT.NET.BBND.P2,TCD,Chad,2016,0.0339141052177506
IT.NET.BBND.P2,TCD,Chad,2015,0.0773982341569324
IT.NET.BBND.P2,CHL,Chile,2024,23.731405742065
IT.NET.BBND.P2,CHL,Chile,2023,22.9954165646133
IT.NET.BBND.P2,CHL,Chile,2022,22.7901897178525
IT.NET.BBND.P2,CHL,Chile,2021,22.0140443723879
IT.NET.BBND.P2,CHL,Chile,2020,19.4305872645094
IT.NET.BBND.P2,CHL,Chile,2019,17.8649532986793
IT.NET.BBND.P2,CHL,Chile,2018,17.2066645597348
IT.NET.BBND.P2,CHL,Chile,2017,16.5009633130641
IT.NET.BBND.P2,CHL,Chile,2016,15.9005028734256
IT.NET.BBND.P2,CHL,Chile,2015,15.0681266925704
IT.NET.BBND.P2,CHN,China,2024,47.1933952081567
IT.NET.BBND.P2,CHN,China,2023,44.728886496649
IT.NET.BBND.P2,CHN,China,2022,41.3736197056022
IT.NET.BBND.P2,CHN,China,2021,37.5611751315805
IT.NET.BBND.P2,CHN,China,2020,33.9069794578039
IT.NET.BBND.P2,CHN,China,2019,31.5611222411202
IT.NET.BBND.P2,CHN,China,2018,28.7089097131815
IT.NET.BBND.P2,CHN,China,2017,27.9101271418763
IT.NET.BBND.P2,CHN,China,2016,22.9761329915729
IT.NET.BBND.P2,CHN,China,2015,19.8437947555032
IT.NET.BBND.P2,COL,Colombia,2024,17.2244156778185
IT.NET.BBND.P2,COL,Colombia,2023,17.0369815251774
IT.NET.BBND.P2,COL,Colombia,2022,17.007465545983
IT.NET.BBND.P2,COL,Colombia,2021,16.4767904492313
IT.NET.BBND.P2,COL,Colombia,2020,15.3363074463544
IT.NET.BBND.P2,COL,Colombia,2019,13.9253307862459
IT.NET.BBND.P2,COL,Colombia,2018,13.622877883522
IT.NET.BBND.P2,COL,Colombia,2017,13.1537299039926
IT.NET.BBND.P2,COL,Colombia,2016,12.4647515240681
IT.NET.BBND.P2,COL,Colombia,2015,11.7644668057911
IT.NET.BBND.P2,COM,Comoros,2023,0.387941019794517
IT.NET.BBND.P2,COM,Comoros,2022,0.219375008990779
IT.NET.BBND.P2,COM,Comoros,2021,0.150456993255713
IT.NET.BBND.P2,COM,Comoros,2020,0.148099575772006
IT.NET.BBND.P2,COM,Comoros,2019,0.162475940084772
IT.NET.BBND.P2,COM,Comoros,2018,0.198421441439106
IT.NET.BBND.P2,COM,Comoros,2017,0.217268052477371
IT.NET.BBND.P2,COM,Comoros,2016,0.220292527984836
IT.NET.BBND.P2,COM,Comoros,2015,0.220178840263004
IT.NET.BBND.P2,COD,"Congo, Dem. Rep.",2024,0.0320289131404702
IT.NET.BBND.P2,COD,"Congo, Dem. Rep.",2023,0.0219936280960956
IT.NET.BBND.P2,COD,"Congo, Dem. Rep.",2022,0.0322275167366284
IT.NET.BBND.P2,COD,"Congo, Dem. Rep.",2021,0.0312660957356555
IT.NET.BBND.P2,COD,"Congo, Dem. Rep.",2020,0.0322950314052512
IT.NET.BBND.P2,COD,"Congo, Dem. Rep.",2019,0.012802934372309
IT.NET.BBND.P2,COD,"Congo, Dem. Rep.",2018,0.0051306172985492
IT.NET.BBND.P2,COD,"Congo, Dem. Rep.",2017,0.00114832450612458
IT.NET.BBND.P2,COD,"Congo, Dem. Rep.",2016,0.0011910942123958
IT.NET.BBND.P2,COD,"Congo, Dem. Rep.",2015,0.00123402659013859
IT.NET.BBND.P2,COG,"Congo, Rep.",2023,1.26798412068153
IT.NET.BBND.P2,COG,"Congo, Rep.",2022,0.435883126454822
IT.NET.BBND.P2,COG,"Congo, Rep.",2021,0.256899692355108
IT.NET.BBND.P2,CRI,Costa Rica,2024,23.287699004466
IT.NET.BBND.P2,CRI,Costa Rica,2023,22.5231293549635
IT.NET.BBND.P2,CRI,Costa Rica,2022,21.7575979999075
IT.NET.BBND.P2,CRI,Costa Rica,2021,20.9242986347003
IT.NET.BBND.P2,CRI,Costa Rica,2020,19.7191477697087
IT.NET.BBND.P2,CRI,Costa Rica,2019,18.0962978090241
IT.NET.BBND.P2,CRI,Costa Rica,2018,16.8377298238862
IT.NET.BBND.P2,CRI,Costa Rica,2017,15.1437857826005
IT.NET.BBND.P2,CRI,Costa Rica,2016,13.131030668186
IT.NET.BBND.P2,CRI,Costa Rica,2015,11.5950932724067
IT.NET.BBND.P2,CIV,Cote d'Ivoire,2024,1.60153227430253
IT.NET.BBND.P2,CIV,Cote d'Ivoire,2023,1.36336622359986
IT.NET.BBND.P2,CIV,Cote d'Ivoire,2022,1.25179133069312
IT.NET.BBND.P2,CIV,Cote d'Ivoire,2021,1.13037781443128
IT.NET.BBND.P2,CIV,Cote d'Ivoire,2020,0.903911262107671
IT.NET.BBND.P2,CIV,Cote d'Ivoire,2019,0.768711846259475
IT.NET.BBND.P2,CIV,Cote d'Ivoire,2018,0.640536308885034
IT.NET.BBND.P2,CIV,Cote d'Ivoire,2017,0.534257331996876
IT.NET.BBND.P2,CIV,Cote d'Ivoire,2016,0.524752298099937
IT.NET.BBND.P2,CIV,Cote d'Ivoire,2015,0.434546121572781
IT.NET.BBND.P2,HRV,Croatia,2024,29.5997367962687
IT.NET.BBND.P2,HRV,Croatia,2023,28.4709561519529
IT.NET.BBND.P2,HRV,Croatia,2022,27.6606739600213
IT.NET.BBND.P2,HRV,Croatia,2021,26.7157501000099
IT.NET.BBND.P2,HRV,Croatia,2020,26.0744550144438
IT.NET.BBND.P2,HRV,Croatia,2019,28.9682951804841
IT.NET.BBND.P2,HRV,Croatia,2018,28.0156020023514
IT.NET.BBND.P2,HRV,Croatia,2017,26.865096097274
IT.NET.BBND.P2,HRV,Croatia,2016,25.2341141328155
IT.NET.BBND.P2,HRV,Croatia,2015,23.5726310188829
IT.NET.BBND.P2,CUB,Cuba,2024,3.08297531927544
IT.NET.BBND.P2,CUB,Cuba,2023,2.97118012807884
IT.NET.BBND.P2,CUB,Cuba,2022,2.89200005063374
IT.NET.BBND.P2,CUB,Cuba,2021,2.67322881654008
IT.NET.BBND.P2,CUB,Cuba,2020,2.07271530590388
IT.NET.BBND.P2,CUB,Cuba,2019,1.6311212347291
IT.NET.BBND.P2,CUB,Cuba,2018,0.880350593981465
IT.NET.BBND.P2,CUB,Cuba,2017,0.298155315127924
IT.NET.BBND.P2,CUB,Cuba,2016,0.128071160270743
IT.NET.BBND.P2,CUB,Cuba,2015,0.0723454809351432
IT.NET.BBND.P2,CUW,Curacao,2023,31.5126707545287
IT.NET.BBND.P2,CUW,Curacao,2022,32.9115972915374
IT.NET.BBND.P2,CUW,Curacao,2021,32.5704880878504
IT.NET.BBND.P2,CUW,Curacao,2020,31.5936827768109
IT.NET.BBND.P2,CUW,Curacao,2019,28.1186854697879
IT.NET.BBND.P2,CUW,Curacao,2018,28.546725189032
IT.NET.BBND.P2,CUW,Curacao,2017,29.2838662204182
IT.NET.BBND.P2,CUW,Curacao,2016,25.4574388194204
IT.NET.BBND.P2,CUW,Curacao,2015,24.0078745828632
IT.NET.BBND.P2,CYP,Cyprus,2024,37.5627069536424
IT.NET.BBND.P2,CYP,Cyprus,2023,36.9005587748344
IT.NET.BBND.P2,CYP,Cyprus,2022,36.7656727425982
IT.NET.BBND.P2,CYP,Cyprus,2021,36.6502473650247
IT.NET.BBND.P2,CYP,Cyprus,2020,36.3127392017496
IT.NET.BBND.P2,CYP,Cyprus,2019,36.1884973404255
IT.NET.BBND.P2,CYP,Cyprus,2018,35.2355650415637
IT.NET.BBND.P2,CYP,Cyprus,2017,33.6542226269064
IT.NET.BBND.P2,CYP,Cyprus,2016,32.0132199103345
IT.NET.BBND.P2,CYP,Cyprus,2015,30.1736513081732
IT.NET.BBND.P2,CZE,Czechia,2024,38.8656371139002
IT.NET.BBND.P2,CZE,Czechia,2023,37.9099783935119
IT.NET.BBND.P2,CZE,Czechia,2022,37.7136856539825
IT.NET.BBND.P2,CZE,Czechia,2021,37.4984794433561
IT.NET.BBND.P2,CZE,Czechia,2020,36.4490898642092
IT.NET.BBND.P2,CZE,Czechia,2019,35.4302064212035
IT.NET.BBND.P2,CZE,Czechia,2018,30.5512773467128
IT.NET.BBND.P2,CZE,Czechia,2017,29.8452606888193
IT.NET.BBND.P2,CZE,Czechia,2016,29.14911847267
IT.NET.BBND.P2,CZE,Czechia,2015,27.9980000790543
IT.NET.BBND.P2,DNK,Denmark,2024,43.3933280824544
IT.NET.BBND.P2,DNK,Denmark,2023,44.0352069959396
IT.NET.BBND.P2,DNK,Denmark,2022,44.8863644064006
IT.NET.BBND.P2,DNK,Denmark,2021,44.9598379722906
IT.NET.BBND.P2,DNK,Denmark,2020,44.4185659681079
IT.NET.BBND.P2,DNK,Denmark,2019,43.6229516711158
IT.NET.BBND.P2,DNK,Denmark,2018,43.7690892923223
IT.NET.BBND.P2,DNK,Denmark,2017,43.5697797531659
IT.NET.BBND.P2,DNK,Denmark,2016,42.9699132415221
IT.NET.BBND.P2,DNK,Denmark,2015,42.3133095847231
IT.NET.BBND.P2,DJI,Djibouti,2023,1.47205761945073
IT.NET.BBND.P2,DJI,Djibouti,2022,1.41245769926198
IT.NET.BBND.P2,DJI,Djibouti,2021,1.39112845686235
IT.NET.BBND.P2,DJI,Djibouti,2020,2.26685414608193
IT.NET.BBND.P2,DJI,Djibouti,2019,2.24265621024535
IT.NET.BBND.P2,DJI,Djibouti,2018,2.3797395608845
IT.NET.BBND.P2,DJI,Djibouti,2017,2.31210201347881
IT.NET.BBND.P2,DJI,Djibouti,2016,2.33941404303751
IT.NET.BBND.P2,DJI,Djibouti,2015,2.36839087613311
IT.NET.BBND.P2,DMA,Dominica,2022,20.86014425523
IT.NET.BBND.P2,DMA,Dominica,2021,20.9562215410256
IT.NET.BBND.P2,DMA,Dominica,2020,27.0611042872153
IT.NET.BBND.P2,DMA,Dominica,2019,22.3998232174425
IT.NET.BBND.P2,DMA,Dominica,2018,16.8891366209992
IT.NET.BBND.P2,DMA,Dominica,2017,22.5166433076384
IT.NET.BBND.P2,DMA,Dominica,2016,22.2495187196506
IT.NET.BBND.P2,DMA,Dominica,2015,21.5296122709842
IT.NET.BBND.P2,DOM,Dominican Republic,2024,11.2045645451604
IT.NET.BBND.P2,DOM,Dominican Republic,2023,11.1345555858062
IT.NET.BBND.P2,DOM,Dominican Republic,2022,10.6744492390257
IT.NET.BBND.P2,DOM,Dominican Republic,2021,10.3195260186654
IT.NET.BBND.P2,DOM,Dominican Republic,2020,9.37345457518418
IT.NET.BBND.P2,DOM,Dominican Republic,2019,8.53570157562257
IT.NET.BBND.P2,DOM,Dominican Republic,2018,7.98202346065262
IT.NET.BBND.P2,DOM,Dominican Republic,2017,7.69279157853922
IT.NET.BBND.P2,DOM,Dominican Republic,2016,7.21470928585035
IT.NET.BBND.P2,DOM,Dominican Republic,2015,6.57516285125516
IT.NET.BBND.P2,ECU,Ecuador,2024,17.246394056997
IT.NET.BBND.P2,ECU,Ecuador,2023,16.0678902316524
IT.NET.BBND.P2,ECU,Ecuador,2022,15.1128846850944
IT.NET.BBND.P2,ECU,Ecuador,2021,14.0284374555704
IT.NET.BBND.P2,ECU,Ecuador,2020,13.5146940353863
IT.NET.BBND.P2,ECU,Ecuador,2019,12.0672172196331
IT.NET.BBND.P2,ECU,Ecuador,2018,11.4584100093686
IT.NET.BBND.P2,ECU,Ecuador,2017,10.6125181754918
IT.NET.BBND.P2,ECU,Ecuador,2016,9.75202935279733
IT.NET.BBND.P2,ECU,Ecuador,2015,9.14528109625927
IT.NET.BBND.P2,EGY,"Egypt, Arab Rep.",2024,11.6871225241757
IT.NET.BBND.P2,EGY,"Egypt, Arab Rep.",2023,10.8642477216638
IT.NET.BBND.P2,EGY,"Egypt, Arab Rep.",2022,10.6832498285136
IT.NET.BBND.P2,EGY,"Egypt, Arab Rep.",2021,9.76582299335252
IT.NET.BBND.P2,EGY,"Egypt, Arab Rep.",2020,8.5396308016812
IT.NET.BBND.P2,EGY,"Egypt, Arab Rep.",2019,7.04130696004296
IT.NET.BBND.P2,EGY,"Egypt, Arab Rep.",2018,6.26825297386708
IT.NET.BBND.P2,EGY,"Egypt, Arab Rep.",2017,5.04732016956055
IT.NET.BBND.P2,EGY,"Egypt, Arab Rep.",2016,4.39685382563749
IT.NET.BBND.P2,EGY,"Egypt, Arab Rep.",2015,3.84187963570353
IT.NET.BBND.P2,SLV,El Salvador,2024,12.4640729621203
IT.NET.BBND.P2,SLV,El Salvador,2023,11.6271746145254
IT.NET.BBND.P2,SLV,El Salvador,2022,9.73832698625659
IT.NET.BBND.P2,SLV,El Salvador,2021,9.07178351163771
IT.NET.BBND.P2,SLV,El Salvador,2020,8.53679094316574
IT.NET.BBND.P2,SLV,El Salvador,2019,8.43878438871173
IT.NET.BBND.P2,SLV,El Salvador,2018,7.91447387354624
IT.NET.BBND.P2,SLV,El Salvador,2017,7.26258313909333
IT.NET.BBND.P2,SLV,El Salvador,2016,6.37509676170817
IT.NET.BBND.P2,SLV,El Salvador,2015,5.7085946935124
IT.NET.BBND.P2,GNQ,Equatorial Guinea,2022,0.10069058437688
IT.NET.BBND.P2,GNQ,Equatorial Guinea,2021,0.0976810140631094
IT.NET.BBND.P2,GNQ,Equatorial Guinea,2020,0.107371649223871
IT.NET.BBND.P2,GNQ,Equatorial Guinea,2019,0.0598738936052885
IT.NET.BBND.P2,GNQ,Equatorial Guinea,2018,0.100221353087251
IT.NET.BBND.P2,GNQ,Equatorial Guinea,2017,0.121416081454382
IT.NET.BBND.P2,GNQ,Equatorial Guinea,2016,0.224242898422343
IT.NET.BBND.P2,GNQ,Equatorial Guinea,2015,0.261293067101903
IT.NET.BBND.P2,ERI,Eritrea,2022,0.165393390775689
IT.NET.BBND.P2,ERI,Eritrea,2021,0.149245578525113
IT.NET.BBND.P2,ERI,Eritrea,2020,0.151916994984612
IT.NET.BBND.P2,ERI,Eritrea,2019,0.0925870488001644
IT.NET.BBND.P2,ERI,Eritrea,2017,0.031742535028681
IT.NET.BBND.P2,ERI,Eritrea,2016,0.0192018556673317
IT.NET.BBND.P2,ERI,Eritrea,2015,0.016100228430041
IT.NET.BBND.P2,EST,Estonia,2024,35.3527186879385
IT.NET.BBND.P2,EST,Estonia,2023,35.2539796781149
IT.NET.BBND.P2,EST,Estonia,2022,39.7219150412824
IT.NET.BBND.P2,EST,Estonia,2021,37.357189680638
IT.NET.BBND.P2,EST,Estonia,2020,34.2700326171401
IT.NET.BBND.P2,EST,Estonia,2019,33.8508104327483
IT.NET.BBND.P2,EST,Estonia,2018,33.3725174267095
IT.NET.BBND.P2,EST,Estonia,2017,32.5220031500844
IT.NET.BBND.P2,EST,Estonia,2016,31.4989029896287
IT.NET.BBND.P2,EST,Estonia,2015,29.6882797190881
IT.NET.BBND.P2,SWZ,Eswatini,2024,2.5065536335855
IT.NET.BBND.P2,SWZ,Eswatini,2023,2.76365982774566
IT.NET.BBND.P2,SWZ,Eswatini,2022,2.18530055779024
IT.NET.BBND.P2,SWZ,Eswatini,2021,2.55280778191155
IT.NET.BBND.P2,SWZ,Eswatini,2020,2.29004241533492
IT.NET.BBND.P2,SWZ,Eswatini,2019,2.04369280109571
IT.NET.BBND.P2,SWZ,Eswatini,2018,1.8710289504324
IT.NET.BBND.P2,SWZ,Eswatini,2017,1.34191565323629
IT.NET.BBND.P2,SWZ,Eswatini,2016,0.608956709267538
IT.NET.BBND.P2,SWZ,Eswatini,2015,0.525020278908273
IT.NET.BBND.P2,ETH,Ethiopia,2024,0.593917449513598
IT.NET.BBND.P2,ETH,Ethiopia,2023,0.534823180349513
IT.NET.BBND.P2,ETH,Ethiopia,2022,0.45157652011053
IT.NET.BBND.P2,ETH,Ethiopia,2021,0.399382380284272
IT.NET.BBND.P2,ETH,Ethiopia,2020,0.178274598062049
IT.NET.BBND.P2,ETH,Ethiopia,2019,0.137379985514274
IT.NET.BBND.P2,ETH,Ethiopia,2017,0.0574013129864174
IT.NET.BBND.P2,ETH,Ethiopia,2016,0.523809621083991
IT.NET.BBND.P2,ETH,Ethiopia,2015,0.460203316477344
IT.NET.BBND.P2,FRO,Faroe Islands,2022,34.5873988631945
IT.NET.BBND.P2,FRO,Faroe Islands,2021,34.6022514071295
IT.NET.BBND.P2,FRO,Faroe Islands,2020,35.0714054804419
IT.NET.BBND.P2,FRO,Faroe Islands,2019,35.0680915088152
IT.NET.BBND.P2,FRO,Faroe Islands,2018,35.6252694282243
IT.NET.BBND.P2,FRO,Faroe Islands,2017,35.9074896005414
IT.NET.BBND.P2,FRO,Faroe Islands,2016,36.2922278537245
IT.NET.BBND.P2,FRO,Faroe Islands,2015,36.3889229762343
IT.NET.BBND.P2,FJI,Fiji,2024,1.80009560888215
IT.NET.BBND.P2,FJI,Fiji,2023,1.82947481185312
IT.NET.BBND.P2,FJI,Fiji,2022,2.53376577893503
IT.NET.BBND.P2,FJI,Fiji,2021,2.51573287546457
IT.NET.BBND.P2,FJI,Fiji,2020,2.52053908190823
IT.NET.BBND.P2,FJI,Fiji,2019,2.34495829594305
IT.NET.BBND.P2,FJI,Fiji,2018,2.08214309077826
IT.NET.BBND.P2,FJI,Fiji,2017,1.32080338804844
IT.NET.BBND.P2,FJI,Fiji,2016,1.34165101842322
IT.NET.BBND.P2,FJI,Fiji,2015,1.38627313086096
IT.NET.BBND.P2,FIN,Finland,2024,36.4765341417867
IT.NET.BBND.P2,FIN,Finland,2023,35.3318092510781
IT.NET.BBND.P2,FIN,Finland,2022,34.2951599474189
IT.NET.BBND.P2,FIN,Finland,2021,33.6396818306917
IT.NET.BBND.P2,FIN,Finland,2020,33.3838974597133
IT.NET.BBND.P2,FIN,Finland,2019,32.5439773811208
IT.NET.BBND.P2,FIN,Finland,2018,31.491717515124
IT.NET.BBND.P2,FIN,Finland,2017,31.0435197469463
IT.NET.BBND.P2,FIN,Finland,2016,31.152937083259
IT.NET.BBND.P2,FIN,Finland,2015,31.5690938053918
IT.NET.BBND.P2,FRA,France,2024,48.9251978969333
IT.NET.BBND.P2,FRA,France,2023,48.6688340139444
IT.NET.BBND.P2,FRA,France,2022,48.250226559098
IT.NET.BBND.P2,FRA,France,2021,47.6442336298287
IT.NET.BBND.P2,FRA,France,2020,46.471240838575
IT.NET.BBND.P2,FRA,France,2019,45.2765022757908
IT.NET.BBND.P2,FRA,France,2018,44.4142292018123
IT.NET.BBND.P2,FRA,France,2017,43.6242593525939
IT.NET.BBND.P2,FRA,France,2016,42.5277884451476
IT.NET.BBND.P2,FRA,France,2015,41.387117104083
IT.NET.BBND.P2,PYF,French Polynesia,2023,35.5533975056738
IT.NET.BBND.P2,PYF,French Polynesia,2022,27.914458338386
IT.NET.BBND.P2,PYF,French Polynesia,2021,26.724495339395
IT.NET.BBND.P2,PYF,French Polynesia,2020,22.9218972167803
IT.NET.BBND.P2,PYF,French Polynesia,2019,22.219514467771
IT.NET.BBND.P2,PYF,French Polynesia,2018,21.3676893661884
IT.NET.BBND.P2,PYF,French Polynesia,2017,20.5950294015788
IT.NET.BBND.P2,PYF,French Polynesia,2016,19.8593728732207
IT.NET.BBND.P2,PYF,French Polynesia,2015,18.6809469312546
IT.NET.BBND.P2,GAB,Gabon,2024,4.6941021334787
IT.NET.BBND.P2,GAB,Gabon,2023,3.97293291301595
IT.NET.BBND.P2,GAB,Gabon,2022,3.3054859267542
IT.NET.BBND.P2,GAB,Gabon,2021,2.65142494578668
IT.NET.BBND.P2,GAB,Gabon,2020,1.9206136043356
IT.NET.BBND.P2,GAB,Gabon,2019,1.07496298020996
IT.NET.BBND.P2,GAB,Gabon,2018,0.953117951397584
IT.NET.BBND.P2,GAB,Gabon,2017,0.683712735870926
IT.NET.BBND.P2,GAB,Gabon,2016,0.715038665794413
IT.NET.BBND.P2,GAB,Gabon,2015,0.542972059134077
IT.NET.BBND.P2,GMB,"Gambia, The",2024,0.518552979215852
IT.NET.BBND.P2,GMB,"Gambia, The",2023,0.502141524068284
IT.NET.BBND.P2,GMB,"Gambia, The",2022,0.215818879031432
IT.NET.BBND.P2,GMB,"Gambia, The",2021,0.194098625393535
IT.NET.BBND.P2,GMB,"Gambia, The",2020,0.198749231337348
IT.NET.BBND.P2,GMB,"Gambia, The",2019,0.203513124968455
IT.NET.BBND.P2,GMB,"Gambia, The",2018,0.184736659621142
IT.NET.BBND.P2,GMB,"Gambia, The",2017,0.17078041097452
IT.NET.BBND.P2,GMB,"Gambia, The",2016,0.164202246374305
IT.NET.BBND.P2,GMB,"Gambia, The",2015,0.160618270204614
IT.NET.BBND.P2,GEO,Georgia,2024,30.4157660721649
IT.NET.BBND.P2,GEO,Georgia,2023,29.3086367614167
IT.NET.BBND.P2,GEO,Georgia,2022,28.3337075311796
IT.NET.BBND.P2,GEO,Georgia,2021,26.6463786914494
IT.NET.BBND.P2,GEO,Georgia,2020,25.5120429077493
IT.NET.BBND.P2,GEO,Georgia,2019,24.6806060596483
IT.NET.BBND.P2,GEO,Georgia,2018,22.5911406351247
IT.NET.BBND.P2,GEO,Georgia,2017,20.4644306577176
IT.NET.BBND.P2,GEO,Georgia,2016,17.9595929069632
IT.NET.BBND.P2,GEO,Georgia,2015,16.7646515047976
IT.NET.BBND.P2,DEU,Germany,2024,45.6069242965787
IT.NET.BBND.P2,DEU,Germany,2023,45.380522509099
IT.NET.BBND.P2,DEU,Germany,2022,44.6186317766404
IT.NET.BBND.P2,DEU,Germany,2021,44.0643361489671
IT.NET.BBND.P2,DEU,Germany,2020,43.3048696627
IT.NET.BBND.P2,DEU,Germany,2019,42.1155574684512
IT.NET.BBND.P2,DEU,Germany,2018,40.9651498488548
IT.NET.BBND.P2,DEU,Germany,2017,39.9888046312857
IT.NET.BBND.P2,DEU,Germany,2016,38.4991067314054
IT.NET.BBND.P2,DEU,Germany,2015,37.412701768023
IT.NET.BBND.P2,GHA,Ghana,2024,0.664728986034211
IT.NET.BBND.P2,GHA,Ghana,2023,0.555476730525596
IT.NET.BBND.P2,GHA,Ghana,2022,0.62494509663475
IT.NET.BBND.P2,GHA,Ghana,2021,0.352237707175248
IT.NET.BBND.P2,GHA,Ghana,2020,0.245771040587956
IT.NET.BBND.P2,GHA,Ghana,2019,0.187204014722826
IT.NET.BBND.P2,GHA,Ghana,2018,0.199976597372149
IT.NET.BBND.P2,GHA,Ghana,2017,0.189313949042323
IT.NET.BBND.P2,GHA,Ghana,2016,0.294978237026438
IT.NET.BBND.P2,GHA,Ghana,2015,0.254850246382187
IT.NET.BBND.P2,GIB,Gibraltar,2022,60.9747666781887
IT.NET.BBND.P2,GIB,Gibraltar,2021,59.8567475174996
IT.NET.BBND.P2,GIB,Gibraltar,2020,58.0792303651895
IT.NET.BBND.P2,GIB,Gibraltar,2019,54.9304107736519
IT.NET.BBND.P2,GIB,Gibraltar,2018,54.4528605038159
IT.NET.BBND.P2,GIB,Gibraltar,2017,50.7314936487078
IT.NET.BBND.P2,GIB,Gibraltar,2016,48.7372987105592
IT.NET.BBND.P2,GIB,Gibraltar,2015,46.9285692766547
IT.NET.BBND.P2,GRC,Greece,2024,44.6759828527928
IT.NET.BBND.P2,GRC,Greece,2023,43.8539621755853
IT.NET.BBND.P2,GRC,Greece,2022,42.923040428409
IT.NET.BBND.P2,GRC,Greece,2021,41.9213046741732
IT.NET.BBND.P2,GRC,Greece,2020,39.7876360746134
IT.NET.BBND.P2,GRC,Greece,2019,38.3565690069278
IT.NET.BBND.P2,GRC,Greece,2018,36.9203391643751
IT.NET.BBND.P2,GRC,Greece,2017,35.1351318678243
IT.NET.BBND.P2,GRC,Greece,2016,33.5485838991847
IT.NET.BBND.P2,GRC,Greece,2015,31.7813956931321
IT.NET.BBND.P2,GRL,Greenland,2022,31.9842829076621
IT.NET.BBND.P2,GRL,Greenland,2021,29.9441480344748
IT.NET.BBND.P2,GRL,Greenland,2020,27.9190442225392
IT.NET.BBND.P2,GRL,Greenland,2019,26.1001355110192
IT.NET.BBND.P2,GRL,Greenland,2018,24.0610621678496
IT.NET.BBND.P2,GRL,Greenland,2017,21.7278093845303
IT.NET.BBND.P2,GRL,Greenland,2015,17.8504489387908
IT.NET.BBND.P2,GRD,Grenada,2022,29.767433903843
IT.NET.BBND.P2,GRD,Grenada,2021,26.1175099410394
IT.NET.BBND.P2,GRD,Grenada,2020,27.4640926242683
IT.NET.BBND.P2,GRD,Grenada,2019,27.4070752968159
IT.NET.BBND.P2,GRD,Grenada,2018,23.3267929225264
IT.NET.BBND.P2,GRD,Grenada,2017,19.2614217155529
IT.NET.BBND.P2,GRD,Grenada,2016,18.0847737340398
IT.NET.BBND.P2,GRD,Grenada,2015,17.2285395374795
IT.NET.BBND.P2,GUM,Guam,2022,1.8392057149776
IT.NET.BBND.P2,GUM,Guam,2021,1.83228485921945
IT.NET.BBND.P2,GUM,Guam,2020,1.8500474845521
IT.NET.BBND.P2,GUM,Guam,2019,1.85404924354791
IT.NET.BBND.P2,GTM,Guatemala,2024,5.33792153027114
IT.NET.BBND.P2,GTM,Guatemala,2023,5.08082886037381
IT.NET.BBND.P2,GTM,Guatemala,2022,5.02439029583182
IT.NET.BBND.P2,GTM,Guatemala,2021,3.4775394703571
IT.NET.BBND.P2,GTM,Guatemala,2020,3.52588892585695
IT.NET.BBND.P2,GTM,Guatemala,2019,3.42029196664625
IT.NET.BBND.P2,GTM,Guatemala,2017,3.20509783183884
IT.NET.BBND.P2,GTM,Guatemala,2016,3.11025548351565
IT.NET.BBND.P2,GTM,Guatemala,2015,2.87912847082501
IT.NET.BBND.P2,GIN,Guinea,2022,0.00627528568380372
IT.NET.BBND.P2,GIN,Guinea,2021,0.00729367311055392
IT.NET.BBND.P2,GIN,Guinea,2020,0.00747876982911684
IT.NET.BBND.P2,GIN,Guinea,2019,0.00959004770933655
IT.NET.BBND.P2,GIN,Guinea,2018,0.00954759210986358
IT.NET.BBND.P2,GIN,Guinea,2017,0.00909923323417833
IT.NET.BBND.P2,GIN,Guinea,2016,0.00911121731661397
IT.NET.BBND.P2,GIN,Guinea,2015,0.00849829226816871
IT.NET.BBND.P2,GNB,Guinea-Bissau,2024,0.386080917545218
IT.NET.BBND.P2,GNB,Guinea-Bissau,2023,0.310448099439986
IT.NET.BBND.P2,GNB,Guinea-Bissau,2022,0.219184822436547
IT.NET.BBND.P2,GNB,Guinea-Bissau,2021,0.160430067207715
IT.NET.BBND.P2,GNB,Guinea-Bissau,2020,0.118365532433795
IT.NET.BBND.P2,GNB,Guinea-Bissau,2019,0.0623571933875965
IT.NET.BBND.P2,GNB,Guinea-Bissau,2018,0.062637605037645
IT.NET.BBND.P2,GNB,Guinea-Bissau,2017,0.0454431156609869
IT.NET.BBND.P2,GNB,Guinea-Bissau,2016,0.0483652702423122
IT.NET.BBND.P2,GNB,Guinea-Bissau,2015,0.0588315307897139
IT.NET.BBND.P2,GUY,Guyana,2022,12.9356394612219
IT.NET.BBND.P2,GUY,Guyana,2021,11.6495520440672
IT.NET.BBND.P2,GUY,Guyana,2020,11.7649827054754
IT.NET.BBND.P2,GUY,Guyana,2019,10.276537921044
IT.NET.BBND.P2,GUY,Guyana,2017,8.44382214738464
IT.NET.BBND.P2,GUY,Guyana,2016,7.49173594849309
IT.NET.BBND.P2,GUY,Guyana,2015,7.075427560785
IT.NET.BBND.P2,HTI,Haiti,2022,0.306790757611135
IT.NET.BBND.P2,HTI,Haiti,2021,0.272537391690564
IT.NET.BBND.P2,HTI,Haiti,2020,0.275706324027148
IT.NET.BBND.P2,HTI,Haiti,2019,0.280049919123204
IT.NET.BBND.P2,HTI,Haiti,2018,0.283697984065843
IT.NET.BBND.P2,HTI,Haiti,2017,0.276397485097184
IT.NET.BBND.P2,HTI,Haiti,2016,0.0126318271253869
IT.NET.BBND.P2,HTI,Haiti,2015,0.0128097405723445
IT.NET.BBND.P2,HND,Honduras,2024,4.57914834722512
IT.NET.BBND.P2,HND,Honduras,2023,4.36212775547539
IT.NET.BBND.P2,HND,Honduras,2022,4.40980164894983
IT.NET.BBND.P2,HND,Honduras,2021,4.0958409901304
IT.NET.BBND.P2,HND,Honduras,2020,3.92223438778455
IT.NET.BBND.P2,HND,Honduras,2019,3.92589911554459
IT.NET.BBND.P2,HND,Honduras,2018,3.63393106753465
IT.NET.BBND.P2,HND,Honduras,2017,2.48526903610159
IT.NET.BBND.P2,HND,Honduras,2016,2.34144817782537
IT.NET.BBND.P2,HND,Honduras,2015,2.13675958518204
IT.NET.BBND.P2,HKG,"Hong Kong SAR, China",2024,40.2724025338679
IT.NET.BBND.P2,HKG,"Hong Kong SAR, China",2023,39.8839727444243
IT.NET.BBND.P2,HKG,"Hong Kong SAR, China",2022,39.9517808600821
IT.NET.BBND.P2,HKG,"Hong Kong SAR, China",2021,39.2188975738319
IT.NET.BBND.P2,HKG,"Hong Kong SAR, China",2020,38.5246390800823
IT.NET.BBND.P2,HKG,"Hong Kong SAR, China",2019,37.4680746099321
IT.NET.BBND.P2,HKG,"Hong Kong SAR, China",2018,36.3352765300968
IT.NET.BBND.P2,HKG,"Hong Kong SAR, China",2017,35.7032493826975
IT.NET.BBND.P2,HKG,"Hong Kong SAR, China",2016,35.4484942649915
IT.NET.BBND.P2,HKG,"Hong Kong SAR, China",2015,31.8721510032907
IT.NET.BBND.P2,HUN,Hungary,2024,37.542262483936
IT.NET.BBND.P2,HUN,Hungary,2023,36.7901885342462
IT.NET.BBND.P2,HUN,Hungary,2022,36.5338104764554
IT.NET.BBND.P2,HUN,Hungary,2021,34.8391868436369
IT.NET.BBND.P2,HUN,Hungary,2020,33.4922037196533
IT.NET.BBND.P2,HUN,Hungary,2019,32.6466329851573
IT.NET.BBND.P2,HUN,Hungary,2018,31.5062908247816
IT.NET.BBND.P2,HUN,Hungary,2017,30.2136178819417
IT.NET.BBND.P2,HUN,Hungary,2016,28.6887907811727
IT.NET.BBND.P2,HUN,Hungary,2015,27.6322359587573
IT.NET.BBND.P2,ISL,Iceland,2024,37.5242757933482
IT.NET.BBND.P2,ISL,Iceland,2023,37.4245919320463
IT.NET.BBND.P2,ISL,Iceland,2022,37.4212579793667
IT.NET.BBND.P2,ISL,Iceland,2021,38.4077027940877
IT.NET.BBND.P2,ISL,Iceland,2020,38.6826471438625
IT.NET.BBND.P2,ISL,Iceland,2019,38.6029941779872
IT.NET.BBND.P2,ISL,Iceland,2018,39.1065426493677
IT.NET.BBND.P2,ISL,Iceland,2017,39.1883119718453
IT.NET.BBND.P2,ISL,Iceland,2016,38.150452657238
IT.NET.BBND.P2,ISL,Iceland,2015,37.5994101863714
IT.NET.BBND.P2,IND,India,2024,3.15046250037677
IT.NET.BBND.P2,IND,India,2023,2.74534696441771
IT.NET.BBND.P2,IND,India,2022,2.35231555917724
IT.NET.BBND.P2,IND,India,2021,1.9487996093033
IT.NET.BBND.P2,IND,India,2020,1.63622632751685
IT.NET.BBND.P2,IND,India,2019,1.37913181839908
IT.NET.BBND.P2,IND,India,2018,1.3217822859385
IT.NET.BBND.P2,IND,India,2017,1.31327377028949
IT.NET.BBND.P2,IND,India,2016,1.38795276378032
IT.NET.BBND.P2,IND,India,2015,1.27578595315943
IT.NET.BBND.P2,IDN,Indonesia,2024,4.92196685438436
IT.NET.BBND.P2,IDN,Indonesia,2023,4.81663955789733
IT.NET.BBND.P2,IDN,Indonesia,2022,4.82151507878823
IT.NET.BBND.P2,IDN,Indonesia,2021,4.4874632789818
IT.NET.BBND.P2,IDN,Indonesia,2020,3.92993769121646
IT.NET.BBND.P2,IDN,Indonesia,2019,3.77422560918071
IT.NET.BBND.P2,IDN,Indonesia,2018,3.28729591276809
IT.NET.BBND.P2,IDN,Indonesia,2017,2.32504234259027
IT.NET.BBND.P2,IDN,Indonesia,2016,1.9753784545485
IT.NET.BBND.P2,IDN,Indonesia,2015,1.52139473860752
IT.NET.BBND.P2,IRN,"Iran, Islamic Rep.",2024,12.0603874696566
IT.NET.BBND.P2,IRN,"Iran, Islamic Rep.",2023,12.0205942239083
IT.NET.BBND.P2,IRN,"Iran, Islamic Rep.",2022,12.2102486068411
IT.NET.BBND.P2,IRN,"Iran, Islamic Rep.",2021,12.068102546673
IT.NET.BBND.P2,IRN,"Iran, Islamic Rep.",2020,10.9026671467968
IT.NET.BBND.P2,IRN,"Iran, Islamic Rep.",2019,9.90926903532027
IT.NET.BBND.P2,IRN,"Iran, Islamic Rep.",2018,11.3875742908004
IT.NET.BBND.P2,IRN,"Iran, Islamic Rep.",2017,10.1144035205672
IT.NET.BBND.P2,IRN,"Iran, Islamic Rep.",2016,9.07810254131414
IT.NET.BBND.P2,IRN,"Iran, Islamic Rep.",2015,7.99892645019457
IT.NET.BBND.P2,IRQ,Iraq,2024,17.6333290365333
IT.NET.BBND.P2,IRQ,Iraq,2023,17.2312565041583
IT.NET.BBND.P2,IRQ,Iraq,2022,14.4912960130678
IT.NET.BBND.P2,IRQ,Iraq,2021,14.8275236561145
IT.NET.BBND.P2,IRQ,Iraq,2020,14.8494851377503
IT.NET.BBND.P2,IRQ,Iraq,2019,11.0677657654898
IT.NET.BBND.P2,IRQ,Iraq,2018,11.1567326014866
IT.NET.BBND.P2,IRQ,Iraq,2017,10.910523135606
IT.NET.BBND.P2,IRL,Ireland,2024,32.3023693358176
IT.NET.BBND.P2,IRL,Ireland,2023,31.8907830651788
IT.NET.BBND.P2,IRL,Ireland,2022,31.5362809040128
IT.NET.BBND.P2,IRL,Ireland,2021,31.3616427884193
IT.NET.BBND.P2,IRL,Ireland,2020,30.4353384554187
IT.NET.BBND.P2,IRL,Ireland,2019,29.6453160652366
IT.NET.BBND.P2,IRL,Ireland,2018,29.3513301848147
IT.NET.BBND.P2,IRL,Ireland,2017,29.0794615926246
IT.NET.BBND.P2,IRL,Ireland,2016,28.6147710435862
IT.NET.BBND.P2,IRL,Ireland,2015,27.8462651784045
IT.NET.BBND.P2,ISR,Israel,2024,29.1837101461688
IT.NET.BBND.P2,ISR,Israel,2023,29.4357235504327
IT.NET.BBND.P2,ISR,Israel,2022,29.1676695245416
IT.NET.BBND.P2,ISR,Israel,2021,29.7078785417387
IT.NET.BBND.P2,ISR,Israel,2020,29.5678161933081
IT.NET.BBND.P2,ISR,Israel,2019,28.6567652412239
IT.NET.BBND.P2,ISR,Israel,2018,28.6131707306182
IT.NET.BBND.P2,ISR,Israel,2017,28.00833361537
IT.NET.BBND.P2,ISR,Israel,2016,27.5030283172787
IT.NET.BBND.P2,ISR,Israel,2015,26.9840410445519
IT.NET.BBND.P2,ITA,Italy,2024,31.7807732477772
IT.NET.BBND.P2,ITA,Italy,2023,31.8410876819321
IT.NET.BBND.P2,ITA,Italy,2022,31.19136706407
IT.NET.BBND.P2,ITA,Italy,2021,31.2852927413407
IT.NET.BBND.P2,ITA,Italy,2020,30.2586365187027
IT.NET.BBND.P2,ITA,Italy,2019,29.0544644701951
IT.NET.BBND.P2,ITA,Italy,2018,28.4648521996575
IT.NET.BBND.P2,ITA,Italy,2017,27.4652917045411
IT.NET.BBND.P2,ITA,Italy,2016,25.7337403103573
IT.NET.BBND.P2,ITA,Italy,2015,24.5977602494059
IT.NET.BBND.P2,JAM,Jamaica,2024,15.981614377416
IT.NET.BBND.P2,JAM,Jamaica,2023,15.7852035329423
IT.NET.BBND.P2,JAM,Jamaica,2022,14.9601781381994
IT.NET.BBND.P2,JAM,Jamaica,2021,14.5717525783368
IT.NET.BBND.P2,JAM,Jamaica,2020,13.6219905826712
IT.NET.BBND.P2,JAM,Jamaica,2019,11.2602367962551
IT.NET.BBND.P2,JAM,Jamaica,2018,10.0973831751177
IT.NET.BBND.P2,JAM,Jamaica,2017,8.49218897606476
IT.NET.BBND.P2,JAM,Jamaica,2016,10.1806638279094
IT.NET.BBND.P2,JAM,Jamaica,2015,8.1672514945403
IT.NET.BBND.P2,JPN,Japan,2023,38.6312383711286
IT.NET.BBND.P2,JPN,Japan,2022,36.8414210393741
IT.NET.BBND.P2,JPN,Japan,2021,35.9391724358064
IT.NET.BBND.P2,JPN,Japan,2020,34.8370612448992
IT.NET.BBND.P2,JPN,Japan,2019,33.545921250597
IT.NET.BBND.P2,JPN,Japan,2018,32.6965336498031
IT.NET.BBND.P2,JPN,Japan,2017,31.8990791226107
IT.NET.BBND.P2,JPN,Japan,2016,31.3035556297124
IT.NET.BBND.P2,JPN,Japan,2015,30.5419859940146
IT.NET.BBND.P2,JOR,Jordan,2024,7.01801006087142
IT.NET.BBND.P2,JOR,Jordan,2023,7.03749462484875
IT.NET.BBND.P2,JOR,Jordan,2022,7.0736531298176
IT.NET.BBND.P2,JOR,Jordan,2021,6.45876564968631
IT.NET.BBND.P2,JOR,Jordan,2020,5.80332966781737
IT.NET.BBND.P2,JOR,Jordan,2019,4.28692534434619
IT.NET.BBND.P2,JOR,Jordan,2018,3.81938742759006
IT.NET.BBND.P2,JOR,Jordan,2017,3.24328385947311
IT.NET.BBND.P2,JOR,Jordan,2016,2.97134814263758
IT.NET.BBND.P2,JOR,Jordan,2015,3.24499522197016
IT.NET.BBND.P2,KAZ,Kazakhstan,2024,15.3162031103353
IT.NET.BBND.P2,KAZ,Kazakhstan,2023,14.3457210056574
IT.NET.BBND.P2,KAZ,Kazakhstan,2022,14.4739535470844
IT.NET.BBND.P2,KAZ,Kazakhstan,2021,13.946795830528
IT.NET.BBND.P2,KAZ,Kazakhstan,2020,13.4502836627046
IT.NET.BBND.P2,KAZ,Kazakhstan,2019,13.0799490149564
IT.NET.BBND.P2,KAZ,Kazakhstan,2018,13.0002402717791
IT.NET.BBND.P2,KAZ,Kazakhstan,2017,13.8114386119057
IT.NET.BBND.P2,KAZ,Kazakhstan,2016,12.7965104881396
IT.NET.BBND.P2,KAZ,Kazakhstan,2015,12.7238359694604
IT.NET.BBND.P2,KEN,Kenya,2024,3.04382666975517
IT.NET.BBND.P2,KEN,Kenya,2023,2.38882511128724
IT.NET.BBND.P2,KEN,Kenya,2022,1.47646942688922
IT.NET.BBND.P2,KEN,Kenya,2021,1.48254108303764
IT.NET.BBND.P2,KEN,Kenya,2020,1.29112489733773
IT.NET.BBND.P2,KEN,Kenya,2019,0.959288829892146
IT.NET.BBND.P2,KEN,Kenya,2018,0.739931101786048
IT.NET.BBND.P2,KEN,Kenya,2017,0.586008315906052
IT.NET.BBND.P2,KEN,Kenya,2016,0.275660288360412
IT.NET.BBND.P2,KEN,Kenya,2015,0.286921276745847
IT.NET.BBND.P2,KIR,Kiribati,2024,0.0349395619917037
IT.NET.BBND.P2,KIR,Kiribati,2023,0.039990945446314
IT.NET.BBND.P2,KIR,Kiribati,2022,0.0689819037472503
IT.NET.BBND.P2,KIR,Kiribati,2021,0.0864640862459786
IT.NET.BBND.P2,KIR,Kiribati,2020,0.146710124584652
IT.NET.BBND.P2,KIR,Kiribati,2019,0.0847314014573801
IT.NET.BBND.P2,KIR,Kiribati,2018,0.0712624094885489
IT.NET.BBND.P2,KIR,Kiribati,2017,0.0922885055082104
IT.NET.BBND.P2,KIR,Kiribati,2016,0.0928442411249346
IT.NET.BBND.P2,KIR,Kiribati,2015,0.100158370072337
IT.NET.BBND.P2,KOR,"Korea, Rep.",2024,47.8014965507867
IT.NET.BBND.P2,KOR,"Korea, Rep.",2023,46.5676352036327
IT.NET.BBND.P2,KOR,"Korea, Rep.",2022,45.4542124182774
IT.NET.BBND.P2,KOR,"Korea, Rep.",2021,44.2526082339633
IT.NET.BBND.P2,KOR,"Korea, Rep.",2020,43.0540600860627
IT.NET.BBND.P2,KOR,"Korea, Rep.",2019,42.0373507524342
IT.NET.BBND.P2,KOR,"Korea, Rep.",2018,41.2189959375994
IT.NET.BBND.P2,KOR,"Korea, Rep.",2017,41.1680978249153
IT.NET.BBND.P2,KOR,"Korea, Rep.",2016,40.0712454963259
IT.NET.BBND.P2,KOR,"Korea, Rep.",2015,39.2759563055891
IT.NET.BBND.P2,KWT,Kuwait,2023,1.01366418243269
IT.NET.BBND.P2,KWT,Kuwait,2022,1.36328249349441
IT.NET.BBND.P2,KWT,Kuwait,2021,1.61587179429556
IT.NET.BBND.P2,KWT,Kuwait,2020,1.68058136279176
IT.NET.BBND.P2,KWT,Kuwait,2019,1.90435176851799
IT.NET.BBND.P2,KWT,Kuwait,2018,2.40138113937059
IT.NET.BBND.P2,KWT,Kuwait,2017,2.83340373578262
IT.NET.BBND.P2,KWT,Kuwait,2016,2.5322361225893
IT.NET.BBND.P2,KWT,Kuwait,2015,1.43436327571018
IT.NET.BBND.P2,KGZ,Kyrgyz Republic,2024,7.79695655822307
IT.NET.BBND.P2,KGZ,Kyrgyz Republic,2023,6.44652532064676
IT.NET.BBND.P2,KGZ,Kyrgyz Republic,2022,5.60484304582026
IT.NET.BBND.P2,KGZ,Kyrgyz Republic,2021,4.43257724274204
IT.NET.BBND.P2,KGZ,Kyrgyz Republic,2020,4.33664358791982
IT.NET.BBND.P2,KGZ,Kyrgyz Republic,2019,4.14366414717506
IT.NET.BBND.P2,KGZ,Kyrgyz Republic,2018,3.95179108798669
IT.NET.BBND.P2,KGZ,Kyrgyz Republic,2017,4.14801893845004
IT.NET.BBND.P2,KGZ,Kyrgyz Republic,2016,3.94326755245428
IT.NET.BBND.P2,KGZ,Kyrgyz Republic,2015,3.52424456195573
IT.NET.BBND.P2,LAO,Lao PDR,2023,2.72021122524182
IT.NET.BBND.P2,LAO,Lao PDR,2022,2.38186047453058
IT.NET.BBND.P2,LAO,Lao PDR,2021,2.0226898696049
IT.NET.BBND.P2,LAO,Lao PDR,2020,1.67210846259045
IT.NET.BBND.P2,LAO,Lao PDR,2019,1.0539352904733
IT.NET.BBND.P2,LAO,Lao PDR,2018,0.636626171692238
IT.NET.BBND.P2,LAO,Lao PDR,2017,0.387808918792952
IT.NET.BBND.P2,LAO,Lao PDR,2016,0.353548994456637
IT.NET.BBND.P2,LAO,Lao PDR,2015,0.213918838751508
IT.NET.BBND.P2,LVA,Latvia,2024,25.7542854181725
IT.NET.BBND.P2,LVA,Latvia,2023,25.9948491178264
IT.NET.BBND.P2,LVA,Latvia,2022,25.989241189689
IT.NET.BBND.P2,LVA,Latvia,2021,25.9761549056076
IT.NET.BBND.P2,LVA,Latvia,2020,25.804169430384
IT.NET.BBND.P2,LVA,Latvia,2019,26.5858975490829
IT.NET.BBND.P2,LVA,Latvia,2018,27.2877295355647
IT.NET.BBND.P2,LVA,Latvia,2017,27.0886247975645
IT.NET.BBND.P2,LVA,Latvia,2016,26.4893005276389
IT.NET.BBND.P2,LVA,Latvia,2015,25.4568684345307
IT.NET.BBND.P2,LBN,Lebanon,2022,7.29166684799988
IT.NET.BBND.P2,LBN,Lebanon,2021,7.55615217723581
IT.NET.BBND.P2,LBN,Lebanon,2020,7.57698778654173
IT.NET.BBND.P2,LBN,Lebanon,2019,7.24813507210341
IT.NET.BBND.P2,LSO,Lesotho,2024,0.379434958926989
IT.NET.BBND.P2,LSO,Lesotho,2023,0.383738154734299
IT.NET.BBND.P2,LSO,Lesotho,2022,0.39753117741491
IT.NET.BBND.P2,LSO,Lesotho,2021,0.353652507890634
IT.NET.BBND.P2,LSO,Lesotho,2020,0.226324591508713
IT.NET.BBND.P2,LSO,Lesotho,2019,0.209015549435255
IT.NET.BBND.P2,LSO,Lesotho,2018,0.263921601133539
IT.NET.BBND.P2,LSO,Lesotho,2017,0.223493470430344
IT.NET.BBND.P2,LSO,Lesotho,2016,0.10467409743234
IT.NET.BBND.P2,LSO,Lesotho,2015,0.0979753503141436
IT.NET.BBND.P2,LBR,Liberia,2022,0.274673226516174
IT.NET.BBND.P2,LBR,Liberia,2021,0.247180102838331
IT.NET.BBND.P2,LBR,Liberia,2020,0.252453508259017
IT.NET.BBND.P2,LBR,Liberia,2019,0.21809295161251
IT.NET.BBND.P2,LBR,Liberia,2017,0.185608150260109
IT.NET.BBND.P2,LBR,Liberia,2016,0.168222443902021
IT.NET.BBND.P2,LBR,Liberia,2015,0.150232936167528
IT.NET.BBND.P2,LBY,Libya,2022,4.51840823499527
IT.NET.BBND.P2,LBY,Libya,2021,4.65300430613124
IT.NET.BBND.P2,LBY,Libya,2020,4.71229521564357
IT.NET.BBND.P2,LBY,Libya,2019,4.5748595928116
IT.NET.BBND.P2,LBY,Libya,2017,4.71896206577758
IT.NET.BBND.P2,LBY,Libya,2016,2.54699624223062
IT.NET.BBND.P2,LBY,Libya,2015,0.933889931732646
IT.NET.BBND.P2,LIE,Liechtenstein,2024,50.0050163029847
IT.NET.BBND.P2,LIE,Liechtenstein,2023,49.4065356836204
IT.NET.BBND.P2,LIE,Liechtenstein,2022,48.9304880840349
IT.NET.BBND.P2,LIE,Liechtenstein,2021,47.5207458252228
IT.NET.BBND.P2,LIE,Liechtenstein,2020,46.5602187427451
IT.NET.BBND.P2,LIE,Liechtenstein,2019,44.6748178980229
IT.NET.BBND.P2,LIE,Liechtenstein,2018,43.8301555246663
IT.NET.BBND.P2,LIE,Liechtenstein,2017,42.9405548216645
IT.NET.BBND.P2,LIE,Liechtenstein,2016,42.3634188488635
IT.NET.BBND.P2,LIE,Liechtenstein,2015,41.9679144385027
IT.NET.BBND.P2,LTU,Lithuania,2024,27.8460080234758
IT.NET.BBND.P2,LTU,Lithuania,2023,27.9638162516437
IT.NET.BBND.P2,LTU,Lithuania,2022,28.4400438919259
IT.NET.BBND.P2,LTU,Lithuania,2021,28.712701575387
IT.NET.BBND.P2,LTU,Lithuania,2020,28.4988545174577
IT.NET.BBND.P2,LTU,Lithuania,2019,28.2791627222047
IT.NET.BBND.P2,LTU,Lithuania,2018,28.1444849879285
IT.NET.BBND.P2,LTU,Lithuania,2017,28.2319064734089
IT.NET.BBND.P2,LTU,Lithuania,2016,29.8964138705034
IT.NET.BBND.P2,LTU,Lithuania,2015,28.6774149586821
IT.NET.BBND.P2,LUX,Luxembourg,2024,40.3174570156723
IT.NET.BBND.P2,LUX,Luxembourg,2023,38.3793065082138
IT.NET.BBND.P2,LUX,Luxembourg,2022,38.3269581349215
IT.NET.BBND.P2,LUX,Luxembourg,2021,38.0399641403524
IT.NET.BBND.P2,LUX,Luxembourg,2020,37.2960860898482
IT.NET.BBND.P2,LUX,Luxembourg,2019,37.3611453762962
IT.NET.BBND.P2,LUX,Luxembourg,2018,36.8853200372964
IT.NET.BBND.P2,LUX,Luxembourg,2017,35.9768313229784
IT.NET.BBND.P2,LUX,Luxembourg,2016,34.8068400324932
IT.NET.BBND.P2,LUX,Luxembourg,2015,34.2910720305652
IT.NET.BBND.P2,MAC,"Macao SAR, China",2024,29.8553859567768
IT.NET.BBND.P2,MAC,"Macao SAR, China",2023,29.6759264447159
IT.NET.BBND.P2,MAC,"Macao SAR, China",2022,29.6066193799726
IT.NET.BBND.P2,MAC,"Macao SAR, China",2021,29.6158421202704
IT.NET.BBND.P2,MAC,"Macao SAR, China",2020,30.4508928113933
IT.NET.BBND.P2,MAC,"Macao SAR, China",2019,29.807414296232
IT.NET.BBND.P2,MAC,"Macao SAR, China",2018,29.3055867583929
IT.NET.BBND.P2,MAC,"Macao SAR, China",2017,28.7678987369964
IT.NET.BBND.P2,MAC,"Macao SAR, China",2016,28.0554364413727
IT.NET.BBND.P2,MAC,"Macao SAR, China",2015,27.3135223143179
IT.NET.BBND.P2,MDG,Madagascar,2023,0.124487385085979
IT.NET.BBND.P2,MDG,Madagascar,2022,0.10748996107107
IT.NET.BBND.P2,MDG,Madagascar,2021,0.104182794544746
IT.NET.BBND.P2,MDG,Madagascar,2020,0.110521830202826
IT.NET.BBND.P2,MDG,Madagascar,2019,0.106309263427764
IT.NET.BBND.P2,MDG,Madagascar,2018,0.0989673512851062
IT.NET.BBND.P2,MDG,Madagascar,2017,0.0935555068196559
IT.NET.BBND.P2,MDG,Madagascar,2016,0.101092139939568
IT.NET.BBND.P2,MDG,Madagascar,2015,0.0931855023903611
IT.NET.BBND.P2,MWI,Malawi,2024,0.0863853749149284
IT.NET.BBND.P2,MWI,Malawi,2023,0.079556560544817
IT.NET.BBND.P2,MWI,Malawi,2022,0.0724060330808983
IT.NET.BBND.P2,MWI,Malawi,2021,0.0670814931398598
IT.NET.BBND.P2,MWI,Malawi,2020,0.0627371263723842
IT.NET.BBND.P2,MWI,Malawi,2019,0.0596980345376099
IT.NET.BBND.P2,MWI,Malawi,2018,0.0613015454757565
IT.NET.BBND.P2,MWI,Malawi,2017,0.0599566013099431
IT.NET.BBND.P2,MWI,Malawi,2016,0.0495052352697577
IT.NET.BBND.P2,MWI,Malawi,2015,0.034268649944541
IT.NET.BBND.P2,MYS,Malaysia,2024,13.5464432669708
IT.NET.BBND.P2,MYS,Malaysia,2023,13.0287000355119
IT.NET.BBND.P2,MYS,Malaysia,2022,12.1753566089982
IT.NET.BBND.P2,MYS,Malaysia,2021,10.8921782282506
IT.NET.BBND.P2,MYS,Malaysia,2020,9.91101742902637
IT.NET.BBND.P2,MYS,Malaysia,2019,8.86497357882019
IT.NET.BBND.P2,MYS,Malaysia,2018,8.19179819298533
IT.NET.BBND.P2,MYS,Malaysia,2017,8.30705146836206
IT.NET.BBND.P2,MYS,Malaysia,2016,8.55245970508987
IT.NET.BBND.P2,MYS,Malaysia,2015,9.80955980953099
IT.NET.BBND.P2,MDV,Maldives,2024,19.6489572735075
IT.NET.BBND.P2,MDV,Maldives,2023,18.6292999539919
IT.NET.BBND.P2,MDV,Maldives,2022,17.3997244832152
IT.NET.BBND.P2,MDV,Maldives,2021,14.8246453577808
IT.NET.BBND.P2,MDV,Maldives,2020,12.6832736528067
IT.NET.BBND.P2,MDV,Maldives,2019,10.9012960012794
IT.NET.BBND.P2,MDV,Maldives,2018,10.0179877784565
IT.NET.BBND.P2,MDV,Maldives,2017,7.97186042807237
IT.NET.BBND.P2,MDV,Maldives,2016,6.61143042760338
IT.NET.BBND.P2,MDV,Maldives,2015,5.41277203996693
IT.NET.BBND.P2,MLI,Mali,2022,0.774220028570636
IT.NET.BBND.P2,MLI,Mali,2021,0.648338018002888
IT.NET.BBND.P2,MLI,Mali,2020,1.12281404354348
IT.NET.BBND.P2,MLI,Mali,2019,0.676472661314418
IT.NET.BBND.P2,MLI,Mali,2018,0.591594866067607
IT.NET.BBND.P2,MLI,Mali,2017,0.0777267019132024
IT.NET.BBND.P2,MLI,Mali,2016,0.111738195386459
IT.NET.BBND.P2,MLI,Mali,2015,0.018818888075322
IT.NET.BBND.P2,MLT,Malta,2024,44.5068355303026
IT.NET.BBND.P2,MLT,Malta,2023,44.282454836797
IT.NET.BBND.P2,MLT,Malta,2022,43.4449972737186
IT.NET.BBND.P2,MLT,Malta,2021,42.1830899964911
IT.NET.BBND.P2,MLT,Malta,2020,41.1094408219109
IT.NET.BBND.P2,MLT,Malta,2019,40.1799549616579
IT.NET.BBND.P2,MLT,Malta,2018,39.5892751744889
IT.NET.BBND.P2,MLT,Malta,2017,38.7512769768028
IT.NET.BBND.P2,MLT,Malta,2016,37.6179796999137
IT.NET.BBND.P2,MLT,Malta,2015,36.6768468766082
IT.NET.BBND.P2,MHL,Marshall Islands,2022,2.35047533498016
IT.NET.BBND.P2,MHL,Marshall Islands,2021,2.27717746029444
IT.NET.BBND.P2,MHL,Marshall Islands,2020,2.34159134547839
IT.NET.BBND.P2,MHL,Marshall Islands,2019,2.27236575999273
IT.NET.BBND.P2,MHL,Marshall Islands,2018,2.2082367229767
IT.NET.BBND.P2,MHL,Marshall Islands,2017,2.14919727481786
IT.NET.BBND.P2,MHL,Marshall Islands,2016,2.09604057934562
IT.NET.BBND.P2,MHL,Marshall Islands,2015,2.04918032786885
IT.NET.BBND.P2,MRT,Mauritania,2024,0.946513083252489
IT.NET.BBND.P2,MRT,Mauritania,2023,0.59041012129361
IT.NET.BBND.P2,MRT,Mauritania,2022,0.415227794850191
IT.NET.BBND.P2,MRT,Mauritania,2021,0.405903092669414
IT.NET.BBND.P2,MRT,Mauritania,2020,0.401227704167555
IT.NET.BBND.P2,MRT,Mauritania,2019,0.242070430744355
IT.NET.BBND.P2,MRT,Mauritania,2018,0.304863077886015
IT.NET.BBND.P2,MRT,Mauritania,2017,0.300123497838788
IT.NET.BBND.P2,MRT,Mauritania,2016,0.272618915656489
IT.NET.BBND.P2,MRT,Mauritania,2015,0.243018145169932
IT.NET.BBND.P2,MUS,Mauritius,2024,27.9742504733832
IT.NET.BBND.P2,MUS,Mauritius,2023,26.9082309192612
IT.NET.BBND.P2,MUS,Mauritius,2022,26.1963906498554
IT.NET.BBND.P2,MUS,Mauritius,2021,25.7028828022003
IT.NET.BBND.P2,MUS,Mauritius,2020,25.1865809761826
IT.NET.BBND.P2,MUS,Mauritius,2019,23.8830105654334
IT.NET.BBND.P2,MUS,Mauritius,2018,21.3138552473439
IT.NET.BBND.P2,MUS,Mauritius,2017,19.0600896444054
IT.NET.BBND.P2,MUS,Mauritius,2016,16.4576177636993
IT.NET.BBND.P2,MUS,Mauritius,2015,15.2753864309067
IT.NET.BBND.P2,MEX,Mexico,2024,21.7367225364543
IT.NET.BBND.P2,MEX,Mexico,2023,20.752917384408
IT.NET.BBND.P2,MEX,Mexico,2022,20.6070256426489
IT.NET.BBND.P2,MEX,Mexico,2021,19.2796725887476
IT.NET.BBND.P2,MEX,Mexico,2020,17.7520559419946
IT.NET.BBND.P2,MEX,Mexico,2019,15.3885155172291
IT.NET.BBND.P2,MEX,Mexico,2018,14.7373951154108
IT.NET.BBND.P2,MEX,Mexico,2017,13.7767213511093
IT.NET.BBND.P2,MEX,Mexico,2016,13.0255992017626
IT.NET.BBND.P2,MEX,Mexico,2015,12.1891508368561
IT.NET.BBND.P2,FSM,"Micronesia, Fed. Sts.",2022,5.81818506163369
IT.NET.BBND.P2,FSM,"Micronesia, Fed. Sts.",2021,5.37518813158461
IT.NET.BBND.P2,FSM,"Micronesia, Fed. Sts.",2020,5.40949908038516
IT.NET.BBND.P2,FSM,"Micronesia, Fed. Sts.",2019,4.533831450282
IT.NET.BBND.P2,FSM,"Micronesia, Fed. Sts.",2017,3.44900028315415
IT.NET.BBND.P2,FSM,"Micronesia, Fed. Sts.",2016,2.90534036213614
IT.NET.BBND.P2,FSM,"Micronesia, Fed. Sts.",2015,3.0142757275838
IT.NET.BBND.P2,MDA,Moldova,2024,29.6324400873685
IT.NET.BBND.P2,MDA,Moldova,2023,27.3086365814931
IT.NET.BBND.P2,MDA,Moldova,2022,26.317794331222
IT.NET.BBND.P2,MDA,Moldova,2021,25.2112754309344
IT.NET.BBND.P2,MDA,Moldova,2020,23.4268592640718
IT.NET.BBND.P2,MDA,Moldova,2019,21.54270340639
IT.NET.BBND.P2,MDA,Moldova,2018,19.7583973228257
IT.NET.BBND.P2,MDA,Moldova,2017,18.2974964435539
IT.NET.BBND.P2,MDA,Moldova,2016,17.2155177259579
IT.NET.BBND.P2,MDA,Moldova,2015,16.2569619282762
IT.NET.BBND.P2,MCO,Monaco,2024,55.6780823690818
IT.NET.BBND.P2,MCO,Monaco,2023,55.8835609405483
IT.NET.BBND.P2,MCO,Monaco,2022,55.2284811589736
IT.NET.BBND.P2,MCO,Monaco,2021,54.9173307031433
IT.NET.BBND.P2,MCO,Monaco,2020,54.8672798948752
IT.NET.BBND.P2,MCO,Monaco,2019,53.7300900049857
IT.NET.BBND.P2,MCO,Monaco,2018,51.5909210043508
IT.NET.BBND.P2,MCO,Monaco,2017,51.1120547799777
IT.NET.BBND.P2,MCO,Monaco,2016,49.9356154093787
IT.NET.BBND.P2,MCO,Monaco,2015,49.9333460293277
IT.NET.BBND.P2,MNG,Mongolia,2024,15.7837343261767
IT.NET.BBND.P2,MNG,Mongolia,2023,14.5529107220073
IT.NET.BBND.P2,MNG,Mongolia,2022,12.9008288504333
IT.NET.BBND.P2,MNG,Mongolia,2021,11.3929982387502
IT.NET.BBND.P2,MNG,Mongolia,2020,9.3475568899214
IT.NET.BBND.P2,MNG,Mongolia,2019,9.83638257697054
IT.NET.BBND.P2,MNG,Mongolia,2018,9.66655365112798
IT.NET.BBND.P2,MNG,Mongolia,2017,9.18362021979381
IT.NET.BBND.P2,MNG,Mongolia,2016,7.43705957487671
IT.NET.BBND.P2,MNG,Mongolia,2015,6.98959122144406
IT.NET.BBND.P2,MNE,Montenegro,2024,32.305369479654
IT.NET.BBND.P2,MNE,Montenegro,2023,32.0155251660479
IT.NET.BBND.P2,MNE,Montenegro,2022,31.8922375082974
IT.NET.BBND.P2,MNE,Montenegro,2021,31.180870777725
IT.NET.BBND.P2,MNE,Montenegro,2020,30.2953440746132
IT.NET.BBND.P2,MNE,Montenegro,2019,29.2284854340679
IT.NET.BBND.P2,MNE,Montenegro,2018,25.8249904594873
IT.NET.BBND.P2,MNE,Montenegro,2017,22.1614090312426
IT.NET.BBND.P2,MNE,Montenegro,2016,18.3977867805956
IT.NET.BBND.P2,MNE,Montenegro,2015,17.8930024118635
IT.NET.BBND.P2,MAR,Morocco,2024,7.30282126551091
IT.NET.BBND.P2,MAR,Morocco,2023,7.02184328513844
IT.NET.BBND.P2,MAR,Morocco,2022,6.47150166958379
IT.NET.BBND.P2,MAR,Morocco,2021,6.14617858388986
IT.NET.BBND.P2,MAR,Morocco,2020,5.74683480916137
IT.NET.BBND.P2,MAR,Morocco,2019,4.83650253578356
IT.NET.BBND.P2,MAR,Morocco,2018,4.33205746913484
IT.NET.BBND.P2,MAR,Morocco,2017,3.89000663311516
IT.NET.BBND.P2,MAR,Morocco,2016,3.58453478764246
IT.NET.BBND.P2,MAR,Morocco,2015,3.31584217888863
IT.NET.BBND.P2,MOZ,Mozambique,2024,0.141999688956087
IT.NET.BBND.P2,MOZ,Mozambique,2023,0.149001818335337
IT.NET.BBND.P2,MOZ,Mozambique,2022,0.197784521833894
IT.NET.BBND.P2,MOZ,Mozambique,2021,0.206558007808804
IT.NET.BBND.P2,MOZ,Mozambique,2020,0.227393157051228
IT.NET.BBND.P2,MOZ,Mozambique,2019,0.234152423439938
IT.NET.BBND.P2,MOZ,Mozambique,2018,0.241713568697421
IT.NET.BBND.P2,MOZ,Mozambique,2017,0.218845913283962
IT.NET.BBND.P2,MOZ,Mozambique,2016,0.170460624854022
IT.NET.BBND.P2,MOZ,Mozambique,2015,0.160353647407002
IT.NET.BBND.P2,MMR,Myanmar,2024,2.86965759378273
IT.NET.BBND.P2,MMR,Myanmar,2023,2.79829802446154
IT.NET.BBND.P2,MMR,Myanmar,2022,2.09694638185872
IT.NET.BBND.P2,MMR,Myanmar,2021,1.67276170937317
IT.NET.BBND.P2,MMR,Myanmar,2020,1.29924592186564
IT.NET.BBND.P2,MMR,Myanmar,2019,0.92296052297012
IT.NET.BBND.P2,MMR,Myanmar,2018,0.246880529164931
IT.NET.BBND.P2,MMR,Myanmar,2017,0.214986286331048
IT.NET.BBND.P2,MMR,Myanmar,2016,0.174162128034933
IT.NET.BBND.P2,MMR,Myanmar,2015,0.0644384582091319
IT.NET.BBND.P2,NAM,Namibia,2024,2.83462992194067
IT.NET.BBND.P2,NAM,Namibia,2023,3.52006938690795
IT.NET.BBND.P2,NAM,Namibia,2022,3.29190749644768
IT.NET.BBND.P2,NAM,Namibia,2021,3.1781346555903
IT.NET.BBND.P2,NAM,Namibia,2020,2.88695019939445
IT.NET.BBND.P2,NAM,Namibia,2019,2.60177914003955
IT.NET.BBND.P2,NAM,Namibia,2018,2.43865058644091
IT.NET.BBND.P2,NAM,Namibia,2017,2.623967181163
IT.NET.BBND.P2,NAM,Namibia,2016,2.63785901436242
IT.NET.BBND.P2,NAM,Namibia,2015,2.96542138735627
IT.NET.BBND.P2,NRU,Naoero,2022,9.95678332344717
IT.NET.BBND.P2,NPL,Nepal,2024,10.0656152054494
IT.NET.BBND.P2,NPL,Nepal,2023,10.6751345547041
IT.NET.BBND.P2,NPL,Nepal,2022,8.51809813593178
IT.NET.BBND.P2,NPL,Nepal,2021,4.30873475530627
IT.NET.BBND.P2,NPL,Nepal,2020,4.38436385331589
IT.NET.BBND.P2,NPL,Nepal,2019,3.62848482357188
IT.NET.BBND.P2,NPL,Nepal,2018,2.82040516901736
IT.NET.BBND.P2,NPL,Nepal,2017,1.79644198771794
IT.NET.BBND.P2,NPL,Nepal,2016,0.801932731428298
IT.NET.BBND.P2,NPL,Nepal,2015,1.0879421947439
IT.NET.BBND.P2,NLD,Netherlands,2024,42.9782483069868
IT.NET.BBND.P2,NLD,Netherlands,2023,43.2644444744139
IT.NET.BBND.P2,NLD,Netherlands,2022,43.5643185557355
IT.NET.BBND.P2,NLD,Netherlands,2021,42.9460563127039
IT.NET.BBND.P2,NLD,Netherlands,2020,42.6667277513049
IT.NET.BBND.P2,NLD,Netherlands,2019,42.5292659897442
IT.NET.BBND.P2,NLD,Netherlands,2018,42.5152457224727
IT.NET.BBND.P2,NLD,Netherlands,2017,42.0988982620643
IT.NET.BBND.P2,NLD,Netherlands,2016,41.9813942626003
IT.NET.BBND.P2,NLD,Netherlands,2015,41.0879703576802
IT.NET.BBND.P2,NCL,New Caledonia,2022,19.372882005273
IT.NET.BBND.P2,NCL,New Caledonia,2021,19.2837658740455
IT.NET.BBND.P2,NCL,New Caledonia,2020,19.3542030291087
IT.NET.BBND.P2,NCL,New Caledonia,2019,19.3931016974253
IT.NET.BBND.P2,NCL,New Caledonia,2015,19.5541162843259
IT.NET.BBND.P2,NZL,New Zealand,2024,38.048298946057
IT.NET.BBND.P2,NZL,New Zealand,2023,37.8530848455277
IT.NET.BBND.P2,NZL,New Zealand,2022,36.3044927893768
IT.NET.BBND.P2,NZL,New Zealand,2021,35.262820014578
IT.NET.BBND.P2,NZL,New Zealand,2020,34.8130286721914
IT.NET.BBND.P2,NZL,New Zealand,2019,34.0227878966682
IT.NET.BBND.P2,NZL,New Zealand,2018,33.6193927294608
IT.NET.BBND.P2,NZL,New Zealand,2017,32.8917841600814
IT.NET.BBND.P2,NZL,New Zealand,2016,32.4618168012438
IT.NET.BBND.P2,NZL,New Zealand,2015,31.4454027055313
IT.NET.BBND.P2,NIC,Nicaragua,2024,5.77624223916809
IT.NET.BBND.P2,NIC,Nicaragua,2023,5.43030503048751
IT.NET.BBND.P2,NIC,Nicaragua,2022,5.00781944815467
IT.NET.BBND.P2,NIC,Nicaragua,2021,4.51379519532816
IT.NET.BBND.P2,NIC,Nicaragua,2020,4.42253148272568
IT.NET.BBND.P2,NIC,Nicaragua,2019,3.35640827391085
IT.NET.BBND.P2,NIC,Nicaragua,2018,3.00641554480569
IT.NET.BBND.P2,NIC,Nicaragua,2017,3.32673076712995
IT.NET.BBND.P2,NIC,Nicaragua,2016,2.84026129428402
IT.NET.BBND.P2,NIC,Nicaragua,2015,1.89136628724316
IT.NET.BBND.P2,NER,Niger,2024,0.111273829357144
IT.NET.BBND.P2,NER,Niger,2023,0.107619048674827
IT.NET.BBND.P2,NER,Niger,2020,0.0505953107507067
IT.NET.BBND.P2,NER,Niger,2019,0.0479349681103909
IT.NET.BBND.P2,NER,Niger,2017,0.0403537206550309
IT.NET.BBND.P2,NER,Niger,2016,0.0372575269558715
IT.NET.BBND.P2,NER,Niger,2015,0.136352479886906
IT.NET.BBND.P2,NGA,Nigeria,2024,0.0787379280608494
IT.NET.BBND.P2,NGA,Nigeria,2023,0.051283785190682
IT.NET.BBND.P2,NGA,Nigeria,2022,0.0433814077089791
IT.NET.BBND.P2,NGA,Nigeria,2021,0.0301639204550369
IT.NET.BBND.P2,NGA,Nigeria,2020,0.0305206381229766
IT.NET.BBND.P2,NGA,Nigeria,2019,0.0397927035008571
IT.NET.BBND.P2,NGA,Nigeria,2018,0.0360912702919465
IT.NET.BBND.P2,NGA,Nigeria,2017,0.0553465496536786
IT.NET.BBND.P2,NGA,Nigeria,2016,0.0552235758942345
IT.NET.BBND.P2,NGA,Nigeria,2015,0.00822774714580616
IT.NET.BBND.P2,MKD,North Macedonia,2024,29.8921727758887
IT.NET.BBND.P2,MKD,North Macedonia,2023,29.1771708951077
IT.NET.BBND.P2,MKD,North Macedonia,2022,28.0035734605346
IT.NET.BBND.P2,MKD,North Macedonia,2021,26.9448892231031
IT.NET.BBND.P2,MKD,North Macedonia,2020,25.4041233643961
IT.NET.BBND.P2,MKD,North Macedonia,2019,23.9402500262168
IT.NET.BBND.P2,MKD,North Macedonia,2018,22.2929498345599
IT.NET.BBND.P2,MKD,North Macedonia,2017,20.4183259234605
IT.NET.BBND.P2,MKD,North Macedonia,2016,19.4533715332855
IT.NET.BBND.P2,MKD,North Macedonia,2015,18.4016994838328
IT.NET.BBND.P2,NOR,Norway,2024,45.1633056345554
IT.NET.BBND.P2,NOR,Norway,2023,45.4377082628592
IT.NET.BBND.P2,NOR,Norway,2022,45.6644653158508
IT.NET.BBND.P2,NOR,Norway,2021,44.9392216218255
IT.NET.BBND.P2,NOR,Norway,2020,44.3863056613216
IT.NET.BBND.P2,NOR,Norway,2019,42.2722351352817
IT.NET.BBND.P2,NOR,Norway,2018,41.5279365452303
IT.NET.BBND.P2,NOR,Norway,2017,41.0328263217001
IT.NET.BBND.P2,NOR,Norway,2016,40.2402948978253
IT.NET.BBND.P2,NOR,Norway,2015,39.5096431037131
IT.NET.BBND.P2,OMN,Oman,2024,11.0647690464367
IT.NET.BBND.P2,OMN,Oman,2023,10.8793321668994
IT.NET.BBND.P2,OMN,Oman,2022,10.8833264083829
IT.NET.BBND.P2,OMN,Oman,2021,11.5852955507366
IT.NET.BBND.P2,OMN,Oman,2020,11.3829602598706
IT.NET.BBND.P2,OMN,Oman,2019,10.2442069785858
IT.NET.BBND.P2,OMN,Oman,2018,9.171272567174
IT.NET.BBND.P2,OMN,Oman,2017,7.47816940167101
IT.NET.BBND.P2,OMN,Oman,2016,6.3548355193171
IT.NET.BBND.P2,OMN,Oman,2015,5.46554909512887
IT.NET.BBND.P2,PAK,Pakistan,2024,1.46559368502535
IT.NET.BBND.P2,PAK,Pakistan,2023,1.35622425766449
IT.NET.BBND.P2,PAK,Pakistan,2022,1.28371909626329
IT.NET.BBND.P2,PAK,Pakistan,2021,1.23144065449307
IT.NET.BBND.P2,PAK,Pakistan,2020,1.03954036154268
IT.NET.BBND.P2,PAK,Pakistan,2019,0.881514330669917
IT.NET.BBND.P2,PAK,Pakistan,2018,0.952870734503035
IT.NET.BBND.P2,PAK,Pakistan,2017,1.03818686573522
IT.NET.BBND.P2,PAK,Pakistan,2016,1.13034740811719
IT.NET.BBND.P2,PAK,Pakistan,2015,0.825252755772547
IT.NET.BBND.P2,PLW,Palau,2023,7.33344615558188
IT.NET.BBND.P2,PLW,Palau,2022,6.993637029112
IT.NET.BBND.P2,PLW,Palau,2015,6.88801350590884
IT.NET.BBND.P2,PAN,Panama,2023,18.1341265585334
IT.NET.BBND.P2,PAN,Panama,2022,16.3861439797054
IT.NET.BBND.P2,PAN,Panama,2021,14.8381106018887
IT.NET.BBND.P2,PAN,Panama,2020,13.8346818420776
IT.NET.BBND.P2,PAN,Panama,2019,12.648617375493
IT.NET.BBND.P2,PAN,Panama,2018,12.9615678069801
IT.NET.BBND.P2,PAN,Panama,2017,10.76346760088
IT.NET.BBND.P2,PAN,Panama,2016,10.6706831276374
IT.NET.BBND.P2,PAN,Panama,2015,7.98396983865042
IT.NET.BBND.P2,PNG,Papua New Guinea,2024,0.232591077844073
IT.NET.BBND.P2,PNG,Papua New Guinea,2023,0.228111959659795
IT.NET.BBND.P2,PNG,Papua New Guinea,2022,0.214639196900492
IT.NET.BBND.P2,PNG,Papua New Guinea,2021,0.209729532794508
IT.NET.BBND.P2,PNG,Papua New Guinea,2020,0.213941966305974
IT.NET.BBND.P2,PNG,Papua New Guinea,2019,0.208137987159968
IT.NET.BBND.P2,PNG,Papua New Guinea,2017,0.196105903288849
IT.NET.BBND.P2,PNG,Papua New Guinea,2016,0.189695770386883
IT.NET.BBND.P2,PNG,Papua New Guinea,2015,0.171560996911216
IT.NET.BBND.P2,PRY,Paraguay,2023,12.8835504093571
IT.NET.BBND.P2,PRY,Paraguay,2022,11.1527995711537
IT.NET.BBND.P2,PRY,Paraguay,2021,10.8118689766377
IT.NET.BBND.P2,PRY,Paraguay,2020,8.5159180276507
IT.NET.BBND.P2,PRY,Paraguay,2019,6.32666662368931
IT.NET.BBND.P2,PRY,Paraguay,2018,4.989589851669
IT.NET.BBND.P2,PRY,Paraguay,2017,4.57926438711021
IT.NET.BBND.P2,PRY,Paraguay,2016,3.94711196413706
IT.NET.BBND.P2,PRY,Paraguay,2015,3.49295993263954
IT.NET.BBND.P2,PER,Peru,2024,11.6788671222106
IT.NET.BBND.P2,PER,Peru,2023,10.4364266723222
IT.NET.BBND.P2,PER,Peru,2022,9.45023631953673
IT.NET.BBND.P2,PER,Peru,2021,9.05771410333768
IT.NET.BBND.P2,PER,Peru,2020,8.41186520281526
IT.NET.BBND.P2,PER,Peru,2019,7.38778580236377
IT.NET.BBND.P2,PER,Peru,2018,8.09510839441633
IT.NET.BBND.P2,PER,Peru,2017,7.37507987722252
IT.NET.BBND.P2,PER,Peru,2016,6.87075765715407
IT.NET.BBND.P2,PER,Peru,2015,6.56472932864047
IT.NET.BBND.P2,PHL,Philippines,2024,7.13893301204977
IT.NET.BBND.P2,PHL,Philippines,2023,6.5393085505183
IT.NET.BBND.P2,PHL,Philippines,2022,7.63946525096298
IT.NET.BBND.P2,PHL,Philippines,2021,8.50897715713263
IT.NET.BBND.P2,PHL,Philippines,2020,7.08108894988907
IT.NET.BBND.P2,PHL,Philippines,2019,5.69730703529922
IT.NET.BBND.P2,PHL,Philippines,2018,3.46090446005956
IT.NET.BBND.P2,PHL,Philippines,2017,3.14400726239576
IT.NET.BBND.P2,PHL,Philippines,2016,2.79705053563184
IT.NET.BBND.P2,PHL,Philippines,2015,2.75369633406674
IT.NET.BBND.P2,POL,Poland,2024,25.3612522999634
IT.NET.BBND.P2,POL,Poland,2023,24.526154479274
IT.NET.BBND.P2,POL,Poland,2022,23.8373449056172
IT.NET.BBND.P2,POL,Poland,2021,22.8165643900514
IT.NET.BBND.P2,POL,Poland,2020,21.9255858346119
IT.NET.BBND.P2,POL,Poland,2019,20.5043205670712
IT.NET.BBND.P2,POL,Poland,2018,20.5313862679212
IT.NET.BBND.P2,POL,Poland,2017,19.9531726069815
IT.NET.BBND.P2,POL,Poland,2016,19.1513139299534
IT.NET.BBND.P2,POL,Poland,2015,18.9867934497166
IT.NET.BBND.P2,PRT,Portugal,2024,45.2439221846256
IT.NET.BBND.P2,PRT,Portugal,2023,44.1107426914567
IT.NET.BBND.P2,PRT,Portugal,2022,42.937003513367
IT.NET.BBND.P2,PRT,Portugal,2021,41.5145728650954
IT.NET.BBND.P2,PRT,Portugal,2020,40.1215406866329
IT.NET.BBND.P2,PRT,Portugal,2019,38.3605751907072
IT.NET.BBND.P2,PRT,Portugal,2018,36.6542819407724
IT.NET.BBND.P2,PRT,Portugal,2017,34.6016066063915
IT.NET.BBND.P2,PRT,Portugal,2016,32.6259001706105
IT.NET.BBND.P2,PRT,Portugal,2015,30.2999720257926
IT.NET.BBND.P2,PRI,Puerto Rico (US),2024,27.9891394865962
IT.NET.BBND.P2,PRI,Puerto Rico (US),2023,23.1595519217476
IT.NET.BBND.P2,PRI,Puerto Rico (US),2022,22.2824477131524
IT.NET.BBND.P2,PRI,Puerto Rico (US),2021,23.6440930650035
IT.NET.BBND.P2,PRI,Puerto Rico (US),2020,20.438273950983
IT.NET.BBND.P2,PRI,Puerto Rico (US),2019,18.5504198869353
IT.NET.BBND.P2,PRI,Puerto Rico (US),2018,18.5110763668107
IT.NET.BBND.P2,PRI,Puerto Rico (US),2017,19.5759687343003
IT.NET.BBND.P2,PRI,Puerto Rico (US),2016,19.7597646495635
IT.NET.BBND.P2,PRI,Puerto Rico (US),2015,20.0013856507348
IT.NET.BBND.P2,QAT,Qatar,2024,11.8175200751339
IT.NET.BBND.P2,QAT,Qatar,2023,11.641102863231
IT.NET.BBND.P2,QAT,Qatar,2022,12.6414412670206
IT.NET.BBND.P2,QAT,Qatar,2021,11.0795735105944
IT.NET.BBND.P2,QAT,Qatar,2020,10.5631961475008
IT.NET.BBND.P2,QAT,Qatar,2019,10.1746618292654
IT.NET.BBND.P2,QAT,Qatar,2018,9.7027244524186
IT.NET.BBND.P2,QAT,Qatar,2017,9.47866948386398
IT.NET.BBND.P2,QAT,Qatar,2016,9.7607422100415
IT.NET.BBND.P2,QAT,Qatar,2015,9.79569741415571
IT.NET.BBND.P2,ROU,Romania,2024,35.7995871488999
IT.NET.BBND.P2,ROU,Romania,2023,34.6706189336505
IT.NET.BBND.P2,ROU,Romania,2022,33.2115600895132
IT.NET.BBND.P2,ROU,Romania,2021,31.6949603653045
IT.NET.BBND.P2,ROU,Romania,2020,29.314080636148
IT.NET.BBND.P2,ROU,Romania,2019,27.060557570268
IT.NET.BBND.P2,ROU,Romania,2018,25.9702175828069
IT.NET.BBND.P2,ROU,Romania,2017,24.148941859633
IT.NET.BBND.P2,ROU,Romania,2016,22.4982986593906
IT.NET.BBND.P2,ROU,Romania,2015,21.4489855804576
IT.NET.BBND.P2,RUS,Russian Federation,2024,27.1333512124875
IT.NET.BBND.P2,RUS,Russian Federation,2023,25.8238695549039
IT.NET.BBND.P2,RUS,Russian Federation,2022,24.6345568628262
IT.NET.BBND.P2,RUS,Russian Federation,2021,23.7409106485411
IT.NET.BBND.P2,RUS,Russian Federation,2020,23.1557041794102
IT.NET.BBND.P2,RUS,Russian Federation,2019,22.4233442134941
IT.NET.BBND.P2,RUS,Russian Federation,2018,21.8962972283043
IT.NET.BBND.P2,RUS,Russian Federation,2017,21.2763636749444
IT.NET.BBND.P2,RUS,Russian Federation,2016,18.8797858276626
IT.NET.BBND.P2,RUS,Russian Federation,2015,18.4996930924804
IT.NET.BBND.P2,RWA,Rwanda,2024,0.595648307197658
IT.NET.BBND.P2,RWA,Rwanda,2023,0.445556123195211
IT.NET.BBND.P2,RWA,Rwanda,2022,0.349951615372613
IT.NET.BBND.P2,RWA,Rwanda,2021,0.238872174708692
IT.NET.BBND.P2,RWA,Rwanda,2020,0.135352981978881
IT.NET.BBND.P2,RWA,Rwanda,2019,0.0695438976971303
IT.NET.BBND.P2,RWA,Rwanda,2018,0.0600656822760033
IT.NET.BBND.P2,RWA,Rwanda,2017,0.178494450936973
IT.NET.BBND.P2,RWA,Rwanda,2016,0.182235644842436
IT.NET.BBND.P2,RWA,Rwanda,2015,0.181485911280924
IT.NET.BBND.P2,WSM,Samoa,2022,0.87753935919651
IT.NET.BBND.P2,WSM,Samoa,2021,0.791471566430753
IT.NET.BBND.P2,WSM,Samoa,2020,0.798324085607519
IT.NET.BBND.P2,WSM,Samoa,2019,0.806559252550291
IT.NET.BBND.P2,WSM,Samoa,2018,0.815099575107668
IT.NET.BBND.P2,WSM,Samoa,2017,0.823698366721028
IT.NET.BBND.P2,WSM,Samoa,2016,1.06585290345407
IT.NET.BBND.P2,WSM,Samoa,2015,1.03279777185279
IT.NET.BBND.P2,SMR,San Marino,2022,35.7876210032268
IT.NET.BBND.P2,SMR,San Marino,2021,34.7101700798334
IT.NET.BBND.P2,SMR,San Marino,2020,31.6373781241911
IT.NET.BBND.P2,SMR,San Marino,2019,31.9770294058234
IT.NET.BBND.P2,SMR,San Marino,2018,31.4460308725998
IT.NET.BBND.P2,SMR,San Marino,2017,30.5427889929606
IT.NET.BBND.P2,SMR,San Marino,2016,35.127777289892
IT.NET.BBND.P2,SMR,San Marino,2015,34.3382201115011
IT.NET.BBND.P2,STP,Sao Tome and Principe,2024,2.9940221452347
IT.NET.BBND.P2,STP,Sao Tome and Principe,2023,2.50139688397417
IT.NET.BBND.P2,STP,Sao Tome and Principe,2022,2.02470117761428
IT.NET.BBND.P2,STP,Sao Tome and Principe,2021,1.54216281238596
IT.NET.BBND.P2,STP,Sao Tome and Principe,2020,1.15528778715478
IT.NET.BBND.P2,STP,Sao Tome and Principe,2019,0.769475894129115
IT.NET.BBND.P2,STP,Sao Tome and Principe,2018,0.740768934329906
IT.NET.BBND.P2,STP,Sao Tome and Principe,2017,0.714596318307001
IT.NET.BBND.P2,STP,Sao Tome and Principe,2016,0.69959595265331
IT.NET.BBND.P2,STP,Sao Tome and Principe,2015,0.656045453864627
IT.NET.BBND.P2,SAU,Saudi Arabia,2024,44.0705800179885
IT.NET.BBND.P2,SAU,Saudi Arabia,2023,43.5732045642216
IT.NET.BBND.P2,SAU,Saudi Arabia,2022,41.8230078726101
IT.NET.BBND.P2,SAU,Saudi Arabia,2021,33.7973610185654
IT.NET.BBND.P2,SAU,Saudi Arabia,2020,25.4596763527151
IT.NET.BBND.P2,SAU,Saudi Arabia,2019,22.3213703520821
IT.NET.BBND.P2,SAU,Saudi Arabia,2018,22.4661479201746
IT.NET.BBND.P2,SAU,Saudi Arabia,2017,21.6139435772426
IT.NET.BBND.P2,SAU,Saudi Arabia,2016,20.82681485606
IT.NET.BBND.P2,SAU,Saudi Arabia,2015,21.1361804985218
IT.NET.BBND.P2,SEN,Senegal,2024,4.03828584004829
IT.NET.BBND.P2,SEN,Senegal,2023,1.97393200956788
IT.NET.BBND.P2,SEN,Senegal,2022,1.40365165848276
IT.NET.BBND.P2,SEN,Senegal,2021,1.20966034985347
IT.NET.BBND.P2,SEN,Senegal,2020,1.05641006886622
IT.NET.BBND.P2,SEN,Senegal,2019,0.929784903272944
IT.NET.BBND.P2,SEN,Senegal,2018,0.815734181499159
IT.NET.BBND.P2,SEN,Senegal,2017,0.722423169961464
IT.NET.BBND.P2,SEN,Senegal,2016,0.654181134204409
IT.NET.BBND.P2,SEN,Senegal,2015,0.689431357378244
IT.NET.BBND.P2,SRB,Serbia,2024,33.3746847922718
IT.NET.BBND.P2,SRB,Serbia,2023,31.2695286708104
IT.NET.BBND.P2,SRB,Serbia,2022,29.3457941392192
IT.NET.BBND.P2,SRB,Serbia,2021,26.4794202826056
IT.NET.BBND.P2,SRB,Serbia,2020,25.1834994361532
IT.NET.BBND.P2,SRB,Serbia,2019,23.4424592934158
IT.NET.BBND.P2,SRB,Serbia,2018,22.2890953800272
IT.NET.BBND.P2,SRB,Serbia,2017,21.1492657800305
IT.NET.BBND.P2,SRB,Serbia,2016,20.6094025912635
IT.NET.BBND.P2,SRB,Serbia,2015,18.6568767159217
IT.NET.BBND.P2,SYC,Seychelles,2024,31.5968654633563
IT.NET.BBND.P2,SYC,Seychelles,2023,30.7719361318005
IT.NET.BBND.P2,SYC,Seychelles,2022,29.8314239734867
IT.NET.BBND.P2,SYC,Seychelles,2021,33.5645230796751
IT.NET.BBND.P2,SYC,Seychelles,2020,29.067843812089
IT.NET.BBND.P2,SYC,Seychelles,2019,22.9273268168296
IT.NET.BBND.P2,SYC,Seychelles,2018,17.114916550765
IT.NET.BBND.P2,SYC,Seychelles,2017,13.5385628007507
IT.NET.BBND.P2,SYC,Seychelles,2016,12.7798872711048
IT.NET.BBND.P2,SYC,Seychelles,2015,12.5151543411359
IT.NET.BBND.P2,SLE,Sierra Leone,2021,0.00227311979020093
IT.NET.BBND.P2,SLE,Sierra Leone,2020,0.00227486484143307
IT.NET.BBND.P2,SLE,Sierra Leone,2019,0.00222452405855102
IT.NET.BBND.P2,SGP,Singapore,2024,27.813655026664
IT.NET.BBND.P2,SGP,Singapore,2023,27.4343636046425
IT.NET.BBND.P2,SGP,Singapore,2022,27.5510032505086
IT.NET.BBND.P2,SGP,Singapore,2021,27.5210996900631
IT.NET.BBND.P2,SGP,Singapore,2020,26.8622723592787
IT.NET.BBND.P2,SGP,Singapore,2019,26.5276177370284
IT.NET.BBND.P2,SGP,Singapore,2018,26.50873593831
IT.NET.BBND.P2,SGP,Singapore,2017,26.3326099315534
IT.NET.BBND.P2,SGP,Singapore,2016,28.5392609803278
IT.NET.BBND.P2,SGP,Singapore,2015,26.8978922564041
IT.NET.BBND.P2,SVK,Slovak Republic,2024,33.8136036435218
IT.NET.BBND.P2,SVK,Slovak Republic,2023,33.17259432898
IT.NET.BBND.P2,SVK,Slovak Republic,2022,33.9988127597088
IT.NET.BBND.P2,SVK,Slovak Republic,2021,32.6060735005904
IT.NET.BBND.P2,SVK,Slovak Republic,2020,31.192548373756
IT.NET.BBND.P2,SVK,Slovak Republic,2019,29.181106904051
IT.NET.BBND.P2,SVK,Slovak Republic,2018,27.6953839189658
IT.NET.BBND.P2,SVK,Slovak Republic,2017,25.8590797873319
IT.NET.BBND.P2,SVK,Slovak Republic,2016,24.626445872585
IT.NET.BBND.P2,SVK,Slovak Republic,2015,23.5008610259474
IT.NET.BBND.P2,SVN,Slovenia,2024,34.2332575162942
IT.NET.BBND.P2,SVN,Slovenia,2023,31.8814801387465
IT.NET.BBND.P2,SVN,Slovenia,2022,32.0104972135392
IT.NET.BBND.P2,SVN,Slovenia,2021,31.5502669986288
IT.NET.BBND.P2,SVN,Slovenia,2020,30.9930132861242
IT.NET.BBND.P2,SVN,Slovenia,2019,30.1395433223627
IT.NET.BBND.P2,SVN,Slovenia,2018,29.6086313428343
IT.NET.BBND.P2,SVN,Slovenia,2017,29.180424842781
IT.NET.BBND.P2,SVN,Slovenia,2016,28.5889065200718
IT.NET.BBND.P2,SVN,Slovenia,2015,27.6233320566015
IT.NET.BBND.P2,SLB,Solomon Islands,2022,0.107033208461257
IT.NET.BBND.P2,SLB,Solomon Islands,2021,0.131131891144795
IT.NET.BBND.P2,SLB,Solomon Islands,2020,0.134318695281922
IT.NET.BBND.P2,SLB,Solomon Islands,2019,0.143514977058204
IT.NET.BBND.P2,SLB,Solomon Islands,2018,0.209843167616461
IT.NET.BBND.P2,SLB,Solomon Islands,2017,0.170052153216115
IT.NET.BBND.P2,SLB,Solomon Islands,2016,0.247441419489446
IT.NET.BBND.P2,SLB,Solomon Islands,2015,0.222077993165628
IT.NET.BBND.P2,SOM,"Somalia, Fed. Rep.",2023,0.722963033976147
IT.NET.BBND.P2,SOM,"Somalia, Fed. Rep.",2022,0.668468085170923
IT.NET.BBND.P2,SOM,"Somalia, Fed. Rep.",2021,0.68899907598855
IT.NET.BBND.P2,SOM,"Somalia, Fed. Rep.",2020,0.714663593733325
IT.NET.BBND.P2,SOM,"Somalia, Fed. Rep.",2019,0.611316681940227
IT.NET.BBND.P2,SOM,"Somalia, Fed. Rep.",2017,0.656984899202092
IT.NET.BBND.P2,SOM,"Somalia, Fed. Rep.",2016,0.641171280544494
IT.NET.BBND.P2,SOM,"Somalia, Fed. Rep.",2015,0.593903235635527
IT.NET.BBND.P2,ZAF,South Africa,2024,5.34791194620067
IT.NET.BBND.P2,ZAF,South Africa,2023,3.4056617766544
IT.NET.BBND.P2,ZAF,South Africa,2022,3.12297476001713
IT.NET.BBND.P2,ZAF,South Africa,2021,2.75540858002384
IT.NET.BBND.P2,ZAF,South Africa,2020,2.15159473337087
IT.NET.BBND.P2,ZAF,South Africa,2019,2.09833928490665
IT.NET.BBND.P2,ZAF,South Africa,2018,1.88868165955195
IT.NET.BBND.P2,ZAF,South Africa,2017,1.94879126044618
IT.NET.BBND.P2,ZAF,South Africa,2016,2.00974331775672
IT.NET.BBND.P2,ZAF,South Africa,2015,2.48458942184794
IT.NET.BBND.P2,SSD,South Sudan,2023,0.00174164840403178
IT.NET.BBND.P2,SSD,South Sudan,2022,0.00181468821342766
IT.NET.BBND.P2,SSD,South Sudan,2021,0.00184064098481655
IT.NET.BBND.P2,SSD,South Sudan,2019,0.00191876265903664
IT.NET.BBND.P2,SSD,South Sudan,2018,0.00197570339239139
IT.NET.BBND.P2,SSD,South Sudan,2017,0.00194947848526301
IT.NET.BBND.P2,SSD,South Sudan,2016,0.00138502850665672
IT.NET.BBND.P2,SSD,South Sudan,2015,0.00135043147636101
IT.NET.BBND.P2,ESP,Spain,2024,39.2337541858756
IT.NET.BBND.P2,ESP,Spain,2023,37.2148181549182
IT.NET.BBND.P2,ESP,Spain,2022,35.7846414290159
IT.NET.BBND.P2,ESP,Spain,2021,34.9302420932073
IT.NET.BBND.P2,ESP,Spain,2020,33.9527590155171
IT.NET.BBND.P2,ESP,Spain,2019,32.9220023670648
IT.NET.BBND.P2,ESP,Spain,2018,32.2277444368856
IT.NET.BBND.P2,ESP,Spain,2017,31.2964612808116
IT.NET.BBND.P2,ESP,Spain,2016,30.1986308494311
IT.NET.BBND.P2,ESP,Spain,2015,29.0099329346016
IT.NET.BBND.P2,LKA,Sri Lanka,2024,8.4682688580745
IT.NET.BBND.P2,LKA,Sri Lanka,2023,8.76545173115153
IT.NET.BBND.P2,LKA,Sri Lanka,2022,9.63609972688813
IT.NET.BBND.P2,LKA,Sri Lanka,2021,10.5401488574725
IT.NET.BBND.P2,LKA,Sri Lanka,2020,7.8962203692284
IT.NET.BBND.P2,LKA,Sri Lanka,2019,7.43541256815093
IT.NET.BBND.P2,LKA,Sri Lanka,2018,6.93976008216017
IT.NET.BBND.P2,LKA,Sri Lanka,2017,5.5257624644358
IT.NET.BBND.P2,LKA,Sri Lanka,2016,4.07189669081491
IT.NET.BBND.P2,LKA,Sri Lanka,2015,2.88043182386208
IT.NET.BBND.P2,KNA,St. Kitts and Nevis,2022,46.7447387013209
IT.NET.BBND.P2,KNA,St. Kitts and Nevis,2021,43.0254688535808
IT.NET.BBND.P2,KNA,St. Kitts and Nevis,2020,45.9569020695541
IT.NET.BBND.P2,KNA,St. Kitts and Nevis,2019,43.4039018572159
IT.NET.BBND.P2,KNA,St. Kitts and Nevis,2018,34.8472600408441
IT.NET.BBND.P2,KNA,St. Kitts and Nevis,2017,62.2146652497343
IT.NET.BBND.P2,KNA,St. Kitts and Nevis,2016,30.1178969729156
IT.NET.BBND.P2,KNA,St. Kitts and Nevis,2015,34.7781765667806
IT.NET.BBND.P2,LCA,St. Lucia,2022,13.571912004072
IT.NET.BBND.P2,LCA,St. Lucia,2021,10.675434960397
IT.NET.BBND.P2,LCA,St. Lucia,2020,19.9725105189341
IT.NET.BBND.P2,LCA,St. Lucia,2019,8.88489876787815
IT.NET.BBND.P2,LCA,St. Lucia,2018,18.227062937458
IT.NET.BBND.P2,LCA,St. Lucia,2017,18.0490183847297
IT.NET.BBND.P2,LCA,St. Lucia,2016,16.9579722851645
IT.NET.BBND.P2,LCA,St. Lucia,2015,16.252251222092
IT.NET.BBND.P2,VCT,St. Vincent and the Grenadines,2024,29.4605231772283
IT.NET.BBND.P2,VCT,St. Vincent and the Grenadines,2023,30.4935700680004
IT.NET.BBND.P2,VCT,St. Vincent and the Grenadines,2022,28.9967269662701
IT.NET.BBND.P2,VCT,St. Vincent and the Grenadines,2021,27.1020312910221
IT.NET.BBND.P2,VCT,St. Vincent and the Grenadines,2020,23.8906168498735
IT.NET.BBND.P2,VCT,St. Vincent and the Grenadines,2019,20.8463332917335
IT.NET.BBND.P2,VCT,St. Vincent and the Grenadines,2018,23.4574843222843
IT.NET.BBND.P2,VCT,St. Vincent and the Grenadines,2017,18.2400651126695
IT.NET.BBND.P2,VCT,St. Vincent and the Grenadines,2016,20.5596667575624
IT.NET.BBND.P2,VCT,St. Vincent and the Grenadines,2015,15.8563949139865
IT.NET.BBND.P2,SDN,Sudan,2022,0.0604394040047428
IT.NET.BBND.P2,SDN,Sudan,2021,0.0632992450276202
IT.NET.BBND.P2,SDN,Sudan,2020,0.0615141548276354
IT.NET.BBND.P2,SDN,Sudan,2019,0.0719282386176834
IT.NET.BBND.P2,SDN,Sudan,2018,0.070883060223742
IT.NET.BBND.P2,SDN,Sudan,2017,0.071519364027593
IT.NET.BBND.P2,SDN,Sudan,2016,0.0639264882225092
IT.NET.BBND.P2,SDN,Sudan,2015,0.0701896299287803
IT.NET.BBND.P2,SUR,Suriname,2024,18.7523938773484
IT.NET.BBND.P2,SUR,Suriname,2023,17.5373597122531
IT.NET.BBND.P2,SUR,Suriname,2022,20.0260284612076
IT.NET.BBND.P2,SUR,Suriname,2021,19.899950800782
IT.NET.BBND.P2,SUR,Suriname,2020,15.0689920417039
IT.NET.BBND.P2,SUR,Suriname,2019,13.2740587155479
IT.NET.BBND.P2,SUR,Suriname,2018,12.2059071279522
IT.NET.BBND.P2,SUR,Suriname,2017,11.9951895949727
IT.NET.BBND.P2,SUR,Suriname,2016,12.1167421230202
IT.NET.BBND.P2,SUR,Suriname,2015,9.05924243544402
IT.NET.BBND.P2,SWE,Sweden,2024,40.6156538715616
IT.NET.BBND.P2,SWE,Sweden,2023,40.7340135908716
IT.NET.BBND.P2,SWE,Sweden,2022,40.6093424279832
IT.NET.BBND.P2,SWE,Sweden,2021,40.8351431063991
IT.NET.BBND.P2,SWE,Sweden,2020,40.3679810262741
IT.NET.BBND.P2,SWE,Sweden,2019,39.2905524546107
IT.NET.BBND.P2,SWE,Sweden,2018,38.7413375683818
IT.NET.BBND.P2,SWE,Sweden,2017,38.3266046004608
IT.NET.BBND.P2,SWE,Sweden,2016,37.0821744423215
IT.NET.BBND.P2,SWE,Sweden,2015,35.6778078349251
IT.NET.BBND.P2,CHE,Switzerland,2024,47.0197818175134
IT.NET.BBND.P2,CHE,Switzerland,2023,46.8364627671237
IT.NET.BBND.P2,CHE,Switzerland,2022,46.6747503634479
IT.NET.BBND.P2,CHE,Switzerland,2021,47.9433096708255
IT.NET.BBND.P2,CHE,Switzerland,2020,46.4813712779996
IT.NET.BBND.P2,CHE,Switzerland,2019,46.912372381587
IT.NET.BBND.P2,CHE,Switzerland,2018,45.6049920012625
IT.NET.BBND.P2,CHE,Switzerland,2017,46.3318234490564
IT.NET.BBND.P2,CHE,Switzerland,2016,45.0860971371482
IT.NET.BBND.P2,CHE,Switzerland,2015,44.6715654663593
IT.NET.BBND.P2,SYR,Syrian Arab Republic,2023,6.86124546257849
IT.NET.BBND.P2,SYR,Syrian Arab Republic,2022,7.16283326639858
IT.NET.BBND.P2,SYR,Syrian Arab Republic,2021,7.28562915466706
IT.NET.BBND.P2,SYR,Syrian Arab Republic,2020,7.35459379919522
IT.NET.BBND.P2,SYR,Syrian Arab Republic,2019,7.33616579803782
IT.NET.BBND.P2,SYR,Syrian Arab Republic,2018,6.78669179370865
IT.NET.BBND.P2,SYR,Syrian Arab Republic,2017,7.40231248726896
IT.NET.BBND.P2,SYR,Syrian Arab Republic,2016,5.26009550775525
IT.NET.BBND.P2,SYR,Syrian Arab Republic,2015,3.75431321223408
IT.NET.BBND.P2,TJK,Tajikistan,2023,0.983936262867068
IT.NET.BBND.P2,TJK,Tajikistan,2022,0.585196433548591
IT.NET.BBND.P2,TJK,Tajikistan,2021,0.495991334524208
IT.NET.BBND.P2,TJK,Tajikistan,2020,0.369964643651705
IT.NET.BBND.P2,TJK,Tajikistan,2019,0.0629593012189131
IT.NET.BBND.P2,TJK,Tajikistan,2017,0.0660360517220772
IT.NET.BBND.P2,TJK,Tajikistan,2016,0.067677077920342
IT.NET.BBND.P2,TJK,Tajikistan,2015,0.0694135939582408
IT.NET.BBND.P2,TZA,Tanzania,2024,0.246433216306666
IT.NET.BBND.P2,TZA,Tanzania,2023,0.10501728326893
IT.NET.BBND.P2,TZA,Tanzania,2022,0.110774196881278
IT.NET.BBND.P2,TZA,Tanzania,2021,1.97842
IT.NET.BBND.P2,TZA,Tanzania,2020,1.86248
IT.NET.BBND.P2,TZA,Tanzania,2019,1.75692
IT.NET.BBND.P2,TZA,Tanzania,2018,1.49944
IT.NET.BBND.P2,TZA,Tanzania,2017,1.37184
IT.NET.BBND.P2,TZA,Tanzania,2016,0.591695
IT.NET.BBND.P2,TZA,Tanzania,2015,0.203764013437506
IT.NET.BBND.P2,THA,Thailand,2024,14.8870491187484
IT.NET.BBND.P2,THA,Thailand,2023,14.5089451983046
IT.NET.BBND.P2,THA,Thailand,2022,17.5125815621477
IT.NET.BBND.P2,THA,Thailand,2021,17.3168855632327
IT.NET.BBND.P2,THA,Thailand,2020,16.021813562656
IT.NET.BBND.P2,THA,Thailand,2019,14.1338059581469
IT.NET.BBND.P2,THA,Thailand,2018,12.8740610702362
IT.NET.BBND.P2,THA,Thailand,2017,11.5345396717409
IT.NET.BBND.P2,THA,Thailand,2016,10.187716904417
IT.NET.BBND.P2,THA,Thailand,2015,8.83035128821556
IT.NET.BBND.P2,TLS,Timor-Leste,2024,0.00599726695977119
IT.NET.BBND.P2,TLS,Timor-Leste,2023,0.00577915257396232
IT.NET.BBND.P2,TLS,Timor-Leste,2022,0.0100051486348815
IT.NET.BBND.P2,TLS,Timor-Leste,2021,0.0101471033723194
IT.NET.BBND.P2,TLS,Timor-Leste,2020,0.00625917666940914
IT.NET.BBND.P2,TLS,Timor-Leste,2019,0.00684118083393226
IT.NET.BBND.P2,TLS,Timor-Leste,2018,0.00548606969346194
IT.NET.BBND.P2,TLS,Timor-Leste,2017,0.267315808941898
IT.NET.BBND.P2,TLS,Timor-Leste,2015,0.0853019298316946
IT.NET.BBND.P2,TGO,Togo,2024,1.41538265577438
IT.NET.BBND.P2,TGO,Togo,2023,1.22815843837127
IT.NET.BBND.P2,TGO,Togo,2022,1.03723561669214
IT.NET.BBND.P2,TGO,Togo,2021,0.749325974933037
IT.NET.BBND.P2,TGO,Togo,2020,0.607931974735055
IT.NET.BBND.P2,TGO,Togo,2019,0.376920048379618
IT.NET.BBND.P2,TGO,Togo,2018,0.316705449644003
IT.NET.BBND.P2,TGO,Togo,2017,0.627393839501362
IT.NET.BBND.P2,TGO,Togo,2016,0.620529481672155
IT.NET.BBND.P2,TGO,Togo,2015,0.862199121906724
IT.NET.BBND.P2,TON,Tonga,2022,8.17387330781973
IT.NET.BBND.P2,TON,Tonga,2021,6.4574841217177
IT.NET.BBND.P2,TON,Tonga,2020,4.73018996442897
IT.NET.BBND.P2,TON,Tonga,2019,3.5043390209049
IT.NET.BBND.P2,TON,Tonga,2018,2.38616234239867
IT.NET.BBND.P2,TON,Tonga,2017,2.84748851512966
IT.NET.BBND.P2,TON,Tonga,2016,2.84295515712066
IT.NET.BBND.P2,TON,Tonga,2015,2.31679155473868
IT.NET.BBND.P2,TTO,Trinidad and Tobago,2024,27.0294379426204
IT.NET.BBND.P2,TTO,Trinidad and Tobago,2023,26.8942307436398
IT.NET.BBND.P2,TTO,Trinidad and Tobago,2022,26.0331929293058
IT.NET.BBND.P2,TTO,Trinidad and Tobago,2021,24.9299429931902
IT.NET.BBND.P2,TTO,Trinidad and Tobago,2020,25.4398983406076
IT.NET.BBND.P2,TTO,Trinidad and Tobago,2019,22.8528096955069
IT.NET.BBND.P2,TTO,Trinidad and Tobago,2018,23.2707114091769
IT.NET.BBND.P2,TTO,Trinidad and Tobago,2017,22.6101721419176
IT.NET.BBND.P2,TTO,Trinidad and Tobago,2016,17.7852731961704
IT.NET.BBND.P2,TTO,Trinidad and Tobago,2015,19.4881289235566
IT.NET.BBND.P2,TUN,Tunisia,2024,14.9741523024679
IT.NET.BBND.P2,TUN,Tunisia,2023,14.0829860846719
IT.NET.BBND.P2,TUN,Tunisia,2022,13.9309222767522
IT.NET.BBND.P2,TUN,Tunisia,2021,12.4220429522978
IT.NET.BBND.P2,TUN,Tunisia,2020,11.1467984493476
IT.NET.BBND.P2,TUN,Tunisia,2019,10.0541966829532
IT.NET.BBND.P2,TUN,Tunisia,2018,8.6185014951323
IT.NET.BBND.P2,TUN,Tunisia,2017,6.8819804955977
IT.NET.BBND.P2,TUN,Tunisia,2016,5.55369160408213
IT.NET.BBND.P2,TUN,Tunisia,2015,5.03388625276524
IT.NET.BBND.P2,TUR,Turkiye,2024,23.4317347919186
IT.NET.BBND.P2,TUR,Turkiye,2023,22.4591697943845
IT.NET.BBND.P2,TUR,Turkiye,2022,21.8230372591075
IT.NET.BBND.P2,TUR,Turkiye,2021,20.9211211378579
IT.NET.BBND.P2,TUR,Turkiye,2020,19.4384064376386
IT.NET.BBND.P2,TUR,Turkiye,2019,16.6733436685105
IT.NET.BBND.P2,TUR,Turkiye,2018,15.8823338271459
IT.NET.BBND.P2,TUR,Turkiye,2017,14.3528880563786
IT.NET.BBND.P2,TUR,Turkiye,2016,12.859061240418
IT.NET.BBND.P2,TUR,Turkiye,2015,11.8786301825878
IT.NET.BBND.P2,TKM,Turkmenistan,2022,5.21710831232306
IT.NET.BBND.P2,TKM,Turkmenistan,2021,4.08263176069293
IT.NET.BBND.P2,TKM,Turkmenistan,2020,3.40423015428109
IT.NET.BBND.P2,TKM,Turkmenistan,2019,2.59674388854464
IT.NET.BBND.P2,TKM,Turkmenistan,2018,1.71364418489063
IT.NET.BBND.P2,TKM,Turkmenistan,2017,1.15619017556467
IT.NET.BBND.P2,TKM,Turkmenistan,2016,0.73436633505979
IT.NET.BBND.P2,TKM,Turkmenistan,2015,0.453684740587248
IT.NET.BBND.P2,TUV,Tuvalu,2022,4.52361889511609
IT.NET.BBND.P2,TUV,Tuvalu,2021,4.41436138905238
IT.NET.BBND.P2,TUV,Tuvalu,2017,4.14021529119514
IT.NET.BBND.P2,TUV,Tuvalu,2016,4.11710887465691
IT.NET.BBND.P2,TUV,Tuvalu,2015,4.10471586244641
IT.NET.BBND.P2,UGA,Uganda,2024,0.207613333991268
IT.NET.BBND.P2,UGA,Uganda,2023,0.0912969650305002
IT.NET.BBND.P2,UGA,Uganda,2022,0.0850849430150062
IT.NET.BBND.P2,UGA,Uganda,2021,0.0838841644026815
IT.NET.BBND.P2,UGA,Uganda,2020,0.077818750062982
IT.NET.BBND.P2,UGA,Uganda,2019,0.0752797052682096
IT.NET.BBND.P2,UGA,Uganda,2016,0.237414982677972
IT.NET.BBND.P2,UGA,Uganda,2015,0.215083639463292
IT.NET.BBND.P2,UKR,Ukraine,2024,21.6539327212609
IT.NET.BBND.P2,UKR,Ukraine,2023,21.3774151510902
IT.NET.BBND.P2,UKR,Ukraine,2022,17.5398140646824
IT.NET.BBND.P2,UKR,Ukraine,2021,18.2677942438439
IT.NET.BBND.P2,UKR,Ukraine,2020,18.617022844321
IT.NET.BBND.P2,UKR,Ukraine,2019,16.1591311845578
IT.NET.BBND.P2,UKR,Ukraine,2018,12.8032560497243
IT.NET.BBND.P2,UKR,Ukraine,2017,12.3535432124088
IT.NET.BBND.P2,UKR,Ukraine,2016,12.0342584918375
IT.NET.BBND.P2,UKR,Ukraine,2015,11.6437042355302
IT.NET.BBND.P2,ARE,United Arab Emirates,2024,40.840113505519
IT.NET.BBND.P2,ARE,United Arab Emirates,2023,37.0968234502256
IT.NET.BBND.P2,ARE,United Arab Emirates,2022,36.8485872897377
IT.NET.BBND.P2,ARE,United Arab Emirates,2021,36.5005361093336
IT.NET.BBND.P2,ARE,United Arab Emirates,2020,34.345290333178
IT.NET.BBND.P2,ARE,United Arab Emirates,2019,32.480344369022
IT.NET.BBND.P2,ARE,United Arab Emirates,2018,32.3591212887309
IT.NET.BBND.P2,ARE,United Arab Emirates,2017,29.9082975943997
IT.NET.BBND.P2,ARE,United Arab Emirates,2016,14.3683229738697
IT.NET.BBND.P2,ARE,United Arab Emirates,2015,14.230538629127
IT.NET.BBND.P2,GBR,United Kingdom,2024,42.1648283773461
IT.NET.BBND.P2,GBR,United Kingdom,2023,41.4367685540411
IT.NET.BBND.P2,GBR,United Kingdom,2022,41.2867157729584
IT.NET.BBND.P2,GBR,United Kingdom,2021,41.1134869970784
IT.NET.BBND.P2,GBR,United Kingdom,2020,40.5775246507294
IT.NET.BBND.P2,GBR,United Kingdom,2019,40.022769455921
IT.NET.BBND.P2,GBR,United Kingdom,2018,39.8293995840604
IT.NET.BBND.P2,GBR,United Kingdom,2017,39.2489467665261
IT.NET.BBND.P2,GBR,United Kingdom,2016,38.6588569366885
IT.NET.BBND.P2,GBR,United Kingdom,2015,37.7214944577347
IT.NET.BBND.P2,USA,United States,2024,38.8571729185246
IT.NET.BBND.P2,USA,United States,2023,38.0939254696383
IT.NET.BBND.P2,USA,United States,2022,37.4887954801437
IT.NET.BBND.P2,USA,United States,2021,37.0074278936277
IT.NET.BBND.P2,USA,United States,2020,35.7156999293054
IT.NET.BBND.P2,USA,United States,2019,33.835216356436
IT.NET.BBND.P2,USA,United States,2018,33.0559177307939
IT.NET.BBND.P2,USA,United States,2017,32.5702836317829
IT.NET.BBND.P2,USA,United States,2016,32.1144006365866
IT.NET.BBND.P2,USA,United States,2015,31.3412129772455
IT.NET.BBND.P2,URY,Uruguay,2024,33.0440254320868
IT.NET.BBND.P2,URY,Uruguay,2023,32.4032099586757
IT.NET.BBND.P2,URY,Uruguay,2022,33.4865565704576
IT.NET.BBND.P2,URY,Uruguay,2021,32.5451063460216
IT.NET.BBND.P2,URY,Uruguay,2020,31.2948224284548
IT.NET.BBND.P2,URY,Uruguay,2019,29.8012543248776
IT.NET.BBND.P2,URY,Uruguay,2018,28.7930537740968
IT.NET.BBND.P2,URY,Uruguay,2017,28.1333463973666
IT.NET.BBND.P2,URY,Uruguay,2016,27.2743360055965
IT.NET.BBND.P2,URY,Uruguay,2015,26.7496571424669
IT.NET.BBND.P2,UZB,Uzbekistan,2024,34.7381414135069
IT.NET.BBND.P2,UZB,Uzbekistan,2023,30.2699233460544
IT.NET.BBND.P2,UZB,Uzbekistan,2022,25.7992232452287
IT.NET.BBND.P2,UZB,Uzbekistan,2021,21.8944210928633
IT.NET.BBND.P2,UZB,Uzbekistan,2020,15.8070422134311
IT.NET.BBND.P2,UZB,Uzbekistan,2019,10.5554301857614
IT.NET.BBND.P2,UZB,Uzbekistan,2018,12.7372983265011
IT.NET.BBND.P2,UZB,Uzbekistan,2017,10.4346190212708
IT.NET.BBND.P2,UZB,Uzbekistan,2016,8.77864127770599
IT.NET.BBND.P2,UZB,Uzbekistan,2015,5.81406186655157
IT.NET.BBND.P2,VUT,Vanuatu,2024,1.15566375920214
IT.NET.BBND.P2,VUT,Vanuatu,2023,1.23342353055002
IT.NET.BBND.P2,VUT,Vanuatu,2022,1.1263520377197
IT.NET.BBND.P2,VUT,Vanuatu,2021,1.03214458524592
IT.NET.BBND.P2,VUT,Vanuatu,2020,0.931880692502794
IT.NET.BBND.P2,VUT,Vanuatu,2019,2.70150863914242
IT.NET.BBND.P2,VUT,Vanuatu,2016,1.61198440204787
IT.NET.BBND.P2,VUT,Vanuatu,2015,1.61480039533861
IT.NET.BBND.P2,VEN,"Venezuela, RB",2024,12.9446636524427
IT.NET.BBND.P2,VEN,"Venezuela, RB",2023,10.638053537183
IT.NET.BBND.P2,VEN,"Venezuela, RB",2022,9.58036143387288
IT.NET.BBND.P2,VEN,"Venezuela, RB",2021,9.2424360147272
IT.NET.BBND.P2,VEN,"Venezuela, RB",2020,9.00606477756336
IT.NET.BBND.P2,VEN,"Venezuela, RB",2019,8.85037434042832
IT.NET.BBND.P2,VEN,"Venezuela, RB",2018,8.73796850144755
IT.NET.BBND.P2,VEN,"Venezuela, RB",2017,8.53198574083448
IT.NET.BBND.P2,VEN,"Venezuela, RB",2016,8.49644019382612
IT.NET.BBND.P2,VEN,"Venezuela, RB",2015,8.47031913288859
IT.NET.BBND.P2,VNM,Viet Nam,2024,23.711259212336
IT.NET.BBND.P2,VNM,Viet Nam,2023,22.6806675035061
IT.NET.BBND.P2,VNM,Viet Nam,2022,21.3681380805533
IT.NET.BBND.P2,VNM,Viet Nam,2021,19.5362327330994
IT.NET.BBND.P2,VNM,Viet Nam,2020,17.0262915402718
IT.NET.BBND.P2,VNM,Viet Nam,2019,15.2328957557438
IT.NET.BBND.P2,VNM,Viet Nam,2018,13.5025072757898
IT.NET.BBND.P2,VNM,Viet Nam,2017,11.8410316814328
IT.NET.BBND.P2,VNM,Viet Nam,2016,9.679017739946
IT.NET.BBND.P2,VNM,Viet Nam,2015,8.24967739226207
IT.NET.BBND.P2,VIR,Virgin Islands (U.S.),2022,10.0662374143133
IT.NET.BBND.P2,VIR,Virgin Islands (U.S.),2015,8.97773521666268
IT.NET.BBND.P2,PSE,West Bank and Gaza,2024,8.16158042217888
IT.NET.BBND.P2,PSE,West Bank and Gaza,2023,8.37056926326656
IT.NET.BBND.P2,PSE,West Bank and Gaza,2022,7.93673083556539
IT.NET.BBND.P2,PSE,West Bank and Gaza,2021,8.01282694120497
IT.NET.BBND.P2,PSE,West Bank and Gaza,2020,7.43459365973318
IT.NET.BBND.P2,PSE,West Bank and Gaza,2019,7.35978367684813
IT.NET.BBND.P2,PSE,West Bank and Gaza,2018,7.50601163734241
IT.NET.BBND.P2,PSE,West Bank and Gaza,2017,7.58784526169771
IT.NET.BBND.P2,PSE,West Bank and Gaza,2016,6.92212533449435
IT.NET.BBND.P2,PSE,West Bank and Gaza,2015,6.07090686521149
IT.NET.BBND.P2,YEM,"Yemen, Rep.",2022,1.27124133725573
IT.NET.BBND.P2,YEM,"Yemen, Rep.",2021,1.09217148089821
IT.NET.BBND.P2,YEM,"Yemen, Rep.",2020,1.08205751326634
IT.NET.BBND.P2,YEM,"Yemen, Rep.",2019,1.08796548403869
IT.NET.BBND.P2,YEM,"Yemen, Rep.",2018,1.13342507603451
IT.NET.BBND.P2,YEM,"Yemen, Rep.",2017,1.11512157670075
IT.NET.BBND.P2,YEM,"Yemen, Rep.",2016,0.860253866438112
IT.NET.BBND.P2,YEM,"Yemen, Rep.",2015,1.26767609842289
IT.NET.BBND.P2,ZMB,Zambia,2024,0.789797548725881
IT.NET.BBND.P2,ZMB,Zambia,2023,0.681389878819039
IT.NET.BBND.P2,ZMB,Zambia,2022,0.428949863290405
IT.NET.BBND.P2,ZMB,Zambia,2021,0.411108017009319
IT.NET.BBND.P2,ZMB,Zambia,2020,0.431897234933218
IT.NET.BBND.P2,ZMB,Zambia,2019,0.48013272665923
IT.NET.BBND.P2,ZMB,Zambia,2018,0.401856748651311
IT.NET.BBND.P2,ZMB,Zambia,2017,0.205901846878562
IT.NET.BBND.P2,ZMB,Zambia,2016,0.18791063697532
IT.NET.BBND.P2,ZMB,Zambia,2015,0.142629874135082
IT.NET.BBND.P2,ZWE,Zimbabwe,2024,1.93865437549104
IT.NET.BBND.P2,ZWE,Zimbabwe,2023,1.5745780720211
IT.NET.BBND.P2,ZWE,Zimbabwe,2022,1.62150159909829
IT.NET.BBND.P2,ZWE,Zimbabwe,2021,1.29980547197891
IT.NET.BBND.P2,ZWE,Zimbabwe,2020,1.31037848666133
IT.NET.BBND.P2,ZWE,Zimbabwe,2019,1.33860961244598
IT.NET.BBND.P2,ZWE,Zimbabwe,2018,1.35060459802592
IT.NET.BBND.P2,ZWE,Zimbabwe,2017,1.26454162104636
IT.NET.BBND.P2,ZWE,Zimbabwe,2016,1.17009972538909
IT.NET.BBND.P2,ZWE,Zimbabwe,2015,1.13887667161631
