indicator,iso3,country,year,value
IT.NET.USER.ZS,AFE,Africa Eastern and Southern,2025,30.4
IT.NET.USER.ZS,AFE,Africa Eastern and Southern,2024,28.8
IT.NET.USER.ZS,AFE,Africa Eastern and Southern,2023,27.8
IT.NET.USER.ZS,AFE,Africa Eastern and Southern,2022,26.8
IT.NET.USER.ZS,AFE,Africa Eastern and Southern,2021,25.0
IT.NET.USER.ZS,AFE,Africa Eastern and Southern,2020,23.5
IT.NET.USER.ZS,AFE,Africa Eastern and Southern,2019,21.6
IT.NET.USER.ZS,AFE,Africa Eastern and Southern,2018,19.6
IT.NET.USER.ZS,AFE,Africa Eastern and Southern,2017,17.3
IT.NET.USER.ZS,AFE,Africa Eastern and Southern,2016,16.3
IT.NET.USER.ZS,AFE,Africa Eastern and Southern,2015,14.3
IT.NET.USER.ZS,AFW,Africa Western and Central,2025,42.4
IT.NET.USER.ZS,AFW,Africa Western and Central,2024,40.0
IT.NET.USER.ZS,AFW,Africa Western and Central,2023,38.5
IT.NET.USER.ZS,AFW,Africa Western and Central,2022,37.5
IT.NET.USER.ZS,AFW,Africa Western and Central,2021,34.7
IT.NET.USER.ZS,AFW,Africa Western and Central,2020,31.5
IT.NET.USER.ZS,AFW,Africa Western and Central,2019,28.5
IT.NET.USER.ZS,AFW,Africa Western and Central,2018,25.7
IT.NET.USER.ZS,AFW,Africa Western and Central,2017,23.8
IT.NET.USER.ZS,AFW,Africa Western and Central,2016,20.9
IT.NET.USER.ZS,AFW,Africa Western and Central,2015,18.6
IT.NET.USER.ZS,EAS,East Asia & Pacific,2025,88.4
IT.NET.USER.ZS,EAS,East Asia & Pacific,2024,86.6
IT.NET.USER.ZS,EAS,East Asia & Pacific,2023,84.9
IT.NET.USER.ZS,EAS,East Asia & Pacific,2022,82.4
IT.NET.USER.ZS,EAS,East Asia & Pacific,2021,78.8
IT.NET.USER.ZS,EAS,East Asia & Pacific,2020,73.9
IT.NET.USER.ZS,EAS,East Asia & Pacific,2019,67.1
IT.NET.USER.ZS,EAS,East Asia & Pacific,2018,62.5
IT.NET.USER.ZS,EAS,East Asia & Pacific,2017,57.8
IT.NET.USER.ZS,EAS,East Asia & Pacific,2016,53.9
IT.NET.USER.ZS,EAS,East Asia & Pacific,2015,48.3
IT.NET.USER.ZS,EAP,East Asia & Pacific (excluding high income),2025,88.1
IT.NET.USER.ZS,EAP,East Asia & Pacific (excluding high income),2024,86.1
IT.NET.USER.ZS,EAP,East Asia & Pacific (excluding high income),2023,84.2
IT.NET.USER.ZS,EAP,East Asia & Pacific (excluding high income),2022,81.6
IT.NET.USER.ZS,EAP,East Asia & Pacific (excluding high income),2021,77.6
IT.NET.USER.ZS,EAP,East Asia & Pacific (excluding high income),2020,72.2
IT.NET.USER.ZS,EAP,East Asia & Pacific (excluding high income),2019,64.0
IT.NET.USER.ZS,EAP,East Asia & Pacific (excluding high income),2018,59.1
IT.NET.USER.ZS,EAP,East Asia & Pacific (excluding high income),2017,53.9
IT.NET.USER.ZS,EAP,East Asia & Pacific (excluding high income),2016,49.6
IT.NET.USER.ZS,EAP,East Asia & Pacific (excluding high income),2015,43.5
IT.NET.USER.ZS,TEA,East Asia & Pacific (IDA & IBRD countries),2025,88.9
IT.NET.USER.ZS,TEA,East Asia & Pacific (IDA & IBRD countries),2024,86.8
IT.NET.USER.ZS,TEA,East Asia & Pacific (IDA & IBRD countries),2023,85.0
IT.NET.USER.ZS,TEA,East Asia & Pacific (IDA & IBRD countries),2022,82.3
IT.NET.USER.ZS,TEA,East Asia & Pacific (IDA & IBRD countries),2021,78.3
IT.NET.USER.ZS,TEA,East Asia & Pacific (IDA & IBRD countries),2020,72.7
IT.NET.USER.ZS,TEA,East Asia & Pacific (IDA & IBRD countries),2019,64.3
IT.NET.USER.ZS,TEA,East Asia & Pacific (IDA & IBRD countries),2018,59.8
IT.NET.USER.ZS,TEA,East Asia & Pacific (IDA & IBRD countries),2017,54.6
IT.NET.USER.ZS,TEA,East Asia & Pacific (IDA & IBRD countries),2016,50.2
IT.NET.USER.ZS,TEA,East Asia & Pacific (IDA & IBRD countries),2015,44.1
IT.NET.USER.ZS,ECS,Europe & Central Asia,2025,92.4
IT.NET.USER.ZS,ECS,Europe & Central Asia,2024,90.9
IT.NET.USER.ZS,ECS,Europe & Central Asia,2023,89.6
IT.NET.USER.ZS,ECS,Europe & Central Asia,2022,87.9
IT.NET.USER.ZS,ECS,Europe & Central Asia,2021,86.3
IT.NET.USER.ZS,ECS,Europe & Central Asia,2020,83.4
IT.NET.USER.ZS,ECS,Europe & Central Asia,2019,80.3
IT.NET.USER.ZS,ECS,Europe & Central Asia,2018,78.1
IT.NET.USER.ZS,ECS,Europe & Central Asia,2017,74.5
IT.NET.USER.ZS,ECS,Europe & Central Asia,2016,72.3
IT.NET.USER.ZS,ECS,Europe & Central Asia,2015,69.9
IT.NET.USER.ZS,ECA,Europe & Central Asia (excluding high income),2025,87.5
IT.NET.USER.ZS,ECA,Europe & Central Asia (excluding high income),2024,85.8
IT.NET.USER.ZS,ECA,Europe & Central Asia (excluding high income),2023,84.6
IT.NET.USER.ZS,ECA,Europe & Central Asia (excluding high income),2022,82.0
IT.NET.USER.ZS,ECA,Europe & Central Asia (excluding high income),2021,79.1
IT.NET.USER.ZS,ECA,Europe & Central Asia (excluding high income),2020,74.5
IT.NET.USER.ZS,ECA,Europe & Central Asia (excluding high income),2019,70.3
IT.NET.USER.ZS,ECA,Europe & Central Asia (excluding high income),2018,65.8
IT.NET.USER.ZS,ECA,Europe & Central Asia (excluding high income),2017,60.6
IT.NET.USER.ZS,ECA,Europe & Central Asia (excluding high income),2016,56.2
IT.NET.USER.ZS,ECA,Europe & Central Asia (excluding high income),2015,51.9
IT.NET.USER.ZS,TEC,Europe & Central Asia (IDA & IBRD countries),2025,90.8
IT.NET.USER.ZS,TEC,Europe & Central Asia (IDA & IBRD countries),2024,88.9
IT.NET.USER.ZS,TEC,Europe & Central Asia (IDA & IBRD countries),2023,87.3
IT.NET.USER.ZS,TEC,Europe & Central Asia (IDA & IBRD countries),2022,85.2
IT.NET.USER.ZS,TEC,Europe & Central Asia (IDA & IBRD countries),2021,82.6
IT.NET.USER.ZS,TEC,Europe & Central Asia (IDA & IBRD countries),2020,78.6
IT.NET.USER.ZS,TEC,Europe & Central Asia (IDA & IBRD countries),2019,75.2
IT.NET.USER.ZS,TEC,Europe & Central Asia (IDA & IBRD countries),2018,71.8
IT.NET.USER.ZS,TEC,Europe & Central Asia (IDA & IBRD countries),2017,67.0
IT.NET.USER.ZS,TEC,Europe & Central Asia (IDA & IBRD countries),2016,63.3
IT.NET.USER.ZS,TEC,Europe & Central Asia (IDA & IBRD countries),2015,59.4
IT.NET.USER.ZS,,High income,2025,94.2
IT.NET.USER.ZS,,High income,2024,93.0
IT.NET.USER.ZS,,High income,2023,91.9
IT.NET.USER.ZS,,High income,2022,91.0
IT.NET.USER.ZS,,High income,2021,90.0
IT.NET.USER.ZS,,High income,2020,88.4
IT.NET.USER.ZS,,High income,2019,87.5
IT.NET.USER.ZS,,High income,2018,86.3
IT.NET.USER.ZS,,High income,2017,84.2
IT.NET.USER.ZS,,High income,2016,82.5
IT.NET.USER.ZS,,High income,2015,78.3
IT.NET.USER.ZS,IBD,IBRD only,2025,82.7
IT.NET.USER.ZS,IBD,IBRD only,2024,79.9
IT.NET.USER.ZS,IBD,IBRD only,2023,77.3
IT.NET.USER.ZS,IBD,IBRD only,2022,74.4
IT.NET.USER.ZS,IBD,IBRD only,2021,70.3
IT.NET.USER.ZS,IBD,IBRD only,2020,65.4
IT.NET.USER.ZS,IBD,IBRD only,2019,56.3
IT.NET.USER.ZS,IBD,IBRD only,2018,50.3
IT.NET.USER.ZS,IBD,IBRD only,2017,46.6
IT.NET.USER.ZS,IBD,IBRD only,2016,43.2
IT.NET.USER.ZS,IBD,IBRD only,2015,39.1
IT.NET.USER.ZS,IBT,IDA & IBRD total,2025,70.3
IT.NET.USER.ZS,IBT,IDA & IBRD total,2024,67.7
IT.NET.USER.ZS,IBT,IDA & IBRD total,2023,65.5
IT.NET.USER.ZS,IBT,IDA & IBRD total,2022,63.0
IT.NET.USER.ZS,IBT,IDA & IBRD total,2021,59.3
IT.NET.USER.ZS,IBT,IDA & IBRD total,2020,55.1
IT.NET.USER.ZS,IBT,IDA & IBRD total,2019,47.8
IT.NET.USER.ZS,IBT,IDA & IBRD total,2018,42.9
IT.NET.USER.ZS,IBT,IDA & IBRD total,2017,39.5
IT.NET.USER.ZS,IBT,IDA & IBRD total,2016,36.4
IT.NET.USER.ZS,IBT,IDA & IBRD total,2015,32.8
IT.NET.USER.ZS,IDB,IDA blend,2025,44.2
IT.NET.USER.ZS,IDB,IDA blend,2024,41.2
IT.NET.USER.ZS,IDB,IDA blend,2023,38.3
IT.NET.USER.ZS,IDB,IDA blend,2022,36.5
IT.NET.USER.ZS,IDB,IDA blend,2021,32.4
IT.NET.USER.ZS,IDB,IDA blend,2020,28.7
IT.NET.USER.ZS,IDB,IDA blend,2019,26.9
IT.NET.USER.ZS,IDB,IDA blend,2018,24.1
IT.NET.USER.ZS,IDB,IDA blend,2017,22.3
IT.NET.USER.ZS,IDB,IDA blend,2016,20.6
IT.NET.USER.ZS,IDB,IDA blend,2015,19.0
IT.NET.USER.ZS,IDX,IDA only,2025,36.1
IT.NET.USER.ZS,IDX,IDA only,2024,33.9
IT.NET.USER.ZS,IDX,IDA only,2023,32.5
IT.NET.USER.ZS,IDX,IDA only,2022,30.7
IT.NET.USER.ZS,IDX,IDA only,2021,28.4
IT.NET.USER.ZS,IDX,IDA only,2020,26.0
IT.NET.USER.ZS,IDX,IDA only,2019,22.8
IT.NET.USER.ZS,IDX,IDA only,2018,20.9
IT.NET.USER.ZS,IDX,IDA only,2017,17.5
IT.NET.USER.ZS,IDX,IDA only,2016,14.9
IT.NET.USER.ZS,IDX,IDA only,2015,11.6
IT.NET.USER.ZS,IDA,IDA total,2025,38.9
IT.NET.USER.ZS,IDA,IDA total,2024,36.4
IT.NET.USER.ZS,IDA,IDA total,2023,34.5
IT.NET.USER.ZS,IDA,IDA total,2022,32.8
IT.NET.USER.ZS,IDA,IDA total,2021,29.8
IT.NET.USER.ZS,IDA,IDA total,2020,27.0
IT.NET.USER.ZS,IDA,IDA total,2019,24.2
IT.NET.USER.ZS,IDA,IDA total,2018,22.0
IT.NET.USER.ZS,IDA,IDA total,2017,19.2
IT.NET.USER.ZS,IDA,IDA total,2016,16.9
IT.NET.USER.ZS,IDA,IDA total,2015,14.2
IT.NET.USER.ZS,LCN,Latin America & Caribbean,2025,83.7
IT.NET.USER.ZS,LCN,Latin America & Caribbean,2024,81.7
IT.NET.USER.ZS,LCN,Latin America & Caribbean,2023,80.0
IT.NET.USER.ZS,LCN,Latin America & Caribbean,2022,77.1
IT.NET.USER.ZS,LCN,Latin America & Caribbean,2021,75.8
IT.NET.USER.ZS,LCN,Latin America & Caribbean,2020,73.8
IT.NET.USER.ZS,LCN,Latin America & Caribbean,2019,67.8
IT.NET.USER.ZS,LCN,Latin America & Caribbean,2018,63.5
IT.NET.USER.ZS,LCN,Latin America & Caribbean,2017,60.2
IT.NET.USER.ZS,LCN,Latin America & Caribbean,2016,57.5
IT.NET.USER.ZS,LCN,Latin America & Caribbean,2015,54.4
IT.NET.USER.ZS,LAC,Latin America & Caribbean (excluding high income),2025,83.6
IT.NET.USER.ZS,LAC,Latin America & Caribbean (excluding high income),2024,81.4
IT.NET.USER.ZS,LAC,Latin America & Caribbean (excluding high income),2023,79.7
IT.NET.USER.ZS,LAC,Latin America & Caribbean (excluding high income),2022,76.6
IT.NET.USER.ZS,LAC,Latin America & Caribbean (excluding high income),2021,75.3
IT.NET.USER.ZS,LAC,Latin America & Caribbean (excluding high income),2020,73.3
IT.NET.USER.ZS,LAC,Latin America & Caribbean (excluding high income),2019,67.9
IT.NET.USER.ZS,LAC,Latin America & Caribbean (excluding high income),2018,62.6
IT.NET.USER.ZS,LAC,Latin America & Caribbean (excluding high income),2017,59.2
IT.NET.USER.ZS,LAC,Latin America & Caribbean (excluding high income),2016,56.4
IT.NET.USER.ZS,LAC,Latin America & Caribbean (excluding high income),2015,53.3
IT.NET.USER.ZS,TLA,Latin America & the Caribbean (IDA & IBRD countries),2025,83.9
IT.NET.USER.ZS,TLA,Latin America & the Caribbean (IDA & IBRD countries),2024,81.8
IT.NET.USER.ZS,TLA,Latin America & the Caribbean (IDA & IBRD countries),2023,80.2
IT.NET.USER.ZS,TLA,Latin America & the Caribbean (IDA & IBRD countries),2022,77.3
IT.NET.USER.ZS,TLA,Latin America & the Caribbean (IDA & IBRD countries),2021,75.9
IT.NET.USER.ZS,TLA,Latin America & the Caribbean (IDA & IBRD countries),2020,73.8
IT.NET.USER.ZS,TLA,Latin America & the Caribbean (IDA & IBRD countries),2019,67.7
IT.NET.USER.ZS,TLA,Latin America & the Caribbean (IDA & IBRD countries),2018,63.5
IT.NET.USER.ZS,TLA,Latin America & the Caribbean (IDA & IBRD countries),2017,60.2
IT.NET.USER.ZS,TLA,Latin America & the Caribbean (IDA & IBRD countries),2016,57.7
IT.NET.USER.ZS,TLA,Latin America & the Caribbean (IDA & IBRD countries),2015,54.7
IT.NET.USER.ZS,LDC,Least developed countries: UN classification,2025,33.7
IT.NET.USER.ZS,LDC,Least developed countries: UN classification,2024,31.4
IT.NET.USER.ZS,LDC,Least developed countries: UN classification,2023,29.9
IT.NET.USER.ZS,LDC,Least developed countries: UN classification,2022,28.2
IT.NET.USER.ZS,LDC,Least developed countries: UN classification,2021,26.1
IT.NET.USER.ZS,LDC,Least developed countries: UN classification,2020,24.1
IT.NET.USER.ZS,LDC,Least developed countries: UN classification,2019,21.2
IT.NET.USER.ZS,LDC,Least developed countries: UN classification,2018,19.5
IT.NET.USER.ZS,LDC,Least developed countries: UN classification,2017,16.2
IT.NET.USER.ZS,LDC,Least developed countries: UN classification,2016,13.8
IT.NET.USER.ZS,LDC,Least developed countries: UN classification,2015,10.7
IT.NET.USER.ZS,,Low income,2025,23.4
IT.NET.USER.ZS,,Low income,2024,22.5
IT.NET.USER.ZS,,Low income,2023,22.0
IT.NET.USER.ZS,,Low income,2022,21.2
IT.NET.USER.ZS,,Low income,2021,19.0
IT.NET.USER.ZS,,Low income,2020,17.6
IT.NET.USER.ZS,,Low income,2019,16.4
IT.NET.USER.ZS,,Low income,2018,13.8
IT.NET.USER.ZS,,Low income,2017,11.4
IT.NET.USER.ZS,,Low income,2016,10.0
IT.NET.USER.ZS,,Low income,2015,7.9
IT.NET.USER.ZS,,Lower middle income,2025,62.9
IT.NET.USER.ZS,,Lower middle income,2024,58.9
IT.NET.USER.ZS,,Lower middle income,2023,55.4
IT.NET.USER.ZS,,Lower middle income,2022,52.3
IT.NET.USER.ZS,,Lower middle income,2021,47.4
IT.NET.USER.ZS,,Lower middle income,2020,42.5
IT.NET.USER.ZS,,Lower middle income,2019,33.4
IT.NET.USER.ZS,,Lower middle income,2018,27.2
IT.NET.USER.ZS,,Lower middle income,2017,24.4
IT.NET.USER.ZS,,Lower middle income,2016,21.9
IT.NET.USER.ZS,,Lower middle income,2015,19.5
IT.NET.USER.ZS,MEA,"Middle East, North Africa, Afghanistan & Pakistan",2025,63.7
IT.NET.USER.ZS,MEA,"Middle East, North Africa, Afghanistan & Pakistan",2024,61.5
IT.NET.USER.ZS,MEA,"Middle East, North Africa, Afghanistan & Pakistan",2023,59.5
IT.NET.USER.ZS,MEA,"Middle East, North Africa, Afghanistan & Pakistan",2022,57.8
IT.NET.USER.ZS,MEA,"Middle East, North Africa, Afghanistan & Pakistan",2021,54.2
IT.NET.USER.ZS,MEA,"Middle East, North Africa, Afghanistan & Pakistan",2020,50.6
IT.NET.USER.ZS,MEA,"Middle East, North Africa, Afghanistan & Pakistan",2019,46.0
IT.NET.USER.ZS,MEA,"Middle East, North Africa, Afghanistan & Pakistan",2018,42.3
IT.NET.USER.ZS,MEA,"Middle East, North Africa, Afghanistan & Pakistan",2017,39.7
IT.NET.USER.ZS,MEA,"Middle East, North Africa, Afghanistan & Pakistan",2016,35.0
IT.NET.USER.ZS,MEA,"Middle East, North Africa, Afghanistan & Pakistan",2015,31.8
IT.NET.USER.ZS,MNA,"Middle East, North Africa, Afghanistan & Pakistan (excluding high income)",2025,0.0
IT.NET.USER.ZS,MNA,"Middle East, North Africa, Afghanistan & Pakistan (excluding high income)",2024,58.0
IT.NET.USER.ZS,MNA,"Middle East, North Africa, Afghanistan & Pakistan (excluding high income)",2023,55.9
IT.NET.USER.ZS,MNA,"Middle East, North Africa, Afghanistan & Pakistan (excluding high income)",2022,54.1
IT.NET.USER.ZS,MNA,"Middle East, North Africa, Afghanistan & Pakistan (excluding high income)",2021,50.2
IT.NET.USER.ZS,MNA,"Middle East, North Africa, Afghanistan & Pakistan (excluding high income)",2020,46.4
IT.NET.USER.ZS,MNA,"Middle East, North Africa, Afghanistan & Pakistan (excluding high income)",2019,41.5
IT.NET.USER.ZS,MNA,"Middle East, North Africa, Afghanistan & Pakistan (excluding high income)",2018,37.6
IT.NET.USER.ZS,MNA,"Middle East, North Africa, Afghanistan & Pakistan (excluding high income)",2017,34.8
IT.NET.USER.ZS,MNA,"Middle East, North Africa, Afghanistan & Pakistan (excluding high income)",2016,30.8
IT.NET.USER.ZS,MNA,"Middle East, North Africa, Afghanistan & Pakistan (excluding high income)",2015,27.6
IT.NET.USER.ZS,TMN,"Middle East, North Africa, Afghanistan & Pakistan (IDA & IBRD)",2025,60.2
IT.NET.USER.ZS,TMN,"Middle East, North Africa, Afghanistan & Pakistan (IDA & IBRD)",2024,57.8
IT.NET.USER.ZS,TMN,"Middle East, North Africa, Afghanistan & Pakistan (IDA & IBRD)",2023,55.7
IT.NET.USER.ZS,TMN,"Middle East, North Africa, Afghanistan & Pakistan (IDA & IBRD)",2022,53.8
IT.NET.USER.ZS,TMN,"Middle East, North Africa, Afghanistan & Pakistan (IDA & IBRD)",2021,50.0
IT.NET.USER.ZS,TMN,"Middle East, North Africa, Afghanistan & Pakistan (IDA & IBRD)",2020,46.2
IT.NET.USER.ZS,TMN,"Middle East, North Africa, Afghanistan & Pakistan (IDA & IBRD)",2019,41.3
IT.NET.USER.ZS,TMN,"Middle East, North Africa, Afghanistan & Pakistan (IDA & IBRD)",2018,37.4
IT.NET.USER.ZS,TMN,"Middle East, North Africa, Afghanistan & Pakistan (IDA & IBRD)",2017,34.6
IT.NET.USER.ZS,TMN,"Middle East, North Africa, Afghanistan & Pakistan (IDA & IBRD)",2016,30.6
IT.NET.USER.ZS,TMN,"Middle East, North Africa, Afghanistan & Pakistan (IDA & IBRD)",2015,27.4
IT.NET.USER.ZS,NAC,North America,2025,95.6
IT.NET.USER.ZS,NAC,North America,2024,94.4
IT.NET.USER.ZS,NAC,North America,2023,93.3
IT.NET.USER.ZS,NAC,North America,2022,92.6
IT.NET.USER.ZS,NAC,North America,2021,91.5
IT.NET.USER.ZS,NAC,North America,2020,90.5
IT.NET.USER.ZS,NAC,North America,2019,89.7
IT.NET.USER.ZS,NAC,North America,2018,89.1
IT.NET.USER.ZS,NAC,North America,2017,87.8
IT.NET.USER.ZS,NAC,North America,2016,86.1
IT.NET.USER.ZS,NAC,North America,2015,76.1
IT.NET.USER.ZS,SST,Small states,2025,0.0
IT.NET.USER.ZS,SST,Small states,2024,72.5
IT.NET.USER.ZS,SST,Small states,2023,71.7
IT.NET.USER.ZS,SST,Small states,2022,70.5
IT.NET.USER.ZS,SST,Small states,2021,69.1
IT.NET.USER.ZS,SST,Small states,2020,65.6
IT.NET.USER.ZS,SST,Small states,2019,62.1
IT.NET.USER.ZS,SST,Small states,2018,58.0
IT.NET.USER.ZS,SST,Small states,2017,55.6
IT.NET.USER.ZS,SST,Small states,2016,50.9
IT.NET.USER.ZS,SST,Small states,2015,47.7
IT.NET.USER.ZS,SAS,South Asia,2025,67.8
IT.NET.USER.ZS,SAS,South Asia,2024,62.8
IT.NET.USER.ZS,SAS,South Asia,2023,58.3
IT.NET.USER.ZS,SAS,South Asia,2022,54.2
IT.NET.USER.ZS,SAS,South Asia,2021,48.0
IT.NET.USER.ZS,SAS,South Asia,2020,42.5
IT.NET.USER.ZS,SAS,South Asia,2019,29.7
IT.NET.USER.ZS,SAS,South Asia,2018,20.9
IT.NET.USER.ZS,SAS,South Asia,2017,18.8
IT.NET.USER.ZS,SAS,South Asia,2016,16.7
IT.NET.USER.ZS,SAS,South Asia,2015,14.7
IT.NET.USER.ZS,TSA,South Asia (IDA & IBRD),2025,67.8
IT.NET.USER.ZS,TSA,South Asia (IDA & IBRD),2024,62.8
IT.NET.USER.ZS,TSA,South Asia (IDA & IBRD),2023,58.3
IT.NET.USER.ZS,TSA,South Asia (IDA & IBRD),2022,54.2
IT.NET.USER.ZS,TSA,South Asia (IDA & IBRD),2021,48.0
IT.NET.USER.ZS,TSA,South Asia (IDA & IBRD),2020,42.5
IT.NET.USER.ZS,TSA,South Asia (IDA & IBRD),2019,29.7
IT.NET.USER.ZS,TSA,South Asia (IDA & IBRD),2018,20.9
IT.NET.USER.ZS,TSA,South Asia (IDA & IBRD),2017,18.8
IT.NET.USER.ZS,TSA,South Asia (IDA & IBRD),2016,16.7
IT.NET.USER.ZS,TSA,South Asia (IDA & IBRD),2015,14.7
IT.NET.USER.ZS,SSF,Sub-Saharan Africa,2025,35.7
IT.NET.USER.ZS,SSF,Sub-Saharan Africa,2024,33.6
IT.NET.USER.ZS,SSF,Sub-Saharan Africa,2023,32.3
IT.NET.USER.ZS,SSF,Sub-Saharan Africa,2022,31.1
IT.NET.USER.ZS,SSF,Sub-Saharan Africa,2021,29.0
IT.NET.USER.ZS,SSF,Sub-Saharan Africa,2020,26.7
IT.NET.USER.ZS,SSF,Sub-Saharan Africa,2019,24.4
IT.NET.USER.ZS,SSF,Sub-Saharan Africa,2018,22.0
IT.NET.USER.ZS,SSF,Sub-Saharan Africa,2017,20.0
IT.NET.USER.ZS,SSF,Sub-Saharan Africa,2016,18.3
IT.NET.USER.ZS,SSF,Sub-Saharan Africa,2015,16.2
IT.NET.USER.ZS,SSA,Sub-Saharan Africa (excluding high income),2025,36.5
IT.NET.USER.ZS,SSA,Sub-Saharan Africa (excluding high income),2024,34.7
IT.NET.USER.ZS,SSA,Sub-Saharan Africa (excluding high income),2023,33.5
IT.NET.USER.ZS,SSA,Sub-Saharan Africa (excluding high income),2022,32.7
IT.NET.USER.ZS,SSA,Sub-Saharan Africa (excluding high income),2021,30.3
IT.NET.USER.ZS,SSA,Sub-Saharan Africa (excluding high income),2020,28.0
IT.NET.USER.ZS,SSA,Sub-Saharan Africa (excluding high income),2019,25.3
IT.NET.USER.ZS,SSA,Sub-Saharan Africa (excluding high income),2018,22.8
IT.NET.USER.ZS,SSA,Sub-Saharan Africa (excluding high income),2017,20.4
IT.NET.USER.ZS,SSA,Sub-Saharan Africa (excluding high income),2016,18.5
IT.NET.USER.ZS,SSA,Sub-Saharan Africa (excluding high income),2015,16.3
IT.NET.USER.ZS,TSS,Sub-Saharan Africa (IDA & IBRD countries),2025,35.2
IT.NET.USER.ZS,TSS,Sub-Saharan Africa (IDA & IBRD countries),2024,33.3
IT.NET.USER.ZS,TSS,Sub-Saharan Africa (IDA & IBRD countries),2023,32.1
IT.NET.USER.ZS,TSS,Sub-Saharan Africa (IDA & IBRD countries),2022,31.1
IT.NET.USER.ZS,TSS,Sub-Saharan Africa (IDA & IBRD countries),2021,28.9
IT.NET.USER.ZS,TSS,Sub-Saharan Africa (IDA & IBRD countries),2020,26.8
IT.NET.USER.ZS,TSS,Sub-Saharan Africa (IDA & IBRD countries),2019,24.4
IT.NET.USER.ZS,TSS,Sub-Saharan Africa (IDA & IBRD countries),2018,22.1
IT.NET.USER.ZS,TSS,Sub-Saharan Africa (IDA & IBRD countries),2017,19.9
IT.NET.USER.ZS,TSS,Sub-Saharan Africa (IDA & IBRD countries),2016,18.2
IT.NET.USER.ZS,TSS,Sub-Saharan Africa (IDA & IBRD countries),2015,16.1
IT.NET.USER.ZS,,Upper middle income,2025,88.8
IT.NET.USER.ZS,,Upper middle income,2024,86.9
IT.NET.USER.ZS,,Upper middle income,2023,85.3
IT.NET.USER.ZS,,Upper middle income,2022,82.7
IT.NET.USER.ZS,,Upper middle income,2021,79.4
IT.NET.USER.ZS,,Upper middle income,2020,74.9
IT.NET.USER.ZS,,Upper middle income,2019,67.5
IT.NET.USER.ZS,,Upper middle income,2018,62.2
IT.NET.USER.ZS,,Upper middle income,2017,57.7
IT.NET.USER.ZS,,Upper middle income,2016,53.3
IT.NET.USER.ZS,,Upper middle income,2015,47.9
IT.NET.USER.ZS,WLD,World,2025,73.6
IT.NET.USER.ZS,WLD,World,2024,71.2
IT.NET.USER.ZS,WLD,World,2023,69.2
IT.NET.USER.ZS,WLD,World,2022,67.0
IT.NET.USER.ZS,WLD,World,2021,63.8
IT.NET.USER.ZS,WLD,World,2020,60.1
IT.NET.USER.ZS,WLD,World,2019,53.9
IT.NET.USER.ZS,WLD,World,2018,49.4
IT.NET.USER.ZS,WLD,World,2017,46.3
IT.NET.USER.ZS,WLD,World,2016,43.6
IT.NET.USER.ZS,WLD,World,2015,39.9
IT.NET.USER.ZS,AFG,Afghanistan,2024,16.09499931
IT.NET.USER.ZS,AFG,Afghanistan,2023,15.92840004
IT.NET.USER.ZS,AFG,Afghanistan,2022,15.86629963
IT.NET.USER.ZS,AFG,Afghanistan,2021,16.51429939
IT.NET.USER.ZS,AFG,Afghanistan,2020,17.04850006
IT.NET.USER.ZS,AFG,Afghanistan,2019,17.60000038
IT.NET.USER.ZS,AFG,Afghanistan,2018,16.79999924
IT.NET.USER.ZS,AFG,Afghanistan,2017,13.5
IT.NET.USER.ZS,AFG,Afghanistan,2016,11.0
IT.NET.USER.ZS,AFG,Afghanistan,2015,8.260000229
IT.NET.USER.ZS,ALB,Albania,2024,85.86389923
IT.NET.USER.ZS,ALB,Albania,2023,83.13559161
IT.NET.USER.ZS,ALB,Albania,2022,82.61367544
IT.NET.USER.ZS,ALB,Albania,2021,79.32371752
IT.NET.USER.ZS,ALB,Albania,2020,72.23767711
IT.NET.USER.ZS,ALB,Albania,2019,68.5503911218006
IT.NET.USER.ZS,ALB,Albania,2018,65.40000153
IT.NET.USER.ZS,ALB,Albania,2017,62.40000153
IT.NET.USER.ZS,ALB,Albania,2016,59.59999847
IT.NET.USER.ZS,ALB,Albania,2015,56.90000153
IT.NET.USER.ZS,DZA,Algeria,2024,77.4178009
IT.NET.USER.ZS,DZA,Algeria,2023,76.19760132
IT.NET.USER.ZS,DZA,Algeria,2022,74.78150177
IT.NET.USER.ZS,DZA,Algeria,2021,72.21240234
IT.NET.USER.ZS,DZA,Algeria,2020,63.47269821
IT.NET.USER.ZS,DZA,Algeria,2019,55.79069901
IT.NET.USER.ZS,DZA,Algeria,2018,49.0384680793271
IT.NET.USER.ZS,DZA,Algeria,2017,47.69110107
IT.NET.USER.ZS,DZA,Algeria,2016,42.94549942
IT.NET.USER.ZS,DZA,Algeria,2015,38.20000076
IT.NET.USER.ZS,AND,Andorra,2024,94.39759827
IT.NET.USER.ZS,AND,Andorra,2023,94.21499634
IT.NET.USER.ZS,AND,Andorra,2022,94.05169678
IT.NET.USER.ZS,AND,Andorra,2021,93.89749908
IT.NET.USER.ZS,AND,Andorra,2020,93.20570374
IT.NET.USER.ZS,AND,Andorra,2019,90.71869659
IT.NET.USER.ZS,AND,Andorra,2018,93.5
IT.NET.USER.ZS,AND,Andorra,2017,91.5674670273926
IT.NET.USER.ZS,AND,Andorra,2016,89.69999695
IT.NET.USER.ZS,AND,Andorra,2015,87.90000153
IT.NET.USER.ZS,AGO,Angola,2024,40.70479965
IT.NET.USER.ZS,AGO,Angola,2023,37.88589859
IT.NET.USER.ZS,AGO,Angola,2022,35.83800125
IT.NET.USER.ZS,AGO,Angola,2021,34.55649948
IT.NET.USER.ZS,AGO,Angola,2020,33.32089996
IT.NET.USER.ZS,AGO,Angola,2019,32.12939835
IT.NET.USER.ZS,AGO,Angola,2018,29.0
IT.NET.USER.ZS,AGO,Angola,2017,26.0
IT.NET.USER.ZS,AGO,Angola,2016,23.20000076
IT.NET.USER.ZS,AGO,Angola,2015,22.0
IT.NET.USER.ZS,ATG,Antigua and Barbuda,2024,72.73040009
IT.NET.USER.ZS,ATG,Antigua and Barbuda,2023,72.12409973
IT.NET.USER.ZS,ATG,Antigua and Barbuda,2022,71.9233017
IT.NET.USER.ZS,ATG,Antigua and Barbuda,2021,71.64530182
IT.NET.USER.ZS,ATG,Antigua and Barbuda,2020,71.36840057
IT.NET.USER.ZS,ATG,Antigua and Barbuda,2019,71.09259796
IT.NET.USER.ZS,ATG,Antigua and Barbuda,2018,70.81790161
IT.NET.USER.ZS,ATG,Antigua and Barbuda,2017,70.54419708
IT.NET.USER.ZS,ATG,Antigua and Barbuda,2016,70.27159882
IT.NET.USER.ZS,ATG,Antigua and Barbuda,2015,70.0
IT.NET.USER.ZS,ARG,Argentina,2024,89.66715228
IT.NET.USER.ZS,ARG,Argentina,2023,89.22897166
IT.NET.USER.ZS,ARG,Argentina,2022,88.37535691
IT.NET.USER.ZS,ARG,Argentina,2021,87.15070683
IT.NET.USER.ZS,ARG,Argentina,2020,85.51438646
IT.NET.USER.ZS,ARG,Argentina,2019,79.9469520347551
IT.NET.USER.ZS,ARG,Argentina,2018,77.7
IT.NET.USER.ZS,ARG,Argentina,2017,74.2949068657957
IT.NET.USER.ZS,ARG,Argentina,2016,70.9689808206024
IT.NET.USER.ZS,ARG,Argentina,2015,68.0430641088122
IT.NET.USER.ZS,ARM,Armenia,2024,81.33930206
IT.NET.USER.ZS,ARM,Armenia,2023,79.99663036
IT.NET.USER.ZS,ARM,Armenia,2022,77.02767465
IT.NET.USER.ZS,ARM,Armenia,2021,78.61225758
IT.NET.USER.ZS,ARM,Armenia,2020,76.50770055
IT.NET.USER.ZS,ARM,Armenia,2019,66.5439496866159
IT.NET.USER.ZS,ARM,Armenia,2018,68.2450522610271
IT.NET.USER.ZS,ARM,Armenia,2017,64.7448843250726
IT.NET.USER.ZS,ARM,Armenia,2016,64.3460297653742
IT.NET.USER.ZS,ARM,Armenia,2015,59.1008337674937
IT.NET.USER.ZS,ABW,Aruba,2017,97.17
IT.NET.USER.ZS,ABW,Aruba,2016,93.542453865048
IT.NET.USER.ZS,ABW,Aruba,2015,88.661226932496
IT.NET.USER.ZS,AUS,Australia,2024,96.13140106
IT.NET.USER.ZS,AUS,Australia,2023,96.1160965
IT.NET.USER.ZS,AUS,Australia,2022,96.11940002
IT.NET.USER.ZS,AUS,Australia,2021,96.97219849
IT.NET.USER.ZS,AUS,Australia,2020,94.6934967
IT.NET.USER.ZS,AUS,Australia,2019,93.60990143
IT.NET.USER.ZS,AUS,Australia,2018,90.0082016
IT.NET.USER.ZS,AUS,Australia,2017,86.5450488476768
IT.NET.USER.ZS,AUS,Australia,2016,86.54000092
IT.NET.USER.ZS,AUS,Australia,2015,84.5605149091408
IT.NET.USER.ZS,AUT,Austria,2025,91.92573373
IT.NET.USER.ZS,AUT,Austria,2024,94.91974877
IT.NET.USER.ZS,AUT,Austria,2023,95.33467117
IT.NET.USER.ZS,AUT,Austria,2022,93.61409139
IT.NET.USER.ZS,AUT,Austria,2021,92.52915104
IT.NET.USER.ZS,AUT,Austria,2020,87.52942813
IT.NET.USER.ZS,AUT,Austria,2019,87.7522047870069
IT.NET.USER.ZS,AUT,Austria,2018,87.4791372262556
IT.NET.USER.ZS,AUT,Austria,2017,87.9355865856062
IT.NET.USER.ZS,AUT,Austria,2016,84.3237425711653
IT.NET.USER.ZS,AUT,Austria,2015,83.9401419315026
IT.NET.USER.ZS,AZE,Azerbaijan,2025,90.80000181
IT.NET.USER.ZS,AZE,Azerbaijan,2024,90.43979645
IT.NET.USER.ZS,AZE,Azerbaijan,2023,89.0
IT.NET.USER.ZS,AZE,Azerbaijan,2022,88.0
IT.NET.USER.ZS,AZE,Azerbaijan,2021,85.99998954
IT.NET.USER.ZS,AZE,Azerbaijan,2020,84.59999573
IT.NET.USER.ZS,AZE,Azerbaijan,2019,81.0999990651547
IT.NET.USER.ZS,AZE,Azerbaijan,2018,79.7999954887896
IT.NET.USER.ZS,AZE,Azerbaijan,2017,79.0
IT.NET.USER.ZS,AZE,Azerbaijan,2016,78.2
IT.NET.USER.ZS,AZE,Azerbaijan,2015,77.0
IT.NET.USER.ZS,BHS,"Bahamas, The",2024,92.47270203
IT.NET.USER.ZS,BHS,"Bahamas, The",2023,92.38729858
IT.NET.USER.ZS,BHS,"Bahamas, The",2022,92.2559967
IT.NET.USER.ZS,BHS,"Bahamas, The",2021,92.34980011
IT.NET.USER.ZS,BHS,"Bahamas, The",2020,92.4437027
IT.NET.USER.ZS,BHS,"Bahamas, The",2019,90.69329834
IT.NET.USER.ZS,BHS,"Bahamas, The",2018,83.0
IT.NET.USER.ZS,BHS,"Bahamas, The",2017,80.59999847
IT.NET.USER.ZS,BHS,"Bahamas, The",2016,80.0
IT.NET.USER.ZS,BHS,"Bahamas, The",2015,78.0
IT.NET.USER.ZS,BHR,Bahrain,2024,100.0
IT.NET.USER.ZS,BHR,Bahrain,2023,100.0
IT.NET.USER.ZS,BHR,Bahrain,2022,100.0
IT.NET.USER.ZS,BHR,Bahrain,2021,100.0
IT.NET.USER.ZS,BHR,Bahrain,2020,99.67103159
IT.NET.USER.ZS,BHR,Bahrain,2019,99.7015043807778
IT.NET.USER.ZS,BHR,Bahrain,2018,98.6446725799886
IT.NET.USER.ZS,BHR,Bahrain,2017,95.8781357543453
IT.NET.USER.ZS,BHR,Bahrain,2016,97.9999807024146
IT.NET.USER.ZS,BHR,Bahrain,2015,93.4783007986129
IT.NET.USER.ZS,BGD,Bangladesh,2024,53.42171316
IT.NET.USER.ZS,BGD,Bangladesh,2023,44.50274195
IT.NET.USER.ZS,BGD,Bangladesh,2022,41.61650085
IT.NET.USER.ZS,BGD,Bangladesh,2021,38.91744466
IT.NET.USER.ZS,BGD,Bangladesh,2020,36.10910034
IT.NET.USER.ZS,BGD,Bangladesh,2019,30.38310051
IT.NET.USER.ZS,BGD,Bangladesh,2018,25.56509972
IT.NET.USER.ZS,BGD,Bangladesh,2017,21.5
IT.NET.USER.ZS,BGD,Bangladesh,2016,16.89909935
IT.NET.USER.ZS,BGD,Bangladesh,2015,12.36880016
IT.NET.USER.ZS,BRB,Barbados,2024,70.36470032
IT.NET.USER.ZS,BRB,Barbados,2023,69.67510223
IT.NET.USER.ZS,BRB,Barbados,2022,69.06359863
IT.NET.USER.ZS,BRB,Barbados,2021,69.4756012
IT.NET.USER.ZS,BRB,Barbados,2020,69.89009857
IT.NET.USER.ZS,BRB,Barbados,2019,70.30709839
IT.NET.USER.ZS,BRB,Barbados,2018,70.72650146
IT.NET.USER.ZS,BRB,Barbados,2017,71.14849854
IT.NET.USER.ZS,BRB,Barbados,2016,71.57299805
IT.NET.USER.ZS,BRB,Barbados,2015,72.04940033
IT.NET.USER.ZS,BLR,Belarus,2024,94.26182128
IT.NET.USER.ZS,BLR,Belarus,2023,91.51249979
IT.NET.USER.ZS,BLR,Belarus,2022,89.50733148
IT.NET.USER.ZS,BLR,Belarus,2021,86.88841196
IT.NET.USER.ZS,BLR,Belarus,2020,85.08791245
IT.NET.USER.ZS,BLR,Belarus,2019,82.7891520910901
IT.NET.USER.ZS,BLR,Belarus,2018,79.1298866919307
IT.NET.USER.ZS,BLR,Belarus,2017,74.4364454136036
IT.NET.USER.ZS,BLR,Belarus,2016,71.1130457603832
IT.NET.USER.ZS,BLR,Belarus,2015,62.230360906803
IT.NET.USER.ZS,BEL,Belgium,2024,95.77579144
IT.NET.USER.ZS,BEL,Belgium,2023,94.62625074
IT.NET.USER.ZS,BEL,Belgium,2022,94.00783071
IT.NET.USER.ZS,BEL,Belgium,2021,92.78867618
IT.NET.USER.ZS,BEL,Belgium,2020,91.52641629
IT.NET.USER.ZS,BEL,Belgium,2019,90.275428012141
IT.NET.USER.ZS,BEL,Belgium,2018,88.6473429951691
IT.NET.USER.ZS,BEL,Belgium,2017,87.6796808175598
IT.NET.USER.ZS,BEL,Belgium,2016,86.5164766644457
IT.NET.USER.ZS,BEL,Belgium,2015,85.0529417508701
IT.NET.USER.ZS,BLZ,Belize,2024,80.00582262
IT.NET.USER.ZS,BLZ,Belize,2023,70.18720245
IT.NET.USER.ZS,BLZ,Belize,2022,69.98329926
IT.NET.USER.ZS,BLZ,Belize,2021,70.65370178
IT.NET.USER.ZS,BLZ,Belize,2020,64.43589783
IT.NET.USER.ZS,BLZ,Belize,2019,58.76520157
IT.NET.USER.ZS,BLZ,Belize,2018,53.59360123
IT.NET.USER.ZS,BLZ,Belize,2017,48.8771019
IT.NET.USER.ZS,BLZ,Belize,2016,44.57569885
IT.NET.USER.ZS,BLZ,Belize,2015,41.59000015
IT.NET.USER.ZS,BEN,Benin,2024,33.98379898
IT.NET.USER.ZS,BEN,Benin,2023,32.39400101
IT.NET.USER.ZS,BEN,Benin,2022,30.53730011
IT.NET.USER.ZS,BEN,Benin,2021,28.20470047
IT.NET.USER.ZS,BEN,Benin,2020,22.12059975
IT.NET.USER.ZS,BEN,Benin,2019,20.50099945
IT.NET.USER.ZS,BEN,Benin,2018,19.0
IT.NET.USER.ZS,BEN,Benin,2017,18.7
IT.NET.USER.ZS,BEN,Benin,2016,14.5
IT.NET.USER.ZS,BEN,Benin,2015,11.25500011
IT.NET.USER.ZS,BMU,Bermuda,2017,98.37
IT.NET.USER.ZS,BMU,Bermuda,2016,98.0
IT.NET.USER.ZS,BMU,Bermuda,2015,98.3236096537251
IT.NET.USER.ZS,BTN,Bhutan,2024,91.27739716
IT.NET.USER.ZS,BTN,Bhutan,2023,90.02140045
IT.NET.USER.ZS,BTN,Bhutan,2022,88.35620117
IT.NET.USER.ZS,BTN,Bhutan,2021,85.63688389
IT.NET.USER.ZS,BTN,Bhutan,2020,76.85079956
IT.NET.USER.ZS,BTN,Bhutan,2019,74.17939758
IT.NET.USER.ZS,BTN,Bhutan,2018,63.48680115
IT.NET.USER.ZS,BTN,Bhutan,2017,54.33549881
IT.NET.USER.ZS,BTN,Bhutan,2016,46.50320053
IT.NET.USER.ZS,BTN,Bhutan,2015,39.79999924
IT.NET.USER.ZS,BOL,Bolivia,2024,79.70469666
IT.NET.USER.ZS,BOL,Bolivia,2023,77.30039978
IT.NET.USER.ZS,BOL,Bolivia,2022,72.62270355
IT.NET.USER.ZS,BOL,Bolivia,2021,65.9773785
IT.NET.USER.ZS,BOL,Bolivia,2020,59.94010155
IT.NET.USER.ZS,BOL,Bolivia,2019,47.4748191121692
IT.NET.USER.ZS,BOL,Bolivia,2018,44.2861422024283
IT.NET.USER.ZS,BOL,Bolivia,2017,43.83229828
IT.NET.USER.ZS,BOL,Bolivia,2016,39.69749832
IT.NET.USER.ZS,BOL,Bolivia,2015,37.4868176324391
IT.NET.USER.ZS,BIH,Bosnia and Herzegovina,2024,86.10091103
IT.NET.USER.ZS,BIH,Bosnia and Herzegovina,2023,83.3771539
IT.NET.USER.ZS,BIH,Bosnia and Herzegovina,2022,78.8455371
IT.NET.USER.ZS,BIH,Bosnia and Herzegovina,2021,75.67620138
IT.NET.USER.ZS,BIH,Bosnia and Herzegovina,2020,73.21175294
IT.NET.USER.ZS,BIH,Bosnia and Herzegovina,2019,69.9463476317266
IT.NET.USER.ZS,BIH,Bosnia and Herzegovina,2018,70.1201350394885
IT.NET.USER.ZS,BIH,Bosnia and Herzegovina,2017,64.8920205128383
IT.NET.USER.ZS,BIH,Bosnia and Herzegovina,2016,60.2565354318987
IT.NET.USER.ZS,BIH,Bosnia and Herzegovina,2015,52.59999847
IT.NET.USER.ZS,BWA,Botswana,2024,57.45950036
IT.NET.USER.ZS,BWA,Botswana,2022,57.9
IT.NET.USER.ZS,BWA,Botswana,2021,54.70069885
IT.NET.USER.ZS,BWA,Botswana,2020,51.67819977
IT.NET.USER.ZS,BWA,Botswana,2019,48.82279968
IT.NET.USER.ZS,BWA,Botswana,2018,46.12509918
IT.NET.USER.ZS,BWA,Botswana,2017,43.57640076
IT.NET.USER.ZS,BWA,Botswana,2016,41.16859818
IT.NET.USER.ZS,BWA,Botswana,2015,38.89379883
IT.NET.USER.ZS,BRA,Brazil,2024,84.46347227
IT.NET.USER.ZS,BRA,Brazil,2023,84.15060238
IT.NET.USER.ZS,BRA,Brazil,2022,80.52775094
IT.NET.USER.ZS,BRA,Brazil,2021,80.68989314
IT.NET.USER.ZS,BRA,Brazil,2020,81.34269353
IT.NET.USER.ZS,BRA,Brazil,2019,73.9124399133589
IT.NET.USER.ZS,BRA,Brazil,2018,70.4342825404361
IT.NET.USER.ZS,BRA,Brazil,2017,67.4712845236305
IT.NET.USER.ZS,BRA,Brazil,2016,60.8725400681261
IT.NET.USER.ZS,BRA,Brazil,2015,58.3279517340924
IT.NET.USER.ZS,VGB,British Virgin Islands,2017,77.7042682926829
IT.NET.USER.ZS,VGB,British Virgin Islands,2016,77.7014296797074
IT.NET.USER.ZS,BRN,Brunei Darussalam,2024,96.29828801
IT.NET.USER.ZS,BRN,Brunei Darussalam,2023,98.97039795
IT.NET.USER.ZS,BRN,Brunei Darussalam,2022,98.97042579
IT.NET.USER.ZS,BRN,Brunei Darussalam,2021,97.62879944
IT.NET.USER.ZS,BRN,Brunei Darussalam,2020,96.30549622
IT.NET.USER.ZS,BRN,Brunei Darussalam,2019,95.0
IT.NET.USER.ZS,BRN,Brunei Darussalam,2018,95.0
IT.NET.USER.ZS,BRN,Brunei Darussalam,2017,94.86669922
IT.NET.USER.ZS,BRN,Brunei Darussalam,2016,90.0
IT.NET.USER.ZS,BRN,Brunei Darussalam,2015,71.19999695
IT.NET.USER.ZS,BGR,Bulgaria,2024,82.438955
IT.NET.USER.ZS,BGR,Bulgaria,2023,80.38956462
IT.NET.USER.ZS,BGR,Bulgaria,2022,79.12686326
IT.NET.USER.ZS,BGR,Bulgaria,2021,75.27144583
IT.NET.USER.ZS,BGR,Bulgaria,2020,70.16248359
IT.NET.USER.ZS,BGR,Bulgaria,2019,67.9469809417603
IT.NET.USER.ZS,BGR,Bulgaria,2018,64.78201069118
IT.NET.USER.ZS,BGR,Bulgaria,2017,63.4101013837926
IT.NET.USER.ZS,BGR,Bulgaria,2016,59.825547661014
IT.NET.USER.ZS,BGR,Bulgaria,2015,56.6562516053086
IT.NET.USER.ZS,BFA,Burkina Faso,2024,28.25270081
IT.NET.USER.ZS,BFA,Burkina Faso,2023,25.36120033
IT.NET.USER.ZS,BFA,Burkina Faso,2022,25.3987999
IT.NET.USER.ZS,BFA,Burkina Faso,2021,18.1522007
IT.NET.USER.ZS,BFA,Burkina Faso,2020,12.97319984
IT.NET.USER.ZS,BFA,Burkina Faso,2019,9.27180600953186
IT.NET.USER.ZS,BFA,Burkina Faso,2018,8.498900414
IT.NET.USER.ZS,BFA,Burkina Faso,2017,7.790400028
IT.NET.USER.ZS,BFA,Burkina Faso,2016,7.140999794
IT.NET.USER.ZS,BFA,Burkina Faso,2015,6.545700073
IT.NET.USER.ZS,BDI,Burundi,2024,8.595999718
IT.NET.USER.ZS,BDI,Burundi,2023,7.172299862
IT.NET.USER.ZS,BDI,Burundi,2022,7.144800186
IT.NET.USER.ZS,BDI,Burundi,2021,6.777999878
IT.NET.USER.ZS,BDI,Burundi,2020,6.430099964
IT.NET.USER.ZS,BDI,Burundi,2019,6.072199821
IT.NET.USER.ZS,BDI,Burundi,2018,4.019499779
IT.NET.USER.ZS,BDI,Burundi,2017,2.6607485347534
IT.NET.USER.ZS,BDI,Burundi,2016,2.200000048
IT.NET.USER.ZS,BDI,Burundi,2015,2.0
IT.NET.USER.ZS,CPV,Cabo Verde,2024,74.73519897
IT.NET.USER.ZS,CPV,Cabo Verde,2023,74.59919739
IT.NET.USER.ZS,CPV,Cabo Verde,2022,73.32740021
IT.NET.USER.ZS,CPV,Cabo Verde,2021,70.28250122
IT.NET.USER.ZS,CPV,Cabo Verde,2020,69.37339783
IT.NET.USER.ZS,CPV,Cabo Verde,2019,61.9433977593088
IT.NET.USER.ZS,CPV,Cabo Verde,2018,59.5
IT.NET.USER.ZS,CPV,Cabo Verde,2017,57.1621463484891
IT.NET.USER.ZS,CPV,Cabo Verde,2016,50.3228178676892
IT.NET.USER.ZS,CPV,Cabo Verde,2015,42.6830141582781
IT.NET.USER.ZS,KHM,Cambodia,2024,68.47530365
IT.NET.USER.ZS,KHM,Cambodia,2023,68.92549896
IT.NET.USER.ZS,KHM,Cambodia,2022,65.49079895
IT.NET.USER.ZS,KHM,Cambodia,2021,60.76269913
IT.NET.USER.ZS,KHM,Cambodia,2020,56.37590027
IT.NET.USER.ZS,KHM,Cambodia,2019,52.305878224498
IT.NET.USER.ZS,KHM,Cambodia,2018,65.0
IT.NET.USER.ZS,KHM,Cambodia,2017,32.9002785437986
IT.NET.USER.ZS,KHM,Cambodia,2016,32.3984517141849
IT.NET.USER.ZS,KHM,Cambodia,2015,6.43319107021405
IT.NET.USER.ZS,CMR,Cameroon,2024,46.25880051
IT.NET.USER.ZS,CMR,Cameroon,2023,42.24380112
IT.NET.USER.ZS,CMR,Cameroon,2022,40.12559891
IT.NET.USER.ZS,CMR,Cameroon,2021,38.89260101
IT.NET.USER.ZS,CMR,Cameroon,2020,37.69749832
IT.NET.USER.ZS,CMR,Cameroon,2019,36.53919983
IT.NET.USER.ZS,CMR,Cameroon,2018,29.70000076
IT.NET.USER.ZS,CMR,Cameroon,2017,23.2029719748646
IT.NET.USER.ZS,CMR,Cameroon,2016,20.60000038
IT.NET.USER.ZS,CMR,Cameroon,2015,18.29999924
IT.NET.USER.ZS,CAN,Canada,2024,94.353302
IT.NET.USER.ZS,CAN,Canada,2023,94.14530182
IT.NET.USER.ZS,CAN,Canada,2022,94.0
IT.NET.USER.ZS,CAN,Canada,2021,93.93710327
IT.NET.USER.ZS,CAN,Canada,2020,92.3
IT.NET.USER.ZS,CAN,Canada,2019,91.91290283
IT.NET.USER.ZS,CAN,Canada,2018,94.64
IT.NET.USER.ZS,CAN,Canada,2017,92.70140076
IT.NET.USER.ZS,CAN,Canada,2016,91.16000366
IT.NET.USER.ZS,CAN,Canada,2015,90.0
IT.NET.USER.ZS,CYM,Cayman Islands,2017,81.0676932508161
IT.NET.USER.ZS,CYM,Cayman Islands,2016,79.0
IT.NET.USER.ZS,CYM,Cayman Islands,2015,77.0
IT.NET.USER.ZS,CAF,Central African Republic,2024,13.78250027
IT.NET.USER.ZS,CAF,Central African Republic,2023,13.8416996
IT.NET.USER.ZS,CAF,Central African Republic,2022,13.75360012
IT.NET.USER.ZS,CAF,Central African Republic,2019,7.509200096
IT.NET.USER.ZS,CAF,Central African Republic,2018,5.099999905
IT.NET.USER.ZS,CAF,Central African Republic,2017,4.0
IT.NET.USER.ZS,CAF,Central African Republic,2016,3.099999905
IT.NET.USER.ZS,CAF,Central African Republic,2015,2.900000095
IT.NET.USER.ZS,TCD,Chad,2024,12.62689972
IT.NET.USER.ZS,TCD,Chad,2023,12.03590012
IT.NET.USER.ZS,TCD,Chad,2022,11.17029953
IT.NET.USER.ZS,TCD,Chad,2021,9.653699875
IT.NET.USER.ZS,TCD,Chad,2020,8.343099594
IT.NET.USER.ZS,TCD,Chad,2019,7.618199825
IT.NET.USER.ZS,TCD,Chad,2018,6.956299782
IT.NET.USER.ZS,TCD,Chad,2017,6.351900101
IT.NET.USER.ZS,TCD,Chad,2016,5.800000191
IT.NET.USER.ZS,TCD,Chad,2015,3.5
IT.NET.USER.ZS,CHL,Chile,2024,95.590243
IT.NET.USER.ZS,CHL,Chile,2023,94.45742345
IT.NET.USER.ZS,CHL,Chile,2022,92.31819916
IT.NET.USER.ZS,CHL,Chile,2021,90.23280334
IT.NET.USER.ZS,CHL,Chile,2020,87.45929718
IT.NET.USER.ZS,CHL,Chile,2019,85.01760101
IT.NET.USER.ZS,CHL,Chile,2018,84.90000153
IT.NET.USER.ZS,CHL,Chile,2017,82.3274869338464
IT.NET.USER.ZS,CHL,Chile,2016,83.5585860244169
IT.NET.USER.ZS,CHL,Chile,2015,76.6295919508796
IT.NET.USER.ZS,CHN,China,2025,91.6
IT.NET.USER.ZS,CHN,China,2024,92.0
IT.NET.USER.ZS,CHN,China,2023,90.6
IT.NET.USER.ZS,CHN,China,2022,75.61131603
IT.NET.USER.ZS,CHN,China,2021,73.05323517
IT.NET.USER.ZS,CHN,China,2020,70.05275998
IT.NET.USER.ZS,CHN,China,2019,64.080881297515
IT.NET.USER.ZS,CHN,China,2018,65.35839844
IT.NET.USER.ZS,CHN,China,2017,54.3
IT.NET.USER.ZS,CHN,China,2016,53.2
IT.NET.USER.ZS,CHN,China,2015,50.29999924
IT.NET.USER.ZS,COL,Colombia,2024,79.34543299
IT.NET.USER.ZS,COL,Colombia,2023,77.33686322
IT.NET.USER.ZS,COL,Colombia,2022,72.79637855
IT.NET.USER.ZS,COL,Colombia,2021,73.02837449
IT.NET.USER.ZS,COL,Colombia,2020,69.79533474
IT.NET.USER.ZS,COL,Colombia,2019,65.0069007159493
IT.NET.USER.ZS,COL,Colombia,2018,64.1263768204459
IT.NET.USER.ZS,COL,Colombia,2017,62.2598803162841
IT.NET.USER.ZS,COL,Colombia,2016,58.1364935728703
IT.NET.USER.ZS,COL,Colombia,2015,55.9049725142924
IT.NET.USER.ZS,COM,Comoros,2024,32.51750183
IT.NET.USER.ZS,COM,Comoros,2023,31.92749977
IT.NET.USER.ZS,COM,Comoros,2022,31.37409973
IT.NET.USER.ZS,COM,Comoros,2021,30.68120003
IT.NET.USER.ZS,COM,Comoros,2020,22.42040062
IT.NET.USER.ZS,COM,Comoros,2019,16.38380051
IT.NET.USER.ZS,COM,Comoros,2017,8.478199959
IT.NET.USER.ZS,COM,Comoros,2016,7.938300133
IT.NET.USER.ZS,COM,Comoros,2015,7.459199905
IT.NET.USER.ZS,COD,"Congo, Dem. Rep.",2024,19.67350006
IT.NET.USER.ZS,COD,"Congo, Dem. Rep.",2023,18.96789932
IT.NET.USER.ZS,COD,"Congo, Dem. Rep.",2022,17.99620056
IT.NET.USER.ZS,COD,"Congo, Dem. Rep.",2021,16.1595993
IT.NET.USER.ZS,COD,"Congo, Dem. Rep.",2020,14.51049995
IT.NET.USER.ZS,COD,"Congo, Dem. Rep.",2019,13.02970028
IT.NET.USER.ZS,COD,"Congo, Dem. Rep.",2018,11.69999981
IT.NET.USER.ZS,COD,"Congo, Dem. Rep.",2016,10.1
IT.NET.USER.ZS,COD,"Congo, Dem. Rep.",2015,3.799999952
IT.NET.USER.ZS,COG,"Congo, Rep.",2024,47.25159836
IT.NET.USER.ZS,COG,"Congo, Rep.",2023,43.15039825
IT.NET.USER.ZS,COG,"Congo, Rep.",2022,40.98669815
IT.NET.USER.ZS,COG,"Congo, Rep.",2021,30.02739906
IT.NET.USER.ZS,COG,"Congo, Rep.",2020,21.99850082
IT.NET.USER.ZS,COG,"Congo, Rep.",2019,16.11639977
IT.NET.USER.ZS,COG,"Congo, Rep.",2018,11.8071003
IT.NET.USER.ZS,COG,"Congo, Rep.",2017,8.649999619
IT.NET.USER.ZS,COG,"Congo, Rep.",2016,8.121899605
IT.NET.USER.ZS,COG,"Congo, Rep.",2015,7.616000175
IT.NET.USER.ZS,CRI,Costa Rica,2024,87.17019653
IT.NET.USER.ZS,CRI,Costa Rica,2023,85.39514799
IT.NET.USER.ZS,CRI,Costa Rica,2022,82.59801121
IT.NET.USER.ZS,CRI,Costa Rica,2021,82.74901607
IT.NET.USER.ZS,CRI,Costa Rica,2020,80.53018608
IT.NET.USER.ZS,CRI,Costa Rica,2019,81.2025964435269
IT.NET.USER.ZS,CRI,Costa Rica,2018,73.4797284369906
IT.NET.USER.ZS,CRI,Costa Rica,2017,71.5816646195022
IT.NET.USER.ZS,CRI,Costa Rica,2016,65.8804491942718
IT.NET.USER.ZS,CRI,Costa Rica,2015,59.7629501371681
IT.NET.USER.ZS,CIV,Cote d'Ivoire,2024,41.43219902
IT.NET.USER.ZS,CIV,Cote d'Ivoire,2023,40.65284979
IT.NET.USER.ZS,CIV,Cote d'Ivoire,2022,38.41328122
IT.NET.USER.ZS,CIV,Cote d'Ivoire,2021,35.95069885
IT.NET.USER.ZS,CIV,Cote d'Ivoire,2020,36.01660156
IT.NET.USER.ZS,CIV,Cote d'Ivoire,2019,36.2889545655205
IT.NET.USER.ZS,CIV,Cote d'Ivoire,2018,37.5465361301281
IT.NET.USER.ZS,CIV,Cote d'Ivoire,2017,43.8399208514876
IT.NET.USER.ZS,CIV,Cote d'Ivoire,2016,41.2078149304414
IT.NET.USER.ZS,CIV,Cote d'Ivoire,2015,38.4400001654616
IT.NET.USER.ZS,HRV,Croatia,2024,83.63240029
IT.NET.USER.ZS,HRV,Croatia,2023,83.24117599
IT.NET.USER.ZS,HRV,Croatia,2022,82.07155532
IT.NET.USER.ZS,HRV,Croatia,2021,81.25396608
IT.NET.USER.ZS,HRV,Croatia,2020,78.32090004
IT.NET.USER.ZS,HRV,Croatia,2019,79.0797836757554
IT.NET.USER.ZS,HRV,Croatia,2018,75.2946259897258
IT.NET.USER.ZS,HRV,Croatia,2017,67.0961920368478
IT.NET.USER.ZS,HRV,Croatia,2016,72.6972696701463
IT.NET.USER.ZS,HRV,Croatia,2015,69.8450359238281
IT.NET.USER.ZS,CUB,Cuba,2024,70.47699738
IT.NET.USER.ZS,CUB,Cuba,2023,69.55580139
IT.NET.USER.ZS,CUB,Cuba,2022,67.88410187
IT.NET.USER.ZS,CUB,Cuba,2021,67.64354869
IT.NET.USER.ZS,CUB,Cuba,2020,71.11907507
IT.NET.USER.ZS,CUB,Cuba,2019,67.9708086565152
IT.NET.USER.ZS,CUB,Cuba,2018,62.6789236230601
IT.NET.USER.ZS,CUB,Cuba,2017,57.1484043170788
IT.NET.USER.ZS,CUB,Cuba,2016,42.9786751910106
IT.NET.USER.ZS,CUB,Cuba,2015,37.3050974155373
IT.NET.USER.ZS,CUW,Curacao,2017,68.1272162511339
IT.NET.USER.ZS,CUW,Curacao,2016,61.855510740634
IT.NET.USER.ZS,CYP,Cyprus,2024,89.60099246
IT.NET.USER.ZS,CYP,Cyprus,2023,91.22110357
IT.NET.USER.ZS,CYP,Cyprus,2022,89.60099194
IT.NET.USER.ZS,CYP,Cyprus,2021,90.75951564
IT.NET.USER.ZS,CYP,Cyprus,2020,90.80194644
IT.NET.USER.ZS,CYP,Cyprus,2019,86.0636299618935
IT.NET.USER.ZS,CYP,Cyprus,2018,84.4335825186889
IT.NET.USER.ZS,CYP,Cyprus,2017,80.743188971932
IT.NET.USER.ZS,CYP,Cyprus,2016,75.9002054030125
IT.NET.USER.ZS,CYP,Cyprus,2015,71.7157409175171
IT.NET.USER.ZS,CZE,Czechia,2024,87.68776014
IT.NET.USER.ZS,CZE,Czechia,2023,85.99404818
IT.NET.USER.ZS,CZE,Czechia,2022,84.54009378
IT.NET.USER.ZS,CZE,Czechia,2021,82.67062427
IT.NET.USER.ZS,CZE,Czechia,2020,81.33889705
IT.NET.USER.ZS,CZE,Czechia,2019,80.8669444139622
IT.NET.USER.ZS,CZE,Czechia,2018,80.6881675434288
IT.NET.USER.ZS,CZE,Czechia,2017,78.7191728513432
IT.NET.USER.ZS,CZE,Czechia,2016,76.4811986951838
IT.NET.USER.ZS,CZE,Czechia,2015,75.668838699279
IT.NET.USER.ZS,DNK,Denmark,2024,99.76915157
IT.NET.USER.ZS,DNK,Denmark,2023,98.77559197
IT.NET.USER.ZS,DNK,Denmark,2022,97.86011812
IT.NET.USER.ZS,DNK,Denmark,2021,98.8658506
IT.NET.USER.ZS,DNK,Denmark,2020,96.54914573
IT.NET.USER.ZS,DNK,Denmark,2019,98.0464347521549
IT.NET.USER.ZS,DNK,Denmark,2018,97.3192043651002
IT.NET.USER.ZS,DNK,Denmark,2017,97.0993621555621
IT.NET.USER.ZS,DNK,Denmark,2016,96.9677852516645
IT.NET.USER.ZS,DNK,Denmark,2015,96.3305016195436
IT.NET.USER.ZS,DJI,Djibouti,2024,65.29889679
IT.NET.USER.ZS,DJI,Djibouti,2023,64.75869751
IT.NET.USER.ZS,DJI,Djibouti,2022,63.77600098
IT.NET.USER.ZS,DJI,Djibouti,2021,61.41120148
IT.NET.USER.ZS,DJI,Djibouti,2020,59.92570114
IT.NET.USER.ZS,DJI,Djibouti,2019,58.4762001
IT.NET.USER.ZS,DJI,Djibouti,2018,57.06169891
IT.NET.USER.ZS,DJI,Djibouti,2017,55.6814092453962
IT.NET.USER.ZS,DJI,Djibouti,2016,30.79999924
IT.NET.USER.ZS,DJI,Djibouti,2015,22.89999962
IT.NET.USER.ZS,DMA,Dominica,2024,82.04689789
IT.NET.USER.ZS,DMA,Dominica,2023,81.33650208
IT.NET.USER.ZS,DMA,Dominica,2022,80.57980347
IT.NET.USER.ZS,DMA,Dominica,2021,78.07949829
IT.NET.USER.ZS,DMA,Dominica,2020,75.65670013
IT.NET.USER.ZS,DMA,Dominica,2019,73.38200378
IT.NET.USER.ZS,DMA,Dominica,2017,69.61969757
IT.NET.USER.ZS,DMA,Dominica,2016,67.02999878
IT.NET.USER.ZS,DMA,Dominica,2015,65.0
IT.NET.USER.ZS,DOM,Dominican Republic,2024,91.0022446
IT.NET.USER.ZS,DOM,Dominican Republic,2023,86.12689972
IT.NET.USER.ZS,DOM,Dominican Republic,2022,81.51269675
IT.NET.USER.ZS,DOM,Dominican Republic,2021,85.24298638
IT.NET.USER.ZS,DOM,Dominican Republic,2020,81.61730194
IT.NET.USER.ZS,DOM,Dominican Republic,2019,79.71549988
IT.NET.USER.ZS,DOM,Dominican Republic,2018,74.8220483597284
IT.NET.USER.ZS,DOM,Dominican Republic,2017,67.5712453277737
IT.NET.USER.ZS,DOM,Dominican Republic,2016,63.8708647408206
IT.NET.USER.ZS,DOM,Dominican Republic,2015,54.2157663369785
IT.NET.USER.ZS,ECU,Ecuador,2024,77.17273115
IT.NET.USER.ZS,ECU,Ecuador,2023,72.6943146
IT.NET.USER.ZS,ECU,Ecuador,2022,69.71811356
IT.NET.USER.ZS,ECU,Ecuador,2021,69.1147995
IT.NET.USER.ZS,ECU,Ecuador,2020,70.7
IT.NET.USER.ZS,ECU,Ecuador,2019,59.2
IT.NET.USER.ZS,ECU,Ecuador,2018,57.5
IT.NET.USER.ZS,ECU,Ecuador,2017,55.79999924
IT.NET.USER.ZS,ECU,Ecuador,2016,54.0629247288864
IT.NET.USER.ZS,ECU,Ecuador,2015,48.9404337892669
IT.NET.USER.ZS,EGY,"Egypt, Arab Rep.",2024,74.64839935
IT.NET.USER.ZS,EGY,"Egypt, Arab Rep.",2023,74.01190186
IT.NET.USER.ZS,EGY,"Egypt, Arab Rep.",2022,72.19806556
IT.NET.USER.ZS,EGY,"Egypt, Arab Rep.",2021,72.05599976
IT.NET.USER.ZS,EGY,"Egypt, Arab Rep.",2020,71.91420096
IT.NET.USER.ZS,EGY,"Egypt, Arab Rep.",2019,57.2828663990195
IT.NET.USER.ZS,EGY,"Egypt, Arab Rep.",2018,46.92433676792
IT.NET.USER.ZS,EGY,"Egypt, Arab Rep.",2017,44.9502042452857
IT.NET.USER.ZS,EGY,"Egypt, Arab Rep.",2016,41.2480670885772
IT.NET.USER.ZS,EGY,"Egypt, Arab Rep.",2015,37.8193834276939
IT.NET.USER.ZS,SLV,El Salvador,2024,66.47769928
IT.NET.USER.ZS,SLV,El Salvador,2023,62.61989975
IT.NET.USER.ZS,SLV,El Salvador,2022,60.05609894
IT.NET.USER.ZS,SLV,El Salvador,2021,57.26380157
IT.NET.USER.ZS,SLV,El Salvador,2020,54.60136976
IT.NET.USER.ZS,SLV,El Salvador,2019,50.4911940673888
IT.NET.USER.ZS,SLV,El Salvador,2018,43.79999924
IT.NET.USER.ZS,SLV,El Salvador,2017,33.8207289048526
IT.NET.USER.ZS,SLV,El Salvador,2016,28.99710083
IT.NET.USER.ZS,SLV,El Salvador,2015,26.8026049600572
IT.NET.USER.ZS,GNQ,Equatorial Guinea,2024,63.29930115
IT.NET.USER.ZS,GNQ,Equatorial Guinea,2023,63.51950073
IT.NET.USER.ZS,GNQ,Equatorial Guinea,2022,63.65950012
IT.NET.USER.ZS,GNQ,Equatorial Guinea,2021,58.71730042
IT.NET.USER.ZS,GNQ,Equatorial Guinea,2020,55.00130081
IT.NET.USER.ZS,GNQ,Equatorial Guinea,2019,49.13370132
IT.NET.USER.ZS,GNQ,Equatorial Guinea,2018,29.39999962
IT.NET.USER.ZS,GNQ,Equatorial Guinea,2017,26.23999977
IT.NET.USER.ZS,GNQ,Equatorial Guinea,2016,23.78000069
IT.NET.USER.ZS,GNQ,Equatorial Guinea,2015,21.31999969
IT.NET.USER.ZS,ERI,Eritrea,2020,14.34939957
IT.NET.USER.ZS,ERI,Eritrea,2019,11.22379971
IT.NET.USER.ZS,ERI,Eritrea,2018,5.293000221
IT.NET.USER.ZS,ERI,Eritrea,2017,2.496099949
IT.NET.USER.ZS,ERI,Eritrea,2016,1.177099943
IT.NET.USER.ZS,ERI,Eritrea,2015,1.083699942
IT.NET.USER.ZS,EST,Estonia,2024,92.23796204
IT.NET.USER.ZS,EST,Estonia,2023,93.18342241
IT.NET.USER.ZS,EST,Estonia,2022,91.52016546
IT.NET.USER.ZS,EST,Estonia,2021,90.97970174
IT.NET.USER.ZS,EST,Estonia,2020,89.05828666
IT.NET.USER.ZS,EST,Estonia,2019,90.2289281997919
IT.NET.USER.ZS,EST,Estonia,2018,89.3570077747426
IT.NET.USER.ZS,EST,Estonia,2017,88.1024568740199
IT.NET.USER.ZS,EST,Estonia,2016,87.2402327514547
IT.NET.USER.ZS,EST,Estonia,2015,88.4097035040431
IT.NET.USER.ZS,SWZ,Eswatini,2024,63.40309906
IT.NET.USER.ZS,SWZ,Eswatini,2023,61.33330154
IT.NET.USER.ZS,SWZ,Eswatini,2022,57.34370041
IT.NET.USER.ZS,SWZ,Eswatini,2021,53.99530029
IT.NET.USER.ZS,SWZ,Eswatini,2020,49.01300049
IT.NET.USER.ZS,SWZ,Eswatini,2019,43.93389893
IT.NET.USER.ZS,SWZ,Eswatini,2018,39.38100052
IT.NET.USER.ZS,SWZ,Eswatini,2017,35.33160019
IT.NET.USER.ZS,SWZ,Eswatini,2016,28.56999969
IT.NET.USER.ZS,SWZ,Eswatini,2015,25.64299965
IT.NET.USER.ZS,ETH,Ethiopia,2024,21.94129944
IT.NET.USER.ZS,ETH,Ethiopia,2023,20.33749962
IT.NET.USER.ZS,ETH,Ethiopia,2022,17.9836998
IT.NET.USER.ZS,ETH,Ethiopia,2021,16.6981031
IT.NET.USER.ZS,ETH,Ethiopia,2020,16.06959915
IT.NET.USER.ZS,ETH,Ethiopia,2019,15.98460007
IT.NET.USER.ZS,ETH,Ethiopia,2018,15.88619995
IT.NET.USER.ZS,ETH,Ethiopia,2017,15.62440014
IT.NET.USER.ZS,ETH,Ethiopia,2016,15.3669238595896
IT.NET.USER.ZS,ETH,Ethiopia,2015,13.8551755555556
IT.NET.USER.ZS,FRO,Faroe Islands,2017,97.5819589384468
IT.NET.USER.ZS,FRO,Faroe Islands,2016,95.1086816720257
IT.NET.USER.ZS,FRO,Faroe Islands,2015,94.2
IT.NET.USER.ZS,FJI,Fiji,2024,74.7052002
IT.NET.USER.ZS,FJI,Fiji,2023,74.1160965
IT.NET.USER.ZS,FJI,Fiji,2022,72.56549835
IT.NET.USER.ZS,FJI,Fiji,2021,70.56800079
IT.NET.USER.ZS,FJI,Fiji,2020,68.62560272
IT.NET.USER.ZS,FJI,Fiji,2019,63.21789932
IT.NET.USER.ZS,FJI,Fiji,2018,58.2364006
IT.NET.USER.ZS,FJI,Fiji,2017,53.6473999
IT.NET.USER.ZS,FJI,Fiji,2016,49.41999817
IT.NET.USER.ZS,FJI,Fiji,2015,42.5
IT.NET.USER.ZS,FIN,Finland,2024,93.72405196
IT.NET.USER.ZS,FIN,Finland,2023,93.51385075
IT.NET.USER.ZS,FIN,Finland,2022,92.98879471
IT.NET.USER.ZS,FIN,Finland,2021,92.80806082
IT.NET.USER.ZS,FIN,Finland,2020,92.17027106
IT.NET.USER.ZS,FIN,Finland,2019,89.6073851129779
IT.NET.USER.ZS,FIN,Finland,2018,88.8899599985585
IT.NET.USER.ZS,FIN,Finland,2017,87.4689290730615
IT.NET.USER.ZS,FIN,Finland,2016,87.7036499599455
IT.NET.USER.ZS,FIN,Finland,2015,86.4221333325445
IT.NET.USER.ZS,FRA,France,2024,88.65381638
IT.NET.USER.ZS,FRA,France,2023,86.83635789
IT.NET.USER.ZS,FRA,France,2022,85.33331734
IT.NET.USER.ZS,FRA,France,2021,86.09548575
IT.NET.USER.ZS,FRA,France,2020,84.70639801
IT.NET.USER.ZS,FRA,France,2019,83.3397440866883
IT.NET.USER.ZS,FRA,France,2018,82.0431867788484
IT.NET.USER.ZS,FRA,France,2017,80.5024597243607
IT.NET.USER.ZS,FRA,France,2016,79.2698113207547
IT.NET.USER.ZS,FRA,France,2015,78.0060377071902
IT.NET.USER.ZS,PYF,French Polynesia,2017,72.7038953132942
IT.NET.USER.ZS,PYF,French Polynesia,2016,68.440419493378
IT.NET.USER.ZS,PYF,French Polynesia,2015,64.560209747212
IT.NET.USER.ZS,GAB,Gabon,2024,68.72090149
IT.NET.USER.ZS,GAB,Gabon,2023,68.19789886
IT.NET.USER.ZS,GAB,Gabon,2022,67.67169952
IT.NET.USER.ZS,GAB,Gabon,2021,65.76809692
IT.NET.USER.ZS,GAB,Gabon,2020,63.91790009
IT.NET.USER.ZS,GAB,Gabon,2019,59.51760101
IT.NET.USER.ZS,GAB,Gabon,2018,55.42020035
IT.NET.USER.ZS,GAB,Gabon,2017,51.60490036
IT.NET.USER.ZS,GAB,Gabon,2016,48.0522995
IT.NET.USER.ZS,GAB,Gabon,2015,45.78450012
IT.NET.USER.ZS,GMB,"Gambia, The",2024,49.49430084
IT.NET.USER.ZS,GMB,"Gambia, The",2023,48.72829819
IT.NET.USER.ZS,GMB,"Gambia, The",2022,48.22539902
IT.NET.USER.ZS,GMB,"Gambia, The",2021,41.67309952
IT.NET.USER.ZS,GMB,"Gambia, The",2020,36.01100159
IT.NET.USER.ZS,GMB,"Gambia, The",2019,31.11829948
IT.NET.USER.ZS,GMB,"Gambia, The",2018,28.30900002
IT.NET.USER.ZS,GMB,"Gambia, The",2017,22.5156002
IT.NET.USER.ZS,GMB,"Gambia, The",2016,19.90640068
IT.NET.USER.ZS,GMB,"Gambia, The",2015,17.59950066
IT.NET.USER.ZS,GEO,Georgia,2024,83.79855689
IT.NET.USER.ZS,GEO,Georgia,2023,81.88425624
IT.NET.USER.ZS,GEO,Georgia,2022,78.71127536
IT.NET.USER.ZS,GEO,Georgia,2021,76.4427093
IT.NET.USER.ZS,GEO,Georgia,2020,72.53157487
IT.NET.USER.ZS,GEO,Georgia,2019,68.8467135616978
IT.NET.USER.ZS,GEO,Georgia,2018,62.7179081974285
IT.NET.USER.ZS,GEO,Georgia,2017,59.7055045962571
IT.NET.USER.ZS,GEO,Georgia,2016,58.4592896118725
IT.NET.USER.ZS,GEO,Georgia,2015,47.5697596438736
IT.NET.USER.ZS,DEU,Germany,2024,93.49999579
IT.NET.USER.ZS,DEU,Germany,2023,92.4763763
IT.NET.USER.ZS,DEU,Germany,2022,91.62984383
IT.NET.USER.ZS,DEU,Germany,2021,91.43060973
IT.NET.USER.ZS,DEU,Germany,2020,89.81294133
IT.NET.USER.ZS,DEU,Germany,2019,88.1345169091916
IT.NET.USER.ZS,DEU,Germany,2018,87.037112092841
IT.NET.USER.ZS,DEU,Germany,2017,84.3941537010844
IT.NET.USER.ZS,DEU,Germany,2016,84.1652066441212
IT.NET.USER.ZS,DEU,Germany,2015,87.5897993525767
IT.NET.USER.ZS,GHA,Ghana,2024,72.17569733
IT.NET.USER.ZS,GHA,Ghana,2023,70.67430115
IT.NET.USER.ZS,GHA,Ghana,2022,69.91329956
IT.NET.USER.ZS,GHA,Ghana,2021,68.6
IT.NET.USER.ZS,GHA,Ghana,2020,62.51760101
IT.NET.USER.ZS,GHA,Ghana,2019,22.0732
IT.NET.USER.ZS,GHA,Ghana,2018,43.0
IT.NET.USER.ZS,GHA,Ghana,2017,37.88420105
IT.NET.USER.ZS,GHA,Ghana,2016,28.0
IT.NET.USER.ZS,GHA,Ghana,2015,23.0
IT.NET.USER.ZS,GIB,Gibraltar,2016,94.4444715818151
IT.NET.USER.ZS,GRC,Greece,2024,86.26968886
IT.NET.USER.ZS,GRC,Greece,2023,85.0102229
IT.NET.USER.ZS,GRC,Greece,2022,83.17066333
IT.NET.USER.ZS,GRC,Greece,2021,78.49426371
IT.NET.USER.ZS,GRC,Greece,2020,78.11584474
IT.NET.USER.ZS,GRC,Greece,2019,75.6712066931757
IT.NET.USER.ZS,GRC,Greece,2018,72.2383733920483
IT.NET.USER.ZS,GRC,Greece,2017,69.8929706543154
IT.NET.USER.ZS,GRC,Greece,2016,69.0879154723892
IT.NET.USER.ZS,GRC,Greece,2015,66.8349594911035
IT.NET.USER.ZS,GRL,Greenland,2017,69.4824617821988
IT.NET.USER.ZS,GRL,Greenland,2016,68.500873675421
IT.NET.USER.ZS,GRL,Greenland,2015,67.600443481006
IT.NET.USER.ZS,GRD,Grenada,2024,70.16159821
IT.NET.USER.ZS,GRD,Grenada,2023,69.4131012
IT.NET.USER.ZS,GRD,Grenada,2022,68.42030334
IT.NET.USER.ZS,GRD,Grenada,2021,67.02279663
IT.NET.USER.ZS,GRD,Grenada,2020,65.65380096
IT.NET.USER.ZS,GRD,Grenada,2019,64.31279755
IT.NET.USER.ZS,GRD,Grenada,2018,61.42459869
IT.NET.USER.ZS,GRD,Grenada,2017,54.20000076
IT.NET.USER.ZS,GRD,Grenada,2016,53.29999924
IT.NET.USER.ZS,GRD,Grenada,2015,52.5
IT.NET.USER.ZS,GUM,Guam,2017,80.5054655600831
IT.NET.USER.ZS,GUM,Guam,2016,77.009999893206
IT.NET.USER.ZS,GUM,Guam,2015,73.139999947043
IT.NET.USER.ZS,GTM,Guatemala,2024,60.22140121
IT.NET.USER.ZS,GTM,Guatemala,2023,56.72669983
IT.NET.USER.ZS,GTM,Guatemala,2022,54.40430069
IT.NET.USER.ZS,GTM,Guatemala,2021,50.84164945
IT.NET.USER.ZS,GTM,Guatemala,2020,47.51229858
IT.NET.USER.ZS,GTM,Guatemala,2019,44.401049838502
IT.NET.USER.ZS,GTM,Guatemala,2018,41.5
IT.NET.USER.ZS,GTM,Guatemala,2017,37.90000153
IT.NET.USER.ZS,GTM,Guatemala,2016,34.50930023
IT.NET.USER.ZS,GTM,Guatemala,2015,28.80590057
IT.NET.USER.ZS,GIN,Guinea,2024,33.30469894
IT.NET.USER.ZS,GIN,Guinea,2023,32.31560135
IT.NET.USER.ZS,GIN,Guinea,2022,31.31399918
IT.NET.USER.ZS,GIN,Guinea,2021,28.61330032
IT.NET.USER.ZS,GIN,Guinea,2020,26.14550018
IT.NET.USER.ZS,GIN,Guinea,2019,23.89049911
IT.NET.USER.ZS,GIN,Guinea,2018,21.8300230430563
IT.NET.USER.ZS,GIN,Guinea,2017,18.70000076
IT.NET.USER.ZS,GIN,Guinea,2016,13.10000038
IT.NET.USER.ZS,GIN,Guinea,2015,9.199999809
IT.NET.USER.ZS,GNB,Guinea-Bissau,2024,29.77739906
IT.NET.USER.ZS,GNB,Guinea-Bissau,2023,28.71240044
IT.NET.USER.ZS,GNB,Guinea-Bissau,2022,27.67379951
IT.NET.USER.ZS,GNB,Guinea-Bissau,2021,23.3519001
IT.NET.USER.ZS,GNB,Guinea-Bissau,2020,20.45730019
IT.NET.USER.ZS,GNB,Guinea-Bissau,2019,17.92149925
IT.NET.USER.ZS,GNB,Guinea-Bissau,2018,15.69999981
IT.NET.USER.ZS,GNB,Guinea-Bissau,2017,14.80000019
IT.NET.USER.ZS,GNB,Guinea-Bissau,2016,13.80000019
IT.NET.USER.ZS,GNB,Guinea-Bissau,2015,6.099999905
IT.NET.USER.ZS,GUY,Guyana,2024,83.00080109
IT.NET.USER.ZS,GUY,Guyana,2023,79.3553009
IT.NET.USER.ZS,GUY,Guyana,2022,76.56240082
IT.NET.USER.ZS,GUY,Guyana,2021,71.65090179
IT.NET.USER.ZS,GUY,Guyana,2020,62.95399857
IT.NET.USER.ZS,GUY,Guyana,2019,55.31269836
IT.NET.USER.ZS,GUY,Guyana,2018,48.59889984
IT.NET.USER.ZS,GUY,Guyana,2017,42.6753006
IT.NET.USER.ZS,GUY,Guyana,2016,35.65999985
IT.NET.USER.ZS,GUY,Guyana,2015,34.0
IT.NET.USER.ZS,HTI,Haiti,2024,47.8614006
IT.NET.USER.ZS,HTI,Haiti,2023,47.99269867
IT.NET.USER.ZS,HTI,Haiti,2022,47.77470016
IT.NET.USER.ZS,HTI,Haiti,2021,43.37919998
IT.NET.USER.ZS,HTI,Haiti,2020,39.38809967
IT.NET.USER.ZS,HTI,Haiti,2019,35.76409912
IT.NET.USER.ZS,HTI,Haiti,2018,32.4736271300557
IT.NET.USER.ZS,HTI,Haiti,2017,27.20000076
IT.NET.USER.ZS,HTI,Haiti,2016,22.79999924
IT.NET.USER.ZS,HTI,Haiti,2015,14.19999981
IT.NET.USER.ZS,HND,Honduras,2024,58.62269974
IT.NET.USER.ZS,HND,Honduras,2023,58.0685997
IT.NET.USER.ZS,HND,Honduras,2022,56.88069916
IT.NET.USER.ZS,HND,Honduras,2021,51.95159912
IT.NET.USER.ZS,HND,Honduras,2020,45.24829865
IT.NET.USER.ZS,HND,Honduras,2019,39.3883521850111
IT.NET.USER.ZS,HND,Honduras,2018,36.0400608231468
IT.NET.USER.ZS,HND,Honduras,2017,31.7357924661485
IT.NET.USER.ZS,HND,Honduras,2016,29.5282180796457
IT.NET.USER.ZS,HND,Honduras,2015,27.1395454833776
IT.NET.USER.ZS,HKG,"Hong Kong SAR, China",2024,95.75536971
IT.NET.USER.ZS,HKG,"Hong Kong SAR, China",2023,95.97781908
IT.NET.USER.ZS,HKG,"Hong Kong SAR, China",2022,95.61357052
IT.NET.USER.ZS,HKG,"Hong Kong SAR, China",2021,93.08715788
IT.NET.USER.ZS,HKG,"Hong Kong SAR, China",2020,92.41313602
IT.NET.USER.ZS,HKG,"Hong Kong SAR, China",2019,91.7434003891587
IT.NET.USER.ZS,HKG,"Hong Kong SAR, China",2018,90.5073953294283
IT.NET.USER.ZS,HKG,"Hong Kong SAR, China",2017,89.4159446487565
IT.NET.USER.ZS,HKG,"Hong Kong SAR, China",2016,87.47941467087
IT.NET.USER.ZS,HKG,"Hong Kong SAR, China",2015,84.9483529634062
IT.NET.USER.ZS,HUN,Hungary,2024,93.77898628
IT.NET.USER.ZS,HUN,Hungary,2023,91.4500713
IT.NET.USER.ZS,HUN,Hungary,2022,89.14282688
IT.NET.USER.ZS,HUN,Hungary,2021,88.64083466
IT.NET.USER.ZS,HUN,Hungary,2020,84.77115202
IT.NET.USER.ZS,HUN,Hungary,2019,80.3716936050482
IT.NET.USER.ZS,HUN,Hungary,2018,76.0743606365063
IT.NET.USER.ZS,HUN,Hungary,2017,76.7505471201922
IT.NET.USER.ZS,HUN,Hungary,2016,79.2594121273057
IT.NET.USER.ZS,HUN,Hungary,2015,72.8347370323805
IT.NET.USER.ZS,ISL,Iceland,2024,98.209198
IT.NET.USER.ZS,ISL,Iceland,2023,97.94860077
IT.NET.USER.ZS,ISL,Iceland,2022,97.58339691
IT.NET.USER.ZS,ISL,Iceland,2021,99.68701957
IT.NET.USER.ZS,ISL,Iceland,2020,99.5327519
IT.NET.USER.ZS,ISL,Iceland,2019,99.5049411693787
IT.NET.USER.ZS,ISL,Iceland,2018,99.0109539916991
IT.NET.USER.ZS,ISL,Iceland,2017,98.2552011867973
IT.NET.USER.ZS,ISL,Iceland,2016,98.23999786
IT.NET.USER.ZS,ISL,Iceland,2015,98.19999695
IT.NET.USER.ZS,IND,India,2025,70.0
IT.NET.USER.ZS,IND,India,2024,64.9434967
IT.NET.USER.ZS,IND,India,2023,60.25230026
IT.NET.USER.ZS,IND,India,2022,55.9
IT.NET.USER.ZS,IND,India,2021,49.2580986
IT.NET.USER.ZS,IND,India,2020,43.40544313
IT.NET.USER.ZS,IND,India,2019,29.52350044
IT.NET.USER.ZS,IND,India,2018,20.0813000379384
IT.NET.USER.ZS,IND,India,2017,18.20000076
IT.NET.USER.ZS,IND,India,2016,16.5
IT.NET.USER.ZS,IND,India,2015,14.89999962
IT.NET.USER.ZS,IDN,Indonesia,2024,72.78075544
IT.NET.USER.ZS,IDN,Indonesia,2023,69.20836554
IT.NET.USER.ZS,IDN,Indonesia,2022,66.48461277
IT.NET.USER.ZS,IDN,Indonesia,2021,62.10447842
IT.NET.USER.ZS,IDN,Indonesia,2020,53.72649449
IT.NET.USER.ZS,IDN,Indonesia,2019,47.6906489788375
IT.NET.USER.ZS,IDN,Indonesia,2018,39.9046386385762
IT.NET.USER.ZS,IDN,Indonesia,2017,32.335806250688
IT.NET.USER.ZS,IDN,Indonesia,2016,25.447353701827
IT.NET.USER.ZS,IDN,Indonesia,2015,22.062742603379
IT.NET.USER.ZS,IRN,"Iran, Islamic Rep.",2024,85.3404007
IT.NET.USER.ZS,IRN,"Iran, Islamic Rep.",2023,83.71050262
IT.NET.USER.ZS,IRN,"Iran, Islamic Rep.",2022,81.71649933
IT.NET.USER.ZS,IRN,"Iran, Islamic Rep.",2021,78.5957366
IT.NET.USER.ZS,IRN,"Iran, Islamic Rep.",2020,75.56986637
IT.NET.USER.ZS,IRN,"Iran, Islamic Rep.",2019,72.4509047672065
IT.NET.USER.ZS,IRN,"Iran, Islamic Rep.",2018,70.2005650008363
IT.NET.USER.ZS,IRN,"Iran, Islamic Rep.",2017,64.0439736249513
IT.NET.USER.ZS,IRN,"Iran, Islamic Rep.",2016,53.2267716709857
IT.NET.USER.ZS,IRN,"Iran, Islamic Rep.",2015,45.3349761533285
IT.NET.USER.ZS,IRQ,Iraq,2024,81.47450256
IT.NET.USER.ZS,IRQ,Iraq,2023,81.80889893
IT.NET.USER.ZS,IRQ,Iraq,2022,78.71560926
IT.NET.USER.ZS,IRQ,Iraq,2021,65.00219727
IT.NET.USER.ZS,IRQ,Iraq,2020,53.67779922
IT.NET.USER.ZS,IRQ,Iraq,2019,44.3263465511579
IT.NET.USER.ZS,IRQ,Iraq,2018,33.92810059
IT.NET.USER.ZS,IRQ,Iraq,2017,25.96920013
IT.NET.USER.ZS,IRQ,Iraq,2016,19.87719917
IT.NET.USER.ZS,IRQ,Iraq,2015,15.21440029
IT.NET.USER.ZS,IRL,Ireland,2024,97.18769836
IT.NET.USER.ZS,IRL,Ireland,2023,96.8660965
IT.NET.USER.ZS,IRL,Ireland,2022,95.03690338
IT.NET.USER.ZS,IRL,Ireland,2021,93.50610352
IT.NET.USER.ZS,IRL,Ireland,2020,91.99989097
IT.NET.USER.ZS,IRL,Ireland,2019,87.0000552425146
IT.NET.USER.ZS,IRL,Ireland,2018,87.0001401148942
IT.NET.USER.ZS,IRL,Ireland,2017,84.1140070623844
IT.NET.USER.ZS,IRL,Ireland,2016,83.5
IT.NET.USER.ZS,IRL,Ireland,2015,83.4947916666667
IT.NET.USER.ZS,ISR,Israel,2024,88.18242225
IT.NET.USER.ZS,ISR,Israel,2023,87.03842615
IT.NET.USER.ZS,ISR,Israel,2022,91.85079615
IT.NET.USER.ZS,ISR,Israel,2021,90.29689758
IT.NET.USER.ZS,ISR,Israel,2020,90.12734091
IT.NET.USER.ZS,ISR,Israel,2019,86.7878776180583
IT.NET.USER.ZS,ISR,Israel,2018,83.7331569615326
IT.NET.USER.ZS,ISR,Israel,2017,81.5811835871611
IT.NET.USER.ZS,ISR,Israel,2016,79.6531241815281
IT.NET.USER.ZS,ISR,Israel,2015,77.3520896572253
IT.NET.USER.ZS,ITA,Italy,2024,89.2207202
IT.NET.USER.ZS,ITA,Italy,2023,87.0278292
IT.NET.USER.ZS,ITA,Italy,2022,85.06074504
IT.NET.USER.ZS,ITA,Italy,2021,74.8623274
IT.NET.USER.ZS,ITA,Italy,2020,70.48342785
IT.NET.USER.ZS,ITA,Italy,2019,67.8507102874836
IT.NET.USER.ZS,ITA,Italy,2018,74.3871829234822
IT.NET.USER.ZS,ITA,Italy,2017,63.0773469984291
IT.NET.USER.ZS,ITA,Italy,2016,61.3242527666303
IT.NET.USER.ZS,ITA,Italy,2015,58.1417349568747
IT.NET.USER.ZS,JAM,Jamaica,2024,90.10870361
IT.NET.USER.ZS,JAM,Jamaica,2023,89.47304282
IT.NET.USER.ZS,JAM,Jamaica,2022,85.84329987
IT.NET.USER.ZS,JAM,Jamaica,2021,82.36071561
IT.NET.USER.ZS,JAM,Jamaica,2020,76.38400269
IT.NET.USER.ZS,JAM,Jamaica,2019,70.8410169743356
IT.NET.USER.ZS,JAM,Jamaica,2018,68.2145170876072
IT.NET.USER.ZS,JAM,Jamaica,2017,55.0720670507751
IT.NET.USER.ZS,JAM,Jamaica,2016,44.3668563671334
IT.NET.USER.ZS,JAM,Jamaica,2015,42.2212211907441
IT.NET.USER.ZS,JPN,Japan,2024,85.54153081
IT.NET.USER.ZS,JPN,Japan,2023,85.00990295
IT.NET.USER.ZS,JPN,Japan,2022,84.92343147
IT.NET.USER.ZS,JPN,Japan,2021,82.91407928
IT.NET.USER.ZS,JPN,Japan,2020,90.21945812
IT.NET.USER.ZS,JPN,Japan,2019,92.7303978145525
IT.NET.USER.ZS,JPN,Japan,2018,88.7463508901772
IT.NET.USER.ZS,JPN,Japan,2017,91.7265472366635
IT.NET.USER.ZS,JPN,Japan,2016,93.1827212821617
IT.NET.USER.ZS,JPN,Japan,2015,91.0580283929962
IT.NET.USER.ZS,JOR,Jordan,2024,95.62244985
IT.NET.USER.ZS,JOR,Jordan,2023,92.53443944
IT.NET.USER.ZS,JOR,Jordan,2022,90.4999984
IT.NET.USER.ZS,JOR,Jordan,2021,85.999997
IT.NET.USER.ZS,JOR,Jordan,2020,78.4178009
IT.NET.USER.ZS,JOR,Jordan,2019,70.08470154
IT.NET.USER.ZS,JOR,Jordan,2018,65.2
IT.NET.USER.ZS,JOR,Jordan,2017,64.5
IT.NET.USER.ZS,JOR,Jordan,2016,56.15000153
IT.NET.USER.ZS,JOR,Jordan,2015,54.22000122
IT.NET.USER.ZS,KAZ,Kazakhstan,2024,93.39167254
IT.NET.USER.ZS,KAZ,Kazakhstan,2023,92.87846096
IT.NET.USER.ZS,KAZ,Kazakhstan,2022,92.29685266
IT.NET.USER.ZS,KAZ,Kazakhstan,2021,90.9239507
IT.NET.USER.ZS,KAZ,Kazakhstan,2020,85.94259898
IT.NET.USER.ZS,KAZ,Kazakhstan,2019,81.8776204746284
IT.NET.USER.ZS,KAZ,Kazakhstan,2018,78.9039190578816
IT.NET.USER.ZS,KAZ,Kazakhstan,2017,76.4267482325439
IT.NET.USER.ZS,KAZ,Kazakhstan,2016,74.5877264735738
IT.NET.USER.ZS,KAZ,Kazakhstan,2015,70.82993359566
IT.NET.USER.ZS,KEN,Kenya,2024,34.97622513
IT.NET.USER.ZS,KEN,Kenya,2023,32.07040024
IT.NET.USER.ZS,KEN,Kenya,2022,29.40589905
IT.NET.USER.ZS,KEN,Kenya,2021,26.96290016
IT.NET.USER.ZS,KEN,Kenya,2020,24.7227993
IT.NET.USER.ZS,KEN,Kenya,2019,22.6687733618171
IT.NET.USER.ZS,KEN,Kenya,2018,19.5
IT.NET.USER.ZS,KEN,Kenya,2017,17.82710075
IT.NET.USER.ZS,KEN,Kenya,2016,16.6
IT.NET.USER.ZS,KEN,Kenya,2015,16.5878548475992
IT.NET.USER.ZS,KIR,Kiribati,2024,89.44029999
IT.NET.USER.ZS,KIR,Kiribati,2023,88.0
IT.NET.USER.ZS,KIR,Kiribati,2022,84.99849701
IT.NET.USER.ZS,KIR,Kiribati,2021,67.08760071
IT.NET.USER.ZS,KIR,Kiribati,2020,52.95090103
IT.NET.USER.ZS,KIR,Kiribati,2019,41.79299927
IT.NET.USER.ZS,KIR,Kiribati,2018,32.9864006
IT.NET.USER.ZS,KIR,Kiribati,2017,25.30960083
IT.NET.USER.ZS,KIR,Kiribati,2016,19.41939926
IT.NET.USER.ZS,KIR,Kiribati,2015,14.89999962
IT.NET.USER.ZS,KOR,"Korea, Rep.",2024,97.89563777
IT.NET.USER.ZS,KOR,"Korea, Rep.",2023,97.41597478
IT.NET.USER.ZS,KOR,"Korea, Rep.",2022,97.16855335
IT.NET.USER.ZS,KOR,"Korea, Rep.",2021,97.57132698
IT.NET.USER.ZS,KOR,"Korea, Rep.",2020,96.50506052
IT.NET.USER.ZS,KOR,"Korea, Rep.",2019,96.157579184239
IT.NET.USER.ZS,KOR,"Korea, Rep.",2018,96.0228595797887
IT.NET.USER.ZS,KOR,"Korea, Rep.",2017,95.0694218761004
IT.NET.USER.ZS,KOR,"Korea, Rep.",2016,92.8430256796075
IT.NET.USER.ZS,KOR,"Korea, Rep.",2015,89.8962557995106
IT.NET.USER.ZS,XKX,Kosovo,2018,89.4430319734879
IT.NET.USER.ZS,XKX,Kosovo,2017,83.8935968102791
IT.NET.USER.ZS,KWT,Kuwait,2025,100.0
IT.NET.USER.ZS,KWT,Kuwait,2024,99.74729919
IT.NET.USER.ZS,KWT,Kuwait,2023,99.74731125
IT.NET.USER.ZS,KWT,Kuwait,2022,99.74729919
IT.NET.USER.ZS,KWT,Kuwait,2021,99.7
IT.NET.USER.ZS,KWT,Kuwait,2020,99.10587017
IT.NET.USER.ZS,KWT,Kuwait,2019,99.5426764518489
IT.NET.USER.ZS,KWT,Kuwait,2018,99.5988495907557
IT.NET.USER.ZS,KWT,Kuwait,2017,97.9999893344615
IT.NET.USER.ZS,KWT,Kuwait,2016,85.59999847
IT.NET.USER.ZS,KWT,Kuwait,2015,82.0
IT.NET.USER.ZS,KGZ,Kyrgyz Republic,2024,92.0286026
IT.NET.USER.ZS,KGZ,Kyrgyz Republic,2023,91.04440308
IT.NET.USER.ZS,KGZ,Kyrgyz Republic,2022,84.1937027
IT.NET.USER.ZS,KGZ,Kyrgyz Republic,2021,77.11769867
IT.NET.USER.ZS,KGZ,Kyrgyz Republic,2020,72.0
IT.NET.USER.ZS,KGZ,Kyrgyz Republic,2019,64.1
IT.NET.USER.ZS,KGZ,Kyrgyz Republic,2018,62.8
IT.NET.USER.ZS,KGZ,Kyrgyz Republic,2017,50.80530167
IT.NET.USER.ZS,KGZ,Kyrgyz Republic,2016,40.52619934
IT.NET.USER.ZS,KGZ,Kyrgyz Republic,2015,30.24699974
IT.NET.USER.ZS,LAO,Lao PDR,2024,65.59269714
IT.NET.USER.ZS,LAO,Lao PDR,2023,64.39800262
IT.NET.USER.ZS,LAO,Lao PDR,2022,64.54000092
IT.NET.USER.ZS,LAO,Lao PDR,2021,62.0
IT.NET.USER.ZS,LAO,Lao PDR,2020,54.0
IT.NET.USER.ZS,LAO,Lao PDR,2019,47.03229904
IT.NET.USER.ZS,LAO,Lao PDR,2018,36.27130127
IT.NET.USER.ZS,LAO,Lao PDR,2017,25.51040077
IT.NET.USER.ZS,LAO,Lao PDR,2016,21.87000084
IT.NET.USER.ZS,LAO,Lao PDR,2015,18.20000076
IT.NET.USER.ZS,LVA,Latvia,2024,92.70757011
IT.NET.USER.ZS,LVA,Latvia,2023,92.18791291
IT.NET.USER.ZS,LVA,Latvia,2022,91.03009059
IT.NET.USER.ZS,LVA,Latvia,2021,91.17964988
IT.NET.USER.ZS,LVA,Latvia,2020,88.89796078
IT.NET.USER.ZS,LVA,Latvia,2019,86.13545644343
IT.NET.USER.ZS,LVA,Latvia,2018,83.5771748630956
IT.NET.USER.ZS,LVA,Latvia,2017,80.1140770037369
IT.NET.USER.ZS,LVA,Latvia,2016,79.8420977843089
IT.NET.USER.ZS,LVA,Latvia,2015,79.2005829239344
IT.NET.USER.ZS,LBN,Lebanon,2024,80.63400269
IT.NET.USER.ZS,LBN,Lebanon,2023,81.7059021
IT.NET.USER.ZS,LBN,Lebanon,2022,81.46479797
IT.NET.USER.ZS,LBN,Lebanon,2021,82.65599823
IT.NET.USER.ZS,LBN,Lebanon,2020,82.0664978
IT.NET.USER.ZS,LBN,Lebanon,2019,81.48120117
IT.NET.USER.ZS,LBN,Lebanon,2018,80.90000153
IT.NET.USER.ZS,LBN,Lebanon,2017,78.18080139
IT.NET.USER.ZS,LBN,Lebanon,2016,76.11000061
IT.NET.USER.ZS,LBN,Lebanon,2015,74.0
IT.NET.USER.ZS,LSO,Lesotho,2024,51.79660034
IT.NET.USER.ZS,LSO,Lesotho,2023,48.98590088
IT.NET.USER.ZS,LSO,Lesotho,2022,48.06959915
IT.NET.USER.ZS,LSO,Lesotho,2021,45.05670166
IT.NET.USER.ZS,LSO,Lesotho,2020,43.65750122
IT.NET.USER.ZS,LSO,Lesotho,2019,42.301733569273
IT.NET.USER.ZS,LSO,Lesotho,2018,40.79999924
IT.NET.USER.ZS,LSO,Lesotho,2017,39.0
IT.NET.USER.ZS,LSO,Lesotho,2016,32.4538569477365
IT.NET.USER.ZS,LSO,Lesotho,2015,25.0
IT.NET.USER.ZS,LBR,Liberia,2024,32.23360062
IT.NET.USER.ZS,LBR,Liberia,2023,31.22410011
IT.NET.USER.ZS,LBR,Liberia,2022,30.38010025
IT.NET.USER.ZS,LBR,Liberia,2021,26.38229942
IT.NET.USER.ZS,LBR,Liberia,2020,22.91069984
IT.NET.USER.ZS,LBR,Liberia,2019,19.89579964
IT.NET.USER.ZS,LBR,Liberia,2018,17.27770042
IT.NET.USER.ZS,LBR,Liberia,2017,16.29999924
IT.NET.USER.ZS,LBR,Liberia,2016,15.69999981
IT.NET.USER.ZS,LBR,Liberia,2015,10.0
IT.NET.USER.ZS,LBY,Libya,2024,81.95449829
IT.NET.USER.ZS,LBY,Libya,2023,82.10469818
IT.NET.USER.ZS,LBY,Libya,2022,80.64720154
IT.NET.USER.ZS,LBY,Libya,2021,77.438797
IT.NET.USER.ZS,LBY,Libya,2020,74.35810089
IT.NET.USER.ZS,LBY,Libya,2019,71.40409851
IT.NET.USER.ZS,LBY,Libya,2018,47.5
IT.NET.USER.ZS,LBY,Libya,2017,47.5
IT.NET.USER.ZS,LBY,Libya,2016,35.0
IT.NET.USER.ZS,LBY,Libya,2015,25.0
IT.NET.USER.ZS,LIE,Liechtenstein,2024,98.2641983
IT.NET.USER.ZS,LIE,Liechtenstein,2023,98.13230133
IT.NET.USER.ZS,LIE,Liechtenstein,2022,97.88069916
IT.NET.USER.ZS,LIE,Liechtenstein,2021,95.56939697
IT.NET.USER.ZS,LIE,Liechtenstein,2020,94.34999847
IT.NET.USER.ZS,LIE,Liechtenstein,2019,93.14610291
IT.NET.USER.ZS,LIE,Liechtenstein,2017,99.54660034
IT.NET.USER.ZS,LIE,Liechtenstein,2016,98.09390259
IT.NET.USER.ZS,LIE,Liechtenstein,2015,96.6411972
IT.NET.USER.ZS,LTU,Lithuania,2024,89.16116293
IT.NET.USER.ZS,LTU,Lithuania,2023,88.50287484
IT.NET.USER.ZS,LTU,Lithuania,2022,87.72420219
IT.NET.USER.ZS,LTU,Lithuania,2021,86.93054425
IT.NET.USER.ZS,LTU,Lithuania,2020,83.05554724
IT.NET.USER.ZS,LTU,Lithuania,2019,81.5818683764046
IT.NET.USER.ZS,LTU,Lithuania,2018,79.7225827680518
IT.NET.USER.ZS,LTU,Lithuania,2017,77.6152565124514
IT.NET.USER.ZS,LTU,Lithuania,2016,74.3766455618662
IT.NET.USER.ZS,LTU,Lithuania,2015,71.3780590101754
IT.NET.USER.ZS,LUX,Luxembourg,2025,99.12902211
IT.NET.USER.ZS,LUX,Luxembourg,2024,98.7606147
IT.NET.USER.ZS,LUX,Luxembourg,2023,99.34785707
IT.NET.USER.ZS,LUX,Luxembourg,2022,98.24203749
IT.NET.USER.ZS,LUX,Luxembourg,2021,98.66086333
IT.NET.USER.ZS,LUX,Luxembourg,2020,98.45962893
IT.NET.USER.ZS,LUX,Luxembourg,2019,97.120635693272
IT.NET.USER.ZS,LUX,Luxembourg,2018,97.061298705829
IT.NET.USER.ZS,LUX,Luxembourg,2017,97.3629603241751
IT.NET.USER.ZS,LUX,Luxembourg,2016,98.1366986657616
IT.NET.USER.ZS,LUX,Luxembourg,2015,96.3767141704759
IT.NET.USER.ZS,MAC,"Macao SAR, China",2024,89.82640076
IT.NET.USER.ZS,MAC,"Macao SAR, China",2023,89.82640076
IT.NET.USER.ZS,MAC,"Macao SAR, China",2022,89.48549652
IT.NET.USER.ZS,MAC,"Macao SAR, China",2021,88.46810492
IT.NET.USER.ZS,MAC,"Macao SAR, China",2020,87.46230316
IT.NET.USER.ZS,MAC,"Macao SAR, China",2019,86.4679257062588
IT.NET.USER.ZS,MAC,"Macao SAR, China",2018,83.7940896091516
IT.NET.USER.ZS,MAC,"Macao SAR, China",2017,83.1740890688259
IT.NET.USER.ZS,MAC,"Macao SAR, China",2016,81.6429854646415
IT.NET.USER.ZS,MAC,"Macao SAR, China",2015,77.6001318608868
IT.NET.USER.ZS,MDG,Madagascar,2024,18.67790031
IT.NET.USER.ZS,MDG,Madagascar,2023,18.24080086
IT.NET.USER.ZS,MDG,Madagascar,2022,17.81170082
IT.NET.USER.ZS,MDG,Madagascar,2021,13.74590015
IT.NET.USER.ZS,MDG,Madagascar,2020,11.35470009
IT.NET.USER.ZS,MDG,Madagascar,2019,9.379400253
IT.NET.USER.ZS,MDG,Madagascar,2018,7.747799873
IT.NET.USER.ZS,MDG,Madagascar,2017,6.406000137
IT.NET.USER.ZS,MDG,Madagascar,2016,4.713699818
IT.NET.USER.ZS,MDG,Madagascar,2015,4.173999786
IT.NET.USER.ZS,MWI,Malawi,2024,18.96159935
IT.NET.USER.ZS,MWI,Malawi,2023,17.98810346
IT.NET.USER.ZS,MWI,Malawi,2022,16.84830093
IT.NET.USER.ZS,MWI,Malawi,2021,15.30300045
IT.NET.USER.ZS,MWI,Malawi,2020,13.89949989
IT.NET.USER.ZS,MWI,Malawi,2019,11.05860043
IT.NET.USER.ZS,MWI,Malawi,2018,8.798299789
IT.NET.USER.ZS,MWI,Malawi,2017,7.0
IT.NET.USER.ZS,MWI,Malawi,2016,6.300000191
IT.NET.USER.ZS,MWI,Malawi,2015,6.0
IT.NET.USER.ZS,MYS,Malaysia,2024,98.0206059
IT.NET.USER.ZS,MYS,Malaysia,2023,97.69272633
IT.NET.USER.ZS,MYS,Malaysia,2022,97.3986404
IT.NET.USER.ZS,MYS,Malaysia,2021,96.7514278
IT.NET.USER.ZS,MYS,Malaysia,2020,89.55501192
IT.NET.USER.ZS,MYS,Malaysia,2019,84.1871450078281
IT.NET.USER.ZS,MYS,Malaysia,2018,81.2010486181174
IT.NET.USER.ZS,MYS,Malaysia,2017,80.1404790103961
IT.NET.USER.ZS,MYS,Malaysia,2016,78.7883099275229
IT.NET.USER.ZS,MYS,Malaysia,2015,71.0640678111957
IT.NET.USER.ZS,MDV,Maldives,2024,85.23999786
IT.NET.USER.ZS,MDV,Maldives,2023,84.55290222
IT.NET.USER.ZS,MDV,Maldives,2022,83.91189054
IT.NET.USER.ZS,MDV,Maldives,2021,81.95760345
IT.NET.USER.ZS,MDV,Maldives,2020,79.09780121
IT.NET.USER.ZS,MDV,Maldives,2019,77.46970367
IT.NET.USER.ZS,MDV,Maldives,2018,70.93689728
IT.NET.USER.ZS,MDV,Maldives,2017,64.95500183
IT.NET.USER.ZS,MDV,Maldives,2016,59.47750092
IT.NET.USER.ZS,MDV,Maldives,2015,54.4620018
IT.NET.USER.ZS,MLI,Mali,2024,36.80149841
IT.NET.USER.ZS,MLI,Mali,2023,36.03879929
IT.NET.USER.ZS,MLI,Mali,2022,35.19919968
IT.NET.USER.ZS,MLI,Mali,2021,33.95650101
IT.NET.USER.ZS,MLI,Mali,2020,29.11300087
IT.NET.USER.ZS,MLI,Mali,2019,24.96030045
IT.NET.USER.ZS,MLI,Mali,2018,21.39999962
IT.NET.USER.ZS,MLI,Mali,2017,18.89999962
IT.NET.USER.ZS,MLI,Mali,2016,14.0
IT.NET.USER.ZS,MLI,Mali,2015,10.32999992
IT.NET.USER.ZS,MLT,Malta,2024,93.86029816
IT.NET.USER.ZS,MLT,Malta,2023,92.07266941
IT.NET.USER.ZS,MLT,Malta,2022,91.54062209
IT.NET.USER.ZS,MLT,Malta,2021,87.46977742
IT.NET.USER.ZS,MLT,Malta,2020,86.85876183
IT.NET.USER.ZS,MLT,Malta,2019,85.7785963798031
IT.NET.USER.ZS,MLT,Malta,2018,81.6580442928014
IT.NET.USER.ZS,MLT,Malta,2017,81.0119110762945
IT.NET.USER.ZS,MLT,Malta,2016,78.0751488032182
IT.NET.USER.ZS,MLT,Malta,2015,75.9600189752747
IT.NET.USER.ZS,MHL,Marshall Islands,2024,65.915802
IT.NET.USER.ZS,MHL,Marshall Islands,2023,64.07589722
IT.NET.USER.ZS,MHL,Marshall Islands,2022,64.26719666
IT.NET.USER.ZS,MHL,Marshall Islands,2021,63.97259903
IT.NET.USER.ZS,MHL,Marshall Islands,2020,56.41910172
IT.NET.USER.ZS,MHL,Marshall Islands,2019,49.75749969
IT.NET.USER.ZS,MHL,Marshall Islands,2018,43.88249969
IT.NET.USER.ZS,MHL,Marshall Islands,2017,38.70119858
IT.NET.USER.ZS,MHL,Marshall Islands,2016,29.78779984
IT.NET.USER.ZS,MHL,Marshall Islands,2015,19.28240013
IT.NET.USER.ZS,MRT,Mauritania,2024,45.77939987
IT.NET.USER.ZS,MRT,Mauritania,2023,44.95629883
IT.NET.USER.ZS,MRT,Mauritania,2022,42.46450043
IT.NET.USER.ZS,MRT,Mauritania,2021,35.63660049
IT.NET.USER.ZS,MRT,Mauritania,2020,29.90649986
IT.NET.USER.ZS,MRT,Mauritania,2019,25.0977993
IT.NET.USER.ZS,MRT,Mauritania,2018,22.96699905
IT.NET.USER.ZS,MRT,Mauritania,2017,21.01720047
IT.NET.USER.ZS,MRT,Mauritania,2016,19.23279953
IT.NET.USER.ZS,MRT,Mauritania,2015,17.60000038
IT.NET.USER.ZS,MUS,Mauritius,2024,73.30793533
IT.NET.USER.ZS,MUS,Mauritius,2023,79.5
IT.NET.USER.ZS,MUS,Mauritius,2022,75.5
IT.NET.USER.ZS,MUS,Mauritius,2021,71.59999847
IT.NET.USER.ZS,MUS,Mauritius,2020,67.73290684
IT.NET.USER.ZS,MUS,Mauritius,2019,61.7299551453346
IT.NET.USER.ZS,MUS,Mauritius,2018,58.596169704299
IT.NET.USER.ZS,MUS,Mauritius,2017,55.4032403002657
IT.NET.USER.ZS,MUS,Mauritius,2016,52.19129944
IT.NET.USER.ZS,MUS,Mauritius,2015,50.1393184766711
IT.NET.USER.ZS,MEX,Mexico,2024,83.12233799
IT.NET.USER.ZS,MEX,Mexico,2023,81.18318755
IT.NET.USER.ZS,MEX,Mexico,2022,78.63217894
IT.NET.USER.ZS,MEX,Mexico,2021,75.62650476
IT.NET.USER.ZS,MEX,Mexico,2020,71.49017499
IT.NET.USER.ZS,MEX,Mexico,2019,69.6321092705209
IT.NET.USER.ZS,MEX,Mexico,2018,56.6595667981289
IT.NET.USER.ZS,MEX,Mexico,2017,53.0317886110982
IT.NET.USER.ZS,MEX,Mexico,2016,59.5404459967255
IT.NET.USER.ZS,MEX,Mexico,2015,57.4310429923633
IT.NET.USER.ZS,FSM,"Micronesia, Fed. Sts.",2024,39.52360153
IT.NET.USER.ZS,FSM,"Micronesia, Fed. Sts.",2023,39.39889908
IT.NET.USER.ZS,FSM,"Micronesia, Fed. Sts.",2022,39.0279007
IT.NET.USER.ZS,FSM,"Micronesia, Fed. Sts.",2020,39.38330078
IT.NET.USER.ZS,FSM,"Micronesia, Fed. Sts.",2019,37.97370148
IT.NET.USER.ZS,FSM,"Micronesia, Fed. Sts.",2018,36.61460114
IT.NET.USER.ZS,FSM,"Micronesia, Fed. Sts.",2017,35.30410004
IT.NET.USER.ZS,FSM,"Micronesia, Fed. Sts.",2016,33.35219955
IT.NET.USER.ZS,FSM,"Micronesia, Fed. Sts.",2015,31.50110054
IT.NET.USER.ZS,MDA,Moldova,2024,77.3687973
IT.NET.USER.ZS,MDA,Moldova,2023,76.50330353
IT.NET.USER.ZS,MDA,Moldova,2022,74.91899872
IT.NET.USER.ZS,MDA,Moldova,2021,74.91899872
IT.NET.USER.ZS,MDA,Moldova,2020,74.11830139
IT.NET.USER.ZS,MDA,Moldova,2019,73.32610321
IT.NET.USER.ZS,MDA,Moldova,2018,72.54239655
IT.NET.USER.ZS,MDA,Moldova,2017,71.76709747
IT.NET.USER.ZS,MDA,Moldova,2016,70.9999991066624
IT.NET.USER.ZS,MDA,Moldova,2015,69.0000044661932
IT.NET.USER.ZS,MCO,Monaco,2024,99.04489899
IT.NET.USER.ZS,MCO,Monaco,2023,98.87049866
IT.NET.USER.ZS,MCO,Monaco,2022,98.75189972
IT.NET.USER.ZS,MCO,Monaco,2021,99.07759857
IT.NET.USER.ZS,MCO,Monaco,2020,98.57080078
IT.NET.USER.ZS,MCO,Monaco,2019,98.0
IT.NET.USER.ZS,MCO,Monaco,2017,97.0530014
IT.NET.USER.ZS,MCO,Monaco,2016,95.20819855
IT.NET.USER.ZS,MCO,Monaco,2015,93.36329651
IT.NET.USER.ZS,MNG,Mongolia,2024,85.12349701
IT.NET.USER.ZS,MNG,Mongolia,2023,83.74320221
IT.NET.USER.ZS,MNG,Mongolia,2022,81.07720184
IT.NET.USER.ZS,MNG,Mongolia,2021,81.60682285
IT.NET.USER.ZS,MNG,Mongolia,2020,62.50002848
IT.NET.USER.ZS,MNG,Mongolia,2019,51.079994082603
IT.NET.USER.ZS,MNG,Mongolia,2018,47.1300018848989
IT.NET.USER.ZS,MNG,Mongolia,2017,23.71430016
IT.NET.USER.ZS,MNG,Mongolia,2016,22.2657705007562
IT.NET.USER.ZS,MNG,Mongolia,2015,22.5000041337688
IT.NET.USER.ZS,MNE,Montenegro,2024,88.88258428
IT.NET.USER.ZS,MNE,Montenegro,2023,88.5515976
IT.NET.USER.ZS,MNE,Montenegro,2022,88.22192026
IT.NET.USER.ZS,MNE,Montenegro,2021,82.21969752
IT.NET.USER.ZS,MNE,Montenegro,2020,77.60879306
IT.NET.USER.ZS,MNE,Montenegro,2019,73.4766657478691
IT.NET.USER.ZS,MNE,Montenegro,2018,71.5171004874886
IT.NET.USER.ZS,MNE,Montenegro,2017,71.2723325399382
IT.NET.USER.ZS,MNE,Montenegro,2016,69.8816468416779
IT.NET.USER.ZS,MNE,Montenegro,2015,68.1197860085679
IT.NET.USER.ZS,MAR,Morocco,2024,91.2
IT.NET.USER.ZS,MAR,Morocco,2023,91.0
IT.NET.USER.ZS,MAR,Morocco,2022,89.9
IT.NET.USER.ZS,MAR,Morocco,2021,88.13031937
IT.NET.USER.ZS,MAR,Morocco,2020,84.12036305
IT.NET.USER.ZS,MAR,Morocco,2019,84.1203630467602
IT.NET.USER.ZS,MAR,Morocco,2018,64.8038651924043
IT.NET.USER.ZS,MAR,Morocco,2017,61.7622120123071
IT.NET.USER.ZS,MAR,Morocco,2016,58.271236420398
IT.NET.USER.ZS,MAR,Morocco,2015,57.0799993486116
IT.NET.USER.ZS,MOZ,Mozambique,2024,20.52729988
IT.NET.USER.ZS,MOZ,Mozambique,2023,19.94560051
IT.NET.USER.ZS,MOZ,Mozambique,2022,18.96220016
IT.NET.USER.ZS,MOZ,Mozambique,2021,16.35759926
IT.NET.USER.ZS,MOZ,Mozambique,2020,14.28740025
IT.NET.USER.ZS,MOZ,Mozambique,2019,12.47929955
IT.NET.USER.ZS,MOZ,Mozambique,2018,10.89999962
IT.NET.USER.ZS,MOZ,Mozambique,2017,7.7963266079129
IT.NET.USER.ZS,MOZ,Mozambique,2016,7.0
IT.NET.USER.ZS,MOZ,Mozambique,2015,6.5
IT.NET.USER.ZS,MMR,Myanmar,2020,45.4477005
IT.NET.USER.ZS,MMR,Myanmar,2019,36.54050064
IT.NET.USER.ZS,MMR,Myanmar,2018,29.37899971
IT.NET.USER.ZS,MMR,Myanmar,2017,23.621081950267
IT.NET.USER.ZS,MMR,Myanmar,2016,16.0
IT.NET.USER.ZS,MMR,Myanmar,2015,10.89999962
IT.NET.USER.ZS,NAM,Namibia,2024,64.87460327
IT.NET.USER.ZS,NAM,Namibia,2023,63.69549942
IT.NET.USER.ZS,NAM,Namibia,2022,62.99720001
IT.NET.USER.ZS,NAM,Namibia,2021,60.25999832
IT.NET.USER.ZS,NAM,Namibia,2020,57.8608017
IT.NET.USER.ZS,NAM,Namibia,2019,49.77590179
IT.NET.USER.ZS,NAM,Namibia,2018,42.8207016
IT.NET.USER.ZS,NAM,Namibia,2017,36.83739853
IT.NET.USER.ZS,NAM,Namibia,2016,31.0333004
IT.NET.USER.ZS,NAM,Namibia,2015,25.68790054
IT.NET.USER.ZS,NRU,Naoero,2024,83.01170349
IT.NET.USER.ZS,NRU,Naoero,2023,83.03970337
IT.NET.USER.ZS,NRU,Naoero,2022,83.22660065
IT.NET.USER.ZS,NRU,Naoero,2021,80.29499817
IT.NET.USER.ZS,NRU,Naoero,2020,77.46659851
IT.NET.USER.ZS,NRU,Naoero,2019,74.73789978
IT.NET.USER.ZS,NRU,Naoero,2017,62.38510132
IT.NET.USER.ZS,NPL,Nepal,2024,46.32189941
IT.NET.USER.ZS,NPL,Nepal,2023,45.80680084
IT.NET.USER.ZS,NPL,Nepal,2022,45.45080185
IT.NET.USER.ZS,NPL,Nepal,2021,40.98910141
IT.NET.USER.ZS,NPL,Nepal,2020,36.96530151
IT.NET.USER.ZS,NPL,Nepal,2019,33.33660126
IT.NET.USER.ZS,NPL,Nepal,2018,28.60000038
IT.NET.USER.ZS,NPL,Nepal,2017,24.3
IT.NET.USER.ZS,NPL,Nepal,2016,20.70000076
IT.NET.USER.ZS,NPL,Nepal,2015,17.58160019
IT.NET.USER.ZS,NLD,Netherlands,2024,97.00679779
IT.NET.USER.ZS,NLD,Netherlands,2023,97.00680272
IT.NET.USER.ZS,NLD,Netherlands,2022,92.51968504
IT.NET.USER.ZS,NLD,Netherlands,2021,92.05298013
IT.NET.USER.ZS,NLD,Netherlands,2020,91.33333333
IT.NET.USER.ZS,NLD,Netherlands,2019,93.2885906040269
IT.NET.USER.ZS,NLD,Netherlands,2018,91.8918918918919
IT.NET.USER.ZS,NLD,Netherlands,2017,93.1972789115646
IT.NET.USER.ZS,NLD,Netherlands,2016,90.4109589041096
IT.NET.USER.ZS,NLD,Netherlands,2015,91.7241379310345
IT.NET.USER.ZS,NCL,New Caledonia,2017,82.0058408035186
IT.NET.USER.ZS,NCL,New Caledonia,2015,74.00175279141
IT.NET.USER.ZS,NZL,New Zealand,2024,93.51930237
IT.NET.USER.ZS,NZL,New Zealand,2023,93.32610321
IT.NET.USER.ZS,NZL,New Zealand,2022,93.07289886
IT.NET.USER.ZS,NZL,New Zealand,2021,91.99060059
IT.NET.USER.ZS,NZL,New Zealand,2020,90.92099762
IT.NET.USER.ZS,NZL,New Zealand,2019,89.86370087
IT.NET.USER.ZS,NZL,New Zealand,2018,89.0
IT.NET.USER.ZS,NZL,New Zealand,2017,87.69999695
IT.NET.USER.ZS,NZL,New Zealand,2016,86.5
IT.NET.USER.ZS,NZL,New Zealand,2015,85.19999695
IT.NET.USER.ZS,NIC,Nicaragua,2024,61.39550018
IT.NET.USER.ZS,NIC,Nicaragua,2023,60.30120087
IT.NET.USER.ZS,NIC,Nicaragua,2022,59.38000107
IT.NET.USER.ZS,NIC,Nicaragua,2021,51.62039948
IT.NET.USER.ZS,NIC,Nicaragua,2020,44.87490082
IT.NET.USER.ZS,NIC,Nicaragua,2019,39.01079941
IT.NET.USER.ZS,NIC,Nicaragua,2018,33.9129982
IT.NET.USER.ZS,NIC,Nicaragua,2017,30.39999962
IT.NET.USER.ZS,NIC,Nicaragua,2016,24.57180023
IT.NET.USER.ZS,NIC,Nicaragua,2015,19.70429993
IT.NET.USER.ZS,NER,Niger,2024,15.55760002
IT.NET.USER.ZS,NER,Niger,2023,12.98079967
IT.NET.USER.ZS,NER,Niger,2022,13.08749962
IT.NET.USER.ZS,NER,Niger,2021,12.45689964
IT.NET.USER.ZS,NER,Niger,2020,11.85680008
IT.NET.USER.ZS,NER,Niger,2019,11.28549957
IT.NET.USER.ZS,NER,Niger,2018,10.74180031
IT.NET.USER.ZS,NER,Niger,2017,10.2243115586561
IT.NET.USER.ZS,NER,Niger,2016,4.322800159
IT.NET.USER.ZS,NER,Niger,2015,2.476200104
IT.NET.USER.ZS,NGA,Nigeria,2024,41.21139908
IT.NET.USER.ZS,NGA,Nigeria,2023,40.06399918
IT.NET.USER.ZS,NGA,Nigeria,2022,39.14720154
IT.NET.USER.ZS,NGA,Nigeria,2021,35.50979996
IT.NET.USER.ZS,NGA,Nigeria,2020,31.88879967
IT.NET.USER.ZS,NGA,Nigeria,2019,29.74410057
IT.NET.USER.ZS,NGA,Nigeria,2018,27.74370003
IT.NET.USER.ZS,NGA,Nigeria,2017,25.87789917
IT.NET.USER.ZS,NGA,Nigeria,2016,24.13750076
IT.NET.USER.ZS,NGA,Nigeria,2015,22.51420021
IT.NET.USER.ZS,MKD,North Macedonia,2025,93.1
IT.NET.USER.ZS,MKD,North Macedonia,2024,93.6
IT.NET.USER.ZS,MKD,North Macedonia,2023,88.5
IT.NET.USER.ZS,MKD,North Macedonia,2022,83.85030365
IT.NET.USER.ZS,MKD,North Macedonia,2021,81.873703
IT.NET.USER.ZS,MKD,North Macedonia,2020,81.40553811
IT.NET.USER.ZS,MKD,North Macedonia,2019,81.4128827618364
IT.NET.USER.ZS,MKD,North Macedonia,2018,79.1677551850871
IT.NET.USER.ZS,MKD,North Macedonia,2017,74.5168241807954
IT.NET.USER.ZS,MKD,North Macedonia,2016,72.1568144676058
IT.NET.USER.ZS,MKD,North Macedonia,2015,70.3802030766689
IT.NET.USER.ZS,NOR,Norway,2024,99.0
IT.NET.USER.ZS,NOR,Norway,2023,99.00000258
IT.NET.USER.ZS,NOR,Norway,2022,98.99997764
IT.NET.USER.ZS,NOR,Norway,2021,99.0000036
IT.NET.USER.ZS,NOR,Norway,2020,94.60755647
IT.NET.USER.ZS,NOR,Norway,2019,98.0000043853142
IT.NET.USER.ZS,NOR,Norway,2018,96.4916579887094
IT.NET.USER.ZS,NOR,Norway,2017,96.3576012951191
IT.NET.USER.ZS,NOR,Norway,2016,97.2982036675068
IT.NET.USER.ZS,NOR,Norway,2015,96.810325691365
IT.NET.USER.ZS,OMN,Oman,2024,95.25174678
IT.NET.USER.ZS,OMN,Oman,2023,95.25170135
IT.NET.USER.ZS,OMN,Oman,2022,95.24530029
IT.NET.USER.ZS,OMN,Oman,2021,95.23880005
IT.NET.USER.ZS,OMN,Oman,2020,95.23229321
IT.NET.USER.ZS,OMN,Oman,2019,90.25939941
IT.NET.USER.ZS,OMN,Oman,2018,85.5
IT.NET.USER.ZS,OMN,Oman,2017,80.18560028
IT.NET.USER.ZS,OMN,Oman,2016,76.8453904741456
IT.NET.USER.ZS,OMN,Oman,2015,73.52999878
IT.NET.USER.ZS,PAK,Pakistan,2024,57.253
IT.NET.USER.ZS,PAK,Pakistan,2020,18.935
IT.NET.USER.ZS,PAK,Pakistan,2019,17.070901719916
IT.NET.USER.ZS,PAK,Pakistan,2018,15.34000015
IT.NET.USER.ZS,PAK,Pakistan,2017,13.77999973
IT.NET.USER.ZS,PAK,Pakistan,2016,12.385446763381
IT.NET.USER.ZS,PAK,Pakistan,2015,11.0
IT.NET.USER.ZS,PLW,Palau,2024,83.92549896
IT.NET.USER.ZS,PLW,Palau,2023,82.91629791
IT.NET.USER.ZS,PLW,Palau,2022,82.56749725
IT.NET.USER.ZS,PAN,Panama,2024,72.77149963
IT.NET.USER.ZS,PAN,Panama,2023,68.54851592
IT.NET.USER.ZS,PAN,Panama,2022,67.2838974
IT.NET.USER.ZS,PAN,Panama,2021,66.04270172
IT.NET.USER.ZS,PAN,Panama,2020,64.82430267
IT.NET.USER.ZS,PAN,Panama,2019,63.6284147731451
IT.NET.USER.ZS,PAN,Panama,2018,61.8055313202468
IT.NET.USER.ZS,PAN,Panama,2017,59.9506309038683
IT.NET.USER.ZS,PAN,Panama,2016,54.0
IT.NET.USER.ZS,PAN,Panama,2015,51.2054249948687
IT.NET.USER.ZS,PNG,Papua New Guinea,2024,18.81159973
IT.NET.USER.ZS,PNG,Papua New Guinea,2023,18.56130028
IT.NET.USER.ZS,PNG,Papua New Guinea,2022,18.25659943
IT.NET.USER.ZS,PNG,Papua New Guinea,2021,16.55960083
IT.NET.USER.ZS,PNG,Papua New Guinea,2020,15.02040005
IT.NET.USER.ZS,PNG,Papua New Guinea,2019,13.62419987
IT.NET.USER.ZS,PNG,Papua New Guinea,2018,12.35789967
IT.NET.USER.ZS,PNG,Papua New Guinea,2017,11.20919991
IT.NET.USER.ZS,PNG,Papua New Guinea,2016,9.601499557
IT.NET.USER.ZS,PNG,Papua New Guinea,2015,7.900000095
IT.NET.USER.ZS,PRY,Paraguay,2024,81.57806793
IT.NET.USER.ZS,PRY,Paraguay,2023,78.09481878
IT.NET.USER.ZS,PRY,Paraguay,2022,76.25916611
IT.NET.USER.ZS,PRY,Paraguay,2021,77.01838621
IT.NET.USER.ZS,PRY,Paraguay,2020,73.95751114
IT.NET.USER.ZS,PRY,Paraguay,2019,68.5176284222264
IT.NET.USER.ZS,PRY,Paraguay,2018,64.9935430235756
IT.NET.USER.ZS,PRY,Paraguay,2017,61.0757562215797
IT.NET.USER.ZS,PRY,Paraguay,2016,53.4041274791009
IT.NET.USER.ZS,PRY,Paraguay,2015,49.716304663966
IT.NET.USER.ZS,PER,Peru,2024,81.95705992
IT.NET.USER.ZS,PER,Peru,2023,79.48484477
IT.NET.USER.ZS,PER,Peru,2022,74.67495213
IT.NET.USER.ZS,PER,Peru,2021,71.10782643
IT.NET.USER.ZS,PER,Peru,2020,65.25179796
IT.NET.USER.ZS,PER,Peru,2019,59.9505036049006
IT.NET.USER.ZS,PER,Peru,2018,55.0543342443197
IT.NET.USER.ZS,PER,Peru,2017,50.4504121848143
IT.NET.USER.ZS,PER,Peru,2016,45.4617406869459
IT.NET.USER.ZS,PER,Peru,2015,40.8526009090468
IT.NET.USER.ZS,PHL,Philippines,2024,67.26300914
IT.NET.USER.ZS,PHL,Philippines,2023,77.86699677
IT.NET.USER.ZS,PHL,Philippines,2022,75.21114422
IT.NET.USER.ZS,PHL,Philippines,2021,66.90779877
IT.NET.USER.ZS,PHL,Philippines,2020,53.76490021
IT.NET.USER.ZS,PHL,Philippines,2019,43.0266118680279
IT.NET.USER.ZS,PHL,Philippines,2018,44.09999847
IT.NET.USER.ZS,PHL,Philippines,2017,41.59999847
IT.NET.USER.ZS,PHL,Philippines,2016,39.20000076
IT.NET.USER.ZS,PHL,Philippines,2015,36.90000153
IT.NET.USER.ZS,POL,Poland,2024,88.58496367
IT.NET.USER.ZS,POL,Poland,2023,86.414744
IT.NET.USER.ZS,POL,Poland,2022,86.94113479
IT.NET.USER.ZS,POL,Poland,2021,85.37490906
IT.NET.USER.ZS,POL,Poland,2020,83.18488715
IT.NET.USER.ZS,POL,Poland,2019,80.4359068768673
IT.NET.USER.ZS,POL,Poland,2018,77.5417345350006
IT.NET.USER.ZS,POL,Poland,2017,75.9853659493832
IT.NET.USER.ZS,POL,Poland,2016,73.3007040962669
IT.NET.USER.ZS,POL,Poland,2015,67.9969871556415
IT.NET.USER.ZS,PRT,Portugal,2024,88.48704454
IT.NET.USER.ZS,PRT,Portugal,2023,85.79012676
IT.NET.USER.ZS,PRT,Portugal,2022,84.49690644
IT.NET.USER.ZS,PRT,Portugal,2021,82.30902804
IT.NET.USER.ZS,PRT,Portugal,2020,78.26166044
IT.NET.USER.ZS,PRT,Portugal,2019,75.3463779408712
IT.NET.USER.ZS,PRT,Portugal,2018,74.6609681487507
IT.NET.USER.ZS,PRT,Portugal,2017,73.7912139515729
IT.NET.USER.ZS,PRT,Portugal,2016,70.423567088723
IT.NET.USER.ZS,PRT,Portugal,2015,68.6328614804299
IT.NET.USER.ZS,PRI,Puerto Rico (US),2022,87.29178106
IT.NET.USER.ZS,PRI,Puerto Rico (US),2021,84.78666399
IT.NET.USER.ZS,PRI,Puerto Rico (US),2019,77.7364393708352
IT.NET.USER.ZS,PRI,Puerto Rico (US),2018,70.8563997424362
IT.NET.USER.ZS,PRI,Puerto Rico (US),2017,68.7407731407209
IT.NET.USER.ZS,PRI,Puerto Rico (US),2016,68.6438071976518
IT.NET.USER.ZS,PRI,Puerto Rico (US),2015,63.4663353848474
IT.NET.USER.ZS,QAT,Qatar,2024,98.08540344
IT.NET.USER.ZS,QAT,Qatar,2023,98.15229797
IT.NET.USER.ZS,QAT,Qatar,2022,98.03800201
IT.NET.USER.ZS,QAT,Qatar,2021,99.65280151
IT.NET.USER.ZS,QAT,Qatar,2020,99.65284913
IT.NET.USER.ZS,QAT,Qatar,2019,99.6528042086389
IT.NET.USER.ZS,QAT,Qatar,2018,99.6528491261175
IT.NET.USER.ZS,QAT,Qatar,2017,97.3888491654164
IT.NET.USER.ZS,QAT,Qatar,2016,95.1246621661148
IT.NET.USER.ZS,QAT,Qatar,2015,92.8848264535481
IT.NET.USER.ZS,ROU,Romania,2024,91.29048551
IT.NET.USER.ZS,ROU,Romania,2023,89.20335498
IT.NET.USER.ZS,ROU,Romania,2022,85.50309124
IT.NET.USER.ZS,ROU,Romania,2021,83.5904265
IT.NET.USER.ZS,ROU,Romania,2020,78.45526895
IT.NET.USER.ZS,ROU,Romania,2019,73.6574757545465
IT.NET.USER.ZS,ROU,Romania,2018,70.6812779273268
IT.NET.USER.ZS,ROU,Romania,2017,63.7472821822484
IT.NET.USER.ZS,ROU,Romania,2016,59.5039512852713
IT.NET.USER.ZS,ROU,Romania,2015,55.7631556336233
IT.NET.USER.ZS,RUS,Russian Federation,2024,94.36495368
IT.NET.USER.ZS,RUS,Russian Federation,2023,92.24496346
IT.NET.USER.ZS,RUS,Russian Federation,2022,90.41799163
IT.NET.USER.ZS,RUS,Russian Federation,2021,88.21384578
IT.NET.USER.ZS,RUS,Russian Federation,2020,84.99466978
IT.NET.USER.ZS,RUS,Russian Federation,2019,82.6421618670668
IT.NET.USER.ZS,RUS,Russian Federation,2018,80.8647218726954
IT.NET.USER.ZS,RUS,Russian Federation,2017,76.0081385339105
IT.NET.USER.ZS,RUS,Russian Federation,2016,73.091434617897
IT.NET.USER.ZS,RUS,Russian Federation,2015,70.0992412263947
IT.NET.USER.ZS,RWA,Rwanda,2024,31.70330048
IT.NET.USER.ZS,RWA,Rwanda,2023,28.80579948
IT.NET.USER.ZS,RWA,Rwanda,2022,28.01679993
IT.NET.USER.ZS,RWA,Rwanda,2021,24.4416008
IT.NET.USER.ZS,RWA,Rwanda,2020,23.8
IT.NET.USER.ZS,RWA,Rwanda,2019,21.3579998
IT.NET.USER.ZS,RWA,Rwanda,2018,19.16659927
IT.NET.USER.ZS,RWA,Rwanda,2017,17.2
IT.NET.USER.ZS,RWA,Rwanda,2016,14.63710022
IT.NET.USER.ZS,RWA,Rwanda,2015,12.45600033
IT.NET.USER.ZS,SMR,San Marino,2024,97.35220337
IT.NET.USER.ZS,SMR,San Marino,2023,97.33640289
IT.NET.USER.ZS,SMR,San Marino,2022,97.32790375
IT.NET.USER.ZS,SMR,San Marino,2021,81.66999817
IT.NET.USER.ZS,SMR,San Marino,2020,77.94999695
IT.NET.USER.ZS,SMR,San Marino,2019,67.85070038
IT.NET.USER.ZS,SMR,San Marino,2017,60.18230057
IT.NET.USER.ZS,SMR,San Marino,2016,55.0
IT.NET.USER.ZS,STP,Sao Tome and Principe,2024,59.11759949
IT.NET.USER.ZS,STP,Sao Tome and Principe,2023,58.70130157
IT.NET.USER.ZS,STP,Sao Tome and Principe,2022,58.56779861
IT.NET.USER.ZS,STP,Sao Tome and Principe,2021,54.94950104
IT.NET.USER.ZS,STP,Sao Tome and Principe,2020,51.55469894
IT.NET.USER.ZS,STP,Sao Tome and Principe,2019,44.25790024
IT.NET.USER.ZS,STP,Sao Tome and Principe,2018,37.99380112
IT.NET.USER.ZS,STP,Sao Tome and Principe,2017,32.61640167
IT.NET.USER.ZS,STP,Sao Tome and Principe,2016,28.0
IT.NET.USER.ZS,STP,Sao Tome and Principe,2015,25.81999969
IT.NET.USER.ZS,SAU,Saudi Arabia,2024,100.0
IT.NET.USER.ZS,SAU,Saudi Arabia,2023,100.0
IT.NET.USER.ZS,SAU,Saudi Arabia,2022,100.0
IT.NET.USER.ZS,SAU,Saudi Arabia,2021,100.0
IT.NET.USER.ZS,SAU,Saudi Arabia,2020,97.8623325
IT.NET.USER.ZS,SAU,Saudi Arabia,2019,95.7247355953812
IT.NET.USER.ZS,SAU,Saudi Arabia,2018,93.3100018480347
IT.NET.USER.ZS,SAU,Saudi Arabia,2017,94.1755996113911
IT.NET.USER.ZS,SAU,Saudi Arabia,2016,74.8792746891625
IT.NET.USER.ZS,SAU,Saudi Arabia,2015,69.6162358014004
IT.NET.USER.ZS,SEN,Senegal,2024,60.11780167
IT.NET.USER.ZS,SEN,Senegal,2023,59.18740082
IT.NET.USER.ZS,SEN,Senegal,2022,56.82830048
IT.NET.USER.ZS,SEN,Senegal,2021,55.04040146
IT.NET.USER.ZS,SEN,Senegal,2020,53.30879974
IT.NET.USER.ZS,SEN,Senegal,2019,43.37969971
IT.NET.USER.ZS,SEN,Senegal,2018,35.29999924
IT.NET.USER.ZS,SEN,Senegal,2017,29.64310074
IT.NET.USER.ZS,SEN,Senegal,2016,25.66480064
IT.NET.USER.ZS,SEN,Senegal,2015,21.70000076
IT.NET.USER.ZS,SRB,Serbia,2024,87.69071294
IT.NET.USER.ZS,SRB,Serbia,2023,85.35746686
IT.NET.USER.ZS,SRB,Serbia,2022,83.53825397
IT.NET.USER.ZS,SRB,Serbia,2021,81.16588116
IT.NET.USER.ZS,SRB,Serbia,2020,78.36804864
IT.NET.USER.ZS,SRB,Serbia,2019,77.4167736219802
IT.NET.USER.ZS,SRB,Serbia,2018,73.360709154564
IT.NET.USER.ZS,SRB,Serbia,2017,70.3308355269141
IT.NET.USER.ZS,SRB,Serbia,2016,67.0568413716938
IT.NET.USER.ZS,SRB,Serbia,2015,65.3170254003801
IT.NET.USER.ZS,SYC,Seychelles,2024,87.81800079
IT.NET.USER.ZS,SYC,Seychelles,2023,86.001297
IT.NET.USER.ZS,SYC,Seychelles,2022,84.83380127
IT.NET.USER.ZS,SYC,Seychelles,2021,81.99530029
IT.NET.USER.ZS,SYC,Seychelles,2020,79.25170135
IT.NET.USER.ZS,SYC,Seychelles,2019,76.63420105
IT.NET.USER.ZS,SYC,Seychelles,2018,69.23660278
IT.NET.USER.ZS,SYC,Seychelles,2017,62.55310059
IT.NET.USER.ZS,SYC,Seychelles,2016,56.51470184
IT.NET.USER.ZS,SYC,Seychelles,2015,54.25960159
IT.NET.USER.ZS,SLE,Sierra Leone,2024,25.10499954
IT.NET.USER.ZS,SLE,Sierra Leone,2023,23.71360016
IT.NET.USER.ZS,SLE,Sierra Leone,2022,21.50880051
IT.NET.USER.ZS,SLE,Sierra Leone,2021,18.65390015
IT.NET.USER.ZS,SLE,Sierra Leone,2020,17.12080002
IT.NET.USER.ZS,SLE,Sierra Leone,2019,15.71370029
IT.NET.USER.ZS,SLE,Sierra Leone,2018,14.42230034
IT.NET.USER.ZS,SLE,Sierra Leone,2017,9.297100067
IT.NET.USER.ZS,SLE,Sierra Leone,2016,7.680099964
IT.NET.USER.ZS,SLE,Sierra Leone,2015,6.344399929
IT.NET.USER.ZS,SGP,Singapore,2024,94.37757178
IT.NET.USER.ZS,SGP,Singapore,2023,94.28518987
IT.NET.USER.ZS,SGP,Singapore,2022,95.95386476
IT.NET.USER.ZS,SGP,Singapore,2021,96.92468156
IT.NET.USER.ZS,SGP,Singapore,2020,92.00434653
IT.NET.USER.ZS,SGP,Singapore,2019,88.9492526850762
IT.NET.USER.ZS,SGP,Singapore,2018,88.1656360313447
IT.NET.USER.ZS,SGP,Singapore,2017,84.4522678893074
IT.NET.USER.ZS,SGP,Singapore,2016,84.4522678893074
IT.NET.USER.ZS,SGP,Singapore,2015,79.0129570025584
IT.NET.USER.ZS,SVK,Slovak Republic,2024,89.82507032
IT.NET.USER.ZS,SVK,Slovak Republic,2023,87.2131343
IT.NET.USER.ZS,SVK,Slovak Republic,2022,89.06766196
IT.NET.USER.ZS,SVK,Slovak Republic,2021,88.92560523
IT.NET.USER.ZS,SVK,Slovak Republic,2020,89.92090413
IT.NET.USER.ZS,SVK,Slovak Republic,2019,82.8536605021784
IT.NET.USER.ZS,SVK,Slovak Republic,2018,80.4489224826099
IT.NET.USER.ZS,SVK,Slovak Republic,2017,81.6256675172655
IT.NET.USER.ZS,SVK,Slovak Republic,2016,80.475857275668
IT.NET.USER.ZS,SVK,Slovak Republic,2015,77.6346820339875
IT.NET.USER.ZS,SVN,Slovenia,2024,90.76355487
IT.NET.USER.ZS,SVN,Slovenia,2023,90.37794678
IT.NET.USER.ZS,SVN,Slovenia,2022,88.91248552
IT.NET.USER.ZS,SVN,Slovenia,2021,89.00399524
IT.NET.USER.ZS,SVN,Slovenia,2020,86.60130109
IT.NET.USER.ZS,SVN,Slovenia,2019,83.1083578026717
IT.NET.USER.ZS,SVN,Slovenia,2018,79.7499765956562
IT.NET.USER.ZS,SVN,Slovenia,2017,78.8854263554775
IT.NET.USER.ZS,SVN,Slovenia,2016,75.4985042610791
IT.NET.USER.ZS,SVN,Slovenia,2015,73.0986599745829
IT.NET.USER.ZS,SLB,Solomon Islands,2024,29.04070091
IT.NET.USER.ZS,SLB,Solomon Islands,2023,28.67239952
IT.NET.USER.ZS,SLB,Solomon Islands,2022,28.01729965
IT.NET.USER.ZS,SLB,Solomon Islands,2021,26.03790092
IT.NET.USER.ZS,SLB,Solomon Islands,2020,24.1984005
IT.NET.USER.ZS,SLB,Solomon Islands,2019,22.48880005
IT.NET.USER.ZS,SLB,Solomon Islands,2018,20.8593998
IT.NET.USER.ZS,SLB,Solomon Islands,2017,15.14840031
IT.NET.USER.ZS,SLB,Solomon Islands,2016,11.00090027
IT.NET.USER.ZS,SLB,Solomon Islands,2015,10.00049973
IT.NET.USER.ZS,SOM,"Somalia, Fed. Rep.",2024,27.94020081
IT.NET.USER.ZS,SOM,"Somalia, Fed. Rep.",2023,26.12010002
IT.NET.USER.ZS,SOM,"Somalia, Fed. Rep.",2022,27.6
IT.NET.USER.ZS,SOM,"Somalia, Fed. Rep.",2021,23.87479973
IT.NET.USER.ZS,SOM,"Somalia, Fed. Rep.",2020,15.02369976
IT.NET.USER.ZS,SOM,"Somalia, Fed. Rep.",2019,2.731400013
IT.NET.USER.ZS,SOM,"Somalia, Fed. Rep.",2016,1.879999995
IT.NET.USER.ZS,SOM,"Somalia, Fed. Rep.",2015,1.75999999
IT.NET.USER.ZS,ZAF,South Africa,2024,78.35759735
IT.NET.USER.ZS,ZAF,South Africa,2023,78.33670044
IT.NET.USER.ZS,ZAF,South Africa,2022,78.29319763
IT.NET.USER.ZS,ZAF,South Africa,2021,74.96859741
IT.NET.USER.ZS,ZAF,South Africa,2020,72.1128006
IT.NET.USER.ZS,ZAF,South Africa,2019,69.69689941
IT.NET.USER.ZS,ZAF,South Africa,2018,62.40000153
IT.NET.USER.ZS,ZAF,South Africa,2017,56.16740036
IT.NET.USER.ZS,ZAF,South Africa,2016,54.0
IT.NET.USER.ZS,ZAF,South Africa,2015,51.91910172
IT.NET.USER.ZS,SSD,South Sudan,2019,6.671000004
IT.NET.USER.ZS,SSD,South Sudan,2018,4.800000191
IT.NET.USER.ZS,SSD,South Sudan,2017,4.1
IT.NET.USER.ZS,SSD,South Sudan,2016,3.5
IT.NET.USER.ZS,SSD,South Sudan,2015,3.0
IT.NET.USER.ZS,ESP,Spain,2024,95.7574516
IT.NET.USER.ZS,ESP,Spain,2023,95.44564516
IT.NET.USER.ZS,ESP,Spain,2022,94.4855432
IT.NET.USER.ZS,ESP,Spain,2021,93.89752157
IT.NET.USER.ZS,ESP,Spain,2020,93.20564892
IT.NET.USER.ZS,ESP,Spain,2019,90.718665325267
IT.NET.USER.ZS,ESP,Spain,2018,86.107235525659
IT.NET.USER.ZS,ESP,Spain,2017,84.6022457016524
IT.NET.USER.ZS,ESP,Spain,2016,80.5613329432179
IT.NET.USER.ZS,ESP,Spain,2015,78.6896318703515
IT.NET.USER.ZS,LKA,Sri Lanka,2024,54.59
IT.NET.USER.ZS,LKA,Sri Lanka,2023,51.2
IT.NET.USER.ZS,LKA,Sri Lanka,2022,48.3
IT.NET.USER.ZS,LKA,Sri Lanka,2021,44.45308724
IT.NET.USER.ZS,LKA,Sri Lanka,2020,36.18473435
IT.NET.USER.ZS,LKA,Sri Lanka,2019,32.02090073
IT.NET.USER.ZS,LKA,Sri Lanka,2018,28.33620071
IT.NET.USER.ZS,LKA,Sri Lanka,2017,25.07550049
IT.NET.USER.ZS,LKA,Sri Lanka,2016,22.19
IT.NET.USER.ZS,LKA,Sri Lanka,2015,15.26249981
IT.NET.USER.ZS,KNA,St. Kitts and Nevis,2024,76.88400269
IT.NET.USER.ZS,KNA,St. Kitts and Nevis,2023,76.58950043
IT.NET.USER.ZS,KNA,St. Kitts and Nevis,2022,75.76229858
IT.NET.USER.ZS,KNA,St. Kitts and Nevis,2021,74.37159729
IT.NET.USER.ZS,KNA,St. Kitts and Nevis,2020,70.27529907
IT.NET.USER.ZS,KNA,St. Kitts and Nevis,2019,69.43499756
IT.NET.USER.ZS,KNA,St. Kitts and Nevis,2018,68.60479736
IT.NET.USER.ZS,KNA,St. Kitts and Nevis,2017,67.78440094
IT.NET.USER.ZS,KNA,St. Kitts and Nevis,2016,66.97389984
IT.NET.USER.ZS,KNA,St. Kitts and Nevis,2015,66.17310333
IT.NET.USER.ZS,LCA,St. Lucia,2024,68.20500183
IT.NET.USER.ZS,LCA,St. Lucia,2023,67.44390106
IT.NET.USER.ZS,LCA,St. Lucia,2022,66.95159912
IT.NET.USER.ZS,LCA,St. Lucia,2021,63.06330109
IT.NET.USER.ZS,LCA,St. Lucia,2020,62.06399918
IT.NET.USER.ZS,LCA,St. Lucia,2019,61.08050156
IT.NET.USER.ZS,LCA,St. Lucia,2018,60.11259842
IT.NET.USER.ZS,LCA,St. Lucia,2017,59.16009903
IT.NET.USER.ZS,LCA,St. Lucia,2016,58.22259903
IT.NET.USER.ZS,LCA,St. Lucia,2015,57.26330185
IT.NET.USER.ZS,VCT,St. Vincent and the Grenadines,2024,76.19010162
IT.NET.USER.ZS,VCT,St. Vincent and the Grenadines,2023,75.53679657
IT.NET.USER.ZS,VCT,St. Vincent and the Grenadines,2022,74.75479889
IT.NET.USER.ZS,VCT,St. Vincent and the Grenadines,2021,68.83339691
IT.NET.USER.ZS,VCT,St. Vincent and the Grenadines,2020,63.38100052
IT.NET.USER.ZS,VCT,St. Vincent and the Grenadines,2019,59.57630157
IT.NET.USER.ZS,VCT,St. Vincent and the Grenadines,2018,56.0
IT.NET.USER.ZS,VCT,St. Vincent and the Grenadines,2017,53.70000076
IT.NET.USER.ZS,VCT,St. Vincent and the Grenadines,2016,51.5
IT.NET.USER.ZS,VCT,St. Vincent and the Grenadines,2015,49.40000153
IT.NET.USER.ZS,SDN,Sudan,2017,18.60000038
IT.NET.USER.ZS,SDN,Sudan,2016,14.0999999446534
IT.NET.USER.ZS,SDN,Sudan,2015,12.0
IT.NET.USER.ZS,SUR,Suriname,2023,87.4
IT.NET.USER.ZS,SUR,Suriname,2019,62.03350067
IT.NET.USER.ZS,SUR,Suriname,2018,55.10210037
IT.NET.USER.ZS,SUR,Suriname,2017,48.94520187
IT.NET.USER.ZS,SUR,Suriname,2016,45.40000153
IT.NET.USER.ZS,SUR,Suriname,2015,42.76380157
IT.NET.USER.ZS,SWE,Sweden,2025,95.76629783
IT.NET.USER.ZS,SWE,Sweden,2024,95.52930428
IT.NET.USER.ZS,SWE,Sweden,2023,95.70327461
IT.NET.USER.ZS,SWE,Sweden,2022,95.00970335
IT.NET.USER.ZS,SWE,Sweden,2021,94.6703163
IT.NET.USER.ZS,SWE,Sweden,2020,94.53943122
IT.NET.USER.ZS,SWE,Sweden,2019,94.4934434072202
IT.NET.USER.ZS,SWE,Sweden,2018,89.2469631588137
IT.NET.USER.ZS,SWE,Sweden,2017,93.0062669652127
IT.NET.USER.ZS,SWE,Sweden,2016,89.6509476102355
IT.NET.USER.ZS,SWE,Sweden,2015,90.6101966398616
IT.NET.USER.ZS,CHE,Switzerland,2025,97.32103855
IT.NET.USER.ZS,CHE,Switzerland,2024,97.3443985
IT.NET.USER.ZS,CHE,Switzerland,2023,97.34436623
IT.NET.USER.ZS,CHE,Switzerland,2022,96.45279694
IT.NET.USER.ZS,CHE,Switzerland,2021,95.56937154
IT.NET.USER.ZS,CHE,Switzerland,2020,94.34999847
IT.NET.USER.ZS,CHE,Switzerland,2019,93.1460869535177
IT.NET.USER.ZS,CHE,Switzerland,2018,91.80000305
IT.NET.USER.ZS,CHE,Switzerland,2017,89.6861476710225
IT.NET.USER.ZS,CHE,Switzerland,2016,89.1346877351392
IT.NET.USER.ZS,CHE,Switzerland,2015,87.4790555978675
IT.NET.USER.ZS,SYR,Syrian Arab Republic,2018,33.77000046
IT.NET.USER.ZS,SYR,Syrian Arab Republic,2017,32.70000076
IT.NET.USER.ZS,SYR,Syrian Arab Republic,2016,31.8696003
IT.NET.USER.ZS,SYR,Syrian Arab Republic,2015,29.97979927
IT.NET.USER.ZS,TJK,Tajikistan,2024,55.79339981
IT.NET.USER.ZS,TJK,Tajikistan,2023,54.41550064
IT.NET.USER.ZS,TJK,Tajikistan,2022,48.91429901
IT.NET.USER.ZS,TJK,Tajikistan,2021,36.70560074
IT.NET.USER.ZS,TJK,Tajikistan,2020,27.54409981
IT.NET.USER.ZS,TJK,Tajikistan,2019,22.68630028
IT.NET.USER.ZS,TJK,Tajikistan,2018,32.59999847
IT.NET.USER.ZS,TJK,Tajikistan,2017,21.95999908
IT.NET.USER.ZS,TJK,Tajikistan,2016,20.46999931
IT.NET.USER.ZS,TJK,Tajikistan,2015,18.97999954
IT.NET.USER.ZS,TZA,Tanzania,2024,31.16209984
IT.NET.USER.ZS,TZA,Tanzania,2023,28.43190002
IT.NET.USER.ZS,TZA,Tanzania,2022,26.86059952
IT.NET.USER.ZS,TZA,Tanzania,2021,22.87540054
IT.NET.USER.ZS,TZA,Tanzania,2020,19.48139954
IT.NET.USER.ZS,TZA,Tanzania,2019,16.59090042
IT.NET.USER.ZS,TZA,Tanzania,2018,15.49069977
IT.NET.USER.ZS,TZA,Tanzania,2017,14.46339989
IT.NET.USER.ZS,TZA,Tanzania,2016,13.5042328468919
IT.NET.USER.ZS,TZA,Tanzania,2015,10.0
IT.NET.USER.ZS,THA,Thailand,2024,90.86718789
IT.NET.USER.ZS,THA,Thailand,2023,89.53525238
IT.NET.USER.ZS,THA,Thailand,2022,87.97724503
IT.NET.USER.ZS,THA,Thailand,2021,85.26956666
IT.NET.USER.ZS,THA,Thailand,2020,77.84374066
IT.NET.USER.ZS,THA,Thailand,2019,66.6524194587528
IT.NET.USER.ZS,THA,Thailand,2018,56.8174809301456
IT.NET.USER.ZS,THA,Thailand,2017,52.8919293439676
IT.NET.USER.ZS,THA,Thailand,2016,47.5049656215909
IT.NET.USER.ZS,THA,Thailand,2015,39.3161267365004
IT.NET.USER.ZS,TLS,Timor-Leste,2021,35.04199982
IT.NET.USER.ZS,TLS,Timor-Leste,2020,32.01269913
IT.NET.USER.ZS,TLS,Timor-Leste,2019,28.00460052
IT.NET.USER.ZS,TLS,Timor-Leste,2018,27.60000038
IT.NET.USER.ZS,TLS,Timor-Leste,2017,24.20000076
IT.NET.USER.ZS,TLS,Timor-Leste,2016,21.20000076
IT.NET.USER.ZS,TLS,Timor-Leste,2015,18.60000038
IT.NET.USER.ZS,TGO,Togo,2024,39.48320007
IT.NET.USER.ZS,TGO,Togo,2023,37.57020187
IT.NET.USER.ZS,TGO,Togo,2022,35.60749817
IT.NET.USER.ZS,TGO,Togo,2021,30.33839989
IT.NET.USER.ZS,TGO,Togo,2020,29.02370071
IT.NET.USER.ZS,TGO,Togo,2019,20.72730064
IT.NET.USER.ZS,TGO,Togo,2018,15.5
IT.NET.USER.ZS,TGO,Togo,2017,12.3602249692905
IT.NET.USER.ZS,TGO,Togo,2016,11.31000042
IT.NET.USER.ZS,TGO,Togo,2015,7.119999886
IT.NET.USER.ZS,TON,Tonga,2024,67.4417038
IT.NET.USER.ZS,TON,Tonga,2023,64.13140106
IT.NET.USER.ZS,TON,Tonga,2022,61.60739899
IT.NET.USER.ZS,TON,Tonga,2021,57.549
IT.NET.USER.ZS,TON,Tonga,2020,54.47370148
IT.NET.USER.ZS,TON,Tonga,2019,51.56299973
IT.NET.USER.ZS,TON,Tonga,2018,48.80789948
IT.NET.USER.ZS,TON,Tonga,2017,46.20080185
IT.NET.USER.ZS,TON,Tonga,2016,39.95000076
IT.NET.USER.ZS,TON,Tonga,2015,38.65129852
IT.NET.USER.ZS,TTO,Trinidad and Tobago,2024,82.15989685
IT.NET.USER.ZS,TTO,Trinidad and Tobago,2023,81.9681015
IT.NET.USER.ZS,TTO,Trinidad and Tobago,2022,81.69760132
IT.NET.USER.ZS,TTO,Trinidad and Tobago,2021,84.36576986
IT.NET.USER.ZS,TTO,Trinidad and Tobago,2020,77.28130341
IT.NET.USER.ZS,TTO,Trinidad and Tobago,2019,74.98670197
IT.NET.USER.ZS,TTO,Trinidad and Tobago,2018,72.76029968
IT.NET.USER.ZS,TTO,Trinidad and Tobago,2017,70.59999847
IT.NET.USER.ZS,TTO,Trinidad and Tobago,2016,67.80000305
IT.NET.USER.ZS,TTO,Trinidad and Tobago,2015,65.09999847
IT.NET.USER.ZS,TUN,Tunisia,2024,76.5
IT.NET.USER.ZS,TUN,Tunisia,2021,68.31552226
IT.NET.USER.ZS,TUN,Tunisia,2020,68.55639648
IT.NET.USER.ZS,TUN,Tunisia,2019,66.6999983024144
IT.NET.USER.ZS,TUN,Tunisia,2018,64.1908102327387
IT.NET.USER.ZS,TUN,Tunisia,2017,55.5001550633671
IT.NET.USER.ZS,TUN,Tunisia,2016,49.5999948415756
IT.NET.USER.ZS,TUN,Tunisia,2015,46.4999943435776
IT.NET.USER.ZS,TUR,Turkiye,2025,89.77024003
IT.NET.USER.ZS,TUR,Turkiye,2024,87.3078767
IT.NET.USER.ZS,TUR,Turkiye,2023,85.96074155
IT.NET.USER.ZS,TUR,Turkiye,2022,83.43716576
IT.NET.USER.ZS,TUR,Turkiye,2021,81.40843745
IT.NET.USER.ZS,TUR,Turkiye,2020,77.6695605
IT.NET.USER.ZS,TUR,Turkiye,2019,73.9767022871511
IT.NET.USER.ZS,TUR,Turkiye,2018,71.0427608433809
IT.NET.USER.ZS,TUR,Turkiye,2017,64.6846176835371
IT.NET.USER.ZS,TUR,Turkiye,2016,58.3477340145685
IT.NET.USER.ZS,TUR,Turkiye,2015,53.7449791423583
IT.NET.USER.ZS,TKM,Turkmenistan,2016,17.99029922
IT.NET.USER.ZS,TKM,Turkmenistan,2015,14.99680042
IT.NET.USER.ZS,TUV,Tuvalu,2017,35.20000076
IT.NET.USER.ZS,TUV,Tuvalu,2016,31.0
IT.NET.USER.ZS,TUV,Tuvalu,2015,27.29999924
IT.NET.USER.ZS,UGA,Uganda,2024,8.949831061
IT.NET.USER.ZS,UGA,Uganda,2023,9.286999702
IT.NET.USER.ZS,UGA,Uganda,2022,9.636899948
IT.NET.USER.ZS,UGA,Uganda,2021,10.0
IT.NET.USER.ZS,UGA,Uganda,2020,7.4
IT.NET.USER.ZS,UGA,Uganda,2019,11.72579956
IT.NET.USER.ZS,UGA,Uganda,2018,9.326299667
IT.NET.USER.ZS,UGA,Uganda,2017,7.417900085
IT.NET.USER.ZS,UGA,Uganda,2016,5.9
IT.NET.USER.ZS,UGA,Uganda,2015,5.699999809
IT.NET.USER.ZS,UKR,Ukraine,2024,82.47489929
IT.NET.USER.ZS,UKR,Ukraine,2023,81.58059692
IT.NET.USER.ZS,UKR,Ukraine,2022,80.47429657
IT.NET.USER.ZS,UKR,Ukraine,2021,79.21829353
IT.NET.USER.ZS,UKR,Ukraine,2020,75.03790912
IT.NET.USER.ZS,UKR,Ukraine,2019,70.1248442995263
IT.NET.USER.ZS,UKR,Ukraine,2018,62.5531553933869
IT.NET.USER.ZS,UKR,Ukraine,2017,58.8894794459775
IT.NET.USER.ZS,UKR,Ukraine,2016,53.0009695981884
IT.NET.USER.ZS,UKR,Ukraine,2015,48.8846436813218
IT.NET.USER.ZS,ARE,United Arab Emirates,2024,100.0
IT.NET.USER.ZS,ARE,United Arab Emirates,2023,100.0
IT.NET.USER.ZS,ARE,United Arab Emirates,2022,100.0
IT.NET.USER.ZS,ARE,United Arab Emirates,2021,100.0
IT.NET.USER.ZS,ARE,United Arab Emirates,2020,100.0
IT.NET.USER.ZS,ARE,United Arab Emirates,2019,99.1499979561243
IT.NET.USER.ZS,ARE,United Arab Emirates,2018,98.4500017817194
IT.NET.USER.ZS,ARE,United Arab Emirates,2017,94.8199225383446
IT.NET.USER.ZS,ARE,United Arab Emirates,2016,90.6000073180483
IT.NET.USER.ZS,ARE,United Arab Emirates,2015,90.5
IT.NET.USER.ZS,GBR,United Kingdom,2024,95.4720993
IT.NET.USER.ZS,GBR,United Kingdom,2023,95.44719696
IT.NET.USER.ZS,GBR,United Kingdom,2022,95.46530151
IT.NET.USER.ZS,GBR,United Kingdom,2021,96.19650269
IT.NET.USER.ZS,GBR,United Kingdom,2020,94.81820132
IT.NET.USER.ZS,GBR,United Kingdom,2019,92.5166285497138
IT.NET.USER.ZS,GBR,United Kingdom,2018,90.692008988783
IT.NET.USER.ZS,GBR,United Kingdom,2017,90.4245504868553
IT.NET.USER.ZS,GBR,United Kingdom,2016,94.7758006318882
IT.NET.USER.ZS,GBR,United Kingdom,2015,92.0002998740234
IT.NET.USER.ZS,USA,United States,2024,94.69380188
IT.NET.USER.ZS,USA,United States,2023,93.52559662
IT.NET.USER.ZS,USA,United States,2022,92.72850037
IT.NET.USER.ZS,USA,United States,2021,91.2684021
IT.NET.USER.ZS,USA,United States,2020,90.34470367
IT.NET.USER.ZS,USA,United States,2019,89.4302848575712
IT.NET.USER.ZS,USA,United States,2018,88.498903165152
IT.NET.USER.ZS,USA,United States,2017,87.2748891687657
IT.NET.USER.ZS,USA,United States,2016,85.5444212887222
IT.NET.USER.ZS,USA,United States,2015,74.5542024462761
IT.NET.USER.ZS,URY,Uruguay,2024,91.99109007
IT.NET.USER.ZS,URY,Uruguay,2023,90.92590332
IT.NET.USER.ZS,URY,Uruguay,2022,89.87304314
IT.NET.USER.ZS,URY,Uruguay,2021,87.64440155
IT.NET.USER.ZS,URY,Uruguay,2020,85.47100067
IT.NET.USER.ZS,URY,Uruguay,2019,83.3515337667548
IT.NET.USER.ZS,URY,Uruguay,2018,80.7268428795854
IT.NET.USER.ZS,URY,Uruguay,2017,70.3223543994698
IT.NET.USER.ZS,URY,Uruguay,2016,66.40000153
IT.NET.USER.ZS,URY,Uruguay,2015,64.5707870971624
IT.NET.USER.ZS,UZB,Uzbekistan,2024,89.50550079
IT.NET.USER.ZS,UZB,Uzbekistan,2023,89.01361047
IT.NET.USER.ZS,UZB,Uzbekistan,2022,83.90000012
IT.NET.USER.ZS,UZB,Uzbekistan,2021,76.59043014
IT.NET.USER.ZS,UZB,Uzbekistan,2020,71.09999824
IT.NET.USER.ZS,UZB,Uzbekistan,2019,70.3999986481458
IT.NET.USER.ZS,UZB,Uzbekistan,2018,55.2000006732722
IT.NET.USER.ZS,UZB,Uzbekistan,2017,48.6999988524556
IT.NET.USER.ZS,UZB,Uzbekistan,2016,46.79130173
IT.NET.USER.ZS,UZB,Uzbekistan,2015,42.79999924
IT.NET.USER.ZS,VUT,Vanuatu,2015,22.35140038
IT.NET.USER.ZS,VEN,"Venezuela, RB",2024,76.67890167
IT.NET.USER.ZS,VEN,"Venezuela, RB",2023,76.33190155
IT.NET.USER.ZS,VEN,"Venezuela, RB",2022,75.82180023
IT.NET.USER.ZS,VEN,"Venezuela, RB",2021,74.11219788
IT.NET.USER.ZS,VEN,"Venezuela, RB",2020,72.44110107
IT.NET.USER.ZS,VEN,"Venezuela, RB",2019,49.05009842
IT.NET.USER.ZS,VEN,"Venezuela, RB",2016,60.0
IT.NET.USER.ZS,VEN,"Venezuela, RB",2015,58.0
IT.NET.USER.ZS,VNM,Viet Nam,2024,84.15
IT.NET.USER.ZS,VNM,Viet Nam,2023,78.08
IT.NET.USER.ZS,VNM,Viet Nam,2022,78.58999918
IT.NET.USER.ZS,VNM,Viet Nam,2021,74.20999985
IT.NET.USER.ZS,VNM,Viet Nam,2020,70.30000012
IT.NET.USER.ZS,VNM,Viet Nam,2019,68.6615802057338
IT.NET.USER.ZS,VNM,Viet Nam,2018,69.8479286837965
IT.NET.USER.ZS,VNM,Viet Nam,2017,58.1400000036297
IT.NET.USER.ZS,VNM,Viet Nam,2016,53.0
IT.NET.USER.ZS,VNM,Viet Nam,2015,45.0
IT.NET.USER.ZS,VIR,Virgin Islands (U.S.),2017,64.3774942980087
IT.NET.USER.ZS,VIR,Virgin Islands (U.S.),2016,59.60831579895
IT.NET.USER.ZS,VIR,Virgin Islands (U.S.),2015,54.839137296
IT.NET.USER.ZS,PSE,West Bank and Gaza,2023,86.63765334
IT.NET.USER.ZS,PSE,West Bank and Gaza,2022,88.64690554
IT.NET.USER.ZS,PSE,West Bank and Gaza,2020,76.18160248
IT.NET.USER.ZS,PSE,West Bank and Gaza,2019,70.6225837001758
IT.NET.USER.ZS,PSE,West Bank and Gaza,2018,64.3999937114499
IT.NET.USER.ZS,PSE,West Bank and Gaza,2017,63.29999924
IT.NET.USER.ZS,PSE,West Bank and Gaza,2016,59.90000153
IT.NET.USER.ZS,PSE,West Bank and Gaza,2015,56.70000076
IT.NET.USER.ZS,YEM,"Yemen, Rep.",2019,17.49099922
IT.NET.USER.ZS,YEM,"Yemen, Rep.",2016,24.57920074
IT.NET.USER.ZS,YEM,"Yemen, Rep.",2015,24.08539963
IT.NET.USER.ZS,ZMB,Zambia,2024,17.10099983
IT.NET.USER.ZS,ZMB,Zambia,2023,16.45070076
IT.NET.USER.ZS,ZMB,Zambia,2022,15.0
IT.NET.USER.ZS,ZMB,Zambia,2021,14.82190037
IT.NET.USER.ZS,ZMB,Zambia,2020,14.64579964
IT.NET.USER.ZS,ZMB,Zambia,2019,14.47189999
IT.NET.USER.ZS,ZMB,Zambia,2018,14.2999970950012
IT.NET.USER.ZS,ZMB,Zambia,2017,12.19999981
IT.NET.USER.ZS,ZMB,Zambia,2016,10.30000019
IT.NET.USER.ZS,ZMB,Zambia,2015,8.8
IT.NET.USER.ZS,ZWE,Zimbabwe,2024,41.64279938
IT.NET.USER.ZS,ZWE,Zimbabwe,2023,38.67480087
IT.NET.USER.ZS,ZWE,Zimbabwe,2022,36.25650024
IT.NET.USER.ZS,ZWE,Zimbabwe,2021,32.5923996
IT.NET.USER.ZS,ZWE,Zimbabwe,2020,29.29856532
IT.NET.USER.ZS,ZWE,Zimbabwe,2019,26.5883007
IT.NET.USER.ZS,ZWE,Zimbabwe,2018,25.0
IT.NET.USER.ZS,ZWE,Zimbabwe,2017,24.39999962
IT.NET.USER.ZS,ZWE,Zimbabwe,2016,23.12000084
IT.NET.USER.ZS,ZWE,Zimbabwe,2015,22.74279976
