dataset,nace,indic,indic_label,c_ctrl,c_ctrl_label,geo,year,value
fats_g1a_08,M71,V16110,Persons employed - number,CN_X_HK,China except Hong Kong,AT,2008,0.0
fats_g1a_08,M71,V16110,Persons employed - number,CN_X_HK,China except Hong Kong,AT,2009,0.0
fats_g1a_08,M71,V16110,Persons employed - number,CN_X_HK,China except Hong Kong,AT,2010,0.0
fats_g1a_08,M71,V16110,Persons employed - number,CN_X_HK,China except Hong Kong,AT,2011,0.0
fats_g1a_08,M71,V16110,Persons employed - number,CN_X_HK,China except Hong Kong,AT,2012,0.0
fats_g1a_08,M71,V16110,Persons employed - number,CN_X_HK,China except Hong Kong,AT,2015,43.0
fats_g1a_08,M71,V16110,Persons employed - number,CN_X_HK,China except Hong Kong,AT,2017,63.0
fats_g1a_08,M71,V16110,Persons employed - number,CN_X_HK,China except Hong Kong,AT,2018,92.0
fats_g1a_08,M71,V16110,Persons employed - number,CN_X_HK,China except Hong Kong,AT,2020,92.0
fats_g1a_08,M71,V16110,Persons employed - number,CN_X_HK,China except Hong Kong,BE,2010,0.0
fats_g1a_08,M71,V16110,Persons employed - number,CN_X_HK,China except Hong Kong,BE,2011,0.0
fats_g1a_08,M71,V16110,Persons employed - number,CN_X_HK,China except Hong Kong,BE,2012,0.0
fats_g1a_08,M71,V16110,Persons employed - number,CN_X_HK,China except Hong Kong,BE,2013,0.0
fats_g1a_08,M71,V16110,Persons employed - number,CN_X_HK,China except Hong Kong,BE,2014,0.0
fats_g1a_08,M71,V16110,Persons employed - number,CN_X_HK,China except Hong Kong,BE,2015,0.0
fats_g1a_08,M71,V16110,Persons employed - number,CN_X_HK,China except Hong Kong,BE,2016,0.0
fats_g1a_08,M71,V16110,Persons employed - number,CN_X_HK,China except Hong Kong,BE,2017,0.0
fats_g1a_08,M71,V16110,Persons employed - number,CN_X_HK,China except Hong Kong,BE,2018,0.0
fats_g1a_08,M71,V16110,Persons employed - number,CN_X_HK,China except Hong Kong,BE,2019,0.0
fats_g1a_08,M71,V16110,Persons employed - number,CN_X_HK,China except Hong Kong,BE,2020,0.0
fats_g1a_08,M71,V16110,Persons employed - number,CN_X_HK,China except Hong Kong,CZ,2011,0.0
fats_g1a_08,M71,V16110,Persons employed - number,CN_X_HK,China except Hong Kong,CZ,2012,0.0
fats_g1a_08,M71,V16110,Persons employed - number,CN_X_HK,China except Hong Kong,CZ,2013,0.0
fats_g1a_08,M71,V16110,Persons employed - number,CN_X_HK,China except Hong Kong,CZ,2014,0.0
fats_g1a_08,M71,V16110,Persons employed - number,CN_X_HK,China except Hong Kong,CZ,2015,0.0
fats_g1a_08,M71,V16110,Persons employed - number,CN_X_HK,China except Hong Kong,CZ,2016,0.0
fats_g1a_08,M71,V16110,Persons employed - number,CN_X_HK,China except Hong Kong,DE,2009,96.0
fats_g1a_08,M71,V16110,Persons employed - number,CN_X_HK,China except Hong Kong,DE,2010,116.0
fats_g1a_08,M71,V16110,Persons employed - number,CN_X_HK,China except Hong Kong,DE,2011,60.0
fats_g1a_08,M71,V16110,Persons employed - number,CN_X_HK,China except Hong Kong,DE,2012,186.0
fats_g1a_08,M71,V16110,Persons employed - number,CN_X_HK,China except Hong Kong,DE,2013,381.0
fats_g1a_08,M71,V16110,Persons employed - number,CN_X_HK,China except Hong Kong,DE,2014,402.0
fats_g1a_08,M71,V16110,Persons employed - number,CN_X_HK,China except Hong Kong,DE,2016,430.0
fats_g1a_08,M71,V16110,Persons employed - number,CN_X_HK,China except Hong Kong,DE,2017,602.0
fats_g1a_08,M71,V16110,Persons employed - number,CN_X_HK,China except Hong Kong,DE,2018,2104.0
fats_g1a_08,M71,V16110,Persons employed - number,CN_X_HK,China except Hong Kong,DE,2019,572.0
fats_g1a_08,M71,V16110,Persons employed - number,CN_X_HK,China except Hong Kong,DE,2020,1311.0
fats_g1a_08,M71,V16110,Persons employed - number,CN_X_HK,China except Hong Kong,DK,2008,0.0
fats_g1a_08,M71,V16110,Persons employed - number,CN_X_HK,China except Hong Kong,DK,2009,0.0
fats_g1a_08,M71,V16110,Persons employed - number,CN_X_HK,China except Hong Kong,DK,2010,0.0
fats_g1a_08,M71,V16110,Persons employed - number,CN_X_HK,China except Hong Kong,DK,2011,0.0
fats_g1a_08,M71,V16110,Persons employed - number,CN_X_HK,China except Hong Kong,DK,2012,0.0
fats_g1a_08,M71,V16110,Persons employed - number,CN_X_HK,China except Hong Kong,DK,2013,0.0
fats_g1a_08,M71,V16110,Persons employed - number,CN_X_HK,China except Hong Kong,DK,2014,0.0
fats_g1a_08,M71,V16110,Persons employed - number,CN_X_HK,China except Hong Kong,EL,2012,0.0
fats_g1a_08,M71,V16110,Persons employed - number,CN_X_HK,China except Hong Kong,EL,2013,0.0
fats_g1a_08,M71,V16110,Persons employed - number,CN_X_HK,China except Hong Kong,EL,2014,0.0
fats_g1a_08,M71,V16110,Persons employed - number,CN_X_HK,China except Hong Kong,EL,2016,0.0
fats_g1a_08,M71,V16110,Persons employed - number,CN_X_HK,China except Hong Kong,EL,2017,0.0
fats_g1a_08,M71,V16110,Persons employed - number,CN_X_HK,China except Hong Kong,EL,2018,0.0
fats_g1a_08,M71,V16110,Persons employed - number,CN_X_HK,China except Hong Kong,EL,2019,0.0
fats_g1a_08,M71,V16110,Persons employed - number,CN_X_HK,China except Hong Kong,EL,2020,0.0
fats_g1a_08,M71,V16110,Persons employed - number,CN_X_HK,China except Hong Kong,ES,2008,0.0
fats_g1a_08,M71,V16110,Persons employed - number,CN_X_HK,China except Hong Kong,ES,2009,0.0
fats_g1a_08,M71,V16110,Persons employed - number,CN_X_HK,China except Hong Kong,ES,2010,0.0
fats_g1a_08,M71,V16110,Persons employed - number,CN_X_HK,China except Hong Kong,ES,2011,0.0
fats_g1a_08,M71,V16110,Persons employed - number,CN_X_HK,China except Hong Kong,ES,2012,0.0
fats_g1a_08,M71,V16110,Persons employed - number,CN_X_HK,China except Hong Kong,ES,2013,0.0
fats_g1a_08,M71,V16110,Persons employed - number,CN_X_HK,China except Hong Kong,ES,2014,0.0
fats_g1a_08,M71,V16110,Persons employed - number,CN_X_HK,China except Hong Kong,ES,2015,0.0
fats_g1a_08,M71,V16110,Persons employed - number,CN_X_HK,China except Hong Kong,EU27_2020,2013,609.0
fats_g1a_08,M71,V16110,Persons employed - number,CN_X_HK,China except Hong Kong,EU27_2020,2016,872.0
fats_g1a_08,M71,V16110,Persons employed - number,CN_X_HK,China except Hong Kong,EU27_2020,2017,2195.0
fats_g1a_08,M71,V16110,Persons employed - number,CN_X_HK,China except Hong Kong,EU27_2020,2018,4204.0
fats_g1a_08,M71,V16110,Persons employed - number,CN_X_HK,China except Hong Kong,EU27_2020,2019,2426.0
fats_g1a_08,M71,V16110,Persons employed - number,CN_X_HK,China except Hong Kong,EU27_2020,2020,3139.0
fats_g1a_08,M71,V16110,Persons employed - number,CN_X_HK,China except Hong Kong,EU28,2010,468.0
fats_g1a_08,M71,V16110,Persons employed - number,CN_X_HK,China except Hong Kong,EU28,2011,364.0
fats_g1a_08,M71,V16110,Persons employed - number,CN_X_HK,China except Hong Kong,EU28,2012,602.0
fats_g1a_08,M71,V16110,Persons employed - number,CN_X_HK,China except Hong Kong,EU28,2013,775.0
fats_g1a_08,M71,V16110,Persons employed - number,CN_X_HK,China except Hong Kong,EU28,2014,1013.0
fats_g1a_08,M71,V16110,Persons employed - number,CN_X_HK,China except Hong Kong,EU28,2015,776.0
fats_g1a_08,M71,V16110,Persons employed - number,CN_X_HK,China except Hong Kong,EU28,2016,1140.0
fats_g1a_08,M71,V16110,Persons employed - number,CN_X_HK,China except Hong Kong,EU28,2017,2490.0
fats_g1a_08,M71,V16110,Persons employed - number,CN_X_HK,China except Hong Kong,FI,2008,0.0
fats_g1a_08,M71,V16110,Persons employed - number,CN_X_HK,China except Hong Kong,FI,2009,0.0
fats_g1a_08,M71,V16110,Persons employed - number,CN_X_HK,China except Hong Kong,FI,2010,0.0
fats_g1a_08,M71,V16110,Persons employed - number,CN_X_HK,China except Hong Kong,FI,2011,0.0
fats_g1a_08,M71,V16110,Persons employed - number,CN_X_HK,China except Hong Kong,FI,2012,0.0
fats_g1a_08,M71,V16110,Persons employed - number,CN_X_HK,China except Hong Kong,FI,2013,0.0
fats_g1a_08,M71,V16110,Persons employed - number,CN_X_HK,China except Hong Kong,FI,2016,0.0
fats_g1a_08,M71,V16110,Persons employed - number,CN_X_HK,China except Hong Kong,FI,2017,0.0
fats_g1a_08,M71,V16110,Persons employed - number,CN_X_HK,China except Hong Kong,FR,2008,0.0
fats_g1a_08,M71,V16110,Persons employed - number,CN_X_HK,China except Hong Kong,FR,2009,0.0
fats_g1a_08,M71,V16110,Persons employed - number,CN_X_HK,China except Hong Kong,FR,2013,0.0
fats_g1a_08,M71,V16110,Persons employed - number,CN_X_HK,China except Hong Kong,HU,2008,0.0
fats_g1a_08,M71,V16110,Persons employed - number,CN_X_HK,China except Hong Kong,HU,2010,0.0
fats_g1a_08,M71,V16110,Persons employed - number,CN_X_HK,China except Hong Kong,HU,2011,0.0
fats_g1a_08,M71,V16110,Persons employed - number,CN_X_HK,China except Hong Kong,HU,2012,0.0
fats_g1a_08,M71,V16110,Persons employed - number,CN_X_HK,China except Hong Kong,HU,2013,0.0
fats_g1a_08,M71,V16110,Persons employed - number,CN_X_HK,China except Hong Kong,HU,2014,0.0
fats_g1a_08,M71,V16110,Persons employed - number,CN_X_HK,China except Hong Kong,HU,2015,0.0
fats_g1a_08,M71,V16110,Persons employed - number,CN_X_HK,China except Hong Kong,HU,2016,0.0
fats_g1a_08,M71,V16110,Persons employed - number,CN_X_HK,China except Hong Kong,HU,2017,72.0
fats_g1a_08,M71,V16110,Persons employed - number,CN_X_HK,China except Hong Kong,HU,2018,8.0
fats_g1a_08,M71,V16110,Persons employed - number,CN_X_HK,China except Hong Kong,HU,2019,0.0
fats_g1a_08,M71,V16110,Persons employed - number,CN_X_HK,China except Hong Kong,HU,2020,22.0
fats_g1a_08,M71,V16110,Persons employed - number,CN_X_HK,China except Hong Kong,IE,2008,0.0
fats_g1a_08,M71,V16110,Persons employed - number,CN_X_HK,China except Hong Kong,IE,2009,0.0
fats_g1a_08,M71,V16110,Persons employed - number,CN_X_HK,China except Hong Kong,IE,2010,0.0
fats_g1a_08,M71,V16110,Persons employed - number,CN_X_HK,China except Hong Kong,IE,2011,0.0
fats_g1a_08,M71,V16110,Persons employed - number,CN_X_HK,China except Hong Kong,IE,2012,0.0
fats_g1a_08,M71,V16110,Persons employed - number,CN_X_HK,China except Hong Kong,IE,2014,0.0
fats_g1a_08,M71,V16110,Persons employed - number,CN_X_HK,China except Hong Kong,IE,2015,0.0
fats_g1a_08,M71,V16110,Persons employed - number,CN_X_HK,China except Hong Kong,IE,2016,0.0
fats_g1a_08,M71,V16110,Persons employed - number,CN_X_HK,China except Hong Kong,IE,2017,0.0
fats_g1a_08,M71,V16110,Persons employed - number,CN_X_HK,China except Hong Kong,IT,2011,0.0
fats_g1a_08,M71,V16110,Persons employed - number,CN_X_HK,China except Hong Kong,IT,2012,0.0
fats_g1a_08,M71,V16110,Persons employed - number,CN_X_HK,China except Hong Kong,IT,2013,0.0
fats_g1a_08,M71,V16110,Persons employed - number,CN_X_HK,China except Hong Kong,IT,2014,0.0
fats_g1a_08,M71,V16110,Persons employed - number,CN_X_HK,China except Hong Kong,IT,2015,0.0
fats_g1a_08,M71,V16110,Persons employed - number,CN_X_HK,China except Hong Kong,IT,2017,153.0
fats_g1a_08,M71,V16110,Persons employed - number,CN_X_HK,China except Hong Kong,IT,2018,70.0
fats_g1a_08,M71,V16110,Persons employed - number,CN_X_HK,China except Hong Kong,IT,2019,157.0
fats_g1a_08,M71,V16110,Persons employed - number,CN_X_HK,China except Hong Kong,IT,2020,137.0
fats_g1a_08,M71,V16110,Persons employed - number,CN_X_HK,China except Hong Kong,NL,2012,145.0
fats_g1a_08,M71,V16110,Persons employed - number,CN_X_HK,China except Hong Kong,NL,2013,129.0
fats_g1a_08,M71,V16110,Persons employed - number,CN_X_HK,China except Hong Kong,NL,2015,26.0
fats_g1a_08,M71,V16110,Persons employed - number,CN_X_HK,China except Hong Kong,NL,2016,26.0
fats_g1a_08,M71,V16110,Persons employed - number,CN_X_HK,China except Hong Kong,NL,2017,49.0
fats_g1a_08,M71,V16110,Persons employed - number,CN_X_HK,China except Hong Kong,NL,2018,64.0
fats_g1a_08,M71,V16110,Persons employed - number,CN_X_HK,China except Hong Kong,NL,2019,60.0
fats_g1a_08,M71,V16110,Persons employed - number,CN_X_HK,China except Hong Kong,NL,2020,64.0
fats_g1a_08,M71,V16110,Persons employed - number,CN_X_HK,China except Hong Kong,PL,2008,0.0
fats_g1a_08,M71,V16110,Persons employed - number,CN_X_HK,China except Hong Kong,PL,2009,0.0
fats_g1a_08,M71,V16110,Persons employed - number,CN_X_HK,China except Hong Kong,PL,2010,0.0
fats_g1a_08,M71,V16110,Persons employed - number,CN_X_HK,China except Hong Kong,PL,2011,0.0
fats_g1a_08,M71,V16110,Persons employed - number,CN_X_HK,China except Hong Kong,PL,2012,0.0
fats_g1a_08,M71,V16110,Persons employed - number,CN_X_HK,China except Hong Kong,PL,2013,0.0
fats_g1a_08,M71,V16110,Persons employed - number,CN_X_HK,China except Hong Kong,PL,2014,0.0
fats_g1a_08,M71,V16110,Persons employed - number,CN_X_HK,China except Hong Kong,PL,2015,0.0
fats_g1a_08,M71,V16110,Persons employed - number,CN_X_HK,China except Hong Kong,PL,2016,0.0
fats_g1a_08,M71,V16110,Persons employed - number,CN_X_HK,China except Hong Kong,PL,2017,0.0
fats_g1a_08,M71,V16110,Persons employed - number,CN_X_HK,China except Hong Kong,PL,2018,0.0
fats_g1a_08,M71,V16110,Persons employed - number,CN_X_HK,China except Hong Kong,PL,2019,0.0
fats_g1a_08,M71,V16110,Persons employed - number,CN_X_HK,China except Hong Kong,PL,2020,0.0
fats_g1a_08,M71,V16110,Persons employed - number,CN_X_HK,China except Hong Kong,PT,2008,0.0
fats_g1a_08,M71,V16110,Persons employed - number,CN_X_HK,China except Hong Kong,PT,2009,0.0
fats_g1a_08,M71,V16110,Persons employed - number,CN_X_HK,China except Hong Kong,PT,2010,0.0
fats_g1a_08,M71,V16110,Persons employed - number,CN_X_HK,China except Hong Kong,PT,2011,0.0
fats_g1a_08,M71,V16110,Persons employed - number,CN_X_HK,China except Hong Kong,PT,2012,0.0
fats_g1a_08,M71,V16110,Persons employed - number,CN_X_HK,China except Hong Kong,PT,2013,0.0
fats_g1a_08,M71,V16110,Persons employed - number,CN_X_HK,China except Hong Kong,PT,2014,0.0
fats_g1a_08,M71,V16110,Persons employed - number,CN_X_HK,China except Hong Kong,PT,2015,0.0
fats_g1a_08,M71,V16110,Persons employed - number,CN_X_HK,China except Hong Kong,PT,2016,0.0
fats_g1a_08,M71,V16110,Persons employed - number,CN_X_HK,China except Hong Kong,PT,2017,0.0
fats_g1a_08,M71,V16110,Persons employed - number,CN_X_HK,China except Hong Kong,PT,2018,0.0
fats_g1a_08,M71,V16110,Persons employed - number,CN_X_HK,China except Hong Kong,PT,2019,0.0
fats_g1a_08,M71,V16110,Persons employed - number,CN_X_HK,China except Hong Kong,PT,2020,0.0
fats_g1a_08,M71,V16110,Persons employed - number,CN_X_HK,China except Hong Kong,RO,2008,0.0
fats_g1a_08,M71,V16110,Persons employed - number,CN_X_HK,China except Hong Kong,RO,2009,0.0
fats_g1a_08,M71,V16110,Persons employed - number,CN_X_HK,China except Hong Kong,RO,2010,0.0
fats_g1a_08,M71,V16110,Persons employed - number,CN_X_HK,China except Hong Kong,RO,2011,0.0
fats_g1a_08,M71,V16110,Persons employed - number,CN_X_HK,China except Hong Kong,RO,2012,1.0
fats_g1a_08,M71,V16110,Persons employed - number,CN_X_HK,China except Hong Kong,RO,2013,0.0
fats_g1a_08,M71,V16110,Persons employed - number,CN_X_HK,China except Hong Kong,RO,2014,0.0
fats_g1a_08,M71,V16110,Persons employed - number,CN_X_HK,China except Hong Kong,RO,2015,0.0
fats_g1a_08,M71,V16110,Persons employed - number,CN_X_HK,China except Hong Kong,RO,2016,0.0
fats_g1a_08,M71,V16110,Persons employed - number,CN_X_HK,China except Hong Kong,RO,2017,0.0
fats_g1a_08,M71,V16110,Persons employed - number,CN_X_HK,China except Hong Kong,RO,2018,44.0
fats_g1a_08,M71,V16110,Persons employed - number,CN_X_HK,China except Hong Kong,RO,2019,88.0
fats_g1a_08,M71,V16110,Persons employed - number,CN_X_HK,China except Hong Kong,RO,2020,92.0
fats_g1a_08,M71,V16110,Persons employed - number,CN_X_HK,China except Hong Kong,SE,2014,106.0
fats_g1a_08,M71,V16110,Persons employed - number,CN_X_HK,China except Hong Kong,SE,2015,111.0
fats_g1a_08,M71,V16110,Persons employed - number,CN_X_HK,China except Hong Kong,SE,2016,180.0
fats_g1a_08,M71,V16110,Persons employed - number,CN_X_HK,China except Hong Kong,SE,2018,1242.0
fats_g1a_08,M71,V16110,Persons employed - number,CN_X_HK,China except Hong Kong,SE,2020,9.0
fats_g1a_08,M71,V16110,Persons employed - number,CN_X_HK,China except Hong Kong,UK,2009,5.0
fats_g1a_08,M71,V16110,Persons employed - number,CN_X_HK,China except Hong Kong,UK,2013,166.0
fats_g1a_08,M71,V16110,Persons employed - number,CN_X_HK,China except Hong Kong,UK,2016,268.0
fats_g1a_08,M71,V16110,Persons employed - number,CN_X_HK,China except Hong Kong,UK,2017,295.0
fats_g1a_08,M71,V12110,Turnover or gross premiums written - million euro,CN_X_HK,China except Hong Kong,AT,2008,0.0
fats_g1a_08,M71,V12110,Turnover or gross premiums written - million euro,CN_X_HK,China except Hong Kong,AT,2009,0.0
fats_g1a_08,M71,V12110,Turnover or gross premiums written - million euro,CN_X_HK,China except Hong Kong,AT,2010,0.0
fats_g1a_08,M71,V12110,Turnover or gross premiums written - million euro,CN_X_HK,China except Hong Kong,AT,2011,0.0
fats_g1a_08,M71,V12110,Turnover or gross premiums written - million euro,CN_X_HK,China except Hong Kong,AT,2012,0.0
fats_g1a_08,M71,V12110,Turnover or gross premiums written - million euro,CN_X_HK,China except Hong Kong,AT,2015,3.8
fats_g1a_08,M71,V12110,Turnover or gross premiums written - million euro,CN_X_HK,China except Hong Kong,AT,2017,18.6
fats_g1a_08,M71,V12110,Turnover or gross premiums written - million euro,CN_X_HK,China except Hong Kong,AT,2018,37.5
fats_g1a_08,M71,V12110,Turnover or gross premiums written - million euro,CN_X_HK,China except Hong Kong,AT,2020,25.5
fats_g1a_08,M71,V12110,Turnover or gross premiums written - million euro,CN_X_HK,China except Hong Kong,BE,2010,0.0
fats_g1a_08,M71,V12110,Turnover or gross premiums written - million euro,CN_X_HK,China except Hong Kong,BE,2011,0.0
fats_g1a_08,M71,V12110,Turnover or gross premiums written - million euro,CN_X_HK,China except Hong Kong,BE,2012,0.0
fats_g1a_08,M71,V12110,Turnover or gross premiums written - million euro,CN_X_HK,China except Hong Kong,BE,2013,0.0
fats_g1a_08,M71,V12110,Turnover or gross premiums written - million euro,CN_X_HK,China except Hong Kong,BE,2014,0.0
fats_g1a_08,M71,V12110,Turnover or gross premiums written - million euro,CN_X_HK,China except Hong Kong,BE,2015,0.0
fats_g1a_08,M71,V12110,Turnover or gross premiums written - million euro,CN_X_HK,China except Hong Kong,BE,2016,0.0
fats_g1a_08,M71,V12110,Turnover or gross premiums written - million euro,CN_X_HK,China except Hong Kong,BE,2017,0.0
fats_g1a_08,M71,V12110,Turnover or gross premiums written - million euro,CN_X_HK,China except Hong Kong,BE,2018,0.0
fats_g1a_08,M71,V12110,Turnover or gross premiums written - million euro,CN_X_HK,China except Hong Kong,BE,2019,0.0
fats_g1a_08,M71,V12110,Turnover or gross premiums written - million euro,CN_X_HK,China except Hong Kong,BE,2020,0.0
fats_g1a_08,M71,V12110,Turnover or gross premiums written - million euro,CN_X_HK,China except Hong Kong,CZ,2011,0.0
fats_g1a_08,M71,V12110,Turnover or gross premiums written - million euro,CN_X_HK,China except Hong Kong,CZ,2012,0.0
fats_g1a_08,M71,V12110,Turnover or gross premiums written - million euro,CN_X_HK,China except Hong Kong,CZ,2013,0.0
fats_g1a_08,M71,V12110,Turnover or gross premiums written - million euro,CN_X_HK,China except Hong Kong,CZ,2014,0.0
fats_g1a_08,M71,V12110,Turnover or gross premiums written - million euro,CN_X_HK,China except Hong Kong,CZ,2015,0.0
fats_g1a_08,M71,V12110,Turnover or gross premiums written - million euro,CN_X_HK,China except Hong Kong,CZ,2016,0.0
fats_g1a_08,M71,V12110,Turnover or gross premiums written - million euro,CN_X_HK,China except Hong Kong,DE,2011,35.8
fats_g1a_08,M71,V12110,Turnover or gross premiums written - million euro,CN_X_HK,China except Hong Kong,DE,2012,129.2
fats_g1a_08,M71,V12110,Turnover or gross premiums written - million euro,CN_X_HK,China except Hong Kong,DE,2013,77.9
fats_g1a_08,M71,V12110,Turnover or gross premiums written - million euro,CN_X_HK,China except Hong Kong,DE,2014,101.2
fats_g1a_08,M71,V12110,Turnover or gross premiums written - million euro,CN_X_HK,China except Hong Kong,DE,2015,41.7
fats_g1a_08,M71,V12110,Turnover or gross premiums written - million euro,CN_X_HK,China except Hong Kong,DE,2016,55.3
fats_g1a_08,M71,V12110,Turnover or gross premiums written - million euro,CN_X_HK,China except Hong Kong,DE,2017,82.3
fats_g1a_08,M71,V12110,Turnover or gross premiums written - million euro,CN_X_HK,China except Hong Kong,DE,2018,336.9
fats_g1a_08,M71,V12110,Turnover or gross premiums written - million euro,CN_X_HK,China except Hong Kong,DE,2019,205.8
fats_g1a_08,M71,V12110,Turnover or gross premiums written - million euro,CN_X_HK,China except Hong Kong,DE,2020,446.7
fats_g1a_08,M71,V12110,Turnover or gross premiums written - million euro,CN_X_HK,China except Hong Kong,DK,2008,0.0
fats_g1a_08,M71,V12110,Turnover or gross premiums written - million euro,CN_X_HK,China except Hong Kong,DK,2009,0.0
fats_g1a_08,M71,V12110,Turnover or gross premiums written - million euro,CN_X_HK,China except Hong Kong,DK,2010,0.0
fats_g1a_08,M71,V12110,Turnover or gross premiums written - million euro,CN_X_HK,China except Hong Kong,DK,2011,0.0
fats_g1a_08,M71,V12110,Turnover or gross premiums written - million euro,CN_X_HK,China except Hong Kong,DK,2012,0.0
fats_g1a_08,M71,V12110,Turnover or gross premiums written - million euro,CN_X_HK,China except Hong Kong,DK,2013,0.0
fats_g1a_08,M71,V12110,Turnover or gross premiums written - million euro,CN_X_HK,China except Hong Kong,DK,2014,0.0
fats_g1a_08,M71,V12110,Turnover or gross premiums written - million euro,CN_X_HK,China except Hong Kong,EL,2012,0.0
fats_g1a_08,M71,V12110,Turnover or gross premiums written - million euro,CN_X_HK,China except Hong Kong,EL,2013,0.0
fats_g1a_08,M71,V12110,Turnover or gross premiums written - million euro,CN_X_HK,China except Hong Kong,EL,2014,0.0
fats_g1a_08,M71,V12110,Turnover or gross premiums written - million euro,CN_X_HK,China except Hong Kong,EL,2016,0.0
fats_g1a_08,M71,V12110,Turnover or gross premiums written - million euro,CN_X_HK,China except Hong Kong,EL,2017,0.0
fats_g1a_08,M71,V12110,Turnover or gross premiums written - million euro,CN_X_HK,China except Hong Kong,EL,2018,0.0
fats_g1a_08,M71,V12110,Turnover or gross premiums written - million euro,CN_X_HK,China except Hong Kong,EL,2019,0.0
fats_g1a_08,M71,V12110,Turnover or gross premiums written - million euro,CN_X_HK,China except Hong Kong,EL,2020,0.0
fats_g1a_08,M71,V12110,Turnover or gross premiums written - million euro,CN_X_HK,China except Hong Kong,ES,2008,0.0
fats_g1a_08,M71,V12110,Turnover or gross premiums written - million euro,CN_X_HK,China except Hong Kong,ES,2009,0.0
fats_g1a_08,M71,V12110,Turnover or gross premiums written - million euro,CN_X_HK,China except Hong Kong,ES,2010,0.0
fats_g1a_08,M71,V12110,Turnover or gross premiums written - million euro,CN_X_HK,China except Hong Kong,ES,2011,0.0
fats_g1a_08,M71,V12110,Turnover or gross premiums written - million euro,CN_X_HK,China except Hong Kong,ES,2012,0.0
fats_g1a_08,M71,V12110,Turnover or gross premiums written - million euro,CN_X_HK,China except Hong Kong,ES,2013,0.0
fats_g1a_08,M71,V12110,Turnover or gross premiums written - million euro,CN_X_HK,China except Hong Kong,ES,2014,0.0
fats_g1a_08,M71,V12110,Turnover or gross premiums written - million euro,CN_X_HK,China except Hong Kong,ES,2015,0.0
fats_g1a_08,M71,V12110,Turnover or gross premiums written - million euro,CN_X_HK,China except Hong Kong,EU27_2020,2015,81.4
fats_g1a_08,M71,V12110,Turnover or gross premiums written - million euro,CN_X_HK,China except Hong Kong,EU27_2020,2017,416.1
fats_g1a_08,M71,V12110,Turnover or gross premiums written - million euro,CN_X_HK,China except Hong Kong,EU27_2020,2018,651.9
fats_g1a_08,M71,V12110,Turnover or gross premiums written - million euro,CN_X_HK,China except Hong Kong,EU27_2020,2019,571.2
fats_g1a_08,M71,V12110,Turnover or gross premiums written - million euro,CN_X_HK,China except Hong Kong,EU27_2020,2020,753.5
fats_g1a_08,M71,V12110,Turnover or gross premiums written - million euro,CN_X_HK,China except Hong Kong,EU28,2010,270.1
fats_g1a_08,M71,V12110,Turnover or gross premiums written - million euro,CN_X_HK,China except Hong Kong,EU28,2011,118.6
fats_g1a_08,M71,V12110,Turnover or gross premiums written - million euro,CN_X_HK,China except Hong Kong,EU28,2012,247.1
fats_g1a_08,M71,V12110,Turnover or gross premiums written - million euro,CN_X_HK,China except Hong Kong,EU28,2013,183.1
fats_g1a_08,M71,V12110,Turnover or gross premiums written - million euro,CN_X_HK,China except Hong Kong,EU28,2014,273.9
fats_g1a_08,M71,V12110,Turnover or gross premiums written - million euro,CN_X_HK,China except Hong Kong,EU28,2015,126.3
fats_g1a_08,M71,V12110,Turnover or gross premiums written - million euro,CN_X_HK,China except Hong Kong,EU28,2016,132.9
fats_g1a_08,M71,V12110,Turnover or gross premiums written - million euro,CN_X_HK,China except Hong Kong,EU28,2017,442.3
fats_g1a_08,M71,V12110,Turnover or gross premiums written - million euro,CN_X_HK,China except Hong Kong,FI,2008,0.0
fats_g1a_08,M71,V12110,Turnover or gross premiums written - million euro,CN_X_HK,China except Hong Kong,FI,2009,0.0
fats_g1a_08,M71,V12110,Turnover or gross premiums written - million euro,CN_X_HK,China except Hong Kong,FI,2010,0.0
fats_g1a_08,M71,V12110,Turnover or gross premiums written - million euro,CN_X_HK,China except Hong Kong,FI,2011,0.0
fats_g1a_08,M71,V12110,Turnover or gross premiums written - million euro,CN_X_HK,China except Hong Kong,FI,2012,0.0
fats_g1a_08,M71,V12110,Turnover or gross premiums written - million euro,CN_X_HK,China except Hong Kong,FI,2013,0.0
fats_g1a_08,M71,V12110,Turnover or gross premiums written - million euro,CN_X_HK,China except Hong Kong,FI,2016,0.0
fats_g1a_08,M71,V12110,Turnover or gross premiums written - million euro,CN_X_HK,China except Hong Kong,FI,2017,0.0
fats_g1a_08,M71,V12110,Turnover or gross premiums written - million euro,CN_X_HK,China except Hong Kong,FR,2008,0.0
fats_g1a_08,M71,V12110,Turnover or gross premiums written - million euro,CN_X_HK,China except Hong Kong,FR,2009,0.0
fats_g1a_08,M71,V12110,Turnover or gross premiums written - million euro,CN_X_HK,China except Hong Kong,FR,2013,0.0
fats_g1a_08,M71,V12110,Turnover or gross premiums written - million euro,CN_X_HK,China except Hong Kong,HU,2008,0.0
fats_g1a_08,M71,V12110,Turnover or gross premiums written - million euro,CN_X_HK,China except Hong Kong,HU,2010,0.0
fats_g1a_08,M71,V12110,Turnover or gross premiums written - million euro,CN_X_HK,China except Hong Kong,HU,2011,0.0
fats_g1a_08,M71,V12110,Turnover or gross premiums written - million euro,CN_X_HK,China except Hong Kong,HU,2012,0.0
fats_g1a_08,M71,V12110,Turnover or gross premiums written - million euro,CN_X_HK,China except Hong Kong,HU,2013,0.0
fats_g1a_08,M71,V12110,Turnover or gross premiums written - million euro,CN_X_HK,China except Hong Kong,HU,2014,0.0
fats_g1a_08,M71,V12110,Turnover or gross premiums written - million euro,CN_X_HK,China except Hong Kong,HU,2015,0.0
fats_g1a_08,M71,V12110,Turnover or gross premiums written - million euro,CN_X_HK,China except Hong Kong,HU,2016,0.0
fats_g1a_08,M71,V12110,Turnover or gross premiums written - million euro,CN_X_HK,China except Hong Kong,HU,2017,3.9
fats_g1a_08,M71,V12110,Turnover or gross premiums written - million euro,CN_X_HK,China except Hong Kong,HU,2018,0.7
fats_g1a_08,M71,V12110,Turnover or gross premiums written - million euro,CN_X_HK,China except Hong Kong,HU,2019,0.0
fats_g1a_08,M71,V12110,Turnover or gross premiums written - million euro,CN_X_HK,China except Hong Kong,HU,2020,5.3
fats_g1a_08,M71,V12110,Turnover or gross premiums written - million euro,CN_X_HK,China except Hong Kong,IE,2008,0.0
fats_g1a_08,M71,V12110,Turnover or gross premiums written - million euro,CN_X_HK,China except Hong Kong,IE,2009,0.0
fats_g1a_08,M71,V12110,Turnover or gross premiums written - million euro,CN_X_HK,China except Hong Kong,IE,2010,0.0
fats_g1a_08,M71,V12110,Turnover or gross premiums written - million euro,CN_X_HK,China except Hong Kong,IE,2011,0.0
fats_g1a_08,M71,V12110,Turnover or gross premiums written - million euro,CN_X_HK,China except Hong Kong,IE,2012,0.0
fats_g1a_08,M71,V12110,Turnover or gross premiums written - million euro,CN_X_HK,China except Hong Kong,IE,2014,0.0
fats_g1a_08,M71,V12110,Turnover or gross premiums written - million euro,CN_X_HK,China except Hong Kong,IE,2015,0.0
fats_g1a_08,M71,V12110,Turnover or gross premiums written - million euro,CN_X_HK,China except Hong Kong,IE,2016,0.0
fats_g1a_08,M71,V12110,Turnover or gross premiums written - million euro,CN_X_HK,China except Hong Kong,IE,2017,0.0
fats_g1a_08,M71,V12110,Turnover or gross premiums written - million euro,CN_X_HK,China except Hong Kong,IT,2011,0.0
fats_g1a_08,M71,V12110,Turnover or gross premiums written - million euro,CN_X_HK,China except Hong Kong,IT,2012,0.0
fats_g1a_08,M71,V12110,Turnover or gross premiums written - million euro,CN_X_HK,China except Hong Kong,IT,2013,0.0
fats_g1a_08,M71,V12110,Turnover or gross premiums written - million euro,CN_X_HK,China except Hong Kong,IT,2014,0.0
fats_g1a_08,M71,V12110,Turnover or gross premiums written - million euro,CN_X_HK,China except Hong Kong,IT,2015,0.0
fats_g1a_08,M71,V12110,Turnover or gross premiums written - million euro,CN_X_HK,China except Hong Kong,IT,2017,24.1
fats_g1a_08,M71,V12110,Turnover or gross premiums written - million euro,CN_X_HK,China except Hong Kong,IT,2018,19.0
fats_g1a_08,M71,V12110,Turnover or gross premiums written - million euro,CN_X_HK,China except Hong Kong,IT,2019,25.5
fats_g1a_08,M71,V12110,Turnover or gross premiums written - million euro,CN_X_HK,China except Hong Kong,IT,2020,16.8
fats_g1a_08,M71,V12110,Turnover or gross premiums written - million euro,CN_X_HK,China except Hong Kong,NL,2012,24.8
fats_g1a_08,M71,V12110,Turnover or gross premiums written - million euro,CN_X_HK,China except Hong Kong,NL,2013,27.9
fats_g1a_08,M71,V12110,Turnover or gross premiums written - million euro,CN_X_HK,China except Hong Kong,NL,2015,3.4
fats_g1a_08,M71,V12110,Turnover or gross premiums written - million euro,CN_X_HK,China except Hong Kong,NL,2016,3.5
fats_g1a_08,M71,V12110,Turnover or gross premiums written - million euro,CN_X_HK,China except Hong Kong,NL,2017,10.4
fats_g1a_08,M71,V12110,Turnover or gross premiums written - million euro,CN_X_HK,China except Hong Kong,NL,2018,13.2
fats_g1a_08,M71,V12110,Turnover or gross premiums written - million euro,CN_X_HK,China except Hong Kong,NL,2019,9.8
fats_g1a_08,M71,V12110,Turnover or gross premiums written - million euro,CN_X_HK,China except Hong Kong,NL,2020,44.6
fats_g1a_08,M71,V12110,Turnover or gross premiums written - million euro,CN_X_HK,China except Hong Kong,PL,2008,0.0
fats_g1a_08,M71,V12110,Turnover or gross premiums written - million euro,CN_X_HK,China except Hong Kong,PL,2009,0.0
fats_g1a_08,M71,V12110,Turnover or gross premiums written - million euro,CN_X_HK,China except Hong Kong,PL,2010,0.0
fats_g1a_08,M71,V12110,Turnover or gross premiums written - million euro,CN_X_HK,China except Hong Kong,PL,2011,0.0
fats_g1a_08,M71,V12110,Turnover or gross premiums written - million euro,CN_X_HK,China except Hong Kong,PL,2012,0.0
fats_g1a_08,M71,V12110,Turnover or gross premiums written - million euro,CN_X_HK,China except Hong Kong,PL,2013,0.0
fats_g1a_08,M71,V12110,Turnover or gross premiums written - million euro,CN_X_HK,China except Hong Kong,PL,2014,0.0
fats_g1a_08,M71,V12110,Turnover or gross premiums written - million euro,CN_X_HK,China except Hong Kong,PL,2015,0.0
fats_g1a_08,M71,V12110,Turnover or gross premiums written - million euro,CN_X_HK,China except Hong Kong,PL,2016,0.0
fats_g1a_08,M71,V12110,Turnover or gross premiums written - million euro,CN_X_HK,China except Hong Kong,PL,2017,0.0
fats_g1a_08,M71,V12110,Turnover or gross premiums written - million euro,CN_X_HK,China except Hong Kong,PL,2018,0.0
fats_g1a_08,M71,V12110,Turnover or gross premiums written - million euro,CN_X_HK,China except Hong Kong,PL,2019,0.0
fats_g1a_08,M71,V12110,Turnover or gross premiums written - million euro,CN_X_HK,China except Hong Kong,PL,2020,0.0
fats_g1a_08,M71,V12110,Turnover or gross premiums written - million euro,CN_X_HK,China except Hong Kong,PT,2008,0.0
fats_g1a_08,M71,V12110,Turnover or gross premiums written - million euro,CN_X_HK,China except Hong Kong,PT,2009,0.0
fats_g1a_08,M71,V12110,Turnover or gross premiums written - million euro,CN_X_HK,China except Hong Kong,PT,2010,0.0
fats_g1a_08,M71,V12110,Turnover or gross premiums written - million euro,CN_X_HK,China except Hong Kong,PT,2011,0.0
fats_g1a_08,M71,V12110,Turnover or gross premiums written - million euro,CN_X_HK,China except Hong Kong,PT,2012,0.0
fats_g1a_08,M71,V12110,Turnover or gross premiums written - million euro,CN_X_HK,China except Hong Kong,PT,2013,0.0
fats_g1a_08,M71,V12110,Turnover or gross premiums written - million euro,CN_X_HK,China except Hong Kong,PT,2014,0.0
fats_g1a_08,M71,V12110,Turnover or gross premiums written - million euro,CN_X_HK,China except Hong Kong,PT,2015,0.0
fats_g1a_08,M71,V12110,Turnover or gross premiums written - million euro,CN_X_HK,China except Hong Kong,PT,2016,0.0
fats_g1a_08,M71,V12110,Turnover or gross premiums written - million euro,CN_X_HK,China except Hong Kong,PT,2017,0.0
fats_g1a_08,M71,V12110,Turnover or gross premiums written - million euro,CN_X_HK,China except Hong Kong,PT,2018,0.0
fats_g1a_08,M71,V12110,Turnover or gross premiums written - million euro,CN_X_HK,China except Hong Kong,PT,2019,0.0
fats_g1a_08,M71,V12110,Turnover or gross premiums written - million euro,CN_X_HK,China except Hong Kong,PT,2020,0.0
fats_g1a_08,M71,V12110,Turnover or gross premiums written - million euro,CN_X_HK,China except Hong Kong,RO,2008,0.0
fats_g1a_08,M71,V12110,Turnover or gross premiums written - million euro,CN_X_HK,China except Hong Kong,RO,2009,0.0
fats_g1a_08,M71,V12110,Turnover or gross premiums written - million euro,CN_X_HK,China except Hong Kong,RO,2010,0.0
fats_g1a_08,M71,V12110,Turnover or gross premiums written - million euro,CN_X_HK,China except Hong Kong,RO,2011,0.0
fats_g1a_08,M71,V12110,Turnover or gross premiums written - million euro,CN_X_HK,China except Hong Kong,RO,2012,0.1
fats_g1a_08,M71,V12110,Turnover or gross premiums written - million euro,CN_X_HK,China except Hong Kong,RO,2013,0.0
fats_g1a_08,M71,V12110,Turnover or gross premiums written - million euro,CN_X_HK,China except Hong Kong,RO,2014,0.0
fats_g1a_08,M71,V12110,Turnover or gross premiums written - million euro,CN_X_HK,China except Hong Kong,RO,2015,0.0
fats_g1a_08,M71,V12110,Turnover or gross premiums written - million euro,CN_X_HK,China except Hong Kong,RO,2016,0.0
fats_g1a_08,M71,V12110,Turnover or gross premiums written - million euro,CN_X_HK,China except Hong Kong,RO,2017,0.0
fats_g1a_08,M71,V12110,Turnover or gross premiums written - million euro,CN_X_HK,China except Hong Kong,RO,2018,0.2
fats_g1a_08,M71,V12110,Turnover or gross premiums written - million euro,CN_X_HK,China except Hong Kong,RO,2019,0.7
fats_g1a_08,M71,V12110,Turnover or gross premiums written - million euro,CN_X_HK,China except Hong Kong,RO,2020,0.9
fats_g1a_08,M71,V12110,Turnover or gross premiums written - million euro,CN_X_HK,China except Hong Kong,SE,2014,20.2
fats_g1a_08,M71,V12110,Turnover or gross premiums written - million euro,CN_X_HK,China except Hong Kong,SE,2015,19.3
fats_g1a_08,M71,V12110,Turnover or gross premiums written - million euro,CN_X_HK,China except Hong Kong,SE,2016,23.7
fats_g1a_08,M71,V12110,Turnover or gross premiums written - million euro,CN_X_HK,China except Hong Kong,SE,2018,163.7
fats_g1a_08,M71,V12110,Turnover or gross premiums written - million euro,CN_X_HK,China except Hong Kong,SE,2020,1.5
fats_g1a_08,M71,V12110,Turnover or gross premiums written - million euro,CN_X_HK,China except Hong Kong,UK,2015,44.9
fats_g1a_08,M71,V12110,Turnover or gross premiums written - million euro,CN_X_HK,China except Hong Kong,UK,2017,26.2
fats_g1a_08,M71,V11110,Enterprises - number,CN_X_HK,China except Hong Kong,AT,2008,0.0
fats_g1a_08,M71,V11110,Enterprises - number,CN_X_HK,China except Hong Kong,AT,2009,0.0
fats_g1a_08,M71,V11110,Enterprises - number,CN_X_HK,China except Hong Kong,AT,2010,0.0
fats_g1a_08,M71,V11110,Enterprises - number,CN_X_HK,China except Hong Kong,AT,2011,0.0
fats_g1a_08,M71,V11110,Enterprises - number,CN_X_HK,China except Hong Kong,AT,2012,0.0
fats_g1a_08,M71,V11110,Enterprises - number,CN_X_HK,China except Hong Kong,AT,2013,1.0
fats_g1a_08,M71,V11110,Enterprises - number,CN_X_HK,China except Hong Kong,AT,2014,1.0
fats_g1a_08,M71,V11110,Enterprises - number,CN_X_HK,China except Hong Kong,AT,2015,3.0
fats_g1a_08,M71,V11110,Enterprises - number,CN_X_HK,China except Hong Kong,AT,2016,3.0
fats_g1a_08,M71,V11110,Enterprises - number,CN_X_HK,China except Hong Kong,AT,2017,5.0
fats_g1a_08,M71,V11110,Enterprises - number,CN_X_HK,China except Hong Kong,AT,2018,6.0
fats_g1a_08,M71,V11110,Enterprises - number,CN_X_HK,China except Hong Kong,AT,2019,3.0
fats_g1a_08,M71,V11110,Enterprises - number,CN_X_HK,China except Hong Kong,AT,2020,4.0
fats_g1a_08,M71,V11110,Enterprises - number,CN_X_HK,China except Hong Kong,BE,2010,0.0
fats_g1a_08,M71,V11110,Enterprises - number,CN_X_HK,China except Hong Kong,BE,2011,0.0
fats_g1a_08,M71,V11110,Enterprises - number,CN_X_HK,China except Hong Kong,BE,2012,0.0
fats_g1a_08,M71,V11110,Enterprises - number,CN_X_HK,China except Hong Kong,BE,2013,0.0
fats_g1a_08,M71,V11110,Enterprises - number,CN_X_HK,China except Hong Kong,BE,2014,0.0
fats_g1a_08,M71,V11110,Enterprises - number,CN_X_HK,China except Hong Kong,BE,2015,0.0
fats_g1a_08,M71,V11110,Enterprises - number,CN_X_HK,China except Hong Kong,BE,2016,0.0
fats_g1a_08,M71,V11110,Enterprises - number,CN_X_HK,China except Hong Kong,BE,2017,0.0
fats_g1a_08,M71,V11110,Enterprises - number,CN_X_HK,China except Hong Kong,BE,2018,0.0
fats_g1a_08,M71,V11110,Enterprises - number,CN_X_HK,China except Hong Kong,BE,2019,0.0
fats_g1a_08,M71,V11110,Enterprises - number,CN_X_HK,China except Hong Kong,BE,2020,0.0
fats_g1a_08,M71,V11110,Enterprises - number,CN_X_HK,China except Hong Kong,CZ,2009,1.0
fats_g1a_08,M71,V11110,Enterprises - number,CN_X_HK,China except Hong Kong,CZ,2010,1.0
fats_g1a_08,M71,V11110,Enterprises - number,CN_X_HK,China except Hong Kong,CZ,2011,0.0
fats_g1a_08,M71,V11110,Enterprises - number,CN_X_HK,China except Hong Kong,CZ,2012,0.0
fats_g1a_08,M71,V11110,Enterprises - number,CN_X_HK,China except Hong Kong,CZ,2013,0.0
fats_g1a_08,M71,V11110,Enterprises - number,CN_X_HK,China except Hong Kong,CZ,2014,0.0
fats_g1a_08,M71,V11110,Enterprises - number,CN_X_HK,China except Hong Kong,CZ,2015,0.0
fats_g1a_08,M71,V11110,Enterprises - number,CN_X_HK,China except Hong Kong,CZ,2016,0.0
fats_g1a_08,M71,V11110,Enterprises - number,CN_X_HK,China except Hong Kong,CZ,2017,1.0
fats_g1a_08,M71,V11110,Enterprises - number,CN_X_HK,China except Hong Kong,CZ,2018,1.0
fats_g1a_08,M71,V11110,Enterprises - number,CN_X_HK,China except Hong Kong,CZ,2019,2.0
fats_g1a_08,M71,V11110,Enterprises - number,CN_X_HK,China except Hong Kong,CZ,2020,1.0
fats_g1a_08,M71,V11110,Enterprises - number,CN_X_HK,China except Hong Kong,DE,2010,6.0
fats_g1a_08,M71,V11110,Enterprises - number,CN_X_HK,China except Hong Kong,DE,2011,11.0
fats_g1a_08,M71,V11110,Enterprises - number,CN_X_HK,China except Hong Kong,DE,2012,10.0
fats_g1a_08,M71,V11110,Enterprises - number,CN_X_HK,China except Hong Kong,DE,2013,12.0
fats_g1a_08,M71,V11110,Enterprises - number,CN_X_HK,China except Hong Kong,DE,2014,15.0
fats_g1a_08,M71,V11110,Enterprises - number,CN_X_HK,China except Hong Kong,DE,2015,16.0
fats_g1a_08,M71,V11110,Enterprises - number,CN_X_HK,China except Hong Kong,DE,2016,22.0
fats_g1a_08,M71,V11110,Enterprises - number,CN_X_HK,China except Hong Kong,DE,2017,28.0
fats_g1a_08,M71,V11110,Enterprises - number,CN_X_HK,China except Hong Kong,DE,2018,114.0
fats_g1a_08,M71,V11110,Enterprises - number,CN_X_HK,China except Hong Kong,DE,2019,32.0
fats_g1a_08,M71,V11110,Enterprises - number,CN_X_HK,China except Hong Kong,DE,2020,23.0
fats_g1a_08,M71,V11110,Enterprises - number,CN_X_HK,China except Hong Kong,DK,2008,0.0
fats_g1a_08,M71,V11110,Enterprises - number,CN_X_HK,China except Hong Kong,DK,2009,0.0
fats_g1a_08,M71,V11110,Enterprises - number,CN_X_HK,China except Hong Kong,DK,2010,0.0
fats_g1a_08,M71,V11110,Enterprises - number,CN_X_HK,China except Hong Kong,DK,2011,0.0
fats_g1a_08,M71,V11110,Enterprises - number,CN_X_HK,China except Hong Kong,DK,2012,0.0
fats_g1a_08,M71,V11110,Enterprises - number,CN_X_HK,China except Hong Kong,DK,2013,0.0
fats_g1a_08,M71,V11110,Enterprises - number,CN_X_HK,China except Hong Kong,DK,2014,0.0
fats_g1a_08,M71,V11110,Enterprises - number,CN_X_HK,China except Hong Kong,DK,2015,2.0
fats_g1a_08,M71,V11110,Enterprises - number,CN_X_HK,China except Hong Kong,DK,2016,2.0
fats_g1a_08,M71,V11110,Enterprises - number,CN_X_HK,China except Hong Kong,DK,2017,2.0
fats_g1a_08,M71,V11110,Enterprises - number,CN_X_HK,China except Hong Kong,DK,2018,1.0
fats_g1a_08,M71,V11110,Enterprises - number,CN_X_HK,China except Hong Kong,DK,2019,1.0
fats_g1a_08,M71,V11110,Enterprises - number,CN_X_HK,China except Hong Kong,DK,2020,1.0
fats_g1a_08,M71,V11110,Enterprises - number,CN_X_HK,China except Hong Kong,EL,2012,0.0
fats_g1a_08,M71,V11110,Enterprises - number,CN_X_HK,China except Hong Kong,EL,2013,0.0
fats_g1a_08,M71,V11110,Enterprises - number,CN_X_HK,China except Hong Kong,EL,2014,0.0
fats_g1a_08,M71,V11110,Enterprises - number,CN_X_HK,China except Hong Kong,EL,2016,0.0
fats_g1a_08,M71,V11110,Enterprises - number,CN_X_HK,China except Hong Kong,EL,2017,0.0
fats_g1a_08,M71,V11110,Enterprises - number,CN_X_HK,China except Hong Kong,EL,2018,0.0
fats_g1a_08,M71,V11110,Enterprises - number,CN_X_HK,China except Hong Kong,EL,2019,0.0
fats_g1a_08,M71,V11110,Enterprises - number,CN_X_HK,China except Hong Kong,EL,2020,0.0
fats_g1a_08,M71,V11110,Enterprises - number,CN_X_HK,China except Hong Kong,ES,2008,0.0
fats_g1a_08,M71,V11110,Enterprises - number,CN_X_HK,China except Hong Kong,ES,2009,0.0
fats_g1a_08,M71,V11110,Enterprises - number,CN_X_HK,China except Hong Kong,ES,2010,0.0
fats_g1a_08,M71,V11110,Enterprises - number,CN_X_HK,China except Hong Kong,ES,2011,0.0
fats_g1a_08,M71,V11110,Enterprises - number,CN_X_HK,China except Hong Kong,ES,2012,0.0
fats_g1a_08,M71,V11110,Enterprises - number,CN_X_HK,China except Hong Kong,ES,2013,0.0
fats_g1a_08,M71,V11110,Enterprises - number,CN_X_HK,China except Hong Kong,ES,2014,0.0
fats_g1a_08,M71,V11110,Enterprises - number,CN_X_HK,China except Hong Kong,ES,2015,0.0
fats_g1a_08,M71,V11110,Enterprises - number,CN_X_HK,China except Hong Kong,EU27_2020,2016,59.0
fats_g1a_08,M71,V11110,Enterprises - number,CN_X_HK,China except Hong Kong,EU27_2020,2017,91.0
fats_g1a_08,M71,V11110,Enterprises - number,CN_X_HK,China except Hong Kong,EU27_2020,2018,171.0
fats_g1a_08,M71,V11110,Enterprises - number,CN_X_HK,China except Hong Kong,EU27_2020,2019,74.0
fats_g1a_08,M71,V11110,Enterprises - number,CN_X_HK,China except Hong Kong,EU27_2020,2020,80.0
fats_g1a_08,M71,V11110,Enterprises - number,CN_X_HK,China except Hong Kong,EU28,2014,42.0
fats_g1a_08,M71,V11110,Enterprises - number,CN_X_HK,China except Hong Kong,EU28,2016,64.0
fats_g1a_08,M71,V11110,Enterprises - number,CN_X_HK,China except Hong Kong,EU28,2017,99.0
fats_g1a_08,M71,V11110,Enterprises - number,CN_X_HK,China except Hong Kong,FI,2008,0.0
fats_g1a_08,M71,V11110,Enterprises - number,CN_X_HK,China except Hong Kong,FI,2009,0.0
fats_g1a_08,M71,V11110,Enterprises - number,CN_X_HK,China except Hong Kong,FI,2010,0.0
fats_g1a_08,M71,V11110,Enterprises - number,CN_X_HK,China except Hong Kong,FI,2011,0.0
fats_g1a_08,M71,V11110,Enterprises - number,CN_X_HK,China except Hong Kong,FI,2012,0.0
fats_g1a_08,M71,V11110,Enterprises - number,CN_X_HK,China except Hong Kong,FI,2013,0.0
fats_g1a_08,M71,V11110,Enterprises - number,CN_X_HK,China except Hong Kong,FI,2014,1.0
fats_g1a_08,M71,V11110,Enterprises - number,CN_X_HK,China except Hong Kong,FI,2015,1.0
fats_g1a_08,M71,V11110,Enterprises - number,CN_X_HK,China except Hong Kong,FI,2016,0.0
fats_g1a_08,M71,V11110,Enterprises - number,CN_X_HK,China except Hong Kong,FI,2017,0.0
fats_g1a_08,M71,V11110,Enterprises - number,CN_X_HK,China except Hong Kong,FI,2018,1.0
fats_g1a_08,M71,V11110,Enterprises - number,CN_X_HK,China except Hong Kong,FI,2019,1.0
fats_g1a_08,M71,V11110,Enterprises - number,CN_X_HK,China except Hong Kong,FI,2020,1.0
fats_g1a_08,M71,V11110,Enterprises - number,CN_X_HK,China except Hong Kong,FR,2008,0.0
fats_g1a_08,M71,V11110,Enterprises - number,CN_X_HK,China except Hong Kong,FR,2009,0.0
fats_g1a_08,M71,V11110,Enterprises - number,CN_X_HK,China except Hong Kong,FR,2010,3.0
fats_g1a_08,M71,V11110,Enterprises - number,CN_X_HK,China except Hong Kong,FR,2013,0.0
fats_g1a_08,M71,V11110,Enterprises - number,CN_X_HK,China except Hong Kong,HU,2008,0.0
fats_g1a_08,M71,V11110,Enterprises - number,CN_X_HK,China except Hong Kong,HU,2010,0.0
fats_g1a_08,M71,V11110,Enterprises - number,CN_X_HK,China except Hong Kong,HU,2011,0.0
fats_g1a_08,M71,V11110,Enterprises - number,CN_X_HK,China except Hong Kong,HU,2012,0.0
fats_g1a_08,M71,V11110,Enterprises - number,CN_X_HK,China except Hong Kong,HU,2013,0.0
fats_g1a_08,M71,V11110,Enterprises - number,CN_X_HK,China except Hong Kong,HU,2014,0.0
fats_g1a_08,M71,V11110,Enterprises - number,CN_X_HK,China except Hong Kong,HU,2015,0.0
fats_g1a_08,M71,V11110,Enterprises - number,CN_X_HK,China except Hong Kong,HU,2016,0.0
fats_g1a_08,M71,V11110,Enterprises - number,CN_X_HK,China except Hong Kong,HU,2017,7.0
fats_g1a_08,M71,V11110,Enterprises - number,CN_X_HK,China except Hong Kong,HU,2018,4.0
fats_g1a_08,M71,V11110,Enterprises - number,CN_X_HK,China except Hong Kong,HU,2019,0.0
fats_g1a_08,M71,V11110,Enterprises - number,CN_X_HK,China except Hong Kong,HU,2020,10.0
fats_g1a_08,M71,V11110,Enterprises - number,CN_X_HK,China except Hong Kong,IE,2008,0.0
fats_g1a_08,M71,V11110,Enterprises - number,CN_X_HK,China except Hong Kong,IE,2009,0.0
fats_g1a_08,M71,V11110,Enterprises - number,CN_X_HK,China except Hong Kong,IE,2010,0.0
fats_g1a_08,M71,V11110,Enterprises - number,CN_X_HK,China except Hong Kong,IE,2011,0.0
fats_g1a_08,M71,V11110,Enterprises - number,CN_X_HK,China except Hong Kong,IE,2012,0.0
fats_g1a_08,M71,V11110,Enterprises - number,CN_X_HK,China except Hong Kong,IE,2014,0.0
fats_g1a_08,M71,V11110,Enterprises - number,CN_X_HK,China except Hong Kong,IE,2015,0.0
fats_g1a_08,M71,V11110,Enterprises - number,CN_X_HK,China except Hong Kong,IE,2016,0.0
fats_g1a_08,M71,V11110,Enterprises - number,CN_X_HK,China except Hong Kong,IE,2017,0.0
fats_g1a_08,M71,V11110,Enterprises - number,CN_X_HK,China except Hong Kong,IT,2008,1.0
fats_g1a_08,M71,V11110,Enterprises - number,CN_X_HK,China except Hong Kong,IT,2009,1.0
fats_g1a_08,M71,V11110,Enterprises - number,CN_X_HK,China except Hong Kong,IT,2010,1.0
fats_g1a_08,M71,V11110,Enterprises - number,CN_X_HK,China except Hong Kong,IT,2011,0.0
fats_g1a_08,M71,V11110,Enterprises - number,CN_X_HK,China except Hong Kong,IT,2012,0.0
fats_g1a_08,M71,V11110,Enterprises - number,CN_X_HK,China except Hong Kong,IT,2013,0.0
fats_g1a_08,M71,V11110,Enterprises - number,CN_X_HK,China except Hong Kong,IT,2014,0.0
fats_g1a_08,M71,V11110,Enterprises - number,CN_X_HK,China except Hong Kong,IT,2015,0.0
fats_g1a_08,M71,V11110,Enterprises - number,CN_X_HK,China except Hong Kong,IT,2016,2.0
fats_g1a_08,M71,V11110,Enterprises - number,CN_X_HK,China except Hong Kong,IT,2017,8.0
fats_g1a_08,M71,V11110,Enterprises - number,CN_X_HK,China except Hong Kong,IT,2018,4.0
fats_g1a_08,M71,V11110,Enterprises - number,CN_X_HK,China except Hong Kong,IT,2019,6.0
fats_g1a_08,M71,V11110,Enterprises - number,CN_X_HK,China except Hong Kong,IT,2020,5.0
fats_g1a_08,M71,V11110,Enterprises - number,CN_X_HK,China except Hong Kong,NL,2008,1.0
fats_g1a_08,M71,V11110,Enterprises - number,CN_X_HK,China except Hong Kong,NL,2009,2.0
fats_g1a_08,M71,V11110,Enterprises - number,CN_X_HK,China except Hong Kong,NL,2010,1.0
fats_g1a_08,M71,V11110,Enterprises - number,CN_X_HK,China except Hong Kong,NL,2011,5.0
fats_g1a_08,M71,V11110,Enterprises - number,CN_X_HK,China except Hong Kong,NL,2012,5.0
fats_g1a_08,M71,V11110,Enterprises - number,CN_X_HK,China except Hong Kong,NL,2013,5.0
fats_g1a_08,M71,V11110,Enterprises - number,CN_X_HK,China except Hong Kong,NL,2014,12.0
fats_g1a_08,M71,V11110,Enterprises - number,CN_X_HK,China except Hong Kong,NL,2015,14.0
fats_g1a_08,M71,V11110,Enterprises - number,CN_X_HK,China except Hong Kong,NL,2016,15.0
fats_g1a_08,M71,V11110,Enterprises - number,CN_X_HK,China except Hong Kong,NL,2017,13.0
fats_g1a_08,M71,V11110,Enterprises - number,CN_X_HK,China except Hong Kong,NL,2018,14.0
fats_g1a_08,M71,V11110,Enterprises - number,CN_X_HK,China except Hong Kong,NL,2019,14.0
fats_g1a_08,M71,V11110,Enterprises - number,CN_X_HK,China except Hong Kong,NL,2020,16.0
fats_g1a_08,M71,V11110,Enterprises - number,CN_X_HK,China except Hong Kong,PL,2008,0.0
fats_g1a_08,M71,V11110,Enterprises - number,CN_X_HK,China except Hong Kong,PL,2009,0.0
fats_g1a_08,M71,V11110,Enterprises - number,CN_X_HK,China except Hong Kong,PL,2010,0.0
fats_g1a_08,M71,V11110,Enterprises - number,CN_X_HK,China except Hong Kong,PL,2011,0.0
fats_g1a_08,M71,V11110,Enterprises - number,CN_X_HK,China except Hong Kong,PL,2012,0.0
fats_g1a_08,M71,V11110,Enterprises - number,CN_X_HK,China except Hong Kong,PL,2013,0.0
fats_g1a_08,M71,V11110,Enterprises - number,CN_X_HK,China except Hong Kong,PL,2014,0.0
fats_g1a_08,M71,V11110,Enterprises - number,CN_X_HK,China except Hong Kong,PL,2015,0.0
fats_g1a_08,M71,V11110,Enterprises - number,CN_X_HK,China except Hong Kong,PL,2016,0.0
fats_g1a_08,M71,V11110,Enterprises - number,CN_X_HK,China except Hong Kong,PL,2017,0.0
fats_g1a_08,M71,V11110,Enterprises - number,CN_X_HK,China except Hong Kong,PL,2018,0.0
fats_g1a_08,M71,V11110,Enterprises - number,CN_X_HK,China except Hong Kong,PL,2019,0.0
fats_g1a_08,M71,V11110,Enterprises - number,CN_X_HK,China except Hong Kong,PL,2020,0.0
fats_g1a_08,M71,V11110,Enterprises - number,CN_X_HK,China except Hong Kong,PT,2008,0.0
fats_g1a_08,M71,V11110,Enterprises - number,CN_X_HK,China except Hong Kong,PT,2009,0.0
fats_g1a_08,M71,V11110,Enterprises - number,CN_X_HK,China except Hong Kong,PT,2010,0.0
fats_g1a_08,M71,V11110,Enterprises - number,CN_X_HK,China except Hong Kong,PT,2011,0.0
fats_g1a_08,M71,V11110,Enterprises - number,CN_X_HK,China except Hong Kong,PT,2012,0.0
fats_g1a_08,M71,V11110,Enterprises - number,CN_X_HK,China except Hong Kong,PT,2013,0.0
fats_g1a_08,M71,V11110,Enterprises - number,CN_X_HK,China except Hong Kong,PT,2014,0.0
fats_g1a_08,M71,V11110,Enterprises - number,CN_X_HK,China except Hong Kong,PT,2015,0.0
fats_g1a_08,M71,V11110,Enterprises - number,CN_X_HK,China except Hong Kong,PT,2016,0.0
fats_g1a_08,M71,V11110,Enterprises - number,CN_X_HK,China except Hong Kong,PT,2017,0.0
fats_g1a_08,M71,V11110,Enterprises - number,CN_X_HK,China except Hong Kong,PT,2018,0.0
fats_g1a_08,M71,V11110,Enterprises - number,CN_X_HK,China except Hong Kong,PT,2019,0.0
fats_g1a_08,M71,V11110,Enterprises - number,CN_X_HK,China except Hong Kong,PT,2020,0.0
fats_g1a_08,M71,V11110,Enterprises - number,CN_X_HK,China except Hong Kong,RO,2008,0.0
fats_g1a_08,M71,V11110,Enterprises - number,CN_X_HK,China except Hong Kong,RO,2009,0.0
fats_g1a_08,M71,V11110,Enterprises - number,CN_X_HK,China except Hong Kong,RO,2010,0.0
fats_g1a_08,M71,V11110,Enterprises - number,CN_X_HK,China except Hong Kong,RO,2011,0.0
fats_g1a_08,M71,V11110,Enterprises - number,CN_X_HK,China except Hong Kong,RO,2012,1.0
fats_g1a_08,M71,V11110,Enterprises - number,CN_X_HK,China except Hong Kong,RO,2013,0.0
fats_g1a_08,M71,V11110,Enterprises - number,CN_X_HK,China except Hong Kong,RO,2014,0.0
fats_g1a_08,M71,V11110,Enterprises - number,CN_X_HK,China except Hong Kong,RO,2015,0.0
fats_g1a_08,M71,V11110,Enterprises - number,CN_X_HK,China except Hong Kong,RO,2016,0.0
fats_g1a_08,M71,V11110,Enterprises - number,CN_X_HK,China except Hong Kong,RO,2017,0.0
fats_g1a_08,M71,V11110,Enterprises - number,CN_X_HK,China except Hong Kong,RO,2018,3.0
fats_g1a_08,M71,V11110,Enterprises - number,CN_X_HK,China except Hong Kong,RO,2019,2.0
fats_g1a_08,M71,V11110,Enterprises - number,CN_X_HK,China except Hong Kong,RO,2020,2.0
fats_g1a_08,M71,V11110,Enterprises - number,CN_X_HK,China except Hong Kong,SE,2008,2.0
fats_g1a_08,M71,V11110,Enterprises - number,CN_X_HK,China except Hong Kong,SE,2009,3.0
fats_g1a_08,M71,V11110,Enterprises - number,CN_X_HK,China except Hong Kong,SE,2010,5.0
fats_g1a_08,M71,V11110,Enterprises - number,CN_X_HK,China except Hong Kong,SE,2011,7.0
fats_g1a_08,M71,V11110,Enterprises - number,CN_X_HK,China except Hong Kong,SE,2012,6.0
fats_g1a_08,M71,V11110,Enterprises - number,CN_X_HK,China except Hong Kong,SE,2013,6.0
fats_g1a_08,M71,V11110,Enterprises - number,CN_X_HK,China except Hong Kong,SE,2014,8.0
fats_g1a_08,M71,V11110,Enterprises - number,CN_X_HK,China except Hong Kong,SE,2015,8.0
fats_g1a_08,M71,V11110,Enterprises - number,CN_X_HK,China except Hong Kong,SE,2016,8.0
fats_g1a_08,M71,V11110,Enterprises - number,CN_X_HK,China except Hong Kong,SE,2017,12.0
fats_g1a_08,M71,V11110,Enterprises - number,CN_X_HK,China except Hong Kong,SE,2018,13.0
fats_g1a_08,M71,V11110,Enterprises - number,CN_X_HK,China except Hong Kong,SE,2019,5.0
fats_g1a_08,M71,V11110,Enterprises - number,CN_X_HK,China except Hong Kong,SE,2020,2.0
fats_g1a_08,M71,V11110,Enterprises - number,CN_X_HK,China except Hong Kong,UK,2008,1.0
fats_g1a_08,M71,V11110,Enterprises - number,CN_X_HK,China except Hong Kong,UK,2009,2.0
fats_g1a_08,M71,V11110,Enterprises - number,CN_X_HK,China except Hong Kong,UK,2010,3.0
fats_g1a_08,M71,V11110,Enterprises - number,CN_X_HK,China except Hong Kong,UK,2011,1.0
fats_g1a_08,M71,V11110,Enterprises - number,CN_X_HK,China except Hong Kong,UK,2012,1.0
fats_g1a_08,M71,V11110,Enterprises - number,CN_X_HK,China except Hong Kong,UK,2013,1.0
fats_g1a_08,M71,V11110,Enterprises - number,CN_X_HK,China except Hong Kong,UK,2015,4.0
fats_g1a_08,M71,V11110,Enterprises - number,CN_X_HK,China except Hong Kong,UK,2016,5.0
fats_g1a_08,M71,V11110,Enterprises - number,CN_X_HK,China except Hong Kong,UK,2017,8.0
fats_g1a_08,M71,V16110,Persons employed - number,US,United States,AT,2008,29.0
fats_g1a_08,M71,V16110,Persons employed - number,US,United States,AT,2010,16.0
fats_g1a_08,M71,V16110,Persons employed - number,US,United States,AT,2011,39.0
fats_g1a_08,M71,V16110,Persons employed - number,US,United States,AT,2012,35.0
fats_g1a_08,M71,V16110,Persons employed - number,US,United States,AT,2013,31.0
fats_g1a_08,M71,V16110,Persons employed - number,US,United States,AT,2014,97.0
fats_g1a_08,M71,V16110,Persons employed - number,US,United States,AT,2015,297.0
fats_g1a_08,M71,V16110,Persons employed - number,US,United States,AT,2016,141.0
fats_g1a_08,M71,V16110,Persons employed - number,US,United States,AT,2020,79.0
fats_g1a_08,M71,V16110,Persons employed - number,US,United States,BE,2010,579.0
fats_g1a_08,M71,V16110,Persons employed - number,US,United States,BE,2012,642.0
fats_g1a_08,M71,V16110,Persons employed - number,US,United States,BE,2013,662.0
fats_g1a_08,M71,V16110,Persons employed - number,US,United States,BE,2014,648.0
fats_g1a_08,M71,V16110,Persons employed - number,US,United States,BE,2015,625.0
fats_g1a_08,M71,V16110,Persons employed - number,US,United States,BE,2018,0.0
fats_g1a_08,M71,V16110,Persons employed - number,US,United States,BE,2020,0.0
fats_g1a_08,M71,V16110,Persons employed - number,US,United States,CZ,2008,1409.0
fats_g1a_08,M71,V16110,Persons employed - number,US,United States,CZ,2009,1314.0
fats_g1a_08,M71,V16110,Persons employed - number,US,United States,CZ,2010,1539.0
fats_g1a_08,M71,V16110,Persons employed - number,US,United States,CZ,2011,959.0
fats_g1a_08,M71,V16110,Persons employed - number,US,United States,CZ,2012,920.0
fats_g1a_08,M71,V16110,Persons employed - number,US,United States,CZ,2013,1062.0
fats_g1a_08,M71,V16110,Persons employed - number,US,United States,CZ,2014,1094.0
fats_g1a_08,M71,V16110,Persons employed - number,US,United States,CZ,2015,1125.0
fats_g1a_08,M71,V16110,Persons employed - number,US,United States,CZ,2016,787.0
fats_g1a_08,M71,V16110,Persons employed - number,US,United States,CZ,2017,757.0
fats_g1a_08,M71,V16110,Persons employed - number,US,United States,CZ,2018,1357.0
fats_g1a_08,M71,V16110,Persons employed - number,US,United States,CZ,2019,1564.0
fats_g1a_08,M71,V16110,Persons employed - number,US,United States,CZ,2020,1606.0
fats_g1a_08,M71,V16110,Persons employed - number,US,United States,DE,2008,8457.0
fats_g1a_08,M71,V16110,Persons employed - number,US,United States,DE,2009,4031.0
fats_g1a_08,M71,V16110,Persons employed - number,US,United States,DE,2010,3940.0
fats_g1a_08,M71,V16110,Persons employed - number,US,United States,DE,2011,4011.0
fats_g1a_08,M71,V16110,Persons employed - number,US,United States,DE,2012,2728.0
fats_g1a_08,M71,V16110,Persons employed - number,US,United States,DE,2013,4128.0
fats_g1a_08,M71,V16110,Persons employed - number,US,United States,DE,2014,5910.0
fats_g1a_08,M71,V16110,Persons employed - number,US,United States,DE,2015,5176.0
fats_g1a_08,M71,V16110,Persons employed - number,US,United States,DE,2016,5252.0
fats_g1a_08,M71,V16110,Persons employed - number,US,United States,DE,2017,5436.0
fats_g1a_08,M71,V16110,Persons employed - number,US,United States,DE,2018,4501.0
fats_g1a_08,M71,V16110,Persons employed - number,US,United States,DE,2019,5423.0
fats_g1a_08,M71,V16110,Persons employed - number,US,United States,DE,2020,4852.0
fats_g1a_08,M71,V16110,Persons employed - number,US,United States,DK,2008,248.0
fats_g1a_08,M71,V16110,Persons employed - number,US,United States,DK,2009,193.0
fats_g1a_08,M71,V16110,Persons employed - number,US,United States,DK,2010,203.0
fats_g1a_08,M71,V16110,Persons employed - number,US,United States,DK,2013,326.0
fats_g1a_08,M71,V16110,Persons employed - number,US,United States,DK,2014,151.0
fats_g1a_08,M71,V16110,Persons employed - number,US,United States,DK,2015,169.0
fats_g1a_08,M71,V16110,Persons employed - number,US,United States,DK,2017,194.0
fats_g1a_08,M71,V16110,Persons employed - number,US,United States,DK,2018,406.0
fats_g1a_08,M71,V16110,Persons employed - number,US,United States,DK,2019,396.0
fats_g1a_08,M71,V16110,Persons employed - number,US,United States,DK,2020,491.0
fats_g1a_08,M71,V16110,Persons employed - number,US,United States,EL,2014,20.0
fats_g1a_08,M71,V16110,Persons employed - number,US,United States,EL,2016,110.0
fats_g1a_08,M71,V16110,Persons employed - number,US,United States,EL,2017,38.0
fats_g1a_08,M71,V16110,Persons employed - number,US,United States,EL,2018,42.0
fats_g1a_08,M71,V16110,Persons employed - number,US,United States,EL,2020,30.0
fats_g1a_08,M71,V16110,Persons employed - number,US,United States,ES,2008,2410.0
fats_g1a_08,M71,V16110,Persons employed - number,US,United States,ES,2009,6075.0
fats_g1a_08,M71,V16110,Persons employed - number,US,United States,ES,2010,1963.0
fats_g1a_08,M71,V16110,Persons employed - number,US,United States,ES,2011,1541.0
fats_g1a_08,M71,V16110,Persons employed - number,US,United States,ES,2013,6137.0
fats_g1a_08,M71,V16110,Persons employed - number,US,United States,ES,2014,2211.0
fats_g1a_08,M71,V16110,Persons employed - number,US,United States,ES,2015,3270.0
fats_g1a_08,M71,V16110,Persons employed - number,US,United States,ES,2016,2401.0
fats_g1a_08,M71,V16110,Persons employed - number,US,United States,ES,2017,1962.0
fats_g1a_08,M71,V16110,Persons employed - number,US,United States,ES,2018,1279.0
fats_g1a_08,M71,V16110,Persons employed - number,US,United States,ES,2019,1245.0
fats_g1a_08,M71,V16110,Persons employed - number,US,United States,ES,2020,1875.0
fats_g1a_08,M71,V16110,Persons employed - number,US,United States,EU27_2020,2011,23118.0
fats_g1a_08,M71,V16110,Persons employed - number,US,United States,EU27_2020,2012,22275.0
fats_g1a_08,M71,V16110,Persons employed - number,US,United States,EU27_2020,2013,28201.0
fats_g1a_08,M71,V16110,Persons employed - number,US,United States,EU27_2020,2014,27422.0
fats_g1a_08,M71,V16110,Persons employed - number,US,United States,EU27_2020,2015,27848.0
fats_g1a_08,M71,V16110,Persons employed - number,US,United States,EU27_2020,2016,28201.0
fats_g1a_08,M71,V16110,Persons employed - number,US,United States,EU27_2020,2017,30389.0
fats_g1a_08,M71,V16110,Persons employed - number,US,United States,EU27_2020,2019,27146.0
fats_g1a_08,M71,V16110,Persons employed - number,US,United States,EU27_2020,2020,30000.0
fats_g1a_08,M71,V16110,Persons employed - number,US,United States,EU28,2011,49730.0
fats_g1a_08,M71,V16110,Persons employed - number,US,United States,EU28,2012,58819.0
fats_g1a_08,M71,V16110,Persons employed - number,US,United States,EU28,2013,59939.0
fats_g1a_08,M71,V16110,Persons employed - number,US,United States,EU28,2014,56830.0
fats_g1a_08,M71,V16110,Persons employed - number,US,United States,EU28,2015,61823.0
fats_g1a_08,M71,V16110,Persons employed - number,US,United States,EU28,2016,62968.0
fats_g1a_08,M71,V16110,Persons employed - number,US,United States,EU28,2017,60007.0
fats_g1a_08,M71,V16110,Persons employed - number,US,United States,FI,2008,629.0
fats_g1a_08,M71,V16110,Persons employed - number,US,United States,FI,2009,689.0
fats_g1a_08,M71,V16110,Persons employed - number,US,United States,FI,2012,688.0
fats_g1a_08,M71,V16110,Persons employed - number,US,United States,FI,2013,219.0
fats_g1a_08,M71,V16110,Persons employed - number,US,United States,FI,2014,206.0
fats_g1a_08,M71,V16110,Persons employed - number,US,United States,FI,2015,164.0
fats_g1a_08,M71,V16110,Persons employed - number,US,United States,FI,2017,238.0
fats_g1a_08,M71,V16110,Persons employed - number,US,United States,FI,2018,298.0
fats_g1a_08,M71,V16110,Persons employed - number,US,United States,FI,2019,307.0
fats_g1a_08,M71,V16110,Persons employed - number,US,United States,FI,2020,351.0
fats_g1a_08,M71,V16110,Persons employed - number,US,United States,FR,2008,3833.0
fats_g1a_08,M71,V16110,Persons employed - number,US,United States,FR,2009,3084.0
fats_g1a_08,M71,V16110,Persons employed - number,US,United States,FR,2010,3297.0
fats_g1a_08,M71,V16110,Persons employed - number,US,United States,FR,2011,4863.0
fats_g1a_08,M71,V16110,Persons employed - number,US,United States,FR,2012,4950.0
fats_g1a_08,M71,V16110,Persons employed - number,US,United States,FR,2013,3261.0
fats_g1a_08,M71,V16110,Persons employed - number,US,United States,FR,2014,4246.0
fats_g1a_08,M71,V16110,Persons employed - number,US,United States,FR,2015,2593.0
fats_g1a_08,M71,V16110,Persons employed - number,US,United States,FR,2016,5625.0
fats_g1a_08,M71,V16110,Persons employed - number,US,United States,FR,2017,6793.0
fats_g1a_08,M71,V16110,Persons employed - number,US,United States,FR,2018,3668.0
fats_g1a_08,M71,V16110,Persons employed - number,US,United States,FR,2019,3450.0
fats_g1a_08,M71,V16110,Persons employed - number,US,United States,FR,2020,3068.0
fats_g1a_08,M71,V16110,Persons employed - number,US,United States,HU,2008,466.0
fats_g1a_08,M71,V16110,Persons employed - number,US,United States,HU,2009,301.0
fats_g1a_08,M71,V16110,Persons employed - number,US,United States,HU,2010,306.0
fats_g1a_08,M71,V16110,Persons employed - number,US,United States,HU,2011,524.0
fats_g1a_08,M71,V16110,Persons employed - number,US,United States,HU,2012,504.0
fats_g1a_08,M71,V16110,Persons employed - number,US,United States,HU,2013,476.0
fats_g1a_08,M71,V16110,Persons employed - number,US,United States,HU,2014,503.0
fats_g1a_08,M71,V16110,Persons employed - number,US,United States,HU,2015,421.0
fats_g1a_08,M71,V16110,Persons employed - number,US,United States,HU,2016,561.0
fats_g1a_08,M71,V16110,Persons employed - number,US,United States,HU,2017,457.0
fats_g1a_08,M71,V16110,Persons employed - number,US,United States,HU,2018,576.0
fats_g1a_08,M71,V16110,Persons employed - number,US,United States,HU,2019,848.0
fats_g1a_08,M71,V16110,Persons employed - number,US,United States,HU,2020,809.0
fats_g1a_08,M71,V16110,Persons employed - number,US,United States,IE,2014,926.0
fats_g1a_08,M71,V16110,Persons employed - number,US,United States,IE,2015,698.0
fats_g1a_08,M71,V16110,Persons employed - number,US,United States,IE,2016,835.0
fats_g1a_08,M71,V16110,Persons employed - number,US,United States,IE,2018,943.0
fats_g1a_08,M71,V16110,Persons employed - number,US,United States,IE,2019,815.0
fats_g1a_08,M71,V16110,Persons employed - number,US,United States,IT,2008,1674.0
fats_g1a_08,M71,V16110,Persons employed - number,US,United States,IT,2009,1672.0
fats_g1a_08,M71,V16110,Persons employed - number,US,United States,IT,2010,1770.0
fats_g1a_08,M71,V16110,Persons employed - number,US,United States,IT,2011,2163.0
fats_g1a_08,M71,V16110,Persons employed - number,US,United States,IT,2012,1935.0
fats_g1a_08,M71,V16110,Persons employed - number,US,United States,IT,2013,2985.0
fats_g1a_08,M71,V16110,Persons employed - number,US,United States,IT,2014,3037.0
fats_g1a_08,M71,V16110,Persons employed - number,US,United States,IT,2015,4664.0
fats_g1a_08,M71,V16110,Persons employed - number,US,United States,IT,2016,4763.0
fats_g1a_08,M71,V16110,Persons employed - number,US,United States,IT,2017,4960.0
fats_g1a_08,M71,V16110,Persons employed - number,US,United States,IT,2018,4972.0
fats_g1a_08,M71,V16110,Persons employed - number,US,United States,IT,2019,5096.0
fats_g1a_08,M71,V16110,Persons employed - number,US,United States,IT,2020,6904.0
fats_g1a_08,M71,V16110,Persons employed - number,US,United States,NL,2008,2808.0
fats_g1a_08,M71,V16110,Persons employed - number,US,United States,NL,2009,3401.0
fats_g1a_08,M71,V16110,Persons employed - number,US,United States,NL,2013,4262.0
fats_g1a_08,M71,V16110,Persons employed - number,US,United States,NL,2014,4243.0
fats_g1a_08,M71,V16110,Persons employed - number,US,United States,NL,2015,3721.0
fats_g1a_08,M71,V16110,Persons employed - number,US,United States,NL,2016,3619.0
fats_g1a_08,M71,V16110,Persons employed - number,US,United States,NL,2017,3442.0
fats_g1a_08,M71,V16110,Persons employed - number,US,United States,NL,2018,3660.0
fats_g1a_08,M71,V16110,Persons employed - number,US,United States,NL,2019,2997.0
fats_g1a_08,M71,V16110,Persons employed - number,US,United States,NL,2020,3147.0
fats_g1a_08,M71,V16110,Persons employed - number,US,United States,PL,2008,1974.0
fats_g1a_08,M71,V16110,Persons employed - number,US,United States,PL,2009,1896.0
fats_g1a_08,M71,V16110,Persons employed - number,US,United States,PL,2010,2059.0
fats_g1a_08,M71,V16110,Persons employed - number,US,United States,PL,2011,1023.0
fats_g1a_08,M71,V16110,Persons employed - number,US,United States,PL,2012,1157.0
fats_g1a_08,M71,V16110,Persons employed - number,US,United States,PL,2013,1234.0
fats_g1a_08,M71,V16110,Persons employed - number,US,United States,PL,2014,2169.0
fats_g1a_08,M71,V16110,Persons employed - number,US,United States,PL,2015,2080.0
fats_g1a_08,M71,V16110,Persons employed - number,US,United States,PL,2017,2497.0
fats_g1a_08,M71,V16110,Persons employed - number,US,United States,PL,2019,2133.0
fats_g1a_08,M71,V16110,Persons employed - number,US,United States,PL,2020,2425.0
fats_g1a_08,M71,V16110,Persons employed - number,US,United States,PT,2008,247.0
fats_g1a_08,M71,V16110,Persons employed - number,US,United States,PT,2009,243.0
fats_g1a_08,M71,V16110,Persons employed - number,US,United States,PT,2010,241.0
fats_g1a_08,M71,V16110,Persons employed - number,US,United States,PT,2011,219.0
fats_g1a_08,M71,V16110,Persons employed - number,US,United States,PT,2012,187.0
fats_g1a_08,M71,V16110,Persons employed - number,US,United States,PT,2013,253.0
fats_g1a_08,M71,V16110,Persons employed - number,US,United States,PT,2014,323.0
fats_g1a_08,M71,V16110,Persons employed - number,US,United States,PT,2015,388.0
fats_g1a_08,M71,V16110,Persons employed - number,US,United States,PT,2016,383.0
fats_g1a_08,M71,V16110,Persons employed - number,US,United States,PT,2017,440.0
fats_g1a_08,M71,V16110,Persons employed - number,US,United States,PT,2018,463.0
fats_g1a_08,M71,V16110,Persons employed - number,US,United States,PT,2019,514.0
fats_g1a_08,M71,V16110,Persons employed - number,US,United States,PT,2020,614.0
fats_g1a_08,M71,V16110,Persons employed - number,US,United States,RO,2008,879.0
fats_g1a_08,M71,V16110,Persons employed - number,US,United States,RO,2009,898.0
fats_g1a_08,M71,V16110,Persons employed - number,US,United States,RO,2010,826.0
fats_g1a_08,M71,V16110,Persons employed - number,US,United States,RO,2011,796.0
fats_g1a_08,M71,V16110,Persons employed - number,US,United States,RO,2012,647.0
fats_g1a_08,M71,V16110,Persons employed - number,US,United States,RO,2013,562.0
fats_g1a_08,M71,V16110,Persons employed - number,US,United States,RO,2014,567.0
fats_g1a_08,M71,V16110,Persons employed - number,US,United States,RO,2015,1109.0
fats_g1a_08,M71,V16110,Persons employed - number,US,United States,RO,2016,858.0
fats_g1a_08,M71,V16110,Persons employed - number,US,United States,RO,2017,1270.0
fats_g1a_08,M71,V16110,Persons employed - number,US,United States,RO,2018,1377.0
fats_g1a_08,M71,V16110,Persons employed - number,US,United States,RO,2019,1063.0
fats_g1a_08,M71,V16110,Persons employed - number,US,United States,RO,2020,1238.0
fats_g1a_08,M71,V16110,Persons employed - number,US,United States,SE,2008,585.0
fats_g1a_08,M71,V16110,Persons employed - number,US,United States,SE,2009,545.0
fats_g1a_08,M71,V16110,Persons employed - number,US,United States,SE,2010,642.0
fats_g1a_08,M71,V16110,Persons employed - number,US,United States,SE,2011,725.0
fats_g1a_08,M71,V16110,Persons employed - number,US,United States,SE,2013,817.0
fats_g1a_08,M71,V16110,Persons employed - number,US,United States,SE,2014,819.0
fats_g1a_08,M71,V16110,Persons employed - number,US,United States,SE,2015,915.0
fats_g1a_08,M71,V16110,Persons employed - number,US,United States,SE,2016,817.0
fats_g1a_08,M71,V16110,Persons employed - number,US,United States,SE,2017,375.0
fats_g1a_08,M71,V16110,Persons employed - number,US,United States,SE,2018,616.0
fats_g1a_08,M71,V16110,Persons employed - number,US,United States,SE,2019,605.0
fats_g1a_08,M71,V16110,Persons employed - number,US,United States,SE,2020,1481.0
fats_g1a_08,M71,V16110,Persons employed - number,US,United States,UK,2008,24048.0
fats_g1a_08,M71,V16110,Persons employed - number,US,United States,UK,2009,20887.0
fats_g1a_08,M71,V16110,Persons employed - number,US,United States,UK,2010,23613.0
fats_g1a_08,M71,V16110,Persons employed - number,US,United States,UK,2011,26612.0
fats_g1a_08,M71,V16110,Persons employed - number,US,United States,UK,2012,36544.0
fats_g1a_08,M71,V16110,Persons employed - number,US,United States,UK,2013,31738.0
fats_g1a_08,M71,V16110,Persons employed - number,US,United States,UK,2014,29408.0
fats_g1a_08,M71,V16110,Persons employed - number,US,United States,UK,2015,33975.0
fats_g1a_08,M71,V16110,Persons employed - number,US,United States,UK,2016,34767.0
fats_g1a_08,M71,V16110,Persons employed - number,US,United States,UK,2017,29618.0
fats_g1a_08,M71,V12110,Turnover or gross premiums written - million euro,US,United States,AT,2008,5.1
fats_g1a_08,M71,V12110,Turnover or gross premiums written - million euro,US,United States,AT,2010,1.1
fats_g1a_08,M71,V12110,Turnover or gross premiums written - million euro,US,United States,AT,2011,20.2
fats_g1a_08,M71,V12110,Turnover or gross premiums written - million euro,US,United States,AT,2012,9.0
fats_g1a_08,M71,V12110,Turnover or gross premiums written - million euro,US,United States,AT,2013,11.8
fats_g1a_08,M71,V12110,Turnover or gross premiums written - million euro,US,United States,AT,2014,21.3
fats_g1a_08,M71,V12110,Turnover or gross premiums written - million euro,US,United States,AT,2015,64.4
fats_g1a_08,M71,V12110,Turnover or gross premiums written - million euro,US,United States,AT,2016,32.0
fats_g1a_08,M71,V12110,Turnover or gross premiums written - million euro,US,United States,AT,2020,16.4
fats_g1a_08,M71,V12110,Turnover or gross premiums written - million euro,US,United States,BE,2010,190.1
fats_g1a_08,M71,V12110,Turnover or gross premiums written - million euro,US,United States,BE,2012,199.1
fats_g1a_08,M71,V12110,Turnover or gross premiums written - million euro,US,United States,BE,2013,285.2
fats_g1a_08,M71,V12110,Turnover or gross premiums written - million euro,US,United States,BE,2014,288.0
fats_g1a_08,M71,V12110,Turnover or gross premiums written - million euro,US,United States,BE,2015,181.4
fats_g1a_08,M71,V12110,Turnover or gross premiums written - million euro,US,United States,BE,2018,0.0
fats_g1a_08,M71,V12110,Turnover or gross premiums written - million euro,US,United States,BE,2020,0.0
fats_g1a_08,M71,V12110,Turnover or gross premiums written - million euro,US,United States,CZ,2008,164.9
fats_g1a_08,M71,V12110,Turnover or gross premiums written - million euro,US,United States,CZ,2009,119.3
fats_g1a_08,M71,V12110,Turnover or gross premiums written - million euro,US,United States,CZ,2010,193.1
fats_g1a_08,M71,V12110,Turnover or gross premiums written - million euro,US,United States,CZ,2011,84.0
fats_g1a_08,M71,V12110,Turnover or gross premiums written - million euro,US,United States,CZ,2012,76.1
fats_g1a_08,M71,V12110,Turnover or gross premiums written - million euro,US,United States,CZ,2013,97.7
fats_g1a_08,M71,V12110,Turnover or gross premiums written - million euro,US,United States,CZ,2014,117.8
fats_g1a_08,M71,V12110,Turnover or gross premiums written - million euro,US,United States,CZ,2015,139.1
fats_g1a_08,M71,V12110,Turnover or gross premiums written - million euro,US,United States,CZ,2016,58.1
fats_g1a_08,M71,V12110,Turnover or gross premiums written - million euro,US,United States,CZ,2017,68.7
fats_g1a_08,M71,V12110,Turnover or gross premiums written - million euro,US,United States,CZ,2018,142.4
fats_g1a_08,M71,V12110,Turnover or gross premiums written - million euro,US,United States,CZ,2019,166.7
fats_g1a_08,M71,V12110,Turnover or gross premiums written - million euro,US,United States,CZ,2020,131.7
fats_g1a_08,M71,V12110,Turnover or gross premiums written - million euro,US,United States,DE,2008,1570.5
fats_g1a_08,M71,V12110,Turnover or gross premiums written - million euro,US,United States,DE,2009,899.2
fats_g1a_08,M71,V12110,Turnover or gross premiums written - million euro,US,United States,DE,2010,438.5
fats_g1a_08,M71,V12110,Turnover or gross premiums written - million euro,US,United States,DE,2011,1374.2
fats_g1a_08,M71,V12110,Turnover or gross premiums written - million euro,US,United States,DE,2012,425.8
fats_g1a_08,M71,V12110,Turnover or gross premiums written - million euro,US,United States,DE,2013,2199.9
fats_g1a_08,M71,V12110,Turnover or gross premiums written - million euro,US,United States,DE,2014,799.7
fats_g1a_08,M71,V12110,Turnover or gross premiums written - million euro,US,United States,DE,2015,731.4
fats_g1a_08,M71,V12110,Turnover or gross premiums written - million euro,US,United States,DE,2016,787.4
fats_g1a_08,M71,V12110,Turnover or gross premiums written - million euro,US,United States,DE,2017,895.4
fats_g1a_08,M71,V12110,Turnover or gross premiums written - million euro,US,United States,DE,2018,810.9
fats_g1a_08,M71,V12110,Turnover or gross premiums written - million euro,US,United States,DE,2019,893.5
fats_g1a_08,M71,V12110,Turnover or gross premiums written - million euro,US,United States,DE,2020,1116.0
fats_g1a_08,M71,V12110,Turnover or gross premiums written - million euro,US,United States,DK,2008,32.5
fats_g1a_08,M71,V12110,Turnover or gross premiums written - million euro,US,United States,DK,2009,30.4
fats_g1a_08,M71,V12110,Turnover or gross premiums written - million euro,US,United States,DK,2010,30.4
fats_g1a_08,M71,V12110,Turnover or gross premiums written - million euro,US,United States,DK,2013,48.3
fats_g1a_08,M71,V12110,Turnover or gross premiums written - million euro,US,United States,DK,2014,18.7
fats_g1a_08,M71,V12110,Turnover or gross premiums written - million euro,US,United States,DK,2015,24.2
fats_g1a_08,M71,V12110,Turnover or gross premiums written - million euro,US,United States,DK,2017,33.1
fats_g1a_08,M71,V12110,Turnover or gross premiums written - million euro,US,United States,DK,2018,67.0
fats_g1a_08,M71,V12110,Turnover or gross premiums written - million euro,US,United States,DK,2019,67.0
fats_g1a_08,M71,V12110,Turnover or gross premiums written - million euro,US,United States,DK,2020,111.7
fats_g1a_08,M71,V12110,Turnover or gross premiums written - million euro,US,United States,EL,2014,3.7
fats_g1a_08,M71,V12110,Turnover or gross premiums written - million euro,US,United States,EL,2016,9.5
fats_g1a_08,M71,V12110,Turnover or gross premiums written - million euro,US,United States,EL,2017,8.4
fats_g1a_08,M71,V12110,Turnover or gross premiums written - million euro,US,United States,EL,2018,8.8
fats_g1a_08,M71,V12110,Turnover or gross premiums written - million euro,US,United States,EL,2020,1.1
fats_g1a_08,M71,V12110,Turnover or gross premiums written - million euro,US,United States,ES,2008,577.0
fats_g1a_08,M71,V12110,Turnover or gross premiums written - million euro,US,United States,ES,2009,903.5
fats_g1a_08,M71,V12110,Turnover or gross premiums written - million euro,US,United States,ES,2010,592.9
fats_g1a_08,M71,V12110,Turnover or gross premiums written - million euro,US,United States,ES,2011,441.3
fats_g1a_08,M71,V12110,Turnover or gross premiums written - million euro,US,United States,ES,2013,675.5
fats_g1a_08,M71,V12110,Turnover or gross premiums written - million euro,US,United States,ES,2014,397.1
fats_g1a_08,M71,V12110,Turnover or gross premiums written - million euro,US,United States,ES,2015,590.1
fats_g1a_08,M71,V12110,Turnover or gross premiums written - million euro,US,United States,ES,2016,398.0
fats_g1a_08,M71,V12110,Turnover or gross premiums written - million euro,US,United States,ES,2017,525.6
fats_g1a_08,M71,V12110,Turnover or gross premiums written - million euro,US,United States,ES,2018,382.5
fats_g1a_08,M71,V12110,Turnover or gross premiums written - million euro,US,United States,ES,2019,382.7
fats_g1a_08,M71,V12110,Turnover or gross premiums written - million euro,US,United States,ES,2020,454.3
fats_g1a_08,M71,V12110,Turnover or gross premiums written - million euro,US,United States,EU27_2020,2011,5953.3
fats_g1a_08,M71,V12110,Turnover or gross premiums written - million euro,US,United States,EU27_2020,2012,4756.9
fats_g1a_08,M71,V12110,Turnover or gross premiums written - million euro,US,United States,EU27_2020,2013,7413.9
fats_g1a_08,M71,V12110,Turnover or gross premiums written - million euro,US,United States,EU27_2020,2014,4704.9
fats_g1a_08,M71,V12110,Turnover or gross premiums written - million euro,US,United States,EU27_2020,2015,8102.1
fats_g1a_08,M71,V12110,Turnover or gross premiums written - million euro,US,United States,EU27_2020,2016,8614.2
fats_g1a_08,M71,V12110,Turnover or gross premiums written - million euro,US,United States,EU27_2020,2017,10535.6
fats_g1a_08,M71,V12110,Turnover or gross premiums written - million euro,US,United States,EU27_2020,2019,7614.5
fats_g1a_08,M71,V12110,Turnover or gross premiums written - million euro,US,United States,EU28,2011,11284.5
fats_g1a_08,M71,V12110,Turnover or gross premiums written - million euro,US,United States,EU28,2012,11070.3
fats_g1a_08,M71,V12110,Turnover or gross premiums written - million euro,US,United States,EU28,2013,14287.1
fats_g1a_08,M71,V12110,Turnover or gross premiums written - million euro,US,United States,EU28,2014,11748.9
fats_g1a_08,M71,V12110,Turnover or gross premiums written - million euro,US,United States,EU28,2015,18197.7
fats_g1a_08,M71,V12110,Turnover or gross premiums written - million euro,US,United States,EU28,2016,18679.0
fats_g1a_08,M71,V12110,Turnover or gross premiums written - million euro,US,United States,EU28,2017,21991.9
fats_g1a_08,M71,V12110,Turnover or gross premiums written - million euro,US,United States,FI,2008,107.3
fats_g1a_08,M71,V12110,Turnover or gross premiums written - million euro,US,United States,FI,2009,110.6
fats_g1a_08,M71,V12110,Turnover or gross premiums written - million euro,US,United States,FI,2012,84.9
fats_g1a_08,M71,V12110,Turnover or gross premiums written - million euro,US,United States,FI,2013,36.3
fats_g1a_08,M71,V12110,Turnover or gross premiums written - million euro,US,United States,FI,2014,32.8
fats_g1a_08,M71,V12110,Turnover or gross premiums written - million euro,US,United States,FI,2015,28.7
fats_g1a_08,M71,V12110,Turnover or gross premiums written - million euro,US,United States,FI,2017,53.0
fats_g1a_08,M71,V12110,Turnover or gross premiums written - million euro,US,United States,FI,2018,77.8
fats_g1a_08,M71,V12110,Turnover or gross premiums written - million euro,US,United States,FI,2019,81.9
fats_g1a_08,M71,V12110,Turnover or gross premiums written - million euro,US,United States,FI,2020,78.9
fats_g1a_08,M71,V12110,Turnover or gross premiums written - million euro,US,United States,FR,2008,1051.6
fats_g1a_08,M71,V12110,Turnover or gross premiums written - million euro,US,United States,FR,2009,694.8
fats_g1a_08,M71,V12110,Turnover or gross premiums written - million euro,US,United States,FR,2010,942.3
fats_g1a_08,M71,V12110,Turnover or gross premiums written - million euro,US,United States,FR,2011,1174.1
fats_g1a_08,M71,V12110,Turnover or gross premiums written - million euro,US,United States,FR,2012,1258.8
fats_g1a_08,M71,V12110,Turnover or gross premiums written - million euro,US,United States,FR,2013,776.4
fats_g1a_08,M71,V12110,Turnover or gross premiums written - million euro,US,United States,FR,2014,780.5
fats_g1a_08,M71,V12110,Turnover or gross premiums written - million euro,US,United States,FR,2015,538.6
fats_g1a_08,M71,V12110,Turnover or gross premiums written - million euro,US,United States,FR,2016,1807.2
fats_g1a_08,M71,V12110,Turnover or gross premiums written - million euro,US,United States,FR,2018,1063.0
fats_g1a_08,M71,V12110,Turnover or gross premiums written - million euro,US,United States,FR,2019,1065.1
fats_g1a_08,M71,V12110,Turnover or gross premiums written - million euro,US,United States,FR,2020,793.7
fats_g1a_08,M71,V12110,Turnover or gross premiums written - million euro,US,United States,HU,2008,54.2
fats_g1a_08,M71,V12110,Turnover or gross premiums written - million euro,US,United States,HU,2009,23.4
fats_g1a_08,M71,V12110,Turnover or gross premiums written - million euro,US,United States,HU,2010,20.6
fats_g1a_08,M71,V12110,Turnover or gross premiums written - million euro,US,United States,HU,2011,52.4
fats_g1a_08,M71,V12110,Turnover or gross premiums written - million euro,US,United States,HU,2012,38.1
fats_g1a_08,M71,V12110,Turnover or gross premiums written - million euro,US,United States,HU,2013,41.5
fats_g1a_08,M71,V12110,Turnover or gross premiums written - million euro,US,United States,HU,2014,34.2
fats_g1a_08,M71,V12110,Turnover or gross premiums written - million euro,US,United States,HU,2015,47.2
fats_g1a_08,M71,V12110,Turnover or gross premiums written - million euro,US,United States,HU,2016,46.9
fats_g1a_08,M71,V12110,Turnover or gross premiums written - million euro,US,United States,HU,2017,38.1
fats_g1a_08,M71,V12110,Turnover or gross premiums written - million euro,US,United States,HU,2018,55.2
fats_g1a_08,M71,V12110,Turnover or gross premiums written - million euro,US,United States,HU,2019,80.2
fats_g1a_08,M71,V12110,Turnover or gross premiums written - million euro,US,United States,HU,2020,76.6
fats_g1a_08,M71,V12110,Turnover or gross premiums written - million euro,US,United States,IE,2014,150.9
fats_g1a_08,M71,V12110,Turnover or gross premiums written - million euro,US,United States,IE,2015,288.5
fats_g1a_08,M71,V12110,Turnover or gross premiums written - million euro,US,United States,IE,2016,757.4
fats_g1a_08,M71,V12110,Turnover or gross premiums written - million euro,US,United States,IE,2018,705.9
fats_g1a_08,M71,V12110,Turnover or gross premiums written - million euro,US,United States,IE,2019,945.0
fats_g1a_08,M71,V12110,Turnover or gross premiums written - million euro,US,United States,IT,2008,391.1
fats_g1a_08,M71,V12110,Turnover or gross premiums written - million euro,US,United States,IT,2009,270.2
fats_g1a_08,M71,V12110,Turnover or gross premiums written - million euro,US,United States,IT,2010,356.9
fats_g1a_08,M71,V12110,Turnover or gross premiums written - million euro,US,United States,IT,2011,480.7
fats_g1a_08,M71,V12110,Turnover or gross premiums written - million euro,US,United States,IT,2012,424.0
fats_g1a_08,M71,V12110,Turnover or gross premiums written - million euro,US,United States,IT,2013,627.3
fats_g1a_08,M71,V12110,Turnover or gross premiums written - million euro,US,United States,IT,2014,539.0
fats_g1a_08,M71,V12110,Turnover or gross premiums written - million euro,US,United States,IT,2015,3664.5
fats_g1a_08,M71,V12110,Turnover or gross premiums written - million euro,US,United States,IT,2016,3651.4
fats_g1a_08,M71,V12110,Turnover or gross premiums written - million euro,US,United States,IT,2017,4068.8
fats_g1a_08,M71,V12110,Turnover or gross premiums written - million euro,US,United States,IT,2018,3256.3
fats_g1a_08,M71,V12110,Turnover or gross premiums written - million euro,US,United States,IT,2019,2513.5
fats_g1a_08,M71,V12110,Turnover or gross premiums written - million euro,US,United States,IT,2020,2091.4
fats_g1a_08,M71,V12110,Turnover or gross premiums written - million euro,US,United States,NL,2008,864.0
fats_g1a_08,M71,V12110,Turnover or gross premiums written - million euro,US,United States,NL,2009,1018.4
fats_g1a_08,M71,V12110,Turnover or gross premiums written - million euro,US,United States,NL,2017,1374.3
fats_g1a_08,M71,V12110,Turnover or gross premiums written - million euro,US,United States,NL,2019,1004.4
fats_g1a_08,M71,V12110,Turnover or gross premiums written - million euro,US,United States,NL,2020,1190.5
fats_g1a_08,M71,V12110,Turnover or gross premiums written - million euro,US,United States,PL,2008,112.5
fats_g1a_08,M71,V12110,Turnover or gross premiums written - million euro,US,United States,PL,2009,87.5
fats_g1a_08,M71,V12110,Turnover or gross premiums written - million euro,US,United States,PL,2010,95.9
fats_g1a_08,M71,V12110,Turnover or gross premiums written - million euro,US,United States,PL,2011,85.5
fats_g1a_08,M71,V12110,Turnover or gross premiums written - million euro,US,United States,PL,2012,90.6
fats_g1a_08,M71,V12110,Turnover or gross premiums written - million euro,US,United States,PL,2013,100.1
fats_g1a_08,M71,V12110,Turnover or gross premiums written - million euro,US,United States,PL,2014,109.0
fats_g1a_08,M71,V12110,Turnover or gross premiums written - million euro,US,United States,PL,2015,125.8
fats_g1a_08,M71,V12110,Turnover or gross premiums written - million euro,US,United States,PL,2017,132.7
fats_g1a_08,M71,V12110,Turnover or gross premiums written - million euro,US,United States,PL,2019,107.8
fats_g1a_08,M71,V12110,Turnover or gross premiums written - million euro,US,United States,PL,2020,140.1
fats_g1a_08,M71,V12110,Turnover or gross premiums written - million euro,US,United States,PT,2008,37.1
fats_g1a_08,M71,V12110,Turnover or gross premiums written - million euro,US,United States,PT,2009,53.8
fats_g1a_08,M71,V12110,Turnover or gross premiums written - million euro,US,United States,PT,2010,30.7
fats_g1a_08,M71,V12110,Turnover or gross premiums written - million euro,US,United States,PT,2011,49.6
fats_g1a_08,M71,V12110,Turnover or gross premiums written - million euro,US,United States,PT,2012,41.1
fats_g1a_08,M71,V12110,Turnover or gross premiums written - million euro,US,United States,PT,2013,36.8
fats_g1a_08,M71,V12110,Turnover or gross premiums written - million euro,US,United States,PT,2014,61.8
fats_g1a_08,M71,V12110,Turnover or gross premiums written - million euro,US,United States,PT,2015,69.9
fats_g1a_08,M71,V12110,Turnover or gross premiums written - million euro,US,United States,PT,2016,49.3
fats_g1a_08,M71,V12110,Turnover or gross premiums written - million euro,US,United States,PT,2017,46.1
fats_g1a_08,M71,V12110,Turnover or gross premiums written - million euro,US,United States,PT,2018,45.7
fats_g1a_08,M71,V12110,Turnover or gross premiums written - million euro,US,United States,PT,2019,55.4
fats_g1a_08,M71,V12110,Turnover or gross premiums written - million euro,US,United States,PT,2020,49.7
fats_g1a_08,M71,V12110,Turnover or gross premiums written - million euro,US,United States,RO,2008,59.6
fats_g1a_08,M71,V12110,Turnover or gross premiums written - million euro,US,United States,RO,2009,52.2
fats_g1a_08,M71,V12110,Turnover or gross premiums written - million euro,US,United States,RO,2010,70.5
fats_g1a_08,M71,V12110,Turnover or gross premiums written - million euro,US,United States,RO,2011,214.6
fats_g1a_08,M71,V12110,Turnover or gross premiums written - million euro,US,United States,RO,2012,49.2
fats_g1a_08,M71,V12110,Turnover or gross premiums written - million euro,US,United States,RO,2013,55.5
fats_g1a_08,M71,V12110,Turnover or gross premiums written - million euro,US,United States,RO,2014,76.5
fats_g1a_08,M71,V12110,Turnover or gross premiums written - million euro,US,United States,RO,2015,315.0
fats_g1a_08,M71,V12110,Turnover or gross premiums written - million euro,US,United States,RO,2016,47.9
fats_g1a_08,M71,V12110,Turnover or gross premiums written - million euro,US,United States,RO,2017,59.3
fats_g1a_08,M71,V12110,Turnover or gross premiums written - million euro,US,United States,RO,2018,88.8
fats_g1a_08,M71,V12110,Turnover or gross premiums written - million euro,US,United States,RO,2019,56.3
fats_g1a_08,M71,V12110,Turnover or gross premiums written - million euro,US,United States,RO,2020,62.1
fats_g1a_08,M71,V12110,Turnover or gross premiums written - million euro,US,United States,SE,2008,83.4
fats_g1a_08,M71,V12110,Turnover or gross premiums written - million euro,US,United States,SE,2009,73.0
fats_g1a_08,M71,V12110,Turnover or gross premiums written - million euro,US,United States,SE,2010,99.3
fats_g1a_08,M71,V12110,Turnover or gross premiums written - million euro,US,United States,SE,2011,117.6
fats_g1a_08,M71,V12110,Turnover or gross premiums written - million euro,US,United States,SE,2013,146.0
fats_g1a_08,M71,V12110,Turnover or gross premiums written - million euro,US,United States,SE,2014,176.8
fats_g1a_08,M71,V12110,Turnover or gross premiums written - million euro,US,United States,SE,2015,171.9
fats_g1a_08,M71,V12110,Turnover or gross premiums written - million euro,US,United States,SE,2016,227.8
fats_g1a_08,M71,V12110,Turnover or gross premiums written - million euro,US,United States,SE,2017,138.7
fats_g1a_08,M71,V12110,Turnover or gross premiums written - million euro,US,United States,SE,2018,120.4
fats_g1a_08,M71,V12110,Turnover or gross premiums written - million euro,US,United States,SE,2019,115.2
fats_g1a_08,M71,V12110,Turnover or gross premiums written - million euro,US,United States,SE,2020,1008.8
fats_g1a_08,M71,V12110,Turnover or gross premiums written - million euro,US,United States,UK,2008,5979.2
fats_g1a_08,M71,V12110,Turnover or gross premiums written - million euro,US,United States,UK,2009,4872.4
fats_g1a_08,M71,V12110,Turnover or gross premiums written - million euro,US,United States,UK,2010,5680.5
fats_g1a_08,M71,V12110,Turnover or gross premiums written - million euro,US,United States,UK,2011,5331.2
fats_g1a_08,M71,V12110,Turnover or gross premiums written - million euro,US,United States,UK,2012,6313.4
fats_g1a_08,M71,V12110,Turnover or gross premiums written - million euro,US,United States,UK,2013,6873.2
fats_g1a_08,M71,V12110,Turnover or gross premiums written - million euro,US,United States,UK,2014,7044.0
fats_g1a_08,M71,V12110,Turnover or gross premiums written - million euro,US,United States,UK,2015,10095.6
fats_g1a_08,M71,V12110,Turnover or gross premiums written - million euro,US,United States,UK,2016,10064.8
fats_g1a_08,M71,V12110,Turnover or gross premiums written - million euro,US,United States,UK,2017,11456.3
fats_g1a_08,M71,V11110,Enterprises - number,US,United States,AT,2008,5.0
fats_g1a_08,M71,V11110,Enterprises - number,US,United States,AT,2009,5.0
fats_g1a_08,M71,V11110,Enterprises - number,US,United States,AT,2010,5.0
fats_g1a_08,M71,V11110,Enterprises - number,US,United States,AT,2011,5.0
fats_g1a_08,M71,V11110,Enterprises - number,US,United States,AT,2012,5.0
fats_g1a_08,M71,V11110,Enterprises - number,US,United States,AT,2013,5.0
fats_g1a_08,M71,V11110,Enterprises - number,US,United States,AT,2014,6.0
fats_g1a_08,M71,V11110,Enterprises - number,US,United States,AT,2015,8.0
fats_g1a_08,M71,V11110,Enterprises - number,US,United States,AT,2016,6.0
fats_g1a_08,M71,V11110,Enterprises - number,US,United States,AT,2017,5.0
fats_g1a_08,M71,V11110,Enterprises - number,US,United States,AT,2018,4.0
fats_g1a_08,M71,V11110,Enterprises - number,US,United States,AT,2019,4.0
fats_g1a_08,M71,V11110,Enterprises - number,US,United States,AT,2020,4.0
fats_g1a_08,M71,V11110,Enterprises - number,US,United States,BE,2010,3.0
fats_g1a_08,M71,V11110,Enterprises - number,US,United States,BE,2013,4.0
fats_g1a_08,M71,V11110,Enterprises - number,US,United States,BE,2014,4.0
fats_g1a_08,M71,V11110,Enterprises - number,US,United States,BE,2015,4.0
fats_g1a_08,M71,V11110,Enterprises - number,US,United States,BE,2018,0.0
fats_g1a_08,M71,V11110,Enterprises - number,US,United States,BE,2020,0.0
fats_g1a_08,M71,V11110,Enterprises - number,US,United States,CZ,2008,29.0
fats_g1a_08,M71,V11110,Enterprises - number,US,United States,CZ,2009,27.0
fats_g1a_08,M71,V11110,Enterprises - number,US,United States,CZ,2010,24.0
fats_g1a_08,M71,V11110,Enterprises - number,US,United States,CZ,2011,21.0
fats_g1a_08,M71,V11110,Enterprises - number,US,United States,CZ,2012,20.0
fats_g1a_08,M71,V11110,Enterprises - number,US,United States,CZ,2013,22.0
fats_g1a_08,M71,V11110,Enterprises - number,US,United States,CZ,2014,21.0
fats_g1a_08,M71,V11110,Enterprises - number,US,United States,CZ,2015,19.0
fats_g1a_08,M71,V11110,Enterprises - number,US,United States,CZ,2016,16.0
fats_g1a_08,M71,V11110,Enterprises - number,US,United States,CZ,2017,16.0
fats_g1a_08,M71,V11110,Enterprises - number,US,United States,CZ,2018,19.0
fats_g1a_08,M71,V11110,Enterprises - number,US,United States,CZ,2019,20.0
fats_g1a_08,M71,V11110,Enterprises - number,US,United States,CZ,2020,24.0
fats_g1a_08,M71,V11110,Enterprises - number,US,United States,DE,2008,63.0
fats_g1a_08,M71,V11110,Enterprises - number,US,United States,DE,2009,75.0
fats_g1a_08,M71,V11110,Enterprises - number,US,United States,DE,2010,67.0
fats_g1a_08,M71,V11110,Enterprises - number,US,United States,DE,2011,64.0
fats_g1a_08,M71,V11110,Enterprises - number,US,United States,DE,2012,44.0
fats_g1a_08,M71,V11110,Enterprises - number,US,United States,DE,2013,63.0
fats_g1a_08,M71,V11110,Enterprises - number,US,United States,DE,2014,72.0
fats_g1a_08,M71,V11110,Enterprises - number,US,United States,DE,2015,69.0
fats_g1a_08,M71,V11110,Enterprises - number,US,United States,DE,2016,72.0
fats_g1a_08,M71,V11110,Enterprises - number,US,United States,DE,2017,82.0
fats_g1a_08,M71,V11110,Enterprises - number,US,United States,DE,2018,73.0
fats_g1a_08,M71,V11110,Enterprises - number,US,United States,DE,2019,88.0
fats_g1a_08,M71,V11110,Enterprises - number,US,United States,DE,2020,61.0
fats_g1a_08,M71,V11110,Enterprises - number,US,United States,DK,2008,10.0
fats_g1a_08,M71,V11110,Enterprises - number,US,United States,DK,2009,8.0
fats_g1a_08,M71,V11110,Enterprises - number,US,United States,DK,2010,7.0
fats_g1a_08,M71,V11110,Enterprises - number,US,United States,DK,2011,9.0
fats_g1a_08,M71,V11110,Enterprises - number,US,United States,DK,2012,6.0
fats_g1a_08,M71,V11110,Enterprises - number,US,United States,DK,2013,7.0
fats_g1a_08,M71,V11110,Enterprises - number,US,United States,DK,2014,5.0
fats_g1a_08,M71,V11110,Enterprises - number,US,United States,DK,2015,7.0
fats_g1a_08,M71,V11110,Enterprises - number,US,United States,DK,2016,6.0
fats_g1a_08,M71,V11110,Enterprises - number,US,United States,DK,2017,8.0
fats_g1a_08,M71,V11110,Enterprises - number,US,United States,DK,2018,8.0
fats_g1a_08,M71,V11110,Enterprises - number,US,United States,DK,2019,9.0
fats_g1a_08,M71,V11110,Enterprises - number,US,United States,DK,2020,12.0
fats_g1a_08,M71,V11110,Enterprises - number,US,United States,EL,2014,3.0
fats_g1a_08,M71,V11110,Enterprises - number,US,United States,EL,2016,4.0
fats_g1a_08,M71,V11110,Enterprises - number,US,United States,EL,2017,3.0
fats_g1a_08,M71,V11110,Enterprises - number,US,United States,EL,2018,3.0
fats_g1a_08,M71,V11110,Enterprises - number,US,United States,EL,2020,3.0
fats_g1a_08,M71,V11110,Enterprises - number,US,United States,ES,2008,21.0
fats_g1a_08,M71,V11110,Enterprises - number,US,United States,ES,2009,28.0
fats_g1a_08,M71,V11110,Enterprises - number,US,United States,ES,2010,23.0
fats_g1a_08,M71,V11110,Enterprises - number,US,United States,ES,2011,21.0
fats_g1a_08,M71,V11110,Enterprises - number,US,United States,ES,2013,45.0
fats_g1a_08,M71,V11110,Enterprises - number,US,United States,ES,2014,39.0
fats_g1a_08,M71,V11110,Enterprises - number,US,United States,ES,2015,42.0
fats_g1a_08,M71,V11110,Enterprises - number,US,United States,ES,2016,42.0
fats_g1a_08,M71,V11110,Enterprises - number,US,United States,ES,2017,37.0
fats_g1a_08,M71,V11110,Enterprises - number,US,United States,ES,2018,30.0
fats_g1a_08,M71,V11110,Enterprises - number,US,United States,ES,2019,33.0
fats_g1a_08,M71,V11110,Enterprises - number,US,United States,ES,2020,35.0
fats_g1a_08,M71,V11110,Enterprises - number,US,United States,EU27_2020,2010,425.0
fats_g1a_08,M71,V11110,Enterprises - number,US,United States,EU27_2020,2012,418.0
fats_g1a_08,M71,V11110,Enterprises - number,US,United States,EU27_2020,2013,484.0
fats_g1a_08,M71,V11110,Enterprises - number,US,United States,EU27_2020,2015,472.0
fats_g1a_08,M71,V11110,Enterprises - number,US,United States,EU27_2020,2017,455.0
fats_g1a_08,M71,V11110,Enterprises - number,US,United States,EU27_2020,2019,469.0
fats_g1a_08,M71,V11110,Enterprises - number,US,United States,EU28,2010,595.0
fats_g1a_08,M71,V11110,Enterprises - number,US,United States,EU28,2012,613.0
fats_g1a_08,M71,V11110,Enterprises - number,US,United States,EU28,2013,675.0
fats_g1a_08,M71,V11110,Enterprises - number,US,United States,EU28,2015,654.0
fats_g1a_08,M71,V11110,Enterprises - number,US,United States,EU28,2017,622.0
fats_g1a_08,M71,V11110,Enterprises - number,US,United States,FI,2008,17.0
fats_g1a_08,M71,V11110,Enterprises - number,US,United States,FI,2009,19.0
fats_g1a_08,M71,V11110,Enterprises - number,US,United States,FI,2011,19.0
fats_g1a_08,M71,V11110,Enterprises - number,US,United States,FI,2012,20.0
fats_g1a_08,M71,V11110,Enterprises - number,US,United States,FI,2013,13.0
fats_g1a_08,M71,V11110,Enterprises - number,US,United States,FI,2014,13.0
fats_g1a_08,M71,V11110,Enterprises - number,US,United States,FI,2015,13.0
fats_g1a_08,M71,V11110,Enterprises - number,US,United States,FI,2016,14.0
fats_g1a_08,M71,V11110,Enterprises - number,US,United States,FI,2017,12.0
fats_g1a_08,M71,V11110,Enterprises - number,US,United States,FI,2018,14.0
fats_g1a_08,M71,V11110,Enterprises - number,US,United States,FI,2019,12.0
fats_g1a_08,M71,V11110,Enterprises - number,US,United States,FI,2020,14.0
fats_g1a_08,M71,V11110,Enterprises - number,US,United States,FR,2008,68.0
fats_g1a_08,M71,V11110,Enterprises - number,US,United States,FR,2009,62.0
fats_g1a_08,M71,V11110,Enterprises - number,US,United States,FR,2010,60.0
fats_g1a_08,M71,V11110,Enterprises - number,US,United States,FR,2013,69.0
fats_g1a_08,M71,V11110,Enterprises - number,US,United States,FR,2014,75.0
fats_g1a_08,M71,V11110,Enterprises - number,US,United States,FR,2015,74.0
fats_g1a_08,M71,V11110,Enterprises - number,US,United States,FR,2016,92.0
fats_g1a_08,M71,V11110,Enterprises - number,US,United States,FR,2017,53.0
fats_g1a_08,M71,V11110,Enterprises - number,US,United States,FR,2018,47.0
fats_g1a_08,M71,V11110,Enterprises - number,US,United States,FR,2019,37.0
fats_g1a_08,M71,V11110,Enterprises - number,US,United States,FR,2020,45.0
fats_g1a_08,M71,V11110,Enterprises - number,US,United States,HU,2008,19.0
fats_g1a_08,M71,V11110,Enterprises - number,US,United States,HU,2009,38.0
fats_g1a_08,M71,V11110,Enterprises - number,US,United States,HU,2010,33.0
fats_g1a_08,M71,V11110,Enterprises - number,US,United States,HU,2011,43.0
fats_g1a_08,M71,V11110,Enterprises - number,US,United States,HU,2012,25.0
fats_g1a_08,M71,V11110,Enterprises - number,US,United States,HU,2013,24.0
fats_g1a_08,M71,V11110,Enterprises - number,US,United States,HU,2014,33.0
fats_g1a_08,M71,V11110,Enterprises - number,US,United States,HU,2015,22.0
fats_g1a_08,M71,V11110,Enterprises - number,US,United States,HU,2016,24.0
fats_g1a_08,M71,V11110,Enterprises - number,US,United States,HU,2017,13.0
fats_g1a_08,M71,V11110,Enterprises - number,US,United States,HU,2018,23.0
fats_g1a_08,M71,V11110,Enterprises - number,US,United States,HU,2019,18.0
fats_g1a_08,M71,V11110,Enterprises - number,US,United States,HU,2020,14.0
fats_g1a_08,M71,V11110,Enterprises - number,US,United States,IE,2014,16.0
fats_g1a_08,M71,V11110,Enterprises - number,US,United States,IE,2015,10.0
fats_g1a_08,M71,V11110,Enterprises - number,US,United States,IE,2016,16.0
fats_g1a_08,M71,V11110,Enterprises - number,US,United States,IE,2018,22.0
fats_g1a_08,M71,V11110,Enterprises - number,US,United States,IE,2019,23.0
fats_g1a_08,M71,V11110,Enterprises - number,US,United States,IT,2008,31.0
fats_g1a_08,M71,V11110,Enterprises - number,US,United States,IT,2009,30.0
fats_g1a_08,M71,V11110,Enterprises - number,US,United States,IT,2010,30.0
fats_g1a_08,M71,V11110,Enterprises - number,US,United States,IT,2011,31.0
fats_g1a_08,M71,V11110,Enterprises - number,US,United States,IT,2012,28.0
fats_g1a_08,M71,V11110,Enterprises - number,US,United States,IT,2013,30.0
fats_g1a_08,M71,V11110,Enterprises - number,US,United States,IT,2014,29.0
fats_g1a_08,M71,V11110,Enterprises - number,US,United States,IT,2015,26.0
fats_g1a_08,M71,V11110,Enterprises - number,US,United States,IT,2016,29.0
fats_g1a_08,M71,V11110,Enterprises - number,US,United States,IT,2017,26.0
fats_g1a_08,M71,V11110,Enterprises - number,US,United States,IT,2018,23.0
fats_g1a_08,M71,V11110,Enterprises - number,US,United States,IT,2019,25.0
fats_g1a_08,M71,V11110,Enterprises - number,US,United States,IT,2020,28.0
fats_g1a_08,M71,V11110,Enterprises - number,US,United States,NL,2008,30.0
fats_g1a_08,M71,V11110,Enterprises - number,US,United States,NL,2009,29.0
fats_g1a_08,M71,V11110,Enterprises - number,US,United States,NL,2010,36.0
fats_g1a_08,M71,V11110,Enterprises - number,US,United States,NL,2011,60.0
fats_g1a_08,M71,V11110,Enterprises - number,US,United States,NL,2012,59.0
fats_g1a_08,M71,V11110,Enterprises - number,US,United States,NL,2013,71.0
fats_g1a_08,M71,V11110,Enterprises - number,US,United States,NL,2014,69.0
fats_g1a_08,M71,V11110,Enterprises - number,US,United States,NL,2015,61.0
fats_g1a_08,M71,V11110,Enterprises - number,US,United States,NL,2016,63.0
fats_g1a_08,M71,V11110,Enterprises - number,US,United States,NL,2017,64.0
fats_g1a_08,M71,V11110,Enterprises - number,US,United States,NL,2018,71.0
fats_g1a_08,M71,V11110,Enterprises - number,US,United States,NL,2019,71.0
fats_g1a_08,M71,V11110,Enterprises - number,US,United States,NL,2020,75.0
fats_g1a_08,M71,V11110,Enterprises - number,US,United States,PL,2008,8.0
fats_g1a_08,M71,V11110,Enterprises - number,US,United States,PL,2009,7.0
fats_g1a_08,M71,V11110,Enterprises - number,US,United States,PL,2010,8.0
fats_g1a_08,M71,V11110,Enterprises - number,US,United States,PL,2011,9.0
fats_g1a_08,M71,V11110,Enterprises - number,US,United States,PL,2012,11.0
fats_g1a_08,M71,V11110,Enterprises - number,US,United States,PL,2013,11.0
fats_g1a_08,M71,V11110,Enterprises - number,US,United States,PL,2014,10.0
fats_g1a_08,M71,V11110,Enterprises - number,US,United States,PL,2015,9.0
fats_g1a_08,M71,V11110,Enterprises - number,US,United States,PL,2016,7.0
fats_g1a_08,M71,V11110,Enterprises - number,US,United States,PL,2017,8.0
fats_g1a_08,M71,V11110,Enterprises - number,US,United States,PL,2018,8.0
fats_g1a_08,M71,V11110,Enterprises - number,US,United States,PL,2019,8.0
fats_g1a_08,M71,V11110,Enterprises - number,US,United States,PL,2020,8.0
fats_g1a_08,M71,V11110,Enterprises - number,US,United States,PT,2008,9.0
fats_g1a_08,M71,V11110,Enterprises - number,US,United States,PT,2009,11.0
fats_g1a_08,M71,V11110,Enterprises - number,US,United States,PT,2010,12.0
fats_g1a_08,M71,V11110,Enterprises - number,US,United States,PT,2011,11.0
fats_g1a_08,M71,V11110,Enterprises - number,US,United States,PT,2012,10.0
fats_g1a_08,M71,V11110,Enterprises - number,US,United States,PT,2013,10.0
fats_g1a_08,M71,V11110,Enterprises - number,US,United States,PT,2014,12.0
fats_g1a_08,M71,V11110,Enterprises - number,US,United States,PT,2015,11.0
fats_g1a_08,M71,V11110,Enterprises - number,US,United States,PT,2016,11.0
fats_g1a_08,M71,V11110,Enterprises - number,US,United States,PT,2017,11.0
fats_g1a_08,M71,V11110,Enterprises - number,US,United States,PT,2018,11.0
fats_g1a_08,M71,V11110,Enterprises - number,US,United States,PT,2019,10.0
fats_g1a_08,M71,V11110,Enterprises - number,US,United States,PT,2020,12.0
fats_g1a_08,M71,V11110,Enterprises - number,US,United States,RO,2008,15.0
fats_g1a_08,M71,V11110,Enterprises - number,US,United States,RO,2009,28.0
fats_g1a_08,M71,V11110,Enterprises - number,US,United States,RO,2010,25.0
fats_g1a_08,M71,V11110,Enterprises - number,US,United States,RO,2011,17.0
fats_g1a_08,M71,V11110,Enterprises - number,US,United States,RO,2012,20.0
fats_g1a_08,M71,V11110,Enterprises - number,US,United States,RO,2013,21.0
fats_g1a_08,M71,V11110,Enterprises - number,US,United States,RO,2014,23.0
fats_g1a_08,M71,V11110,Enterprises - number,US,United States,RO,2015,25.0
fats_g1a_08,M71,V11110,Enterprises - number,US,United States,RO,2016,30.0
fats_g1a_08,M71,V11110,Enterprises - number,US,United States,RO,2017,36.0
fats_g1a_08,M71,V11110,Enterprises - number,US,United States,RO,2018,37.0
fats_g1a_08,M71,V11110,Enterprises - number,US,United States,RO,2019,29.0
fats_g1a_08,M71,V11110,Enterprises - number,US,United States,RO,2020,31.0
fats_g1a_08,M71,V11110,Enterprises - number,US,United States,SE,2008,27.0
fats_g1a_08,M71,V11110,Enterprises - number,US,United States,SE,2009,28.0
fats_g1a_08,M71,V11110,Enterprises - number,US,United States,SE,2010,29.0
fats_g1a_08,M71,V11110,Enterprises - number,US,United States,SE,2011,28.0
fats_g1a_08,M71,V11110,Enterprises - number,US,United States,SE,2012,30.0
fats_g1a_08,M71,V11110,Enterprises - number,US,United States,SE,2013,31.0
fats_g1a_08,M71,V11110,Enterprises - number,US,United States,SE,2014,35.0
fats_g1a_08,M71,V11110,Enterprises - number,US,United States,SE,2015,35.0
fats_g1a_08,M71,V11110,Enterprises - number,US,United States,SE,2016,36.0
fats_g1a_08,M71,V11110,Enterprises - number,US,United States,SE,2017,32.0
fats_g1a_08,M71,V11110,Enterprises - number,US,United States,SE,2018,37.0
fats_g1a_08,M71,V11110,Enterprises - number,US,United States,SE,2019,40.0
fats_g1a_08,M71,V11110,Enterprises - number,US,United States,SE,2020,31.0
fats_g1a_08,M71,V11110,Enterprises - number,US,United States,UK,2008,182.0
fats_g1a_08,M71,V11110,Enterprises - number,US,United States,UK,2009,171.0
fats_g1a_08,M71,V11110,Enterprises - number,US,United States,UK,2010,170.0
fats_g1a_08,M71,V11110,Enterprises - number,US,United States,UK,2011,171.0
fats_g1a_08,M71,V11110,Enterprises - number,US,United States,UK,2012,195.0
fats_g1a_08,M71,V11110,Enterprises - number,US,United States,UK,2013,191.0
fats_g1a_08,M71,V11110,Enterprises - number,US,United States,UK,2014,180.0
fats_g1a_08,M71,V11110,Enterprises - number,US,United States,UK,2015,182.0
fats_g1a_08,M71,V11110,Enterprises - number,US,United States,UK,2016,163.0
fats_g1a_08,M71,V11110,Enterprises - number,US,United States,UK,2017,167.0
fats_g1a_08,M71,V16110,Persons employed - number,WORLD,All countries of the world,AT,2008,58136.0
fats_g1a_08,M71,V16110,Persons employed - number,WORLD,All countries of the world,AT,2009,57571.0
fats_g1a_08,M71,V16110,Persons employed - number,WORLD,All countries of the world,AT,2010,57462.0
fats_g1a_08,M71,V16110,Persons employed - number,WORLD,All countries of the world,AT,2011,57426.0
fats_g1a_08,M71,V16110,Persons employed - number,WORLD,All countries of the world,AT,2012,59325.0
fats_g1a_08,M71,V16110,Persons employed - number,WORLD,All countries of the world,AT,2013,63372.0
fats_g1a_08,M71,V16110,Persons employed - number,WORLD,All countries of the world,AT,2014,64105.0
fats_g1a_08,M71,V16110,Persons employed - number,WORLD,All countries of the world,AT,2015,64925.0
fats_g1a_08,M71,V16110,Persons employed - number,WORLD,All countries of the world,AT,2016,66204.0
fats_g1a_08,M71,V16110,Persons employed - number,WORLD,All countries of the world,AT,2017,68162.0
fats_g1a_08,M71,V16110,Persons employed - number,WORLD,All countries of the world,AT,2018,71110.0
fats_g1a_08,M71,V16110,Persons employed - number,WORLD,All countries of the world,AT,2019,73302.0
fats_g1a_08,M71,V16110,Persons employed - number,WORLD,All countries of the world,AT,2020,75238.0
fats_g1a_08,M71,V16110,Persons employed - number,WORLD,All countries of the world,BE,2008,45808.0
fats_g1a_08,M71,V16110,Persons employed - number,WORLD,All countries of the world,BE,2010,52221.0
fats_g1a_08,M71,V16110,Persons employed - number,WORLD,All countries of the world,BE,2011,55052.0
fats_g1a_08,M71,V16110,Persons employed - number,WORLD,All countries of the world,BE,2012,57536.0
fats_g1a_08,M71,V16110,Persons employed - number,WORLD,All countries of the world,BE,2013,59303.0
fats_g1a_08,M71,V16110,Persons employed - number,WORLD,All countries of the world,BE,2014,58116.0
fats_g1a_08,M71,V16110,Persons employed - number,WORLD,All countries of the world,BE,2015,59664.0
fats_g1a_08,M71,V16110,Persons employed - number,WORLD,All countries of the world,BE,2016,61419.0
fats_g1a_08,M71,V16110,Persons employed - number,WORLD,All countries of the world,BE,2017,61242.0
fats_g1a_08,M71,V16110,Persons employed - number,WORLD,All countries of the world,BE,2018,65316.0
fats_g1a_08,M71,V16110,Persons employed - number,WORLD,All countries of the world,BE,2019,69625.0
fats_g1a_08,M71,V16110,Persons employed - number,WORLD,All countries of the world,CZ,2008,79057.0
fats_g1a_08,M71,V16110,Persons employed - number,WORLD,All countries of the world,CZ,2009,77842.0
fats_g1a_08,M71,V16110,Persons employed - number,WORLD,All countries of the world,CZ,2010,74964.0
fats_g1a_08,M71,V16110,Persons employed - number,WORLD,All countries of the world,CZ,2011,72943.0
fats_g1a_08,M71,V16110,Persons employed - number,WORLD,All countries of the world,CZ,2012,72844.0
fats_g1a_08,M71,V16110,Persons employed - number,WORLD,All countries of the world,CZ,2013,73219.0
fats_g1a_08,M71,V16110,Persons employed - number,WORLD,All countries of the world,CZ,2014,73374.0
fats_g1a_08,M71,V16110,Persons employed - number,WORLD,All countries of the world,CZ,2015,75658.0
fats_g1a_08,M71,V16110,Persons employed - number,WORLD,All countries of the world,CZ,2016,77310.0
fats_g1a_08,M71,V16110,Persons employed - number,WORLD,All countries of the world,CZ,2017,79437.0
fats_g1a_08,M71,V16110,Persons employed - number,WORLD,All countries of the world,CZ,2018,82132.0
fats_g1a_08,M71,V16110,Persons employed - number,WORLD,All countries of the world,CZ,2019,82327.0
fats_g1a_08,M71,V16110,Persons employed - number,WORLD,All countries of the world,CZ,2020,82469.0
fats_g1a_08,M71,V16110,Persons employed - number,WORLD,All countries of the world,DE,2008,489470.0
fats_g1a_08,M71,V16110,Persons employed - number,WORLD,All countries of the world,DE,2009,506109.0
fats_g1a_08,M71,V16110,Persons employed - number,WORLD,All countries of the world,DE,2010,537926.0
fats_g1a_08,M71,V16110,Persons employed - number,WORLD,All countries of the world,DE,2011,548283.0
fats_g1a_08,M71,V16110,Persons employed - number,WORLD,All countries of the world,DE,2012,566789.0
fats_g1a_08,M71,V16110,Persons employed - number,WORLD,All countries of the world,DE,2013,597589.0
fats_g1a_08,M71,V16110,Persons employed - number,WORLD,All countries of the world,DE,2014,651183.0
fats_g1a_08,M71,V16110,Persons employed - number,WORLD,All countries of the world,DE,2015,668295.0
fats_g1a_08,M71,V16110,Persons employed - number,WORLD,All countries of the world,DE,2016,727305.0
fats_g1a_08,M71,V16110,Persons employed - number,WORLD,All countries of the world,DE,2017,786435.0
fats_g1a_08,M71,V16110,Persons employed - number,WORLD,All countries of the world,DE,2018,779716.0
fats_g1a_08,M71,V16110,Persons employed - number,WORLD,All countries of the world,DE,2019,775738.0
fats_g1a_08,M71,V16110,Persons employed - number,WORLD,All countries of the world,DE,2020,719900.0
fats_g1a_08,M71,V16110,Persons employed - number,WORLD,All countries of the world,DK,2008,43438.0
fats_g1a_08,M71,V16110,Persons employed - number,WORLD,All countries of the world,DK,2009,38881.0
fats_g1a_08,M71,V16110,Persons employed - number,WORLD,All countries of the world,DK,2010,38209.0
fats_g1a_08,M71,V16110,Persons employed - number,WORLD,All countries of the world,DK,2011,46438.0
fats_g1a_08,M71,V16110,Persons employed - number,WORLD,All countries of the world,DK,2012,47452.0
fats_g1a_08,M71,V16110,Persons employed - number,WORLD,All countries of the world,DK,2013,51173.0
fats_g1a_08,M71,V16110,Persons employed - number,WORLD,All countries of the world,DK,2014,52301.0
fats_g1a_08,M71,V16110,Persons employed - number,WORLD,All countries of the world,DK,2015,53501.0
fats_g1a_08,M71,V16110,Persons employed - number,WORLD,All countries of the world,DK,2016,46897.0
fats_g1a_08,M71,V16110,Persons employed - number,WORLD,All countries of the world,DK,2017,49004.0
fats_g1a_08,M71,V16110,Persons employed - number,WORLD,All countries of the world,DK,2018,48775.0
fats_g1a_08,M71,V16110,Persons employed - number,WORLD,All countries of the world,DK,2019,48236.0
fats_g1a_08,M71,V16110,Persons employed - number,WORLD,All countries of the world,DK,2020,48569.0
fats_g1a_08,M71,V16110,Persons employed - number,WORLD,All countries of the world,EL,2012,62027.0
fats_g1a_08,M71,V16110,Persons employed - number,WORLD,All countries of the world,EL,2013,58026.0
fats_g1a_08,M71,V16110,Persons employed - number,WORLD,All countries of the world,EL,2014,60144.0
fats_g1a_08,M71,V16110,Persons employed - number,WORLD,All countries of the world,EL,2015,69669.0
fats_g1a_08,M71,V16110,Persons employed - number,WORLD,All countries of the world,EL,2016,81305.0
fats_g1a_08,M71,V16110,Persons employed - number,WORLD,All countries of the world,EL,2017,63112.0
fats_g1a_08,M71,V16110,Persons employed - number,WORLD,All countries of the world,EL,2018,69983.0
fats_g1a_08,M71,V16110,Persons employed - number,WORLD,All countries of the world,EL,2019,67247.0
fats_g1a_08,M71,V16110,Persons employed - number,WORLD,All countries of the world,EL,2020,70786.0
fats_g1a_08,M71,V16110,Persons employed - number,WORLD,All countries of the world,ES,2008,334090.0
fats_g1a_08,M71,V16110,Persons employed - number,WORLD,All countries of the world,ES,2009,318895.0
fats_g1a_08,M71,V16110,Persons employed - number,WORLD,All countries of the world,ES,2010,302046.0
fats_g1a_08,M71,V16110,Persons employed - number,WORLD,All countries of the world,ES,2011,290351.0
fats_g1a_08,M71,V16110,Persons employed - number,WORLD,All countries of the world,ES,2012,269282.0
fats_g1a_08,M71,V16110,Persons employed - number,WORLD,All countries of the world,ES,2013,260293.0
fats_g1a_08,M71,V16110,Persons employed - number,WORLD,All countries of the world,ES,2014,263683.0
fats_g1a_08,M71,V16110,Persons employed - number,WORLD,All countries of the world,ES,2015,263363.0
fats_g1a_08,M71,V16110,Persons employed - number,WORLD,All countries of the world,ES,2016,264436.0
fats_g1a_08,M71,V16110,Persons employed - number,WORLD,All countries of the world,ES,2017,269009.0
fats_g1a_08,M71,V16110,Persons employed - number,WORLD,All countries of the world,ES,2018,293402.0
fats_g1a_08,M71,V16110,Persons employed - number,WORLD,All countries of the world,ES,2019,302271.0
fats_g1a_08,M71,V16110,Persons employed - number,WORLD,All countries of the world,ES,2020,295610.0
fats_g1a_08,M71,V16110,Persons employed - number,WORLD,All countries of the world,EU27_2020,2010,2482231.0
fats_g1a_08,M71,V16110,Persons employed - number,WORLD,All countries of the world,EU27_2020,2011,2482204.0
fats_g1a_08,M71,V16110,Persons employed - number,WORLD,All countries of the world,EU27_2020,2012,2482132.0
fats_g1a_08,M71,V16110,Persons employed - number,WORLD,All countries of the world,EU27_2020,2013,2508724.0
fats_g1a_08,M71,V16110,Persons employed - number,WORLD,All countries of the world,EU27_2020,2014,2561498.0
fats_g1a_08,M71,V16110,Persons employed - number,WORLD,All countries of the world,EU27_2020,2015,2615235.0
fats_g1a_08,M71,V16110,Persons employed - number,WORLD,All countries of the world,EU27_2020,2016,2733243.0
fats_g1a_08,M71,V16110,Persons employed - number,WORLD,All countries of the world,EU27_2020,2017,2803730.0
fats_g1a_08,M71,V16110,Persons employed - number,WORLD,All countries of the world,EU27_2020,2018,2870152.0
fats_g1a_08,M71,V16110,Persons employed - number,WORLD,All countries of the world,EU27_2020,2019,2913739.0
fats_g1a_08,M71,V16110,Persons employed - number,WORLD,All countries of the world,EU27_2020,2020,2869226.0
fats_g1a_08,M71,V16110,Persons employed - number,WORLD,All countries of the world,EU28,2010,2933021.0
fats_g1a_08,M71,V16110,Persons employed - number,WORLD,All countries of the world,EU28,2011,2910000.0
fats_g1a_08,M71,V16110,Persons employed - number,WORLD,All countries of the world,EU28,2012,2915159.0
fats_g1a_08,M71,V16110,Persons employed - number,WORLD,All countries of the world,EU28,2013,2966938.0
fats_g1a_08,M71,V16110,Persons employed - number,WORLD,All countries of the world,EU28,2014,3016693.0
fats_g1a_08,M71,V16110,Persons employed - number,WORLD,All countries of the world,EU28,2015,3131857.0
fats_g1a_08,M71,V16110,Persons employed - number,WORLD,All countries of the world,EU28,2016,3276050.0
fats_g1a_08,M71,V16110,Persons employed - number,WORLD,All countries of the world,EU28,2017,3301948.0
fats_g1a_08,M71,V16110,Persons employed - number,WORLD,All countries of the world,FI,2008,42776.0
fats_g1a_08,M71,V16110,Persons employed - number,WORLD,All countries of the world,FI,2009,40677.0
fats_g1a_08,M71,V16110,Persons employed - number,WORLD,All countries of the world,FI,2010,39597.0
fats_g1a_08,M71,V16110,Persons employed - number,WORLD,All countries of the world,FI,2011,42424.0
fats_g1a_08,M71,V16110,Persons employed - number,WORLD,All countries of the world,FI,2012,42888.0
fats_g1a_08,M71,V16110,Persons employed - number,WORLD,All countries of the world,FI,2013,42071.0
fats_g1a_08,M71,V16110,Persons employed - number,WORLD,All countries of the world,FI,2014,45593.0
fats_g1a_08,M71,V16110,Persons employed - number,WORLD,All countries of the world,FI,2015,45834.0
fats_g1a_08,M71,V16110,Persons employed - number,WORLD,All countries of the world,FI,2016,46880.0
fats_g1a_08,M71,V16110,Persons employed - number,WORLD,All countries of the world,FI,2017,48590.0
fats_g1a_08,M71,V16110,Persons employed - number,WORLD,All countries of the world,FI,2018,48237.0
fats_g1a_08,M71,V16110,Persons employed - number,WORLD,All countries of the world,FI,2019,51316.0
fats_g1a_08,M71,V16110,Persons employed - number,WORLD,All countries of the world,FI,2020,51285.0
fats_g1a_08,M71,V16110,Persons employed - number,WORLD,All countries of the world,FR,2008,403366.0
fats_g1a_08,M71,V16110,Persons employed - number,WORLD,All countries of the world,FR,2009,393832.0
fats_g1a_08,M71,V16110,Persons employed - number,WORLD,All countries of the world,FR,2010,407732.0
fats_g1a_08,M71,V16110,Persons employed - number,WORLD,All countries of the world,FR,2011,425437.0
fats_g1a_08,M71,V16110,Persons employed - number,WORLD,All countries of the world,FR,2012,435137.0
fats_g1a_08,M71,V16110,Persons employed - number,WORLD,All countries of the world,FR,2013,444079.0
fats_g1a_08,M71,V16110,Persons employed - number,WORLD,All countries of the world,FR,2014,427288.0
fats_g1a_08,M71,V16110,Persons employed - number,WORLD,All countries of the world,FR,2015,427857.0
fats_g1a_08,M71,V16110,Persons employed - number,WORLD,All countries of the world,FR,2016,451184.0
fats_g1a_08,M71,V16110,Persons employed - number,WORLD,All countries of the world,FR,2017,438802.0
fats_g1a_08,M71,V16110,Persons employed - number,WORLD,All countries of the world,FR,2018,433212.0
fats_g1a_08,M71,V16110,Persons employed - number,WORLD,All countries of the world,FR,2019,450661.0
fats_g1a_08,M71,V16110,Persons employed - number,WORLD,All countries of the world,FR,2020,440031.0
fats_g1a_08,M71,V16110,Persons employed - number,WORLD,All countries of the world,HU,2008,49430.0
fats_g1a_08,M71,V16110,Persons employed - number,WORLD,All countries of the world,HU,2009,48211.0
fats_g1a_08,M71,V16110,Persons employed - number,WORLD,All countries of the world,HU,2010,48276.0
fats_g1a_08,M71,V16110,Persons employed - number,WORLD,All countries of the world,HU,2011,48032.0
fats_g1a_08,M71,V16110,Persons employed - number,WORLD,All countries of the world,HU,2012,47211.0
fats_g1a_08,M71,V16110,Persons employed - number,WORLD,All countries of the world,HU,2013,45388.0
fats_g1a_08,M71,V16110,Persons employed - number,WORLD,All countries of the world,HU,2014,48699.0
fats_g1a_08,M71,V16110,Persons employed - number,WORLD,All countries of the world,HU,2015,51553.0
fats_g1a_08,M71,V16110,Persons employed - number,WORLD,All countries of the world,HU,2016,54405.0
fats_g1a_08,M71,V16110,Persons employed - number,WORLD,All countries of the world,HU,2017,55665.0
fats_g1a_08,M71,V16110,Persons employed - number,WORLD,All countries of the world,HU,2018,59620.0
fats_g1a_08,M71,V16110,Persons employed - number,WORLD,All countries of the world,HU,2019,63924.0
fats_g1a_08,M71,V16110,Persons employed - number,WORLD,All countries of the world,HU,2020,63983.0
fats_g1a_08,M71,V16110,Persons employed - number,WORLD,All countries of the world,IE,2008,31089.0
fats_g1a_08,M71,V16110,Persons employed - number,WORLD,All countries of the world,IE,2009,24758.0
fats_g1a_08,M71,V16110,Persons employed - number,WORLD,All countries of the world,IE,2010,21534.0
fats_g1a_08,M71,V16110,Persons employed - number,WORLD,All countries of the world,IE,2011,20436.0
fats_g1a_08,M71,V16110,Persons employed - number,WORLD,All countries of the world,IE,2012,20257.0
fats_g1a_08,M71,V16110,Persons employed - number,WORLD,All countries of the world,IE,2014,24317.0
fats_g1a_08,M71,V16110,Persons employed - number,WORLD,All countries of the world,IE,2015,26788.0
fats_g1a_08,M71,V16110,Persons employed - number,WORLD,All countries of the world,IE,2016,29064.0
fats_g1a_08,M71,V16110,Persons employed - number,WORLD,All countries of the world,IE,2017,31175.0
fats_g1a_08,M71,V16110,Persons employed - number,WORLD,All countries of the world,IE,2018,33360.0
fats_g1a_08,M71,V16110,Persons employed - number,WORLD,All countries of the world,IE,2019,36393.0
fats_g1a_08,M71,V16110,Persons employed - number,WORLD,All countries of the world,IT,2008,319387.0
fats_g1a_08,M71,V16110,Persons employed - number,WORLD,All countries of the world,IT,2009,318293.0
fats_g1a_08,M71,V16110,Persons employed - number,WORLD,All countries of the world,IT,2010,321698.0
fats_g1a_08,M71,V16110,Persons employed - number,WORLD,All countries of the world,IT,2011,301718.0
fats_g1a_08,M71,V16110,Persons employed - number,WORLD,All countries of the world,IT,2012,296335.0
fats_g1a_08,M71,V16110,Persons employed - number,WORLD,All countries of the world,IT,2013,287657.0
fats_g1a_08,M71,V16110,Persons employed - number,WORLD,All countries of the world,IT,2014,284788.0
fats_g1a_08,M71,V16110,Persons employed - number,WORLD,All countries of the world,IT,2015,286644.0
fats_g1a_08,M71,V16110,Persons employed - number,WORLD,All countries of the world,IT,2016,290243.0
fats_g1a_08,M71,V16110,Persons employed - number,WORLD,All countries of the world,IT,2017,294065.0
fats_g1a_08,M71,V16110,Persons employed - number,WORLD,All countries of the world,IT,2018,295470.0
fats_g1a_08,M71,V16110,Persons employed - number,WORLD,All countries of the world,IT,2019,282591.0
fats_g1a_08,M71,V16110,Persons employed - number,WORLD,All countries of the world,IT,2020,296311.0
fats_g1a_08,M71,V16110,Persons employed - number,WORLD,All countries of the world,NL,2008,131259.0
fats_g1a_08,M71,V16110,Persons employed - number,WORLD,All countries of the world,NL,2009,129250.0
fats_g1a_08,M71,V16110,Persons employed - number,WORLD,All countries of the world,NL,2010,126230.0
fats_g1a_08,M71,V16110,Persons employed - number,WORLD,All countries of the world,NL,2011,125255.0
fats_g1a_08,M71,V16110,Persons employed - number,WORLD,All countries of the world,NL,2012,125525.0
fats_g1a_08,M71,V16110,Persons employed - number,WORLD,All countries of the world,NL,2013,128125.0
fats_g1a_08,M71,V16110,Persons employed - number,WORLD,All countries of the world,NL,2014,127966.0
fats_g1a_08,M71,V16110,Persons employed - number,WORLD,All countries of the world,NL,2015,128418.0
fats_g1a_08,M71,V16110,Persons employed - number,WORLD,All countries of the world,NL,2016,131384.0
fats_g1a_08,M71,V16110,Persons employed - number,WORLD,All countries of the world,NL,2017,135659.0
fats_g1a_08,M71,V16110,Persons employed - number,WORLD,All countries of the world,NL,2018,142204.0
fats_g1a_08,M71,V16110,Persons employed - number,WORLD,All countries of the world,NL,2019,146935.0
fats_g1a_08,M71,V16110,Persons employed - number,WORLD,All countries of the world,NL,2020,149875.0
fats_g1a_08,M71,V16110,Persons employed - number,WORLD,All countries of the world,PL,2008,44207.0
fats_g1a_08,M71,V16110,Persons employed - number,WORLD,All countries of the world,PL,2009,45612.0
fats_g1a_08,M71,V16110,Persons employed - number,WORLD,All countries of the world,PL,2010,47544.0
fats_g1a_08,M71,V16110,Persons employed - number,WORLD,All countries of the world,PL,2011,47538.0
fats_g1a_08,M71,V16110,Persons employed - number,WORLD,All countries of the world,PL,2012,45807.0
fats_g1a_08,M71,V16110,Persons employed - number,WORLD,All countries of the world,PL,2013,41982.0
fats_g1a_08,M71,V16110,Persons employed - number,WORLD,All countries of the world,PL,2014,42063.0
fats_g1a_08,M71,V16110,Persons employed - number,WORLD,All countries of the world,PL,2015,41368.0
fats_g1a_08,M71,V16110,Persons employed - number,WORLD,All countries of the world,PL,2016,43019.0
fats_g1a_08,M71,V16110,Persons employed - number,WORLD,All countries of the world,PL,2017,42898.0
fats_g1a_08,M71,V16110,Persons employed - number,WORLD,All countries of the world,PL,2018,48327.0
fats_g1a_08,M71,V16110,Persons employed - number,WORLD,All countries of the world,PL,2019,47740.0
fats_g1a_08,M71,V16110,Persons employed - number,WORLD,All countries of the world,PL,2020,51474.0
fats_g1a_08,M71,V16110,Persons employed - number,WORLD,All countries of the world,PT,2008,62077.0
fats_g1a_08,M71,V16110,Persons employed - number,WORLD,All countries of the world,PT,2009,62339.0
fats_g1a_08,M71,V16110,Persons employed - number,WORLD,All countries of the world,PT,2010,60994.0
fats_g1a_08,M71,V16110,Persons employed - number,WORLD,All countries of the world,PT,2011,58079.0
fats_g1a_08,M71,V16110,Persons employed - number,WORLD,All countries of the world,PT,2012,51925.0
fats_g1a_08,M71,V16110,Persons employed - number,WORLD,All countries of the world,PT,2013,47555.0
fats_g1a_08,M71,V16110,Persons employed - number,WORLD,All countries of the world,PT,2014,48018.0
fats_g1a_08,M71,V16110,Persons employed - number,WORLD,All countries of the world,PT,2015,49787.0
fats_g1a_08,M71,V16110,Persons employed - number,WORLD,All countries of the world,PT,2016,51658.0
fats_g1a_08,M71,V16110,Persons employed - number,WORLD,All countries of the world,PT,2017,54595.0
fats_g1a_08,M71,V16110,Persons employed - number,WORLD,All countries of the world,PT,2018,56215.0
fats_g1a_08,M71,V16110,Persons employed - number,WORLD,All countries of the world,PT,2019,60512.0
fats_g1a_08,M71,V16110,Persons employed - number,WORLD,All countries of the world,PT,2020,60794.0
fats_g1a_08,M71,V16110,Persons employed - number,WORLD,All countries of the world,RO,2008,68756.0
fats_g1a_08,M71,V16110,Persons employed - number,WORLD,All countries of the world,RO,2009,67823.0
fats_g1a_08,M71,V16110,Persons employed - number,WORLD,All countries of the world,RO,2010,61190.0
fats_g1a_08,M71,V16110,Persons employed - number,WORLD,All countries of the world,RO,2011,62673.0
fats_g1a_08,M71,V16110,Persons employed - number,WORLD,All countries of the world,RO,2012,63870.0
fats_g1a_08,M71,V16110,Persons employed - number,WORLD,All countries of the world,RO,2013,63435.0
fats_g1a_08,M71,V16110,Persons employed - number,WORLD,All countries of the world,RO,2014,63545.0
fats_g1a_08,M71,V16110,Persons employed - number,WORLD,All countries of the world,RO,2015,64533.0
fats_g1a_08,M71,V16110,Persons employed - number,WORLD,All countries of the world,RO,2016,65510.0
fats_g1a_08,M71,V16110,Persons employed - number,WORLD,All countries of the world,RO,2017,67799.0
fats_g1a_08,M71,V16110,Persons employed - number,WORLD,All countries of the world,RO,2018,72681.0
fats_g1a_08,M71,V16110,Persons employed - number,WORLD,All countries of the world,RO,2019,74343.0
fats_g1a_08,M71,V16110,Persons employed - number,WORLD,All countries of the world,RO,2020,76128.0
fats_g1a_08,M71,V16110,Persons employed - number,WORLD,All countries of the world,SE,2008,84192.0
fats_g1a_08,M71,V16110,Persons employed - number,WORLD,All countries of the world,SE,2009,88641.0
fats_g1a_08,M71,V16110,Persons employed - number,WORLD,All countries of the world,SE,2010,92230.0
fats_g1a_08,M71,V16110,Persons employed - number,WORLD,All countries of the world,SE,2011,94575.0
fats_g1a_08,M71,V16110,Persons employed - number,WORLD,All countries of the world,SE,2012,100021.0
fats_g1a_08,M71,V16110,Persons employed - number,WORLD,All countries of the world,SE,2013,101310.0
fats_g1a_08,M71,V16110,Persons employed - number,WORLD,All countries of the world,SE,2014,103703.0
fats_g1a_08,M71,V16110,Persons employed - number,WORLD,All countries of the world,SE,2015,108814.0
fats_g1a_08,M71,V16110,Persons employed - number,WORLD,All countries of the world,SE,2016,115220.0
fats_g1a_08,M71,V16110,Persons employed - number,WORLD,All countries of the world,SE,2017,122773.0
fats_g1a_08,M71,V16110,Persons employed - number,WORLD,All countries of the world,SE,2018,129143.0
fats_g1a_08,M71,V16110,Persons employed - number,WORLD,All countries of the world,SE,2019,132638.0
fats_g1a_08,M71,V16110,Persons employed - number,WORLD,All countries of the world,SE,2020,126407.0
fats_g1a_08,M71,V16110,Persons employed - number,WORLD,All countries of the world,UK,2008,449186.0
fats_g1a_08,M71,V16110,Persons employed - number,WORLD,All countries of the world,UK,2009,448820.0
fats_g1a_08,M71,V16110,Persons employed - number,WORLD,All countries of the world,UK,2010,450790.0
fats_g1a_08,M71,V16110,Persons employed - number,WORLD,All countries of the world,UK,2011,427796.0
fats_g1a_08,M71,V16110,Persons employed - number,WORLD,All countries of the world,UK,2012,433027.0
fats_g1a_08,M71,V16110,Persons employed - number,WORLD,All countries of the world,UK,2013,458214.0
fats_g1a_08,M71,V16110,Persons employed - number,WORLD,All countries of the world,UK,2014,455195.0
fats_g1a_08,M71,V16110,Persons employed - number,WORLD,All countries of the world,UK,2015,516622.0
fats_g1a_08,M71,V16110,Persons employed - number,WORLD,All countries of the world,UK,2016,542807.0
fats_g1a_08,M71,V16110,Persons employed - number,WORLD,All countries of the world,UK,2017,498218.0
fats_g1a_08,M71,V12110,Turnover or gross premiums written - million euro,WORLD,All countries of the world,AT,2008,7469.0
fats_g1a_08,M71,V12110,Turnover or gross premiums written - million euro,WORLD,All countries of the world,AT,2009,7476.4
fats_g1a_08,M71,V12110,Turnover or gross premiums written - million euro,WORLD,All countries of the world,AT,2010,6222.3
fats_g1a_08,M71,V12110,Turnover or gross premiums written - million euro,WORLD,All countries of the world,AT,2011,6967.2
fats_g1a_08,M71,V12110,Turnover or gross premiums written - million euro,WORLD,All countries of the world,AT,2012,7091.9
fats_g1a_08,M71,V12110,Turnover or gross premiums written - million euro,WORLD,All countries of the world,AT,2013,7134.2
fats_g1a_08,M71,V12110,Turnover or gross premiums written - million euro,WORLD,All countries of the world,AT,2014,7227.2
fats_g1a_08,M71,V12110,Turnover or gross premiums written - million euro,WORLD,All countries of the world,AT,2015,7443.3
fats_g1a_08,M71,V12110,Turnover or gross premiums written - million euro,WORLD,All countries of the world,AT,2016,7688.3
fats_g1a_08,M71,V12110,Turnover or gross premiums written - million euro,WORLD,All countries of the world,AT,2017,8086.8
fats_g1a_08,M71,V12110,Turnover or gross premiums written - million euro,WORLD,All countries of the world,AT,2018,8871.8
fats_g1a_08,M71,V12110,Turnover or gross premiums written - million euro,WORLD,All countries of the world,AT,2019,9689.9
fats_g1a_08,M71,V12110,Turnover or gross premiums written - million euro,WORLD,All countries of the world,AT,2020,9309.9
fats_g1a_08,M71,V12110,Turnover or gross premiums written - million euro,WORLD,All countries of the world,BE,2010,7498.2
fats_g1a_08,M71,V12110,Turnover or gross premiums written - million euro,WORLD,All countries of the world,BE,2011,7998.3
fats_g1a_08,M71,V12110,Turnover or gross premiums written - million euro,WORLD,All countries of the world,BE,2012,7802.9
fats_g1a_08,M71,V12110,Turnover or gross premiums written - million euro,WORLD,All countries of the world,BE,2013,8342.8
fats_g1a_08,M71,V12110,Turnover or gross premiums written - million euro,WORLD,All countries of the world,BE,2014,8480.0
fats_g1a_08,M71,V12110,Turnover or gross premiums written - million euro,WORLD,All countries of the world,BE,2015,8661.2
fats_g1a_08,M71,V12110,Turnover or gross premiums written - million euro,WORLD,All countries of the world,BE,2016,9438.9
fats_g1a_08,M71,V12110,Turnover or gross premiums written - million euro,WORLD,All countries of the world,BE,2017,11068.0
fats_g1a_08,M71,V12110,Turnover or gross premiums written - million euro,WORLD,All countries of the world,BE,2018,9735.4
fats_g1a_08,M71,V12110,Turnover or gross premiums written - million euro,WORLD,All countries of the world,BE,2019,10977.0
fats_g1a_08,M71,V12110,Turnover or gross premiums written - million euro,WORLD,All countries of the world,CZ,2008,7441.5
fats_g1a_08,M71,V12110,Turnover or gross premiums written - million euro,WORLD,All countries of the world,CZ,2009,6312.0
fats_g1a_08,M71,V12110,Turnover or gross premiums written - million euro,WORLD,All countries of the world,CZ,2010,6601.8
fats_g1a_08,M71,V12110,Turnover or gross premiums written - million euro,WORLD,All countries of the world,CZ,2011,6205.4
fats_g1a_08,M71,V12110,Turnover or gross premiums written - million euro,WORLD,All countries of the world,CZ,2012,5607.0
fats_g1a_08,M71,V12110,Turnover or gross premiums written - million euro,WORLD,All countries of the world,CZ,2013,5212.8
fats_g1a_08,M71,V12110,Turnover or gross premiums written - million euro,WORLD,All countries of the world,CZ,2014,4932.9
fats_g1a_08,M71,V12110,Turnover or gross premiums written - million euro,WORLD,All countries of the world,CZ,2015,5102.3
fats_g1a_08,M71,V12110,Turnover or gross premiums written - million euro,WORLD,All countries of the world,CZ,2016,4858.2
fats_g1a_08,M71,V12110,Turnover or gross premiums written - million euro,WORLD,All countries of the world,CZ,2017,5272.4
fats_g1a_08,M71,V12110,Turnover or gross premiums written - million euro,WORLD,All countries of the world,CZ,2018,5995.7
fats_g1a_08,M71,V12110,Turnover or gross premiums written - million euro,WORLD,All countries of the world,CZ,2019,6038.5
fats_g1a_08,M71,V12110,Turnover or gross premiums written - million euro,WORLD,All countries of the world,CZ,2020,5686.1
fats_g1a_08,M71,V12110,Turnover or gross premiums written - million euro,WORLD,All countries of the world,DE,2008,48438.1
fats_g1a_08,M71,V12110,Turnover or gross premiums written - million euro,WORLD,All countries of the world,DE,2009,50374.6
fats_g1a_08,M71,V12110,Turnover or gross premiums written - million euro,WORLD,All countries of the world,DE,2010,52575.9
fats_g1a_08,M71,V12110,Turnover or gross premiums written - million euro,WORLD,All countries of the world,DE,2011,58493.3
fats_g1a_08,M71,V12110,Turnover or gross premiums written - million euro,WORLD,All countries of the world,DE,2012,61641.0
fats_g1a_08,M71,V12110,Turnover or gross premiums written - million euro,WORLD,All countries of the world,DE,2013,63727.8
fats_g1a_08,M71,V12110,Turnover or gross premiums written - million euro,WORLD,All countries of the world,DE,2014,71401.8
fats_g1a_08,M71,V12110,Turnover or gross premiums written - million euro,WORLD,All countries of the world,DE,2015,74483.4
fats_g1a_08,M71,V12110,Turnover or gross premiums written - million euro,WORLD,All countries of the world,DE,2016,80466.1
fats_g1a_08,M71,V12110,Turnover or gross premiums written - million euro,WORLD,All countries of the world,DE,2017,89149.5
fats_g1a_08,M71,V12110,Turnover or gross premiums written - million euro,WORLD,All countries of the world,DE,2018,88456.6
fats_g1a_08,M71,V12110,Turnover or gross premiums written - million euro,WORLD,All countries of the world,DE,2019,92282.6
fats_g1a_08,M71,V12110,Turnover or gross premiums written - million euro,WORLD,All countries of the world,DE,2020,92999.7
fats_g1a_08,M71,V12110,Turnover or gross premiums written - million euro,WORLD,All countries of the world,DK,2008,8895.5
fats_g1a_08,M71,V12110,Turnover or gross premiums written - million euro,WORLD,All countries of the world,DK,2009,7533.3
fats_g1a_08,M71,V12110,Turnover or gross premiums written - million euro,WORLD,All countries of the world,DK,2010,6766.5
fats_g1a_08,M71,V12110,Turnover or gross premiums written - million euro,WORLD,All countries of the world,DK,2011,6723.3
fats_g1a_08,M71,V12110,Turnover or gross premiums written - million euro,WORLD,All countries of the world,DK,2012,6936.1
fats_g1a_08,M71,V12110,Turnover or gross premiums written - million euro,WORLD,All countries of the world,DK,2013,7754.7
fats_g1a_08,M71,V12110,Turnover or gross premiums written - million euro,WORLD,All countries of the world,DK,2014,8083.2
fats_g1a_08,M71,V12110,Turnover or gross premiums written - million euro,WORLD,All countries of the world,DK,2015,8509.8
fats_g1a_08,M71,V12110,Turnover or gross premiums written - million euro,WORLD,All countries of the world,DK,2016,8867.3
fats_g1a_08,M71,V12110,Turnover or gross premiums written - million euro,WORLD,All countries of the world,DK,2017,9174.5
fats_g1a_08,M71,V12110,Turnover or gross premiums written - million euro,WORLD,All countries of the world,DK,2018,9090.8
fats_g1a_08,M71,V12110,Turnover or gross premiums written - million euro,WORLD,All countries of the world,DK,2019,9257.9
fats_g1a_08,M71,V12110,Turnover or gross premiums written - million euro,WORLD,All countries of the world,DK,2020,8816.8
fats_g1a_08,M71,V12110,Turnover or gross premiums written - million euro,WORLD,All countries of the world,EL,2012,2675.9
fats_g1a_08,M71,V12110,Turnover or gross premiums written - million euro,WORLD,All countries of the world,EL,2013,2244.8
fats_g1a_08,M71,V12110,Turnover or gross premiums written - million euro,WORLD,All countries of the world,EL,2014,2116.4
fats_g1a_08,M71,V12110,Turnover or gross premiums written - million euro,WORLD,All countries of the world,EL,2015,2545.7
fats_g1a_08,M71,V12110,Turnover or gross premiums written - million euro,WORLD,All countries of the world,EL,2016,2355.8
fats_g1a_08,M71,V12110,Turnover or gross premiums written - million euro,WORLD,All countries of the world,EL,2017,2402.7
fats_g1a_08,M71,V12110,Turnover or gross premiums written - million euro,WORLD,All countries of the world,EL,2018,2368.3
fats_g1a_08,M71,V12110,Turnover or gross premiums written - million euro,WORLD,All countries of the world,EL,2019,2645.4
fats_g1a_08,M71,V12110,Turnover or gross premiums written - million euro,WORLD,All countries of the world,EL,2020,2655.6
fats_g1a_08,M71,V12110,Turnover or gross premiums written - million euro,WORLD,All countries of the world,ES,2008,29608.7
fats_g1a_08,M71,V12110,Turnover or gross premiums written - million euro,WORLD,All countries of the world,ES,2009,26835.3
fats_g1a_08,M71,V12110,Turnover or gross premiums written - million euro,WORLD,All countries of the world,ES,2010,25753.9
fats_g1a_08,M71,V12110,Turnover or gross premiums written - million euro,WORLD,All countries of the world,ES,2011,24288.3
fats_g1a_08,M71,V12110,Turnover or gross premiums written - million euro,WORLD,All countries of the world,ES,2012,22102.1
fats_g1a_08,M71,V12110,Turnover or gross premiums written - million euro,WORLD,All countries of the world,ES,2013,21494.4
fats_g1a_08,M71,V12110,Turnover or gross premiums written - million euro,WORLD,All countries of the world,ES,2014,23355.1
fats_g1a_08,M71,V12110,Turnover or gross premiums written - million euro,WORLD,All countries of the world,ES,2015,24151.1
fats_g1a_08,M71,V12110,Turnover or gross premiums written - million euro,WORLD,All countries of the world,ES,2016,25240.6
fats_g1a_08,M71,V12110,Turnover or gross premiums written - million euro,WORLD,All countries of the world,ES,2017,25837.8
fats_g1a_08,M71,V12110,Turnover or gross premiums written - million euro,WORLD,All countries of the world,ES,2018,26006.5
fats_g1a_08,M71,V12110,Turnover or gross premiums written - million euro,WORLD,All countries of the world,ES,2019,28991.7
fats_g1a_08,M71,V12110,Turnover or gross premiums written - million euro,WORLD,All countries of the world,ES,2020,26801.0
fats_g1a_08,M71,V12110,Turnover or gross premiums written - million euro,WORLD,All countries of the world,EU27_2020,2010,239456.9
fats_g1a_08,M71,V12110,Turnover or gross premiums written - million euro,WORLD,All countries of the world,EU27_2020,2011,242889.8
fats_g1a_08,M71,V12110,Turnover or gross premiums written - million euro,WORLD,All countries of the world,EU27_2020,2012,247635.1
fats_g1a_08,M71,V12110,Turnover or gross premiums written - million euro,WORLD,All countries of the world,EU27_2020,2013,247792.2
fats_g1a_08,M71,V12110,Turnover or gross premiums written - million euro,WORLD,All countries of the world,EU27_2020,2014,256821.4
fats_g1a_08,M71,V12110,Turnover or gross premiums written - million euro,WORLD,All countries of the world,EU27_2020,2015,266734.9
fats_g1a_08,M71,V12110,Turnover or gross premiums written - million euro,WORLD,All countries of the world,EU27_2020,2016,282866.4
fats_g1a_08,M71,V12110,Turnover or gross premiums written - million euro,WORLD,All countries of the world,EU27_2020,2017,295413.5
fats_g1a_08,M71,V12110,Turnover or gross premiums written - million euro,WORLD,All countries of the world,EU27_2020,2018,299867.0
fats_g1a_08,M71,V12110,Turnover or gross premiums written - million euro,WORLD,All countries of the world,EU27_2020,2019,320515.7
fats_g1a_08,M71,V12110,Turnover or gross premiums written - million euro,WORLD,All countries of the world,EU27_2020,2020,316497.3
fats_g1a_08,M71,V12110,Turnover or gross premiums written - million euro,WORLD,All countries of the world,EU28,2010,292000.0
fats_g1a_08,M71,V12110,Turnover or gross premiums written - million euro,WORLD,All countries of the world,EU28,2011,296000.0
fats_g1a_08,M71,V12110,Turnover or gross premiums written - million euro,WORLD,All countries of the world,EU28,2012,309000.4
fats_g1a_08,M71,V12110,Turnover or gross premiums written - million euro,WORLD,All countries of the world,EU28,2013,316442.7
fats_g1a_08,M71,V12110,Turnover or gross premiums written - million euro,WORLD,All countries of the world,EU28,2014,330000.0
fats_g1a_08,M71,V12110,Turnover or gross premiums written - million euro,WORLD,All countries of the world,EU28,2015,350000.0
fats_g1a_08,M71,V12110,Turnover or gross premiums written - million euro,WORLD,All countries of the world,EU28,2016,355542.3
fats_g1a_08,M71,V12110,Turnover or gross premiums written - million euro,WORLD,All countries of the world,EU28,2017,366000.0
fats_g1a_08,M71,V12110,Turnover or gross premiums written - million euro,WORLD,All countries of the world,FI,2008,4860.1
fats_g1a_08,M71,V12110,Turnover or gross premiums written - million euro,WORLD,All countries of the world,FI,2009,4121.1
fats_g1a_08,M71,V12110,Turnover or gross premiums written - million euro,WORLD,All countries of the world,FI,2010,4037.0
fats_g1a_08,M71,V12110,Turnover or gross premiums written - million euro,WORLD,All countries of the world,FI,2011,4728.6
fats_g1a_08,M71,V12110,Turnover or gross premiums written - million euro,WORLD,All countries of the world,FI,2012,4726.9
fats_g1a_08,M71,V12110,Turnover or gross premiums written - million euro,WORLD,All countries of the world,FI,2013,4888.3
fats_g1a_08,M71,V12110,Turnover or gross premiums written - million euro,WORLD,All countries of the world,FI,2014,4876.5
fats_g1a_08,M71,V12110,Turnover or gross premiums written - million euro,WORLD,All countries of the world,FI,2015,5250.1
fats_g1a_08,M71,V12110,Turnover or gross premiums written - million euro,WORLD,All countries of the world,FI,2016,5441.5
fats_g1a_08,M71,V12110,Turnover or gross premiums written - million euro,WORLD,All countries of the world,FI,2017,5763.8
fats_g1a_08,M71,V12110,Turnover or gross premiums written - million euro,WORLD,All countries of the world,FI,2018,5899.3
fats_g1a_08,M71,V12110,Turnover or gross premiums written - million euro,WORLD,All countries of the world,FI,2019,6187.1
fats_g1a_08,M71,V12110,Turnover or gross premiums written - million euro,WORLD,All countries of the world,FI,2020,6308.6
fats_g1a_08,M71,V12110,Turnover or gross premiums written - million euro,WORLD,All countries of the world,FR,2008,53904.5
fats_g1a_08,M71,V12110,Turnover or gross premiums written - million euro,WORLD,All countries of the world,FR,2009,50723.0
fats_g1a_08,M71,V12110,Turnover or gross premiums written - million euro,WORLD,All countries of the world,FR,2010,54977.2
fats_g1a_08,M71,V12110,Turnover or gross premiums written - million euro,WORLD,All countries of the world,FR,2011,56408.3
fats_g1a_08,M71,V12110,Turnover or gross premiums written - million euro,WORLD,All countries of the world,FR,2012,58834.6
fats_g1a_08,M71,V12110,Turnover or gross premiums written - million euro,WORLD,All countries of the world,FR,2013,57512.1
fats_g1a_08,M71,V12110,Turnover or gross premiums written - million euro,WORLD,All countries of the world,FR,2014,53746.2
fats_g1a_08,M71,V12110,Turnover or gross premiums written - million euro,WORLD,All countries of the world,FR,2015,58603.9
fats_g1a_08,M71,V12110,Turnover or gross premiums written - million euro,WORLD,All countries of the world,FR,2016,60391.0
fats_g1a_08,M71,V12110,Turnover or gross premiums written - million euro,WORLD,All countries of the world,FR,2017,55496.2
fats_g1a_08,M71,V12110,Turnover or gross premiums written - million euro,WORLD,All countries of the world,FR,2018,56105.9
fats_g1a_08,M71,V12110,Turnover or gross premiums written - million euro,WORLD,All countries of the world,FR,2019,61977.1
fats_g1a_08,M71,V12110,Turnover or gross premiums written - million euro,WORLD,All countries of the world,FR,2020,57485.7
fats_g1a_08,M71,V12110,Turnover or gross premiums written - million euro,WORLD,All countries of the world,HU,2008,2625.6
fats_g1a_08,M71,V12110,Turnover or gross premiums written - million euro,WORLD,All countries of the world,HU,2009,2347.3
fats_g1a_08,M71,V12110,Turnover or gross premiums written - million euro,WORLD,All countries of the world,HU,2010,2289.8
fats_g1a_08,M71,V12110,Turnover or gross premiums written - million euro,WORLD,All countries of the world,HU,2011,2132.2
fats_g1a_08,M71,V12110,Turnover or gross premiums written - million euro,WORLD,All countries of the world,HU,2012,1938.7
fats_g1a_08,M71,V12110,Turnover or gross premiums written - million euro,WORLD,All countries of the world,HU,2013,2118.2
fats_g1a_08,M71,V12110,Turnover or gross premiums written - million euro,WORLD,All countries of the world,HU,2014,2252.9
fats_g1a_08,M71,V12110,Turnover or gross premiums written - million euro,WORLD,All countries of the world,HU,2015,2509.2
fats_g1a_08,M71,V12110,Turnover or gross premiums written - million euro,WORLD,All countries of the world,HU,2016,2405.1
fats_g1a_08,M71,V12110,Turnover or gross premiums written - million euro,WORLD,All countries of the world,HU,2017,2992.4
fats_g1a_08,M71,V12110,Turnover or gross premiums written - million euro,WORLD,All countries of the world,HU,2018,3421.1
fats_g1a_08,M71,V12110,Turnover or gross premiums written - million euro,WORLD,All countries of the world,HU,2019,3687.7
fats_g1a_08,M71,V12110,Turnover or gross premiums written - million euro,WORLD,All countries of the world,HU,2020,4002.1
fats_g1a_08,M71,V12110,Turnover or gross premiums written - million euro,WORLD,All countries of the world,IE,2008,4079.4
fats_g1a_08,M71,V12110,Turnover or gross premiums written - million euro,WORLD,All countries of the world,IE,2009,3200.4
fats_g1a_08,M71,V12110,Turnover or gross premiums written - million euro,WORLD,All countries of the world,IE,2010,2621.1
fats_g1a_08,M71,V12110,Turnover or gross premiums written - million euro,WORLD,All countries of the world,IE,2011,2109.0
fats_g1a_08,M71,V12110,Turnover or gross premiums written - million euro,WORLD,All countries of the world,IE,2012,2466.7
fats_g1a_08,M71,V12110,Turnover or gross premiums written - million euro,WORLD,All countries of the world,IE,2014,3785.8
fats_g1a_08,M71,V12110,Turnover or gross premiums written - million euro,WORLD,All countries of the world,IE,2015,3990.6
fats_g1a_08,M71,V12110,Turnover or gross premiums written - million euro,WORLD,All countries of the world,IE,2016,5549.1
fats_g1a_08,M71,V12110,Turnover or gross premiums written - million euro,WORLD,All countries of the world,IE,2017,5727.0
fats_g1a_08,M71,V12110,Turnover or gross premiums written - million euro,WORLD,All countries of the world,IE,2018,6484.0
fats_g1a_08,M71,V12110,Turnover or gross premiums written - million euro,WORLD,All countries of the world,IE,2019,7806.7
fats_g1a_08,M71,V12110,Turnover or gross premiums written - million euro,WORLD,All countries of the world,IT,2008,26334.0
fats_g1a_08,M71,V12110,Turnover or gross premiums written - million euro,WORLD,All countries of the world,IT,2009,24205.5
fats_g1a_08,M71,V12110,Turnover or gross premiums written - million euro,WORLD,All countries of the world,IT,2010,24812.7
fats_g1a_08,M71,V12110,Turnover or gross premiums written - million euro,WORLD,All countries of the world,IT,2011,21054.3
fats_g1a_08,M71,V12110,Turnover or gross premiums written - million euro,WORLD,All countries of the world,IT,2012,23169.6
fats_g1a_08,M71,V12110,Turnover or gross premiums written - million euro,WORLD,All countries of the world,IT,2013,21258.0
fats_g1a_08,M71,V12110,Turnover or gross premiums written - million euro,WORLD,All countries of the world,IT,2014,19782.2
fats_g1a_08,M71,V12110,Turnover or gross premiums written - million euro,WORLD,All countries of the world,IT,2015,24117.4
fats_g1a_08,M71,V12110,Turnover or gross premiums written - million euro,WORLD,All countries of the world,IT,2016,23606.3
fats_g1a_08,M71,V12110,Turnover or gross premiums written - million euro,WORLD,All countries of the world,IT,2017,23838.9
fats_g1a_08,M71,V12110,Turnover or gross premiums written - million euro,WORLD,All countries of the world,IT,2018,22958.5
fats_g1a_08,M71,V12110,Turnover or gross premiums written - million euro,WORLD,All countries of the world,IT,2019,24072.2
fats_g1a_08,M71,V12110,Turnover or gross premiums written - million euro,WORLD,All countries of the world,IT,2020,22641.7
fats_g1a_08,M71,V12110,Turnover or gross premiums written - million euro,WORLD,All countries of the world,NL,2008,16212.8
fats_g1a_08,M71,V12110,Turnover or gross premiums written - million euro,WORLD,All countries of the world,NL,2009,15080.0
fats_g1a_08,M71,V12110,Turnover or gross premiums written - million euro,WORLD,All countries of the world,NL,2010,15428.4
fats_g1a_08,M71,V12110,Turnover or gross premiums written - million euro,WORLD,All countries of the world,NL,2011,15551.9
fats_g1a_08,M71,V12110,Turnover or gross premiums written - million euro,WORLD,All countries of the world,NL,2012,15286.3
fats_g1a_08,M71,V12110,Turnover or gross premiums written - million euro,WORLD,All countries of the world,NL,2013,15203.6
fats_g1a_08,M71,V12110,Turnover or gross premiums written - million euro,WORLD,All countries of the world,NL,2014,15603.4
fats_g1a_08,M71,V12110,Turnover or gross premiums written - million euro,WORLD,All countries of the world,NL,2015,15353.3
fats_g1a_08,M71,V12110,Turnover or gross premiums written - million euro,WORLD,All countries of the world,NL,2016,16344.3
fats_g1a_08,M71,V12110,Turnover or gross premiums written - million euro,WORLD,All countries of the world,NL,2017,18164.3
fats_g1a_08,M71,V12110,Turnover or gross premiums written - million euro,WORLD,All countries of the world,NL,2018,20141.8
fats_g1a_08,M71,V12110,Turnover or gross premiums written - million euro,WORLD,All countries of the world,NL,2019,20998.1
fats_g1a_08,M71,V12110,Turnover or gross premiums written - million euro,WORLD,All countries of the world,NL,2020,22205.7
fats_g1a_08,M71,V12110,Turnover or gross premiums written - million euro,WORLD,All countries of the world,PL,2008,3243.2
fats_g1a_08,M71,V12110,Turnover or gross premiums written - million euro,WORLD,All countries of the world,PL,2009,2779.6
fats_g1a_08,M71,V12110,Turnover or gross premiums written - million euro,WORLD,All countries of the world,PL,2010,3179.1
fats_g1a_08,M71,V12110,Turnover or gross premiums written - million euro,WORLD,All countries of the world,PL,2011,2822.7
fats_g1a_08,M71,V12110,Turnover or gross premiums written - million euro,WORLD,All countries of the world,PL,2012,2411.3
fats_g1a_08,M71,V12110,Turnover or gross premiums written - million euro,WORLD,All countries of the world,PL,2013,2343.4
fats_g1a_08,M71,V12110,Turnover or gross premiums written - million euro,WORLD,All countries of the world,PL,2014,2425.4
fats_g1a_08,M71,V12110,Turnover or gross premiums written - million euro,WORLD,All countries of the world,PL,2015,2643.0
fats_g1a_08,M71,V12110,Turnover or gross premiums written - million euro,WORLD,All countries of the world,PL,2016,2427.1
fats_g1a_08,M71,V12110,Turnover or gross premiums written - million euro,WORLD,All countries of the world,PL,2017,2557.6
fats_g1a_08,M71,V12110,Turnover or gross premiums written - million euro,WORLD,All countries of the world,PL,2018,2972.4
fats_g1a_08,M71,V12110,Turnover or gross premiums written - million euro,WORLD,All countries of the world,PL,2019,3163.8
fats_g1a_08,M71,V12110,Turnover or gross premiums written - million euro,WORLD,All countries of the world,PL,2020,3504.5
fats_g1a_08,M71,V12110,Turnover or gross premiums written - million euro,WORLD,All countries of the world,PT,2008,2976.1
fats_g1a_08,M71,V12110,Turnover or gross premiums written - million euro,WORLD,All countries of the world,PT,2009,3216.6
fats_g1a_08,M71,V12110,Turnover or gross premiums written - million euro,WORLD,All countries of the world,PT,2010,3559.4
fats_g1a_08,M71,V12110,Turnover or gross premiums written - million euro,WORLD,All countries of the world,PT,2011,2973.8
fats_g1a_08,M71,V12110,Turnover or gross premiums written - million euro,WORLD,All countries of the world,PT,2012,2659.2
fats_g1a_08,M71,V12110,Turnover or gross premiums written - million euro,WORLD,All countries of the world,PT,2013,2275.2
fats_g1a_08,M71,V12110,Turnover or gross premiums written - million euro,WORLD,All countries of the world,PT,2014,2232.8
fats_g1a_08,M71,V12110,Turnover or gross premiums written - million euro,WORLD,All countries of the world,PT,2015,2389.7
fats_g1a_08,M71,V12110,Turnover or gross premiums written - million euro,WORLD,All countries of the world,PT,2016,2435.2
fats_g1a_08,M71,V12110,Turnover or gross premiums written - million euro,WORLD,All countries of the world,PT,2017,2706.3
fats_g1a_08,M71,V12110,Turnover or gross premiums written - million euro,WORLD,All countries of the world,PT,2018,2950.2
fats_g1a_08,M71,V12110,Turnover or gross premiums written - million euro,WORLD,All countries of the world,PT,2019,3141.1
fats_g1a_08,M71,V12110,Turnover or gross premiums written - million euro,WORLD,All countries of the world,PT,2020,3066.4
fats_g1a_08,M71,V12110,Turnover or gross premiums written - million euro,WORLD,All countries of the world,RO,2008,2495.3
fats_g1a_08,M71,V12110,Turnover or gross premiums written - million euro,WORLD,All countries of the world,RO,2009,2018.9
fats_g1a_08,M71,V12110,Turnover or gross premiums written - million euro,WORLD,All countries of the world,RO,2010,1919.3
fats_g1a_08,M71,V12110,Turnover or gross premiums written - million euro,WORLD,All countries of the world,RO,2011,2219.2
fats_g1a_08,M71,V12110,Turnover or gross premiums written - million euro,WORLD,All countries of the world,RO,2012,2295.2
fats_g1a_08,M71,V12110,Turnover or gross premiums written - million euro,WORLD,All countries of the world,RO,2013,2176.7
fats_g1a_08,M71,V12110,Turnover or gross premiums written - million euro,WORLD,All countries of the world,RO,2014,2388.7
fats_g1a_08,M71,V12110,Turnover or gross premiums written - million euro,WORLD,All countries of the world,RO,2015,2540.2
fats_g1a_08,M71,V12110,Turnover or gross premiums written - million euro,WORLD,All countries of the world,RO,2016,2287.6
fats_g1a_08,M71,V12110,Turnover or gross premiums written - million euro,WORLD,All countries of the world,RO,2017,2464.2
fats_g1a_08,M71,V12110,Turnover or gross premiums written - million euro,WORLD,All countries of the world,RO,2018,2974.2
fats_g1a_08,M71,V12110,Turnover or gross premiums written - million euro,WORLD,All countries of the world,RO,2019,3320.9
fats_g1a_08,M71,V12110,Turnover or gross premiums written - million euro,WORLD,All countries of the world,RO,2020,3330.8
fats_g1a_08,M71,V12110,Turnover or gross premiums written - million euro,WORLD,All countries of the world,SE,2008,9808.6
fats_g1a_08,M71,V12110,Turnover or gross premiums written - million euro,WORLD,All countries of the world,SE,2009,9379.1
fats_g1a_08,M71,V12110,Turnover or gross premiums written - million euro,WORLD,All countries of the world,SE,2010,10942.5
fats_g1a_08,M71,V12110,Turnover or gross premiums written - million euro,WORLD,All countries of the world,SE,2011,12025.6
fats_g1a_08,M71,V12110,Turnover or gross premiums written - million euro,WORLD,All countries of the world,SE,2012,13609.4
fats_g1a_08,M71,V12110,Turnover or gross premiums written - million euro,WORLD,All countries of the world,SE,2013,14010.7
fats_g1a_08,M71,V12110,Turnover or gross premiums written - million euro,WORLD,All countries of the world,SE,2014,14069.0
fats_g1a_08,M71,V12110,Turnover or gross premiums written - million euro,WORLD,All countries of the world,SE,2015,14813.1
fats_g1a_08,M71,V12110,Turnover or gross premiums written - million euro,WORLD,All countries of the world,SE,2016,15780.0
fats_g1a_08,M71,V12110,Turnover or gross premiums written - million euro,WORLD,All countries of the world,SE,2017,16889.8
fats_g1a_08,M71,V12110,Turnover or gross premiums written - million euro,WORLD,All countries of the world,SE,2018,17001.6
fats_g1a_08,M71,V12110,Turnover or gross premiums written - million euro,WORLD,All countries of the world,SE,2019,17135.6
fats_g1a_08,M71,V12110,Turnover or gross premiums written - million euro,WORLD,All countries of the world,SE,2020,17703.4
fats_g1a_08,M71,V12110,Turnover or gross premiums written - million euro,WORLD,All countries of the world,UK,2008,58634.2
fats_g1a_08,M71,V12110,Turnover or gross premiums written - million euro,WORLD,All countries of the world,UK,2009,52862.6
fats_g1a_08,M71,V12110,Turnover or gross premiums written - million euro,WORLD,All countries of the world,UK,2010,52543.1
fats_g1a_08,M71,V12110,Turnover or gross premiums written - million euro,WORLD,All countries of the world,UK,2011,53110.2
fats_g1a_08,M71,V12110,Turnover or gross premiums written - million euro,WORLD,All countries of the world,UK,2012,61365.3
fats_g1a_08,M71,V12110,Turnover or gross premiums written - million euro,WORLD,All countries of the world,UK,2013,68650.5
fats_g1a_08,M71,V12110,Turnover or gross premiums written - million euro,WORLD,All countries of the world,UK,2014,73178.6
fats_g1a_08,M71,V12110,Turnover or gross premiums written - million euro,WORLD,All countries of the world,UK,2015,83265.1
fats_g1a_08,M71,V12110,Turnover or gross premiums written - million euro,WORLD,All countries of the world,UK,2016,72675.9
fats_g1a_08,M71,V12110,Turnover or gross premiums written - million euro,WORLD,All countries of the world,UK,2017,70586.5
fats_g1a_08,M71,V11110,Enterprises - number,WORLD,All countries of the world,AT,2008,15336.0
fats_g1a_08,M71,V11110,Enterprises - number,WORLD,All countries of the world,AT,2009,15245.0
fats_g1a_08,M71,V11110,Enterprises - number,WORLD,All countries of the world,AT,2010,16080.0
fats_g1a_08,M71,V11110,Enterprises - number,WORLD,All countries of the world,AT,2011,16046.0
fats_g1a_08,M71,V11110,Enterprises - number,WORLD,All countries of the world,AT,2012,16234.0
fats_g1a_08,M71,V11110,Enterprises - number,WORLD,All countries of the world,AT,2013,16719.0
fats_g1a_08,M71,V11110,Enterprises - number,WORLD,All countries of the world,AT,2014,16809.0
fats_g1a_08,M71,V11110,Enterprises - number,WORLD,All countries of the world,AT,2015,16851.0
fats_g1a_08,M71,V11110,Enterprises - number,WORLD,All countries of the world,AT,2016,16881.0
fats_g1a_08,M71,V11110,Enterprises - number,WORLD,All countries of the world,AT,2017,17079.0
fats_g1a_08,M71,V11110,Enterprises - number,WORLD,All countries of the world,AT,2018,17350.0
fats_g1a_08,M71,V11110,Enterprises - number,WORLD,All countries of the world,AT,2019,17731.0
fats_g1a_08,M71,V11110,Enterprises - number,WORLD,All countries of the world,AT,2020,18120.0
fats_g1a_08,M71,V11110,Enterprises - number,WORLD,All countries of the world,BE,2008,18386.0
fats_g1a_08,M71,V11110,Enterprises - number,WORLD,All countries of the world,BE,2010,22654.0
fats_g1a_08,M71,V11110,Enterprises - number,WORLD,All countries of the world,BE,2011,22888.0
fats_g1a_08,M71,V11110,Enterprises - number,WORLD,All countries of the world,BE,2012,24198.0
fats_g1a_08,M71,V11110,Enterprises - number,WORLD,All countries of the world,BE,2013,24760.0
fats_g1a_08,M71,V11110,Enterprises - number,WORLD,All countries of the world,BE,2014,24927.0
fats_g1a_08,M71,V11110,Enterprises - number,WORLD,All countries of the world,BE,2015,25853.0
fats_g1a_08,M71,V11110,Enterprises - number,WORLD,All countries of the world,BE,2016,26757.0
fats_g1a_08,M71,V11110,Enterprises - number,WORLD,All countries of the world,BE,2017,26285.0
fats_g1a_08,M71,V11110,Enterprises - number,WORLD,All countries of the world,BE,2018,26933.0
fats_g1a_08,M71,V11110,Enterprises - number,WORLD,All countries of the world,BE,2019,28493.0
fats_g1a_08,M71,V11110,Enterprises - number,WORLD,All countries of the world,CZ,2008,38481.0
fats_g1a_08,M71,V11110,Enterprises - number,WORLD,All countries of the world,CZ,2009,39942.0
fats_g1a_08,M71,V11110,Enterprises - number,WORLD,All countries of the world,CZ,2010,37947.0
fats_g1a_08,M71,V11110,Enterprises - number,WORLD,All countries of the world,CZ,2011,36497.0
fats_g1a_08,M71,V11110,Enterprises - number,WORLD,All countries of the world,CZ,2012,36218.0
fats_g1a_08,M71,V11110,Enterprises - number,WORLD,All countries of the world,CZ,2013,36040.0
fats_g1a_08,M71,V11110,Enterprises - number,WORLD,All countries of the world,CZ,2014,36350.0
fats_g1a_08,M71,V11110,Enterprises - number,WORLD,All countries of the world,CZ,2015,36941.0
fats_g1a_08,M71,V11110,Enterprises - number,WORLD,All countries of the world,CZ,2016,37802.0
fats_g1a_08,M71,V11110,Enterprises - number,WORLD,All countries of the world,CZ,2017,38455.0
fats_g1a_08,M71,V11110,Enterprises - number,WORLD,All countries of the world,CZ,2018,40306.0
fats_g1a_08,M71,V11110,Enterprises - number,WORLD,All countries of the world,CZ,2019,41862.0
fats_g1a_08,M71,V11110,Enterprises - number,WORLD,All countries of the world,CZ,2020,42984.0
fats_g1a_08,M71,V11110,Enterprises - number,WORLD,All countries of the world,DE,2008,98418.0
fats_g1a_08,M71,V11110,Enterprises - number,WORLD,All countries of the world,DE,2009,98142.0
fats_g1a_08,M71,V11110,Enterprises - number,WORLD,All countries of the world,DE,2010,100824.0
fats_g1a_08,M71,V11110,Enterprises - number,WORLD,All countries of the world,DE,2011,108218.0
fats_g1a_08,M71,V11110,Enterprises - number,WORLD,All countries of the world,DE,2012,108333.0
fats_g1a_08,M71,V11110,Enterprises - number,WORLD,All countries of the world,DE,2013,113223.0
fats_g1a_08,M71,V11110,Enterprises - number,WORLD,All countries of the world,DE,2014,125267.0
fats_g1a_08,M71,V11110,Enterprises - number,WORLD,All countries of the world,DE,2015,128545.0
fats_g1a_08,M71,V11110,Enterprises - number,WORLD,All countries of the world,DE,2016,127072.0
fats_g1a_08,M71,V11110,Enterprises - number,WORLD,All countries of the world,DE,2017,130410.0
fats_g1a_08,M71,V11110,Enterprises - number,WORLD,All countries of the world,DE,2018,128229.0
fats_g1a_08,M71,V11110,Enterprises - number,WORLD,All countries of the world,DE,2019,124434.0
fats_g1a_08,M71,V11110,Enterprises - number,WORLD,All countries of the world,DE,2020,118100.0
fats_g1a_08,M71,V11110,Enterprises - number,WORLD,All countries of the world,DK,2008,6327.0
fats_g1a_08,M71,V11110,Enterprises - number,WORLD,All countries of the world,DK,2009,5853.0
fats_g1a_08,M71,V11110,Enterprises - number,WORLD,All countries of the world,DK,2010,6057.0
fats_g1a_08,M71,V11110,Enterprises - number,WORLD,All countries of the world,DK,2011,6329.0
fats_g1a_08,M71,V11110,Enterprises - number,WORLD,All countries of the world,DK,2012,6360.0
fats_g1a_08,M71,V11110,Enterprises - number,WORLD,All countries of the world,DK,2013,6323.0
fats_g1a_08,M71,V11110,Enterprises - number,WORLD,All countries of the world,DK,2014,6376.0
fats_g1a_08,M71,V11110,Enterprises - number,WORLD,All countries of the world,DK,2015,6256.0
fats_g1a_08,M71,V11110,Enterprises - number,WORLD,All countries of the world,DK,2016,6557.0
fats_g1a_08,M71,V11110,Enterprises - number,WORLD,All countries of the world,DK,2017,6711.0
fats_g1a_08,M71,V11110,Enterprises - number,WORLD,All countries of the world,DK,2018,6787.0
fats_g1a_08,M71,V11110,Enterprises - number,WORLD,All countries of the world,DK,2019,6897.0
fats_g1a_08,M71,V11110,Enterprises - number,WORLD,All countries of the world,DK,2020,7097.0
fats_g1a_08,M71,V11110,Enterprises - number,WORLD,All countries of the world,EL,2012,52321.0
fats_g1a_08,M71,V11110,Enterprises - number,WORLD,All countries of the world,EL,2013,46756.0
fats_g1a_08,M71,V11110,Enterprises - number,WORLD,All countries of the world,EL,2014,46661.0
fats_g1a_08,M71,V11110,Enterprises - number,WORLD,All countries of the world,EL,2015,56197.0
fats_g1a_08,M71,V11110,Enterprises - number,WORLD,All countries of the world,EL,2016,56347.0
fats_g1a_08,M71,V11110,Enterprises - number,WORLD,All countries of the world,EL,2017,48904.0
fats_g1a_08,M71,V11110,Enterprises - number,WORLD,All countries of the world,EL,2018,47066.0
fats_g1a_08,M71,V11110,Enterprises - number,WORLD,All countries of the world,EL,2019,47219.0
fats_g1a_08,M71,V11110,Enterprises - number,WORLD,All countries of the world,EL,2020,47902.0
fats_g1a_08,M71,V11110,Enterprises - number,WORLD,All countries of the world,ES,2008,121003.0
fats_g1a_08,M71,V11110,Enterprises - number,WORLD,All countries of the world,ES,2009,116680.0
fats_g1a_08,M71,V11110,Enterprises - number,WORLD,All countries of the world,ES,2010,111419.0
fats_g1a_08,M71,V11110,Enterprises - number,WORLD,All countries of the world,ES,2011,105917.0
fats_g1a_08,M71,V11110,Enterprises - number,WORLD,All countries of the world,ES,2012,100163.0
fats_g1a_08,M71,V11110,Enterprises - number,WORLD,All countries of the world,ES,2013,97510.0
fats_g1a_08,M71,V11110,Enterprises - number,WORLD,All countries of the world,ES,2014,90971.0
fats_g1a_08,M71,V11110,Enterprises - number,WORLD,All countries of the world,ES,2015,93080.0
fats_g1a_08,M71,V11110,Enterprises - number,WORLD,All countries of the world,ES,2016,101943.0
fats_g1a_08,M71,V11110,Enterprises - number,WORLD,All countries of the world,ES,2017,100131.0
fats_g1a_08,M71,V11110,Enterprises - number,WORLD,All countries of the world,ES,2018,105861.0
fats_g1a_08,M71,V11110,Enterprises - number,WORLD,All countries of the world,ES,2019,105688.0
fats_g1a_08,M71,V11110,Enterprises - number,WORLD,All countries of the world,ES,2020,101269.0
fats_g1a_08,M71,V11110,Enterprises - number,WORLD,All countries of the world,EU27_2020,2010,852400.0
fats_g1a_08,M71,V11110,Enterprises - number,WORLD,All countries of the world,EU27_2020,2011,838933.0
fats_g1a_08,M71,V11110,Enterprises - number,WORLD,All countries of the world,EU27_2020,2012,837848.0
fats_g1a_08,M71,V11110,Enterprises - number,WORLD,All countries of the world,EU27_2020,2013,835691.0
fats_g1a_08,M71,V11110,Enterprises - number,WORLD,All countries of the world,EU27_2020,2014,854378.0
fats_g1a_08,M71,V11110,Enterprises - number,WORLD,All countries of the world,EU27_2020,2015,869001.0
fats_g1a_08,M71,V11110,Enterprises - number,WORLD,All countries of the world,EU27_2020,2016,888212.0
fats_g1a_08,M71,V11110,Enterprises - number,WORLD,All countries of the world,EU27_2020,2017,888420.0
fats_g1a_08,M71,V11110,Enterprises - number,WORLD,All countries of the world,EU27_2020,2018,905359.0
fats_g1a_08,M71,V11110,Enterprises - number,WORLD,All countries of the world,EU27_2020,2019,902267.0
fats_g1a_08,M71,V11110,Enterprises - number,WORLD,All countries of the world,EU27_2020,2020,910233.0
fats_g1a_08,M71,V11110,Enterprises - number,WORLD,All countries of the world,EU28,2010,921355.0
fats_g1a_08,M71,V11110,Enterprises - number,WORLD,All countries of the world,EU28,2011,909975.0
fats_g1a_08,M71,V11110,Enterprises - number,WORLD,All countries of the world,EU28,2012,912169.0
fats_g1a_08,M71,V11110,Enterprises - number,WORLD,All countries of the world,EU28,2013,918372.0
fats_g1a_08,M71,V11110,Enterprises - number,WORLD,All countries of the world,EU28,2014,944582.0
fats_g1a_08,M71,V11110,Enterprises - number,WORLD,All countries of the world,EU28,2015,967706.0
fats_g1a_08,M71,V11110,Enterprises - number,WORLD,All countries of the world,EU28,2016,990010.0
fats_g1a_08,M71,V11110,Enterprises - number,WORLD,All countries of the world,EU28,2017,988889.0
fats_g1a_08,M71,V11110,Enterprises - number,WORLD,All countries of the world,FI,2008,10364.0
fats_g1a_08,M71,V11110,Enterprises - number,WORLD,All countries of the world,FI,2009,8160.0
fats_g1a_08,M71,V11110,Enterprises - number,WORLD,All countries of the world,FI,2010,8188.0
fats_g1a_08,M71,V11110,Enterprises - number,WORLD,All countries of the world,FI,2011,8266.0
fats_g1a_08,M71,V11110,Enterprises - number,WORLD,All countries of the world,FI,2012,8365.0
fats_g1a_08,M71,V11110,Enterprises - number,WORLD,All countries of the world,FI,2013,8319.0
fats_g1a_08,M71,V11110,Enterprises - number,WORLD,All countries of the world,FI,2014,8193.0
fats_g1a_08,M71,V11110,Enterprises - number,WORLD,All countries of the world,FI,2015,8148.0
fats_g1a_08,M71,V11110,Enterprises - number,WORLD,All countries of the world,FI,2016,8104.0
fats_g1a_08,M71,V11110,Enterprises - number,WORLD,All countries of the world,FI,2017,8177.0
fats_g1a_08,M71,V11110,Enterprises - number,WORLD,All countries of the world,FI,2018,8028.0
fats_g1a_08,M71,V11110,Enterprises - number,WORLD,All countries of the world,FI,2019,7979.0
fats_g1a_08,M71,V11110,Enterprises - number,WORLD,All countries of the world,FI,2020,8126.0
fats_g1a_08,M71,V11110,Enterprises - number,WORLD,All countries of the world,FR,2008,78347.0
fats_g1a_08,M71,V11110,Enterprises - number,WORLD,All countries of the world,FR,2009,76144.0
fats_g1a_08,M71,V11110,Enterprises - number,WORLD,All countries of the world,FR,2010,85092.0
fats_g1a_08,M71,V11110,Enterprises - number,WORLD,All countries of the world,FR,2011,85543.0
fats_g1a_08,M71,V11110,Enterprises - number,WORLD,All countries of the world,FR,2012,92054.0
fats_g1a_08,M71,V11110,Enterprises - number,WORLD,All countries of the world,FR,2013,95108.0
fats_g1a_08,M71,V11110,Enterprises - number,WORLD,All countries of the world,FR,2014,100192.0
fats_g1a_08,M71,V11110,Enterprises - number,WORLD,All countries of the world,FR,2015,93091.0
fats_g1a_08,M71,V11110,Enterprises - number,WORLD,All countries of the world,FR,2016,94987.0
fats_g1a_08,M71,V11110,Enterprises - number,WORLD,All countries of the world,FR,2017,89371.0
fats_g1a_08,M71,V11110,Enterprises - number,WORLD,All countries of the world,FR,2018,90771.0
fats_g1a_08,M71,V11110,Enterprises - number,WORLD,All countries of the world,FR,2019,94157.0
fats_g1a_08,M71,V11110,Enterprises - number,WORLD,All countries of the world,FR,2020,94073.0
fats_g1a_08,M71,V11110,Enterprises - number,WORLD,All countries of the world,HU,2008,24472.0
fats_g1a_08,M71,V11110,Enterprises - number,WORLD,All countries of the world,HU,2009,24367.0
fats_g1a_08,M71,V11110,Enterprises - number,WORLD,All countries of the world,HU,2010,24514.0
fats_g1a_08,M71,V11110,Enterprises - number,WORLD,All countries of the world,HU,2011,24685.0
fats_g1a_08,M71,V11110,Enterprises - number,WORLD,All countries of the world,HU,2012,23829.0
fats_g1a_08,M71,V11110,Enterprises - number,WORLD,All countries of the world,HU,2013,22297.0
fats_g1a_08,M71,V11110,Enterprises - number,WORLD,All countries of the world,HU,2014,23825.0
fats_g1a_08,M71,V11110,Enterprises - number,WORLD,All countries of the world,HU,2015,24731.0
fats_g1a_08,M71,V11110,Enterprises - number,WORLD,All countries of the world,HU,2016,25718.0
fats_g1a_08,M71,V11110,Enterprises - number,WORLD,All countries of the world,HU,2017,27030.0
fats_g1a_08,M71,V11110,Enterprises - number,WORLD,All countries of the world,HU,2018,28824.0
fats_g1a_08,M71,V11110,Enterprises - number,WORLD,All countries of the world,HU,2019,30498.0
fats_g1a_08,M71,V11110,Enterprises - number,WORLD,All countries of the world,HU,2020,30774.0
fats_g1a_08,M71,V11110,Enterprises - number,WORLD,All countries of the world,IE,2008,6559.0
fats_g1a_08,M71,V11110,Enterprises - number,WORLD,All countries of the world,IE,2009,6373.0
fats_g1a_08,M71,V11110,Enterprises - number,WORLD,All countries of the world,IE,2010,6052.0
fats_g1a_08,M71,V11110,Enterprises - number,WORLD,All countries of the world,IE,2011,5779.0
fats_g1a_08,M71,V11110,Enterprises - number,WORLD,All countries of the world,IE,2012,5737.0
fats_g1a_08,M71,V11110,Enterprises - number,WORLD,All countries of the world,IE,2014,8106.0
fats_g1a_08,M71,V11110,Enterprises - number,WORLD,All countries of the world,IE,2015,8310.0
fats_g1a_08,M71,V11110,Enterprises - number,WORLD,All countries of the world,IE,2016,8361.0
fats_g1a_08,M71,V11110,Enterprises - number,WORLD,All countries of the world,IE,2017,8938.0
fats_g1a_08,M71,V11110,Enterprises - number,WORLD,All countries of the world,IE,2018,9088.0
fats_g1a_08,M71,V11110,Enterprises - number,WORLD,All countries of the world,IE,2019,9239.0
fats_g1a_08,M71,V11110,Enterprises - number,WORLD,All countries of the world,IT,2008,224267.0
fats_g1a_08,M71,V11110,Enterprises - number,WORLD,All countries of the world,IT,2009,223752.0
fats_g1a_08,M71,V11110,Enterprises - number,WORLD,All countries of the world,IT,2010,227704.0
fats_g1a_08,M71,V11110,Enterprises - number,WORLD,All countries of the world,IT,2011,213053.0
fats_g1a_08,M71,V11110,Enterprises - number,WORLD,All countries of the world,IT,2012,212816.0
fats_g1a_08,M71,V11110,Enterprises - number,WORLD,All countries of the world,IT,2013,203458.0
fats_g1a_08,M71,V11110,Enterprises - number,WORLD,All countries of the world,IT,2014,203139.0
fats_g1a_08,M71,V11110,Enterprises - number,WORLD,All countries of the world,IT,2015,202122.0
fats_g1a_08,M71,V11110,Enterprises - number,WORLD,All countries of the world,IT,2016,203181.0
fats_g1a_08,M71,V11110,Enterprises - number,WORLD,All countries of the world,IT,2017,206136.0
fats_g1a_08,M71,V11110,Enterprises - number,WORLD,All countries of the world,IT,2018,208631.0
fats_g1a_08,M71,V11110,Enterprises - number,WORLD,All countries of the world,IT,2019,194431.0
fats_g1a_08,M71,V11110,Enterprises - number,WORLD,All countries of the world,IT,2020,206148.0
fats_g1a_08,M71,V11110,Enterprises - number,WORLD,All countries of the world,NL,2008,21028.0
fats_g1a_08,M71,V11110,Enterprises - number,WORLD,All countries of the world,NL,2009,22785.0
fats_g1a_08,M71,V11110,Enterprises - number,WORLD,All countries of the world,NL,2010,30042.0
fats_g1a_08,M71,V11110,Enterprises - number,WORLD,All countries of the world,NL,2011,31756.0
fats_g1a_08,M71,V11110,Enterprises - number,WORLD,All countries of the world,NL,2012,33666.0
fats_g1a_08,M71,V11110,Enterprises - number,WORLD,All countries of the world,NL,2013,41128.0
fats_g1a_08,M71,V11110,Enterprises - number,WORLD,All countries of the world,NL,2014,42087.0
fats_g1a_08,M71,V11110,Enterprises - number,WORLD,All countries of the world,NL,2015,43331.0
fats_g1a_08,M71,V11110,Enterprises - number,WORLD,All countries of the world,NL,2016,44310.0
fats_g1a_08,M71,V11110,Enterprises - number,WORLD,All countries of the world,NL,2017,44962.0
fats_g1a_08,M71,V11110,Enterprises - number,WORLD,All countries of the world,NL,2018,46737.0
fats_g1a_08,M71,V11110,Enterprises - number,WORLD,All countries of the world,NL,2019,48496.0
fats_g1a_08,M71,V11110,Enterprises - number,WORLD,All countries of the world,NL,2020,50208.0
fats_g1a_08,M71,V11110,Enterprises - number,WORLD,All countries of the world,PL,2008,998.0
fats_g1a_08,M71,V11110,Enterprises - number,WORLD,All countries of the world,PL,2009,995.0
fats_g1a_08,M71,V11110,Enterprises - number,WORLD,All countries of the world,PL,2010,1048.0
fats_g1a_08,M71,V11110,Enterprises - number,WORLD,All countries of the world,PL,2011,1106.0
fats_g1a_08,M71,V11110,Enterprises - number,WORLD,All countries of the world,PL,2012,1114.0
fats_g1a_08,M71,V11110,Enterprises - number,WORLD,All countries of the world,PL,2013,1117.0
fats_g1a_08,M71,V11110,Enterprises - number,WORLD,All countries of the world,PL,2014,1027.0
fats_g1a_08,M71,V11110,Enterprises - number,WORLD,All countries of the world,PL,2015,994.0
fats_g1a_08,M71,V11110,Enterprises - number,WORLD,All countries of the world,PL,2016,1076.0
fats_g1a_08,M71,V11110,Enterprises - number,WORLD,All countries of the world,PL,2017,1043.0
fats_g1a_08,M71,V11110,Enterprises - number,WORLD,All countries of the world,PL,2018,1470.0
fats_g1a_08,M71,V11110,Enterprises - number,WORLD,All countries of the world,PL,2019,1568.0
fats_g1a_08,M71,V11110,Enterprises - number,WORLD,All countries of the world,PL,2020,1553.0
fats_g1a_08,M71,V11110,Enterprises - number,WORLD,All countries of the world,PT,2008,35985.0
fats_g1a_08,M71,V11110,Enterprises - number,WORLD,All countries of the world,PT,2009,33997.0
fats_g1a_08,M71,V11110,Enterprises - number,WORLD,All countries of the world,PT,2010,32223.0
fats_g1a_08,M71,V11110,Enterprises - number,WORLD,All countries of the world,PT,2011,29415.0
fats_g1a_08,M71,V11110,Enterprises - number,WORLD,All countries of the world,PT,2012,26846.0
fats_g1a_08,M71,V11110,Enterprises - number,WORLD,All countries of the world,PT,2013,25451.0
fats_g1a_08,M71,V11110,Enterprises - number,WORLD,All countries of the world,PT,2014,25472.0
fats_g1a_08,M71,V11110,Enterprises - number,WORLD,All countries of the world,PT,2015,26152.0
fats_g1a_08,M71,V11110,Enterprises - number,WORLD,All countries of the world,PT,2016,26764.0
fats_g1a_08,M71,V11110,Enterprises - number,WORLD,All countries of the world,PT,2017,27858.0
fats_g1a_08,M71,V11110,Enterprises - number,WORLD,All countries of the world,PT,2018,27569.0
fats_g1a_08,M71,V11110,Enterprises - number,WORLD,All countries of the world,PT,2019,27958.0
fats_g1a_08,M71,V11110,Enterprises - number,WORLD,All countries of the world,PT,2020,27867.0
fats_g1a_08,M71,V11110,Enterprises - number,WORLD,All countries of the world,RO,2008,14938.0
fats_g1a_08,M71,V11110,Enterprises - number,WORLD,All countries of the world,RO,2009,15710.0
fats_g1a_08,M71,V11110,Enterprises - number,WORLD,All countries of the world,RO,2010,14278.0
fats_g1a_08,M71,V11110,Enterprises - number,WORLD,All countries of the world,RO,2011,13234.0
fats_g1a_08,M71,V11110,Enterprises - number,WORLD,All countries of the world,RO,2012,13789.0
fats_g1a_08,M71,V11110,Enterprises - number,WORLD,All countries of the world,RO,2013,14129.0
fats_g1a_08,M71,V11110,Enterprises - number,WORLD,All countries of the world,RO,2014,14848.0
fats_g1a_08,M71,V11110,Enterprises - number,WORLD,All countries of the world,RO,2015,15229.0
fats_g1a_08,M71,V11110,Enterprises - number,WORLD,All countries of the world,RO,2016,16242.0
fats_g1a_08,M71,V11110,Enterprises - number,WORLD,All countries of the world,RO,2017,17269.0
fats_g1a_08,M71,V11110,Enterprises - number,WORLD,All countries of the world,RO,2018,18255.0
fats_g1a_08,M71,V11110,Enterprises - number,WORLD,All countries of the world,RO,2019,19188.0
fats_g1a_08,M71,V11110,Enterprises - number,WORLD,All countries of the world,RO,2020,19982.0
fats_g1a_08,M71,V11110,Enterprises - number,WORLD,All countries of the world,SE,2008,32226.0
fats_g1a_08,M71,V11110,Enterprises - number,WORLD,All countries of the world,SE,2009,32687.0
fats_g1a_08,M71,V11110,Enterprises - number,WORLD,All countries of the world,SE,2010,34175.0
fats_g1a_08,M71,V11110,Enterprises - number,WORLD,All countries of the world,SE,2011,35664.0
fats_g1a_08,M71,V11110,Enterprises - number,WORLD,All countries of the world,SE,2012,35948.0
fats_g1a_08,M71,V11110,Enterprises - number,WORLD,All countries of the world,SE,2013,35915.0
fats_g1a_08,M71,V11110,Enterprises - number,WORLD,All countries of the world,SE,2014,36666.0
fats_g1a_08,M71,V11110,Enterprises - number,WORLD,All countries of the world,SE,2015,37187.0
fats_g1a_08,M71,V11110,Enterprises - number,WORLD,All countries of the world,SE,2016,37889.0
fats_g1a_08,M71,V11110,Enterprises - number,WORLD,All countries of the world,SE,2017,38541.0
fats_g1a_08,M71,V11110,Enterprises - number,WORLD,All countries of the world,SE,2018,39373.0
fats_g1a_08,M71,V11110,Enterprises - number,WORLD,All countries of the world,SE,2019,40031.0
fats_g1a_08,M71,V11110,Enterprises - number,WORLD,All countries of the world,SE,2020,40944.0
fats_g1a_08,M71,V11110,Enterprises - number,WORLD,All countries of the world,UK,2008,68749.0
fats_g1a_08,M71,V11110,Enterprises - number,WORLD,All countries of the world,UK,2009,69598.0
fats_g1a_08,M71,V11110,Enterprises - number,WORLD,All countries of the world,UK,2010,68955.0
fats_g1a_08,M71,V11110,Enterprises - number,WORLD,All countries of the world,UK,2011,71042.0
fats_g1a_08,M71,V11110,Enterprises - number,WORLD,All countries of the world,UK,2012,74321.0
fats_g1a_08,M71,V11110,Enterprises - number,WORLD,All countries of the world,UK,2013,82681.0
fats_g1a_08,M71,V11110,Enterprises - number,WORLD,All countries of the world,UK,2014,90204.0
fats_g1a_08,M71,V11110,Enterprises - number,WORLD,All countries of the world,UK,2015,98705.0
fats_g1a_08,M71,V11110,Enterprises - number,WORLD,All countries of the world,UK,2016,101798.0
fats_g1a_08,M71,V11110,Enterprises - number,WORLD,All countries of the world,UK,2017,100469.0
fats_g1a_08,M71,V16110,Persons employed - number,WRL_X_REP,World total except for the reporting country,AT,2008,4360.0
fats_g1a_08,M71,V16110,Persons employed - number,WRL_X_REP,World total except for the reporting country,AT,2009,3774.0
fats_g1a_08,M71,V16110,Persons employed - number,WRL_X_REP,World total except for the reporting country,AT,2010,2289.0
fats_g1a_08,M71,V16110,Persons employed - number,WRL_X_REP,World total except for the reporting country,AT,2011,2243.0
fats_g1a_08,M71,V16110,Persons employed - number,WRL_X_REP,World total except for the reporting country,AT,2012,2293.0
fats_g1a_08,M71,V16110,Persons employed - number,WRL_X_REP,World total except for the reporting country,AT,2013,2295.0
fats_g1a_08,M71,V16110,Persons employed - number,WRL_X_REP,World total except for the reporting country,AT,2014,2661.0
fats_g1a_08,M71,V16110,Persons employed - number,WRL_X_REP,World total except for the reporting country,AT,2015,2705.0
fats_g1a_08,M71,V16110,Persons employed - number,WRL_X_REP,World total except for the reporting country,AT,2016,2980.0
fats_g1a_08,M71,V16110,Persons employed - number,WRL_X_REP,World total except for the reporting country,AT,2017,3383.0
fats_g1a_08,M71,V16110,Persons employed - number,WRL_X_REP,World total except for the reporting country,AT,2018,4166.0
fats_g1a_08,M71,V16110,Persons employed - number,WRL_X_REP,World total except for the reporting country,AT,2019,5076.0
fats_g1a_08,M71,V16110,Persons employed - number,WRL_X_REP,World total except for the reporting country,AT,2020,5664.0
fats_g1a_08,M71,V16110,Persons employed - number,WRL_X_REP,World total except for the reporting country,BE,2008,3471.0
fats_g1a_08,M71,V16110,Persons employed - number,WRL_X_REP,World total except for the reporting country,BE,2010,4854.0
fats_g1a_08,M71,V16110,Persons employed - number,WRL_X_REP,World total except for the reporting country,BE,2011,4120.0
fats_g1a_08,M71,V16110,Persons employed - number,WRL_X_REP,World total except for the reporting country,BE,2012,4405.0
fats_g1a_08,M71,V16110,Persons employed - number,WRL_X_REP,World total except for the reporting country,BE,2013,3747.0
fats_g1a_08,M71,V16110,Persons employed - number,WRL_X_REP,World total except for the reporting country,BE,2014,3615.0
fats_g1a_08,M71,V16110,Persons employed - number,WRL_X_REP,World total except for the reporting country,BE,2015,3671.0
fats_g1a_08,M71,V16110,Persons employed - number,WRL_X_REP,World total except for the reporting country,BE,2016,3156.0
fats_g1a_08,M71,V16110,Persons employed - number,WRL_X_REP,World total except for the reporting country,BE,2017,3170.0
fats_g1a_08,M71,V16110,Persons employed - number,WRL_X_REP,World total except for the reporting country,BE,2018,2378.0
fats_g1a_08,M71,V16110,Persons employed - number,WRL_X_REP,World total except for the reporting country,BE,2019,3825.0
fats_g1a_08,M71,V16110,Persons employed - number,WRL_X_REP,World total except for the reporting country,BE,2020,3460.0
fats_g1a_08,M71,V16110,Persons employed - number,WRL_X_REP,World total except for the reporting country,CZ,2008,10442.0
fats_g1a_08,M71,V16110,Persons employed - number,WRL_X_REP,World total except for the reporting country,CZ,2009,10275.0
fats_g1a_08,M71,V16110,Persons employed - number,WRL_X_REP,World total except for the reporting country,CZ,2010,9683.0
fats_g1a_08,M71,V16110,Persons employed - number,WRL_X_REP,World total except for the reporting country,CZ,2011,9485.0
fats_g1a_08,M71,V16110,Persons employed - number,WRL_X_REP,World total except for the reporting country,CZ,2012,9158.0
fats_g1a_08,M71,V16110,Persons employed - number,WRL_X_REP,World total except for the reporting country,CZ,2013,9332.0
fats_g1a_08,M71,V16110,Persons employed - number,WRL_X_REP,World total except for the reporting country,CZ,2014,9513.0
fats_g1a_08,M71,V16110,Persons employed - number,WRL_X_REP,World total except for the reporting country,CZ,2015,10307.0
fats_g1a_08,M71,V16110,Persons employed - number,WRL_X_REP,World total except for the reporting country,CZ,2016,9998.0
fats_g1a_08,M71,V16110,Persons employed - number,WRL_X_REP,World total except for the reporting country,CZ,2017,10395.0
fats_g1a_08,M71,V16110,Persons employed - number,WRL_X_REP,World total except for the reporting country,CZ,2018,10791.0
fats_g1a_08,M71,V16110,Persons employed - number,WRL_X_REP,World total except for the reporting country,CZ,2019,11309.0
fats_g1a_08,M71,V16110,Persons employed - number,WRL_X_REP,World total except for the reporting country,CZ,2020,11308.0
fats_g1a_08,M71,V16110,Persons employed - number,WRL_X_REP,World total except for the reporting country,DE,2008,50622.0
fats_g1a_08,M71,V16110,Persons employed - number,WRL_X_REP,World total except for the reporting country,DE,2009,32526.0
fats_g1a_08,M71,V16110,Persons employed - number,WRL_X_REP,World total except for the reporting country,DE,2010,45330.0
fats_g1a_08,M71,V16110,Persons employed - number,WRL_X_REP,World total except for the reporting country,DE,2011,41317.0
fats_g1a_08,M71,V16110,Persons employed - number,WRL_X_REP,World total except for the reporting country,DE,2012,52576.0
fats_g1a_08,M71,V16110,Persons employed - number,WRL_X_REP,World total except for the reporting country,DE,2013,57852.0
fats_g1a_08,M71,V16110,Persons employed - number,WRL_X_REP,World total except for the reporting country,DE,2014,62835.0
fats_g1a_08,M71,V16110,Persons employed - number,WRL_X_REP,World total except for the reporting country,DE,2015,59673.0
fats_g1a_08,M71,V16110,Persons employed - number,WRL_X_REP,World total except for the reporting country,DE,2016,65768.0
fats_g1a_08,M71,V16110,Persons employed - number,WRL_X_REP,World total except for the reporting country,DE,2017,71554.0
fats_g1a_08,M71,V16110,Persons employed - number,WRL_X_REP,World total except for the reporting country,DE,2018,71182.0
fats_g1a_08,M71,V16110,Persons employed - number,WRL_X_REP,World total except for the reporting country,DE,2019,85470.0
fats_g1a_08,M71,V16110,Persons employed - number,WRL_X_REP,World total except for the reporting country,DE,2020,82509.0
fats_g1a_08,M71,V16110,Persons employed - number,WRL_X_REP,World total except for the reporting country,DK,2008,6713.0
fats_g1a_08,M71,V16110,Persons employed - number,WRL_X_REP,World total except for the reporting country,DK,2009,4902.0
fats_g1a_08,M71,V16110,Persons employed - number,WRL_X_REP,World total except for the reporting country,DK,2010,4938.0
fats_g1a_08,M71,V16110,Persons employed - number,WRL_X_REP,World total except for the reporting country,DK,2011,5590.0
fats_g1a_08,M71,V16110,Persons employed - number,WRL_X_REP,World total except for the reporting country,DK,2012,5888.0
fats_g1a_08,M71,V16110,Persons employed - number,WRL_X_REP,World total except for the reporting country,DK,2013,6557.0
fats_g1a_08,M71,V16110,Persons employed - number,WRL_X_REP,World total except for the reporting country,DK,2014,6801.0
fats_g1a_08,M71,V16110,Persons employed - number,WRL_X_REP,World total except for the reporting country,DK,2015,7296.0
fats_g1a_08,M71,V16110,Persons employed - number,WRL_X_REP,World total except for the reporting country,DK,2016,6472.0
fats_g1a_08,M71,V16110,Persons employed - number,WRL_X_REP,World total except for the reporting country,DK,2017,6821.0
fats_g1a_08,M71,V16110,Persons employed - number,WRL_X_REP,World total except for the reporting country,DK,2018,8067.0
fats_g1a_08,M71,V16110,Persons employed - number,WRL_X_REP,World total except for the reporting country,DK,2019,8830.0
fats_g1a_08,M71,V16110,Persons employed - number,WRL_X_REP,World total except for the reporting country,DK,2020,9229.0
fats_g1a_08,M71,V16110,Persons employed - number,WRL_X_REP,World total except for the reporting country,EL,2012,636.0
fats_g1a_08,M71,V16110,Persons employed - number,WRL_X_REP,World total except for the reporting country,EL,2013,860.0
fats_g1a_08,M71,V16110,Persons employed - number,WRL_X_REP,World total except for the reporting country,EL,2014,845.0
fats_g1a_08,M71,V16110,Persons employed - number,WRL_X_REP,World total except for the reporting country,EL,2015,938.0
fats_g1a_08,M71,V16110,Persons employed - number,WRL_X_REP,World total except for the reporting country,EL,2016,1061.0
fats_g1a_08,M71,V16110,Persons employed - number,WRL_X_REP,World total except for the reporting country,EL,2017,1023.0
fats_g1a_08,M71,V16110,Persons employed - number,WRL_X_REP,World total except for the reporting country,EL,2018,1325.0
fats_g1a_08,M71,V16110,Persons employed - number,WRL_X_REP,World total except for the reporting country,EL,2019,1757.0
fats_g1a_08,M71,V16110,Persons employed - number,WRL_X_REP,World total except for the reporting country,EL,2020,1639.0
fats_g1a_08,M71,V16110,Persons employed - number,WRL_X_REP,World total except for the reporting country,ES,2008,20749.0
fats_g1a_08,M71,V16110,Persons employed - number,WRL_X_REP,World total except for the reporting country,ES,2009,19710.0
fats_g1a_08,M71,V16110,Persons employed - number,WRL_X_REP,World total except for the reporting country,ES,2010,22360.0
fats_g1a_08,M71,V16110,Persons employed - number,WRL_X_REP,World total except for the reporting country,ES,2011,24601.0
fats_g1a_08,M71,V16110,Persons employed - number,WRL_X_REP,World total except for the reporting country,ES,2012,24954.0
fats_g1a_08,M71,V16110,Persons employed - number,WRL_X_REP,World total except for the reporting country,ES,2013,26657.0
fats_g1a_08,M71,V16110,Persons employed - number,WRL_X_REP,World total except for the reporting country,ES,2014,22478.0
fats_g1a_08,M71,V16110,Persons employed - number,WRL_X_REP,World total except for the reporting country,ES,2015,29939.0
fats_g1a_08,M71,V16110,Persons employed - number,WRL_X_REP,World total except for the reporting country,ES,2016,28383.0
fats_g1a_08,M71,V16110,Persons employed - number,WRL_X_REP,World total except for the reporting country,ES,2017,32208.0
fats_g1a_08,M71,V16110,Persons employed - number,WRL_X_REP,World total except for the reporting country,ES,2018,32023.0
fats_g1a_08,M71,V16110,Persons employed - number,WRL_X_REP,World total except for the reporting country,ES,2019,35979.0
fats_g1a_08,M71,V16110,Persons employed - number,WRL_X_REP,World total except for the reporting country,ES,2020,39047.0
fats_g1a_08,M71,V16110,Persons employed - number,WRL_X_REP,World total except for the reporting country,EU27_2020,2010,207400.0
fats_g1a_08,M71,V16110,Persons employed - number,WRL_X_REP,World total except for the reporting country,EU27_2020,2012,225636.0
fats_g1a_08,M71,V16110,Persons employed - number,WRL_X_REP,World total except for the reporting country,EU27_2020,2013,236169.0
fats_g1a_08,M71,V16110,Persons employed - number,WRL_X_REP,World total except for the reporting country,EU27_2020,2014,246362.0
fats_g1a_08,M71,V16110,Persons employed - number,WRL_X_REP,World total except for the reporting country,EU27_2020,2015,258510.0
fats_g1a_08,M71,V16110,Persons employed - number,WRL_X_REP,World total except for the reporting country,EU27_2020,2016,267388.0
fats_g1a_08,M71,V16110,Persons employed - number,WRL_X_REP,World total except for the reporting country,EU27_2020,2017,300319.0
fats_g1a_08,M71,V16110,Persons employed - number,WRL_X_REP,World total except for the reporting country,EU27_2020,2018,312000.0
fats_g1a_08,M71,V16110,Persons employed - number,WRL_X_REP,World total except for the reporting country,EU27_2020,2019,344000.0
fats_g1a_08,M71,V16110,Persons employed - number,WRL_X_REP,World total except for the reporting country,EU27_2020,2020,340000.0
fats_g1a_08,M71,V16110,Persons employed - number,WRL_X_REP,World total except for the reporting country,EU28,2010,267563.0
fats_g1a_08,M71,V16110,Persons employed - number,WRL_X_REP,World total except for the reporting country,EU28,2012,296577.0
fats_g1a_08,M71,V16110,Persons employed - number,WRL_X_REP,World total except for the reporting country,EU28,2013,310207.0
fats_g1a_08,M71,V16110,Persons employed - number,WRL_X_REP,World total except for the reporting country,EU28,2014,316492.0
fats_g1a_08,M71,V16110,Persons employed - number,WRL_X_REP,World total except for the reporting country,EU28,2015,337389.0
fats_g1a_08,M71,V16110,Persons employed - number,WRL_X_REP,World total except for the reporting country,EU28,2016,349000.0
fats_g1a_08,M71,V16110,Persons employed - number,WRL_X_REP,World total except for the reporting country,EU28,2017,374000.0
fats_g1a_08,M71,V16110,Persons employed - number,WRL_X_REP,World total except for the reporting country,FI,2008,6981.0
fats_g1a_08,M71,V16110,Persons employed - number,WRL_X_REP,World total except for the reporting country,FI,2009,5980.0
fats_g1a_08,M71,V16110,Persons employed - number,WRL_X_REP,World total except for the reporting country,FI,2010,6126.0
fats_g1a_08,M71,V16110,Persons employed - number,WRL_X_REP,World total except for the reporting country,FI,2011,6348.0
fats_g1a_08,M71,V16110,Persons employed - number,WRL_X_REP,World total except for the reporting country,FI,2012,7211.0
fats_g1a_08,M71,V16110,Persons employed - number,WRL_X_REP,World total except for the reporting country,FI,2013,7158.0
fats_g1a_08,M71,V16110,Persons employed - number,WRL_X_REP,World total except for the reporting country,FI,2014,8176.0
fats_g1a_08,M71,V16110,Persons employed - number,WRL_X_REP,World total except for the reporting country,FI,2015,9244.0
fats_g1a_08,M71,V16110,Persons employed - number,WRL_X_REP,World total except for the reporting country,FI,2016,9939.0
fats_g1a_08,M71,V16110,Persons employed - number,WRL_X_REP,World total except for the reporting country,FI,2017,10473.0
fats_g1a_08,M71,V16110,Persons employed - number,WRL_X_REP,World total except for the reporting country,FI,2018,11239.0
fats_g1a_08,M71,V16110,Persons employed - number,WRL_X_REP,World total except for the reporting country,FI,2019,11444.0
fats_g1a_08,M71,V16110,Persons employed - number,WRL_X_REP,World total except for the reporting country,FI,2020,13272.0
fats_g1a_08,M71,V16110,Persons employed - number,WRL_X_REP,World total except for the reporting country,FR,2008,24551.0
fats_g1a_08,M71,V16110,Persons employed - number,WRL_X_REP,World total except for the reporting country,FR,2009,22723.0
fats_g1a_08,M71,V16110,Persons employed - number,WRL_X_REP,World total except for the reporting country,FR,2010,26797.0
fats_g1a_08,M71,V16110,Persons employed - number,WRL_X_REP,World total except for the reporting country,FR,2011,28305.0
fats_g1a_08,M71,V16110,Persons employed - number,WRL_X_REP,World total except for the reporting country,FR,2012,28324.0
fats_g1a_08,M71,V16110,Persons employed - number,WRL_X_REP,World total except for the reporting country,FR,2013,30248.0
fats_g1a_08,M71,V16110,Persons employed - number,WRL_X_REP,World total except for the reporting country,FR,2014,30909.0
fats_g1a_08,M71,V16110,Persons employed - number,WRL_X_REP,World total except for the reporting country,FR,2015,32470.0
fats_g1a_08,M71,V16110,Persons employed - number,WRL_X_REP,World total except for the reporting country,FR,2016,37780.0
fats_g1a_08,M71,V16110,Persons employed - number,WRL_X_REP,World total except for the reporting country,FR,2017,44782.0
fats_g1a_08,M71,V16110,Persons employed - number,WRL_X_REP,World total except for the reporting country,FR,2018,44370.0
fats_g1a_08,M71,V16110,Persons employed - number,WRL_X_REP,World total except for the reporting country,FR,2019,50941.0
fats_g1a_08,M71,V16110,Persons employed - number,WRL_X_REP,World total except for the reporting country,FR,2020,42995.0
fats_g1a_08,M71,V16110,Persons employed - number,WRL_X_REP,World total except for the reporting country,HU,2008,3305.0
fats_g1a_08,M71,V16110,Persons employed - number,WRL_X_REP,World total except for the reporting country,HU,2009,2984.0
fats_g1a_08,M71,V16110,Persons employed - number,WRL_X_REP,World total except for the reporting country,HU,2010,3183.0
fats_g1a_08,M71,V16110,Persons employed - number,WRL_X_REP,World total except for the reporting country,HU,2011,3405.0
fats_g1a_08,M71,V16110,Persons employed - number,WRL_X_REP,World total except for the reporting country,HU,2012,3734.0
fats_g1a_08,M71,V16110,Persons employed - number,WRL_X_REP,World total except for the reporting country,HU,2013,3725.0
fats_g1a_08,M71,V16110,Persons employed - number,WRL_X_REP,World total except for the reporting country,HU,2014,4241.0
fats_g1a_08,M71,V16110,Persons employed - number,WRL_X_REP,World total except for the reporting country,HU,2015,4639.0
fats_g1a_08,M71,V16110,Persons employed - number,WRL_X_REP,World total except for the reporting country,HU,2016,4892.0
fats_g1a_08,M71,V16110,Persons employed - number,WRL_X_REP,World total except for the reporting country,HU,2017,4900.0
fats_g1a_08,M71,V16110,Persons employed - number,WRL_X_REP,World total except for the reporting country,HU,2018,4933.0
fats_g1a_08,M71,V16110,Persons employed - number,WRL_X_REP,World total except for the reporting country,HU,2019,5797.0
fats_g1a_08,M71,V16110,Persons employed - number,WRL_X_REP,World total except for the reporting country,HU,2020,5678.0
fats_g1a_08,M71,V16110,Persons employed - number,WRL_X_REP,World total except for the reporting country,IE,2008,4695.0
fats_g1a_08,M71,V16110,Persons employed - number,WRL_X_REP,World total except for the reporting country,IE,2009,4450.0
fats_g1a_08,M71,V16110,Persons employed - number,WRL_X_REP,World total except for the reporting country,IE,2010,3670.0
fats_g1a_08,M71,V16110,Persons employed - number,WRL_X_REP,World total except for the reporting country,IE,2011,2868.0
fats_g1a_08,M71,V16110,Persons employed - number,WRL_X_REP,World total except for the reporting country,IE,2012,3429.0
fats_g1a_08,M71,V16110,Persons employed - number,WRL_X_REP,World total except for the reporting country,IE,2014,4348.0
fats_g1a_08,M71,V16110,Persons employed - number,WRL_X_REP,World total except for the reporting country,IE,2015,2600.0
fats_g1a_08,M71,V16110,Persons employed - number,WRL_X_REP,World total except for the reporting country,IE,2016,3994.0
fats_g1a_08,M71,V16110,Persons employed - number,WRL_X_REP,World total except for the reporting country,IE,2017,4723.0
fats_g1a_08,M71,V16110,Persons employed - number,WRL_X_REP,World total except for the reporting country,IE,2018,5559.0
fats_g1a_08,M71,V16110,Persons employed - number,WRL_X_REP,World total except for the reporting country,IE,2019,6808.0
fats_g1a_08,M71,V16110,Persons employed - number,WRL_X_REP,World total except for the reporting country,IT,2008,9416.0
fats_g1a_08,M71,V16110,Persons employed - number,WRL_X_REP,World total except for the reporting country,IT,2009,9643.0
fats_g1a_08,M71,V16110,Persons employed - number,WRL_X_REP,World total except for the reporting country,IT,2010,9852.0
fats_g1a_08,M71,V16110,Persons employed - number,WRL_X_REP,World total except for the reporting country,IT,2011,10797.0
fats_g1a_08,M71,V16110,Persons employed - number,WRL_X_REP,World total except for the reporting country,IT,2012,9877.0
fats_g1a_08,M71,V16110,Persons employed - number,WRL_X_REP,World total except for the reporting country,IT,2013,10746.0
fats_g1a_08,M71,V16110,Persons employed - number,WRL_X_REP,World total except for the reporting country,IT,2014,11674.0
fats_g1a_08,M71,V16110,Persons employed - number,WRL_X_REP,World total except for the reporting country,IT,2015,13950.0
fats_g1a_08,M71,V16110,Persons employed - number,WRL_X_REP,World total except for the reporting country,IT,2016,14906.0
fats_g1a_08,M71,V16110,Persons employed - number,WRL_X_REP,World total except for the reporting country,IT,2017,15802.0
fats_g1a_08,M71,V16110,Persons employed - number,WRL_X_REP,World total except for the reporting country,IT,2018,16900.0
fats_g1a_08,M71,V16110,Persons employed - number,WRL_X_REP,World total except for the reporting country,IT,2019,18736.0
fats_g1a_08,M71,V16110,Persons employed - number,WRL_X_REP,World total except for the reporting country,IT,2020,19868.0
fats_g1a_08,M71,V16110,Persons employed - number,WRL_X_REP,World total except for the reporting country,NL,2008,11339.0
fats_g1a_08,M71,V16110,Persons employed - number,WRL_X_REP,World total except for the reporting country,NL,2009,12735.0
fats_g1a_08,M71,V16110,Persons employed - number,WRL_X_REP,World total except for the reporting country,NL,2010,13031.0
fats_g1a_08,M71,V16110,Persons employed - number,WRL_X_REP,World total except for the reporting country,NL,2011,13852.0
fats_g1a_08,M71,V16110,Persons employed - number,WRL_X_REP,World total except for the reporting country,NL,2012,16664.0
fats_g1a_08,M71,V16110,Persons employed - number,WRL_X_REP,World total except for the reporting country,NL,2013,17577.0
fats_g1a_08,M71,V16110,Persons employed - number,WRL_X_REP,World total except for the reporting country,NL,2014,18525.0
fats_g1a_08,M71,V16110,Persons employed - number,WRL_X_REP,World total except for the reporting country,NL,2015,19213.0
fats_g1a_08,M71,V16110,Persons employed - number,WRL_X_REP,World total except for the reporting country,NL,2016,19091.0
fats_g1a_08,M71,V16110,Persons employed - number,WRL_X_REP,World total except for the reporting country,NL,2017,19760.0
fats_g1a_08,M71,V16110,Persons employed - number,WRL_X_REP,World total except for the reporting country,NL,2018,21163.0
fats_g1a_08,M71,V16110,Persons employed - number,WRL_X_REP,World total except for the reporting country,NL,2019,21106.0
fats_g1a_08,M71,V16110,Persons employed - number,WRL_X_REP,World total except for the reporting country,NL,2020,21163.0
fats_g1a_08,M71,V16110,Persons employed - number,WRL_X_REP,World total except for the reporting country,PL,2008,8578.0
fats_g1a_08,M71,V16110,Persons employed - number,WRL_X_REP,World total except for the reporting country,PL,2009,9559.0
fats_g1a_08,M71,V16110,Persons employed - number,WRL_X_REP,World total except for the reporting country,PL,2010,10218.0
fats_g1a_08,M71,V16110,Persons employed - number,WRL_X_REP,World total except for the reporting country,PL,2011,9083.0
fats_g1a_08,M71,V16110,Persons employed - number,WRL_X_REP,World total except for the reporting country,PL,2012,9352.0
fats_g1a_08,M71,V16110,Persons employed - number,WRL_X_REP,World total except for the reporting country,PL,2013,8829.0
fats_g1a_08,M71,V16110,Persons employed - number,WRL_X_REP,World total except for the reporting country,PL,2014,10029.0
fats_g1a_08,M71,V16110,Persons employed - number,WRL_X_REP,World total except for the reporting country,PL,2015,10093.0
fats_g1a_08,M71,V16110,Persons employed - number,WRL_X_REP,World total except for the reporting country,PL,2016,11333.0
fats_g1a_08,M71,V16110,Persons employed - number,WRL_X_REP,World total except for the reporting country,PL,2017,11923.0
fats_g1a_08,M71,V16110,Persons employed - number,WRL_X_REP,World total except for the reporting country,PL,2018,13006.0
fats_g1a_08,M71,V16110,Persons employed - number,WRL_X_REP,World total except for the reporting country,PL,2019,12549.0
fats_g1a_08,M71,V16110,Persons employed - number,WRL_X_REP,World total except for the reporting country,PL,2020,14692.0
fats_g1a_08,M71,V16110,Persons employed - number,WRL_X_REP,World total except for the reporting country,PT,2008,2751.0
fats_g1a_08,M71,V16110,Persons employed - number,WRL_X_REP,World total except for the reporting country,PT,2009,2912.0
fats_g1a_08,M71,V16110,Persons employed - number,WRL_X_REP,World total except for the reporting country,PT,2010,2781.0
fats_g1a_08,M71,V16110,Persons employed - number,WRL_X_REP,World total except for the reporting country,PT,2011,2691.0
fats_g1a_08,M71,V16110,Persons employed - number,WRL_X_REP,World total except for the reporting country,PT,2012,2327.0
fats_g1a_08,M71,V16110,Persons employed - number,WRL_X_REP,World total except for the reporting country,PT,2013,2390.0
fats_g1a_08,M71,V16110,Persons employed - number,WRL_X_REP,World total except for the reporting country,PT,2014,2607.0
fats_g1a_08,M71,V16110,Persons employed - number,WRL_X_REP,World total except for the reporting country,PT,2015,2564.0
fats_g1a_08,M71,V16110,Persons employed - number,WRL_X_REP,World total except for the reporting country,PT,2016,2798.0
fats_g1a_08,M71,V16110,Persons employed - number,WRL_X_REP,World total except for the reporting country,PT,2017,3171.0
fats_g1a_08,M71,V16110,Persons employed - number,WRL_X_REP,World total except for the reporting country,PT,2018,3597.0
fats_g1a_08,M71,V16110,Persons employed - number,WRL_X_REP,World total except for the reporting country,PT,2019,4699.0
fats_g1a_08,M71,V16110,Persons employed - number,WRL_X_REP,World total except for the reporting country,PT,2020,4666.0
fats_g1a_08,M71,V16110,Persons employed - number,WRL_X_REP,World total except for the reporting country,RO,2008,10211.0
fats_g1a_08,M71,V16110,Persons employed - number,WRL_X_REP,World total except for the reporting country,RO,2009,13984.0
fats_g1a_08,M71,V16110,Persons employed - number,WRL_X_REP,World total except for the reporting country,RO,2010,13808.0
fats_g1a_08,M71,V16110,Persons employed - number,WRL_X_REP,World total except for the reporting country,RO,2011,12679.0
fats_g1a_08,M71,V16110,Persons employed - number,WRL_X_REP,World total except for the reporting country,RO,2012,14733.0
fats_g1a_08,M71,V16110,Persons employed - number,WRL_X_REP,World total except for the reporting country,RO,2013,14291.0
fats_g1a_08,M71,V16110,Persons employed - number,WRL_X_REP,World total except for the reporting country,RO,2014,15222.0
fats_g1a_08,M71,V16110,Persons employed - number,WRL_X_REP,World total except for the reporting country,RO,2015,16101.0
fats_g1a_08,M71,V16110,Persons employed - number,WRL_X_REP,World total except for the reporting country,RO,2016,16661.0
fats_g1a_08,M71,V16110,Persons employed - number,WRL_X_REP,World total except for the reporting country,RO,2017,18443.0
fats_g1a_08,M71,V16110,Persons employed - number,WRL_X_REP,World total except for the reporting country,RO,2018,20877.0
fats_g1a_08,M71,V16110,Persons employed - number,WRL_X_REP,World total except for the reporting country,RO,2019,18280.0
fats_g1a_08,M71,V16110,Persons employed - number,WRL_X_REP,World total except for the reporting country,RO,2020,19450.0
fats_g1a_08,M71,V16110,Persons employed - number,WRL_X_REP,World total except for the reporting country,SE,2008,12955.0
fats_g1a_08,M71,V16110,Persons employed - number,WRL_X_REP,World total except for the reporting country,SE,2009,14708.0
fats_g1a_08,M71,V16110,Persons employed - number,WRL_X_REP,World total except for the reporting country,SE,2010,19197.0
fats_g1a_08,M71,V16110,Persons employed - number,WRL_X_REP,World total except for the reporting country,SE,2011,18524.0
fats_g1a_08,M71,V16110,Persons employed - number,WRL_X_REP,World total except for the reporting country,SE,2012,20011.0
fats_g1a_08,M71,V16110,Persons employed - number,WRL_X_REP,World total except for the reporting country,SE,2013,20177.0
fats_g1a_08,M71,V16110,Persons employed - number,WRL_X_REP,World total except for the reporting country,SE,2014,21103.0
fats_g1a_08,M71,V16110,Persons employed - number,WRL_X_REP,World total except for the reporting country,SE,2015,21413.0
fats_g1a_08,M71,V16110,Persons employed - number,WRL_X_REP,World total except for the reporting country,SE,2016,19293.0
fats_g1a_08,M71,V16110,Persons employed - number,WRL_X_REP,World total except for the reporting country,SE,2017,24631.0
fats_g1a_08,M71,V16110,Persons employed - number,WRL_X_REP,World total except for the reporting country,SE,2018,25802.0
fats_g1a_08,M71,V16110,Persons employed - number,WRL_X_REP,World total except for the reporting country,SE,2019,24636.0
fats_g1a_08,M71,V16110,Persons employed - number,WRL_X_REP,World total except for the reporting country,SE,2020,24771.0
fats_g1a_08,M71,V16110,Persons employed - number,WRL_X_REP,World total except for the reporting country,UK,2008,54039.0
fats_g1a_08,M71,V16110,Persons employed - number,WRL_X_REP,World total except for the reporting country,UK,2009,53352.0
fats_g1a_08,M71,V16110,Persons employed - number,WRL_X_REP,World total except for the reporting country,UK,2010,60163.0
fats_g1a_08,M71,V16110,Persons employed - number,WRL_X_REP,World total except for the reporting country,UK,2011,59614.0
fats_g1a_08,M71,V16110,Persons employed - number,WRL_X_REP,World total except for the reporting country,UK,2012,70941.0
fats_g1a_08,M71,V16110,Persons employed - number,WRL_X_REP,World total except for the reporting country,UK,2013,74038.0
fats_g1a_08,M71,V16110,Persons employed - number,WRL_X_REP,World total except for the reporting country,UK,2014,70130.0
fats_g1a_08,M71,V16110,Persons employed - number,WRL_X_REP,World total except for the reporting country,UK,2015,78879.0
fats_g1a_08,M71,V16110,Persons employed - number,WRL_X_REP,World total except for the reporting country,UK,2016,81612.0
fats_g1a_08,M71,V16110,Persons employed - number,WRL_X_REP,World total except for the reporting country,UK,2017,73681.0
fats_g1a_08,M71,V12110,Turnover or gross premiums written - million euro,WRL_X_REP,World total except for the reporting country,AT,2008,1485.6
fats_g1a_08,M71,V12110,Turnover or gross premiums written - million euro,WRL_X_REP,World total except for the reporting country,AT,2009,1708.7
fats_g1a_08,M71,V12110,Turnover or gross premiums written - million euro,WRL_X_REP,World total except for the reporting country,AT,2010,437.3
fats_g1a_08,M71,V12110,Turnover or gross premiums written - million euro,WRL_X_REP,World total except for the reporting country,AT,2011,482.9
fats_g1a_08,M71,V12110,Turnover or gross premiums written - million euro,WRL_X_REP,World total except for the reporting country,AT,2012,432.4
fats_g1a_08,M71,V12110,Turnover or gross premiums written - million euro,WRL_X_REP,World total except for the reporting country,AT,2013,450.2
fats_g1a_08,M71,V12110,Turnover or gross premiums written - million euro,WRL_X_REP,World total except for the reporting country,AT,2014,450.0
fats_g1a_08,M71,V12110,Turnover or gross premiums written - million euro,WRL_X_REP,World total except for the reporting country,AT,2015,489.0
fats_g1a_08,M71,V12110,Turnover or gross premiums written - million euro,WRL_X_REP,World total except for the reporting country,AT,2016,538.9
fats_g1a_08,M71,V12110,Turnover or gross premiums written - million euro,WRL_X_REP,World total except for the reporting country,AT,2017,558.3
fats_g1a_08,M71,V12110,Turnover or gross premiums written - million euro,WRL_X_REP,World total except for the reporting country,AT,2018,814.3
fats_g1a_08,M71,V12110,Turnover or gross premiums written - million euro,WRL_X_REP,World total except for the reporting country,AT,2019,1159.4
fats_g1a_08,M71,V12110,Turnover or gross premiums written - million euro,WRL_X_REP,World total except for the reporting country,AT,2020,1009.3
fats_g1a_08,M71,V12110,Turnover or gross premiums written - million euro,WRL_X_REP,World total except for the reporting country,BE,2010,1020.8
fats_g1a_08,M71,V12110,Turnover or gross premiums written - million euro,WRL_X_REP,World total except for the reporting country,BE,2011,1227.7
fats_g1a_08,M71,V12110,Turnover or gross premiums written - million euro,WRL_X_REP,World total except for the reporting country,BE,2012,1123.7
fats_g1a_08,M71,V12110,Turnover or gross premiums written - million euro,WRL_X_REP,World total except for the reporting country,BE,2014,941.1
fats_g1a_08,M71,V12110,Turnover or gross premiums written - million euro,WRL_X_REP,World total except for the reporting country,BE,2015,987.7
fats_g1a_08,M71,V12110,Turnover or gross premiums written - million euro,WRL_X_REP,World total except for the reporting country,BE,2016,883.8
fats_g1a_08,M71,V12110,Turnover or gross premiums written - million euro,WRL_X_REP,World total except for the reporting country,BE,2017,1345.5
fats_g1a_08,M71,V12110,Turnover or gross premiums written - million euro,WRL_X_REP,World total except for the reporting country,BE,2018,725.4
fats_g1a_08,M71,V12110,Turnover or gross premiums written - million euro,WRL_X_REP,World total except for the reporting country,BE,2019,914.9
fats_g1a_08,M71,V12110,Turnover or gross premiums written - million euro,WRL_X_REP,World total except for the reporting country,BE,2020,730.7
fats_g1a_08,M71,V12110,Turnover or gross premiums written - million euro,WRL_X_REP,World total except for the reporting country,CZ,2008,1887.8
fats_g1a_08,M71,V12110,Turnover or gross premiums written - million euro,WRL_X_REP,World total except for the reporting country,CZ,2009,1324.7
fats_g1a_08,M71,V12110,Turnover or gross premiums written - million euro,WRL_X_REP,World total except for the reporting country,CZ,2010,1262.2
fats_g1a_08,M71,V12110,Turnover or gross premiums written - million euro,WRL_X_REP,World total except for the reporting country,CZ,2011,1250.3
fats_g1a_08,M71,V12110,Turnover or gross premiums written - million euro,WRL_X_REP,World total except for the reporting country,CZ,2012,973.3
fats_g1a_08,M71,V12110,Turnover or gross premiums written - million euro,WRL_X_REP,World total except for the reporting country,CZ,2013,924.8
fats_g1a_08,M71,V12110,Turnover or gross premiums written - million euro,WRL_X_REP,World total except for the reporting country,CZ,2014,972.9
fats_g1a_08,M71,V12110,Turnover or gross premiums written - million euro,WRL_X_REP,World total except for the reporting country,CZ,2015,1099.2
fats_g1a_08,M71,V12110,Turnover or gross premiums written - million euro,WRL_X_REP,World total except for the reporting country,CZ,2016,958.8
fats_g1a_08,M71,V12110,Turnover or gross premiums written - million euro,WRL_X_REP,World total except for the reporting country,CZ,2017,1104.3
fats_g1a_08,M71,V12110,Turnover or gross premiums written - million euro,WRL_X_REP,World total except for the reporting country,CZ,2018,1330.6
fats_g1a_08,M71,V12110,Turnover or gross premiums written - million euro,WRL_X_REP,World total except for the reporting country,CZ,2019,1280.9
fats_g1a_08,M71,V12110,Turnover or gross premiums written - million euro,WRL_X_REP,World total except for the reporting country,CZ,2020,1096.5
fats_g1a_08,M71,V12110,Turnover or gross premiums written - million euro,WRL_X_REP,World total except for the reporting country,DE,2008,9411.2
fats_g1a_08,M71,V12110,Turnover or gross premiums written - million euro,WRL_X_REP,World total except for the reporting country,DE,2009,6780.5
fats_g1a_08,M71,V12110,Turnover or gross premiums written - million euro,WRL_X_REP,World total except for the reporting country,DE,2010,8097.0
fats_g1a_08,M71,V12110,Turnover or gross premiums written - million euro,WRL_X_REP,World total except for the reporting country,DE,2011,8093.6
fats_g1a_08,M71,V12110,Turnover or gross premiums written - million euro,WRL_X_REP,World total except for the reporting country,DE,2012,10322.9
fats_g1a_08,M71,V12110,Turnover or gross premiums written - million euro,WRL_X_REP,World total except for the reporting country,DE,2013,11863.6
fats_g1a_08,M71,V12110,Turnover or gross premiums written - million euro,WRL_X_REP,World total except for the reporting country,DE,2014,10159.0
fats_g1a_08,M71,V12110,Turnover or gross premiums written - million euro,WRL_X_REP,World total except for the reporting country,DE,2015,12174.4
fats_g1a_08,M71,V12110,Turnover or gross premiums written - million euro,WRL_X_REP,World total except for the reporting country,DE,2016,11060.2
fats_g1a_08,M71,V12110,Turnover or gross premiums written - million euro,WRL_X_REP,World total except for the reporting country,DE,2017,12638.4
fats_g1a_08,M71,V12110,Turnover or gross premiums written - million euro,WRL_X_REP,World total except for the reporting country,DE,2018,13425.2
fats_g1a_08,M71,V12110,Turnover or gross premiums written - million euro,WRL_X_REP,World total except for the reporting country,DE,2019,16902.4
fats_g1a_08,M71,V12110,Turnover or gross premiums written - million euro,WRL_X_REP,World total except for the reporting country,DE,2020,18632.0
fats_g1a_08,M71,V12110,Turnover or gross premiums written - million euro,WRL_X_REP,World total except for the reporting country,DK,2008,1658.3
fats_g1a_08,M71,V12110,Turnover or gross premiums written - million euro,WRL_X_REP,World total except for the reporting country,DK,2009,1171.6
fats_g1a_08,M71,V12110,Turnover or gross premiums written - million euro,WRL_X_REP,World total except for the reporting country,DK,2010,1152.6
fats_g1a_08,M71,V12110,Turnover or gross premiums written - million euro,WRL_X_REP,World total except for the reporting country,DK,2011,845.8
fats_g1a_08,M71,V12110,Turnover or gross premiums written - million euro,WRL_X_REP,World total except for the reporting country,DK,2012,867.1
fats_g1a_08,M71,V12110,Turnover or gross premiums written - million euro,WRL_X_REP,World total except for the reporting country,DK,2013,1005.6
fats_g1a_08,M71,V12110,Turnover or gross premiums written - million euro,WRL_X_REP,World total except for the reporting country,DK,2014,1141.4
fats_g1a_08,M71,V12110,Turnover or gross premiums written - million euro,WRL_X_REP,World total except for the reporting country,DK,2015,1295.3
fats_g1a_08,M71,V12110,Turnover or gross premiums written - million euro,WRL_X_REP,World total except for the reporting country,DK,2016,1423.8
fats_g1a_08,M71,V12110,Turnover or gross premiums written - million euro,WRL_X_REP,World total except for the reporting country,DK,2017,1423.4
fats_g1a_08,M71,V12110,Turnover or gross premiums written - million euro,WRL_X_REP,World total except for the reporting country,DK,2018,1700.6
fats_g1a_08,M71,V12110,Turnover or gross premiums written - million euro,WRL_X_REP,World total except for the reporting country,DK,2019,1716.9
fats_g1a_08,M71,V12110,Turnover or gross premiums written - million euro,WRL_X_REP,World total except for the reporting country,DK,2020,1715.0
fats_g1a_08,M71,V12110,Turnover or gross premiums written - million euro,WRL_X_REP,World total except for the reporting country,EL,2012,66.9
fats_g1a_08,M71,V12110,Turnover or gross premiums written - million euro,WRL_X_REP,World total except for the reporting country,EL,2013,118.5
fats_g1a_08,M71,V12110,Turnover or gross premiums written - million euro,WRL_X_REP,World total except for the reporting country,EL,2014,101.1
fats_g1a_08,M71,V12110,Turnover or gross premiums written - million euro,WRL_X_REP,World total except for the reporting country,EL,2015,130.3
fats_g1a_08,M71,V12110,Turnover or gross premiums written - million euro,WRL_X_REP,World total except for the reporting country,EL,2016,124.5
fats_g1a_08,M71,V12110,Turnover or gross premiums written - million euro,WRL_X_REP,World total except for the reporting country,EL,2017,130.3
fats_g1a_08,M71,V12110,Turnover or gross premiums written - million euro,WRL_X_REP,World total except for the reporting country,EL,2018,180.5
fats_g1a_08,M71,V12110,Turnover or gross premiums written - million euro,WRL_X_REP,World total except for the reporting country,EL,2019,213.0
fats_g1a_08,M71,V12110,Turnover or gross premiums written - million euro,WRL_X_REP,World total except for the reporting country,EL,2020,201.1
fats_g1a_08,M71,V12110,Turnover or gross premiums written - million euro,WRL_X_REP,World total except for the reporting country,ES,2008,2792.0
fats_g1a_08,M71,V12110,Turnover or gross premiums written - million euro,WRL_X_REP,World total except for the reporting country,ES,2009,2498.9
fats_g1a_08,M71,V12110,Turnover or gross premiums written - million euro,WRL_X_REP,World total except for the reporting country,ES,2010,2693.4
fats_g1a_08,M71,V12110,Turnover or gross premiums written - million euro,WRL_X_REP,World total except for the reporting country,ES,2011,2673.4
fats_g1a_08,M71,V12110,Turnover or gross premiums written - million euro,WRL_X_REP,World total except for the reporting country,ES,2012,2496.0
fats_g1a_08,M71,V12110,Turnover or gross premiums written - million euro,WRL_X_REP,World total except for the reporting country,ES,2013,3167.6
fats_g1a_08,M71,V12110,Turnover or gross premiums written - million euro,WRL_X_REP,World total except for the reporting country,ES,2014,2880.1
fats_g1a_08,M71,V12110,Turnover or gross premiums written - million euro,WRL_X_REP,World total except for the reporting country,ES,2015,3985.9
fats_g1a_08,M71,V12110,Turnover or gross premiums written - million euro,WRL_X_REP,World total except for the reporting country,ES,2016,3486.0
fats_g1a_08,M71,V12110,Turnover or gross premiums written - million euro,WRL_X_REP,World total except for the reporting country,ES,2017,3769.3
fats_g1a_08,M71,V12110,Turnover or gross premiums written - million euro,WRL_X_REP,World total except for the reporting country,ES,2018,3828.7
fats_g1a_08,M71,V12110,Turnover or gross premiums written - million euro,WRL_X_REP,World total except for the reporting country,ES,2019,3967.4
fats_g1a_08,M71,V12110,Turnover or gross premiums written - million euro,WRL_X_REP,World total except for the reporting country,ES,2020,4139.3
fats_g1a_08,M71,V12110,Turnover or gross premiums written - million euro,WRL_X_REP,World total except for the reporting country,EU27_2020,2010,35393.6
fats_g1a_08,M71,V12110,Turnover or gross premiums written - million euro,WRL_X_REP,World total except for the reporting country,EU27_2020,2011,35904.5
fats_g1a_08,M71,V12110,Turnover or gross premiums written - million euro,WRL_X_REP,World total except for the reporting country,EU27_2020,2012,36118.1
fats_g1a_08,M71,V12110,Turnover or gross premiums written - million euro,WRL_X_REP,World total except for the reporting country,EU27_2020,2013,38608.6
fats_g1a_08,M71,V12110,Turnover or gross premiums written - million euro,WRL_X_REP,World total except for the reporting country,EU27_2020,2014,38008.2
fats_g1a_08,M71,V12110,Turnover or gross premiums written - million euro,WRL_X_REP,World total except for the reporting country,EU27_2020,2015,45934.5
fats_g1a_08,M71,V12110,Turnover or gross premiums written - million euro,WRL_X_REP,World total except for the reporting country,EU27_2020,2016,44965.0
fats_g1a_08,M71,V12110,Turnover or gross premiums written - million euro,WRL_X_REP,World total except for the reporting country,EU27_2020,2017,51247.1
fats_g1a_08,M71,V12110,Turnover or gross premiums written - million euro,WRL_X_REP,World total except for the reporting country,EU27_2020,2018,52000.0
fats_g1a_08,M71,V12110,Turnover or gross premiums written - million euro,WRL_X_REP,World total except for the reporting country,EU27_2020,2019,60000.0
fats_g1a_08,M71,V12110,Turnover or gross premiums written - million euro,WRL_X_REP,World total except for the reporting country,EU28,2010,50000.0
fats_g1a_08,M71,V12110,Turnover or gross premiums written - million euro,WRL_X_REP,World total except for the reporting country,EU28,2011,50000.0
fats_g1a_08,M71,V12110,Turnover or gross premiums written - million euro,WRL_X_REP,World total except for the reporting country,EU28,2012,52512.8
fats_g1a_08,M71,V12110,Turnover or gross premiums written - million euro,WRL_X_REP,World total except for the reporting country,EU28,2013,57638.8
fats_g1a_08,M71,V12110,Turnover or gross premiums written - million euro,WRL_X_REP,World total except for the reporting country,EU28,2014,60000.0
fats_g1a_08,M71,V12110,Turnover or gross premiums written - million euro,WRL_X_REP,World total except for the reporting country,EU28,2015,73000.0
fats_g1a_08,M71,V12110,Turnover or gross premiums written - million euro,WRL_X_REP,World total except for the reporting country,EU28,2016,67000.0
fats_g1a_08,M71,V12110,Turnover or gross premiums written - million euro,WRL_X_REP,World total except for the reporting country,EU28,2017,74000.0
fats_g1a_08,M71,V12110,Turnover or gross premiums written - million euro,WRL_X_REP,World total except for the reporting country,FI,2008,809.8
fats_g1a_08,M71,V12110,Turnover or gross premiums written - million euro,WRL_X_REP,World total except for the reporting country,FI,2009,655.8
fats_g1a_08,M71,V12110,Turnover or gross premiums written - million euro,WRL_X_REP,World total except for the reporting country,FI,2010,641.4
fats_g1a_08,M71,V12110,Turnover or gross premiums written - million euro,WRL_X_REP,World total except for the reporting country,FI,2011,717.8
fats_g1a_08,M71,V12110,Turnover or gross premiums written - million euro,WRL_X_REP,World total except for the reporting country,FI,2012,741.9
fats_g1a_08,M71,V12110,Turnover or gross premiums written - million euro,WRL_X_REP,World total except for the reporting country,FI,2013,728.6
fats_g1a_08,M71,V12110,Turnover or gross premiums written - million euro,WRL_X_REP,World total except for the reporting country,FI,2014,846.2
fats_g1a_08,M71,V12110,Turnover or gross premiums written - million euro,WRL_X_REP,World total except for the reporting country,FI,2015,1276.1
fats_g1a_08,M71,V12110,Turnover or gross premiums written - million euro,WRL_X_REP,World total except for the reporting country,FI,2016,1269.2
fats_g1a_08,M71,V12110,Turnover or gross premiums written - million euro,WRL_X_REP,World total except for the reporting country,FI,2017,1403.5
fats_g1a_08,M71,V12110,Turnover or gross premiums written - million euro,WRL_X_REP,World total except for the reporting country,FI,2018,1592.8
fats_g1a_08,M71,V12110,Turnover or gross premiums written - million euro,WRL_X_REP,World total except for the reporting country,FI,2019,1528.5
fats_g1a_08,M71,V12110,Turnover or gross premiums written - million euro,WRL_X_REP,World total except for the reporting country,FI,2020,1909.0
fats_g1a_08,M71,V12110,Turnover or gross premiums written - million euro,WRL_X_REP,World total except for the reporting country,FR,2008,5188.0
fats_g1a_08,M71,V12110,Turnover or gross premiums written - million euro,WRL_X_REP,World total except for the reporting country,FR,2009,4243.9
fats_g1a_08,M71,V12110,Turnover or gross premiums written - million euro,WRL_X_REP,World total except for the reporting country,FR,2010,5388.1
fats_g1a_08,M71,V12110,Turnover or gross premiums written - million euro,WRL_X_REP,World total except for the reporting country,FR,2011,5853.2
fats_g1a_08,M71,V12110,Turnover or gross premiums written - million euro,WRL_X_REP,World total except for the reporting country,FR,2012,5501.7
fats_g1a_08,M71,V12110,Turnover or gross premiums written - million euro,WRL_X_REP,World total except for the reporting country,FR,2013,5692.7
fats_g1a_08,M71,V12110,Turnover or gross premiums written - million euro,WRL_X_REP,World total except for the reporting country,FR,2014,6199.8
fats_g1a_08,M71,V12110,Turnover or gross premiums written - million euro,WRL_X_REP,World total except for the reporting country,FR,2015,7544.3
fats_g1a_08,M71,V12110,Turnover or gross premiums written - million euro,WRL_X_REP,World total except for the reporting country,FR,2016,8592.4
fats_g1a_08,M71,V12110,Turnover or gross premiums written - million euro,WRL_X_REP,World total except for the reporting country,FR,2017,9340.1
fats_g1a_08,M71,V12110,Turnover or gross premiums written - million euro,WRL_X_REP,World total except for the reporting country,FR,2018,8450.8
fats_g1a_08,M71,V12110,Turnover or gross premiums written - million euro,WRL_X_REP,World total except for the reporting country,FR,2019,11690.2
fats_g1a_08,M71,V12110,Turnover or gross premiums written - million euro,WRL_X_REP,World total except for the reporting country,FR,2020,11922.5
fats_g1a_08,M71,V12110,Turnover or gross premiums written - million euro,WRL_X_REP,World total except for the reporting country,HU,2008,405.8
fats_g1a_08,M71,V12110,Turnover or gross premiums written - million euro,WRL_X_REP,World total except for the reporting country,HU,2009,337.1
fats_g1a_08,M71,V12110,Turnover or gross premiums written - million euro,WRL_X_REP,World total except for the reporting country,HU,2010,320.5
fats_g1a_08,M71,V12110,Turnover or gross premiums written - million euro,WRL_X_REP,World total except for the reporting country,HU,2011,310.2
fats_g1a_08,M71,V12110,Turnover or gross premiums written - million euro,WRL_X_REP,World total except for the reporting country,HU,2012,312.0
fats_g1a_08,M71,V12110,Turnover or gross premiums written - million euro,WRL_X_REP,World total except for the reporting country,HU,2013,337.0
fats_g1a_08,M71,V12110,Turnover or gross premiums written - million euro,WRL_X_REP,World total except for the reporting country,HU,2014,389.0
fats_g1a_08,M71,V12110,Turnover or gross premiums written - million euro,WRL_X_REP,World total except for the reporting country,HU,2015,387.7
fats_g1a_08,M71,V12110,Turnover or gross premiums written - million euro,WRL_X_REP,World total except for the reporting country,HU,2016,411.0
fats_g1a_08,M71,V12110,Turnover or gross premiums written - million euro,WRL_X_REP,World total except for the reporting country,HU,2017,524.5
fats_g1a_08,M71,V12110,Turnover or gross premiums written - million euro,WRL_X_REP,World total except for the reporting country,HU,2018,568.0
fats_g1a_08,M71,V12110,Turnover or gross premiums written - million euro,WRL_X_REP,World total except for the reporting country,HU,2019,702.4
fats_g1a_08,M71,V12110,Turnover or gross premiums written - million euro,WRL_X_REP,World total except for the reporting country,HU,2020,1029.6
fats_g1a_08,M71,V12110,Turnover or gross premiums written - million euro,WRL_X_REP,World total except for the reporting country,IE,2008,1246.5
fats_g1a_08,M71,V12110,Turnover or gross premiums written - million euro,WRL_X_REP,World total except for the reporting country,IE,2009,1279.6
fats_g1a_08,M71,V12110,Turnover or gross premiums written - million euro,WRL_X_REP,World total except for the reporting country,IE,2010,1027.0
fats_g1a_08,M71,V12110,Turnover or gross premiums written - million euro,WRL_X_REP,World total except for the reporting country,IE,2011,688.3
fats_g1a_08,M71,V12110,Turnover or gross premiums written - million euro,WRL_X_REP,World total except for the reporting country,IE,2012,898.1
fats_g1a_08,M71,V12110,Turnover or gross premiums written - million euro,WRL_X_REP,World total except for the reporting country,IE,2014,840.1
fats_g1a_08,M71,V12110,Turnover or gross premiums written - million euro,WRL_X_REP,World total except for the reporting country,IE,2015,692.2
fats_g1a_08,M71,V12110,Turnover or gross premiums written - million euro,WRL_X_REP,World total except for the reporting country,IE,2016,1331.5
fats_g1a_08,M71,V12110,Turnover or gross premiums written - million euro,WRL_X_REP,World total except for the reporting country,IE,2017,1729.0
fats_g1a_08,M71,V12110,Turnover or gross premiums written - million euro,WRL_X_REP,World total except for the reporting country,IE,2018,2550.2
fats_g1a_08,M71,V12110,Turnover or gross premiums written - million euro,WRL_X_REP,World total except for the reporting country,IE,2019,2933.4
fats_g1a_08,M71,V12110,Turnover or gross premiums written - million euro,WRL_X_REP,World total except for the reporting country,IT,2008,3559.4
fats_g1a_08,M71,V12110,Turnover or gross premiums written - million euro,WRL_X_REP,World total except for the reporting country,IT,2009,4017.2
fats_g1a_08,M71,V12110,Turnover or gross premiums written - million euro,WRL_X_REP,World total except for the reporting country,IT,2010,4404.9
fats_g1a_08,M71,V12110,Turnover or gross premiums written - million euro,WRL_X_REP,World total except for the reporting country,IT,2011,3913.5
fats_g1a_08,M71,V12110,Turnover or gross premiums written - million euro,WRL_X_REP,World total except for the reporting country,IT,2012,3315.7
fats_g1a_08,M71,V12110,Turnover or gross premiums written - million euro,WRL_X_REP,World total except for the reporting country,IT,2013,2720.7
fats_g1a_08,M71,V12110,Turnover or gross premiums written - million euro,WRL_X_REP,World total except for the reporting country,IT,2014,3286.5
fats_g1a_08,M71,V12110,Turnover or gross premiums written - million euro,WRL_X_REP,World total except for the reporting country,IT,2015,5808.8
fats_g1a_08,M71,V12110,Turnover or gross premiums written - million euro,WRL_X_REP,World total except for the reporting country,IT,2016,5692.6
fats_g1a_08,M71,V12110,Turnover or gross premiums written - million euro,WRL_X_REP,World total except for the reporting country,IT,2017,6019.1
fats_g1a_08,M71,V12110,Turnover or gross premiums written - million euro,WRL_X_REP,World total except for the reporting country,IT,2018,5124.6
fats_g1a_08,M71,V12110,Turnover or gross premiums written - million euro,WRL_X_REP,World total except for the reporting country,IT,2019,5110.5
fats_g1a_08,M71,V12110,Turnover or gross premiums written - million euro,WRL_X_REP,World total except for the reporting country,IT,2020,4093.8
fats_g1a_08,M71,V12110,Turnover or gross premiums written - million euro,WRL_X_REP,World total except for the reporting country,NL,2008,2392.5
fats_g1a_08,M71,V12110,Turnover or gross premiums written - million euro,WRL_X_REP,World total except for the reporting country,NL,2009,2480.4
fats_g1a_08,M71,V12110,Turnover or gross premiums written - million euro,WRL_X_REP,World total except for the reporting country,NL,2010,2469.6
fats_g1a_08,M71,V12110,Turnover or gross premiums written - million euro,WRL_X_REP,World total except for the reporting country,NL,2011,2866.0
fats_g1a_08,M71,V12110,Turnover or gross premiums written - million euro,WRL_X_REP,World total except for the reporting country,NL,2012,3026.9
fats_g1a_08,M71,V12110,Turnover or gross premiums written - million euro,WRL_X_REP,World total except for the reporting country,NL,2013,3330.1
fats_g1a_08,M71,V12110,Turnover or gross premiums written - million euro,WRL_X_REP,World total except for the reporting country,NL,2014,3600.2
fats_g1a_08,M71,V12110,Turnover or gross premiums written - million euro,WRL_X_REP,World total except for the reporting country,NL,2015,3484.4
fats_g1a_08,M71,V12110,Turnover or gross premiums written - million euro,WRL_X_REP,World total except for the reporting country,NL,2016,3738.0
fats_g1a_08,M71,V12110,Turnover or gross premiums written - million euro,WRL_X_REP,World total except for the reporting country,NL,2017,4148.1
fats_g1a_08,M71,V12110,Turnover or gross premiums written - million euro,WRL_X_REP,World total except for the reporting country,NL,2018,4225.1
fats_g1a_08,M71,V12110,Turnover or gross premiums written - million euro,WRL_X_REP,World total except for the reporting country,NL,2019,4453.2
fats_g1a_08,M71,V12110,Turnover or gross premiums written - million euro,WRL_X_REP,World total except for the reporting country,NL,2020,5072.8
fats_g1a_08,M71,V12110,Turnover or gross premiums written - million euro,WRL_X_REP,World total except for the reporting country,PL,2008,892.5
fats_g1a_08,M71,V12110,Turnover or gross premiums written - million euro,WRL_X_REP,World total except for the reporting country,PL,2009,818.5
fats_g1a_08,M71,V12110,Turnover or gross premiums written - million euro,WRL_X_REP,World total except for the reporting country,PL,2010,866.5
fats_g1a_08,M71,V12110,Turnover or gross premiums written - million euro,WRL_X_REP,World total except for the reporting country,PL,2011,702.0
fats_g1a_08,M71,V12110,Turnover or gross premiums written - million euro,WRL_X_REP,World total except for the reporting country,PL,2012,656.3
fats_g1a_08,M71,V12110,Turnover or gross premiums written - million euro,WRL_X_REP,World total except for the reporting country,PL,2013,626.2
fats_g1a_08,M71,V12110,Turnover or gross premiums written - million euro,WRL_X_REP,World total except for the reporting country,PL,2014,713.9
fats_g1a_08,M71,V12110,Turnover or gross premiums written - million euro,WRL_X_REP,World total except for the reporting country,PL,2015,765.6
fats_g1a_08,M71,V12110,Turnover or gross premiums written - million euro,WRL_X_REP,World total except for the reporting country,PL,2016,726.1
fats_g1a_08,M71,V12110,Turnover or gross premiums written - million euro,WRL_X_REP,World total except for the reporting country,PL,2017,777.8
fats_g1a_08,M71,V12110,Turnover or gross premiums written - million euro,WRL_X_REP,World total except for the reporting country,PL,2018,867.0
fats_g1a_08,M71,V12110,Turnover or gross premiums written - million euro,WRL_X_REP,World total except for the reporting country,PL,2019,820.7
fats_g1a_08,M71,V12110,Turnover or gross premiums written - million euro,WRL_X_REP,World total except for the reporting country,PL,2020,1076.2
fats_g1a_08,M71,V12110,Turnover or gross premiums written - million euro,WRL_X_REP,World total except for the reporting country,PT,2008,341.6
fats_g1a_08,M71,V12110,Turnover or gross premiums written - million euro,WRL_X_REP,World total except for the reporting country,PT,2009,403.6
fats_g1a_08,M71,V12110,Turnover or gross premiums written - million euro,WRL_X_REP,World total except for the reporting country,PT,2010,413.0
fats_g1a_08,M71,V12110,Turnover or gross premiums written - million euro,WRL_X_REP,World total except for the reporting country,PT,2011,359.0
fats_g1a_08,M71,V12110,Turnover or gross premiums written - million euro,WRL_X_REP,World total except for the reporting country,PT,2012,349.0
fats_g1a_08,M71,V12110,Turnover or gross premiums written - million euro,WRL_X_REP,World total except for the reporting country,PT,2013,373.0
fats_g1a_08,M71,V12110,Turnover or gross premiums written - million euro,WRL_X_REP,World total except for the reporting country,PT,2014,404.2
fats_g1a_08,M71,V12110,Turnover or gross premiums written - million euro,WRL_X_REP,World total except for the reporting country,PT,2015,340.6
fats_g1a_08,M71,V12110,Turnover or gross premiums written - million euro,WRL_X_REP,World total except for the reporting country,PT,2016,363.9
fats_g1a_08,M71,V12110,Turnover or gross premiums written - million euro,WRL_X_REP,World total except for the reporting country,PT,2017,461.0
fats_g1a_08,M71,V12110,Turnover or gross premiums written - million euro,WRL_X_REP,World total except for the reporting country,PT,2018,531.2
fats_g1a_08,M71,V12110,Turnover or gross premiums written - million euro,WRL_X_REP,World total except for the reporting country,PT,2019,590.7
fats_g1a_08,M71,V12110,Turnover or gross premiums written - million euro,WRL_X_REP,World total except for the reporting country,PT,2020,541.9
fats_g1a_08,M71,V12110,Turnover or gross premiums written - million euro,WRL_X_REP,World total except for the reporting country,RO,2008,632.8
fats_g1a_08,M71,V12110,Turnover or gross premiums written - million euro,WRL_X_REP,World total except for the reporting country,RO,2009,784.3
fats_g1a_08,M71,V12110,Turnover or gross premiums written - million euro,WRL_X_REP,World total except for the reporting country,RO,2010,844.1
fats_g1a_08,M71,V12110,Turnover or gross premiums written - million euro,WRL_X_REP,World total except for the reporting country,RO,2011,869.8
fats_g1a_08,M71,V12110,Turnover or gross premiums written - million euro,WRL_X_REP,World total except for the reporting country,RO,2012,939.8
fats_g1a_08,M71,V12110,Turnover or gross premiums written - million euro,WRL_X_REP,World total except for the reporting country,RO,2013,894.0
fats_g1a_08,M71,V12110,Turnover or gross premiums written - million euro,WRL_X_REP,World total except for the reporting country,RO,2014,1034.9
fats_g1a_08,M71,V12110,Turnover or gross premiums written - million euro,WRL_X_REP,World total except for the reporting country,RO,2015,1103.9
fats_g1a_08,M71,V12110,Turnover or gross premiums written - million euro,WRL_X_REP,World total except for the reporting country,RO,2016,880.4
fats_g1a_08,M71,V12110,Turnover or gross premiums written - million euro,WRL_X_REP,World total except for the reporting country,RO,2017,925.3
fats_g1a_08,M71,V12110,Turnover or gross premiums written - million euro,WRL_X_REP,World total except for the reporting country,RO,2018,1104.1
fats_g1a_08,M71,V12110,Turnover or gross premiums written - million euro,WRL_X_REP,World total except for the reporting country,RO,2019,1061.0
fats_g1a_08,M71,V12110,Turnover or gross premiums written - million euro,WRL_X_REP,World total except for the reporting country,RO,2020,1099.5
fats_g1a_08,M71,V12110,Turnover or gross premiums written - million euro,WRL_X_REP,World total except for the reporting country,SE,2008,1641.9
fats_g1a_08,M71,V12110,Turnover or gross premiums written - million euro,WRL_X_REP,World total except for the reporting country,SE,2009,2343.6
fats_g1a_08,M71,V12110,Turnover or gross premiums written - million euro,WRL_X_REP,World total except for the reporting country,SE,2010,3074.0
fats_g1a_08,M71,V12110,Turnover or gross premiums written - million euro,WRL_X_REP,World total except for the reporting country,SE,2011,2603.5
fats_g1a_08,M71,V12110,Turnover or gross premiums written - million euro,WRL_X_REP,World total except for the reporting country,SE,2012,2824.0
fats_g1a_08,M71,V12110,Turnover or gross premiums written - million euro,WRL_X_REP,World total except for the reporting country,SE,2013,2879.1
fats_g1a_08,M71,V12110,Turnover or gross premiums written - million euro,WRL_X_REP,World total except for the reporting country,SE,2014,2971.2
fats_g1a_08,M71,V12110,Turnover or gross premiums written - million euro,WRL_X_REP,World total except for the reporting country,SE,2015,3050.9
fats_g1a_08,M71,V12110,Turnover or gross premiums written - million euro,WRL_X_REP,World total except for the reporting country,SE,2016,3151.0
fats_g1a_08,M71,V12110,Turnover or gross premiums written - million euro,WRL_X_REP,World total except for the reporting country,SE,2017,3861.1
fats_g1a_08,M71,V12110,Turnover or gross premiums written - million euro,WRL_X_REP,World total except for the reporting country,SE,2018,3562.9
fats_g1a_08,M71,V12110,Turnover or gross premiums written - million euro,WRL_X_REP,World total except for the reporting country,SE,2019,3501.3
fats_g1a_08,M71,V12110,Turnover or gross premiums written - million euro,WRL_X_REP,World total except for the reporting country,SE,2020,4348.3
fats_g1a_08,M71,V12110,Turnover or gross premiums written - million euro,WRL_X_REP,World total except for the reporting country,UK,2008,14982.5
fats_g1a_08,M71,V12110,Turnover or gross premiums written - million euro,WRL_X_REP,World total except for the reporting country,UK,2009,14544.5
fats_g1a_08,M71,V12110,Turnover or gross premiums written - million euro,WRL_X_REP,World total except for the reporting country,UK,2010,14606.4
fats_g1a_08,M71,V12110,Turnover or gross premiums written - million euro,WRL_X_REP,World total except for the reporting country,UK,2011,14095.5
fats_g1a_08,M71,V12110,Turnover or gross premiums written - million euro,WRL_X_REP,World total except for the reporting country,UK,2012,16394.7
fats_g1a_08,M71,V12110,Turnover or gross premiums written - million euro,WRL_X_REP,World total except for the reporting country,UK,2013,19030.2
fats_g1a_08,M71,V12110,Turnover or gross premiums written - million euro,WRL_X_REP,World total except for the reporting country,UK,2014,21991.8
fats_g1a_08,M71,V12110,Turnover or gross premiums written - million euro,WRL_X_REP,World total except for the reporting country,UK,2015,27065.5
fats_g1a_08,M71,V12110,Turnover or gross premiums written - million euro,WRL_X_REP,World total except for the reporting country,UK,2016,22035.0
fats_g1a_08,M71,V12110,Turnover or gross premiums written - million euro,WRL_X_REP,World total except for the reporting country,UK,2017,22752.9
fats_g1a_08,M71,V11110,Enterprises - number,WRL_X_REP,World total except for the reporting country,AT,2008,150.0
fats_g1a_08,M71,V11110,Enterprises - number,WRL_X_REP,World total except for the reporting country,AT,2009,168.0
fats_g1a_08,M71,V11110,Enterprises - number,WRL_X_REP,World total except for the reporting country,AT,2010,168.0
fats_g1a_08,M71,V11110,Enterprises - number,WRL_X_REP,World total except for the reporting country,AT,2011,180.0
fats_g1a_08,M71,V11110,Enterprises - number,WRL_X_REP,World total except for the reporting country,AT,2012,188.0
fats_g1a_08,M71,V11110,Enterprises - number,WRL_X_REP,World total except for the reporting country,AT,2013,193.0
fats_g1a_08,M71,V11110,Enterprises - number,WRL_X_REP,World total except for the reporting country,AT,2014,193.0
fats_g1a_08,M71,V11110,Enterprises - number,WRL_X_REP,World total except for the reporting country,AT,2015,191.0
fats_g1a_08,M71,V11110,Enterprises - number,WRL_X_REP,World total except for the reporting country,AT,2016,188.0
fats_g1a_08,M71,V11110,Enterprises - number,WRL_X_REP,World total except for the reporting country,AT,2017,213.0
fats_g1a_08,M71,V11110,Enterprises - number,WRL_X_REP,World total except for the reporting country,AT,2018,227.0
fats_g1a_08,M71,V11110,Enterprises - number,WRL_X_REP,World total except for the reporting country,AT,2019,240.0
fats_g1a_08,M71,V11110,Enterprises - number,WRL_X_REP,World total except for the reporting country,AT,2020,252.0
fats_g1a_08,M71,V11110,Enterprises - number,WRL_X_REP,World total except for the reporting country,BE,2010,20.0
fats_g1a_08,M71,V11110,Enterprises - number,WRL_X_REP,World total except for the reporting country,BE,2011,20.0
fats_g1a_08,M71,V11110,Enterprises - number,WRL_X_REP,World total except for the reporting country,BE,2012,19.0
fats_g1a_08,M71,V11110,Enterprises - number,WRL_X_REP,World total except for the reporting country,BE,2014,18.0
fats_g1a_08,M71,V11110,Enterprises - number,WRL_X_REP,World total except for the reporting country,BE,2015,19.0
fats_g1a_08,M71,V11110,Enterprises - number,WRL_X_REP,World total except for the reporting country,BE,2016,10.0
fats_g1a_08,M71,V11110,Enterprises - number,WRL_X_REP,World total except for the reporting country,BE,2017,11.0
fats_g1a_08,M71,V11110,Enterprises - number,WRL_X_REP,World total except for the reporting country,BE,2018,7.0
fats_g1a_08,M71,V11110,Enterprises - number,WRL_X_REP,World total except for the reporting country,BE,2019,10.0
fats_g1a_08,M71,V11110,Enterprises - number,WRL_X_REP,World total except for the reporting country,BE,2020,8.0
fats_g1a_08,M71,V11110,Enterprises - number,WRL_X_REP,World total except for the reporting country,CZ,2008,477.0
fats_g1a_08,M71,V11110,Enterprises - number,WRL_X_REP,World total except for the reporting country,CZ,2009,643.0
fats_g1a_08,M71,V11110,Enterprises - number,WRL_X_REP,World total except for the reporting country,CZ,2010,576.0
fats_g1a_08,M71,V11110,Enterprises - number,WRL_X_REP,World total except for the reporting country,CZ,2011,376.0
fats_g1a_08,M71,V11110,Enterprises - number,WRL_X_REP,World total except for the reporting country,CZ,2012,331.0
fats_g1a_08,M71,V11110,Enterprises - number,WRL_X_REP,World total except for the reporting country,CZ,2013,329.0
fats_g1a_08,M71,V11110,Enterprises - number,WRL_X_REP,World total except for the reporting country,CZ,2014,314.0
fats_g1a_08,M71,V11110,Enterprises - number,WRL_X_REP,World total except for the reporting country,CZ,2015,300.0
fats_g1a_08,M71,V11110,Enterprises - number,WRL_X_REP,World total except for the reporting country,CZ,2016,278.0
fats_g1a_08,M71,V11110,Enterprises - number,WRL_X_REP,World total except for the reporting country,CZ,2017,324.0
fats_g1a_08,M71,V11110,Enterprises - number,WRL_X_REP,World total except for the reporting country,CZ,2018,383.0
fats_g1a_08,M71,V11110,Enterprises - number,WRL_X_REP,World total except for the reporting country,CZ,2019,376.0
fats_g1a_08,M71,V11110,Enterprises - number,WRL_X_REP,World total except for the reporting country,CZ,2020,415.0
fats_g1a_08,M71,V11110,Enterprises - number,WRL_X_REP,World total except for the reporting country,DE,2008,579.0
fats_g1a_08,M71,V11110,Enterprises - number,WRL_X_REP,World total except for the reporting country,DE,2009,623.0
fats_g1a_08,M71,V11110,Enterprises - number,WRL_X_REP,World total except for the reporting country,DE,2010,721.0
fats_g1a_08,M71,V11110,Enterprises - number,WRL_X_REP,World total except for the reporting country,DE,2011,709.0
fats_g1a_08,M71,V11110,Enterprises - number,WRL_X_REP,World total except for the reporting country,DE,2012,674.0
fats_g1a_08,M71,V11110,Enterprises - number,WRL_X_REP,World total except for the reporting country,DE,2013,751.0
fats_g1a_08,M71,V11110,Enterprises - number,WRL_X_REP,World total except for the reporting country,DE,2014,803.0
fats_g1a_08,M71,V11110,Enterprises - number,WRL_X_REP,World total except for the reporting country,DE,2015,823.0
fats_g1a_08,M71,V11110,Enterprises - number,WRL_X_REP,World total except for the reporting country,DE,2016,951.0
fats_g1a_08,M71,V11110,Enterprises - number,WRL_X_REP,World total except for the reporting country,DE,2017,1044.0
fats_g1a_08,M71,V11110,Enterprises - number,WRL_X_REP,World total except for the reporting country,DE,2018,865.0
fats_g1a_08,M71,V11110,Enterprises - number,WRL_X_REP,World total except for the reporting country,DE,2019,895.0
fats_g1a_08,M71,V11110,Enterprises - number,WRL_X_REP,World total except for the reporting country,DE,2020,883.0
fats_g1a_08,M71,V11110,Enterprises - number,WRL_X_REP,World total except for the reporting country,DK,2008,84.0
fats_g1a_08,M71,V11110,Enterprises - number,WRL_X_REP,World total except for the reporting country,DK,2009,57.0
fats_g1a_08,M71,V11110,Enterprises - number,WRL_X_REP,World total except for the reporting country,DK,2010,55.0
fats_g1a_08,M71,V11110,Enterprises - number,WRL_X_REP,World total except for the reporting country,DK,2011,68.0
fats_g1a_08,M71,V11110,Enterprises - number,WRL_X_REP,World total except for the reporting country,DK,2012,55.0
fats_g1a_08,M71,V11110,Enterprises - number,WRL_X_REP,World total except for the reporting country,DK,2013,61.0
fats_g1a_08,M71,V11110,Enterprises - number,WRL_X_REP,World total except for the reporting country,DK,2014,69.0
fats_g1a_08,M71,V11110,Enterprises - number,WRL_X_REP,World total except for the reporting country,DK,2015,130.0
fats_g1a_08,M71,V11110,Enterprises - number,WRL_X_REP,World total except for the reporting country,DK,2016,143.0
fats_g1a_08,M71,V11110,Enterprises - number,WRL_X_REP,World total except for the reporting country,DK,2017,157.0
fats_g1a_08,M71,V11110,Enterprises - number,WRL_X_REP,World total except for the reporting country,DK,2018,164.0
fats_g1a_08,M71,V11110,Enterprises - number,WRL_X_REP,World total except for the reporting country,DK,2019,170.0
fats_g1a_08,M71,V11110,Enterprises - number,WRL_X_REP,World total except for the reporting country,DK,2020,161.0
fats_g1a_08,M71,V11110,Enterprises - number,WRL_X_REP,World total except for the reporting country,EL,2012,27.0
fats_g1a_08,M71,V11110,Enterprises - number,WRL_X_REP,World total except for the reporting country,EL,2013,38.0
fats_g1a_08,M71,V11110,Enterprises - number,WRL_X_REP,World total except for the reporting country,EL,2014,47.0
fats_g1a_08,M71,V11110,Enterprises - number,WRL_X_REP,World total except for the reporting country,EL,2015,53.0
fats_g1a_08,M71,V11110,Enterprises - number,WRL_X_REP,World total except for the reporting country,EL,2016,49.0
fats_g1a_08,M71,V11110,Enterprises - number,WRL_X_REP,World total except for the reporting country,EL,2017,55.0
fats_g1a_08,M71,V11110,Enterprises - number,WRL_X_REP,World total except for the reporting country,EL,2018,61.0
fats_g1a_08,M71,V11110,Enterprises - number,WRL_X_REP,World total except for the reporting country,EL,2019,66.0
fats_g1a_08,M71,V11110,Enterprises - number,WRL_X_REP,World total except for the reporting country,EL,2020,72.0
fats_g1a_08,M71,V11110,Enterprises - number,WRL_X_REP,World total except for the reporting country,ES,2008,174.0
fats_g1a_08,M71,V11110,Enterprises - number,WRL_X_REP,World total except for the reporting country,ES,2009,221.0
fats_g1a_08,M71,V11110,Enterprises - number,WRL_X_REP,World total except for the reporting country,ES,2010,262.0
fats_g1a_08,M71,V11110,Enterprises - number,WRL_X_REP,World total except for the reporting country,ES,2011,272.0
fats_g1a_08,M71,V11110,Enterprises - number,WRL_X_REP,World total except for the reporting country,ES,2012,289.0
fats_g1a_08,M71,V11110,Enterprises - number,WRL_X_REP,World total except for the reporting country,ES,2013,348.0
fats_g1a_08,M71,V11110,Enterprises - number,WRL_X_REP,World total except for the reporting country,ES,2014,350.0
fats_g1a_08,M71,V11110,Enterprises - number,WRL_X_REP,World total except for the reporting country,ES,2015,416.0
fats_g1a_08,M71,V11110,Enterprises - number,WRL_X_REP,World total except for the reporting country,ES,2016,355.0
fats_g1a_08,M71,V11110,Enterprises - number,WRL_X_REP,World total except for the reporting country,ES,2017,382.0
fats_g1a_08,M71,V11110,Enterprises - number,WRL_X_REP,World total except for the reporting country,ES,2018,319.0
fats_g1a_08,M71,V11110,Enterprises - number,WRL_X_REP,World total except for the reporting country,ES,2019,355.0
fats_g1a_08,M71,V11110,Enterprises - number,WRL_X_REP,World total except for the reporting country,ES,2020,362.0
fats_g1a_08,M71,V11110,Enterprises - number,WRL_X_REP,World total except for the reporting country,EU27_2020,2010,5761.0
fats_g1a_08,M71,V11110,Enterprises - number,WRL_X_REP,World total except for the reporting country,EU27_2020,2011,5358.0
fats_g1a_08,M71,V11110,Enterprises - number,WRL_X_REP,World total except for the reporting country,EU27_2020,2012,5589.0
fats_g1a_08,M71,V11110,Enterprises - number,WRL_X_REP,World total except for the reporting country,EU27_2020,2013,6091.0
fats_g1a_08,M71,V11110,Enterprises - number,WRL_X_REP,World total except for the reporting country,EU27_2020,2014,6326.0
fats_g1a_08,M71,V11110,Enterprises - number,WRL_X_REP,World total except for the reporting country,EU27_2020,2015,6579.0
fats_g1a_08,M71,V11110,Enterprises - number,WRL_X_REP,World total except for the reporting country,EU27_2020,2016,6781.0
fats_g1a_08,M71,V11110,Enterprises - number,WRL_X_REP,World total except for the reporting country,EU27_2020,2018,6800.0
fats_g1a_08,M71,V11110,Enterprises - number,WRL_X_REP,World total except for the reporting country,EU27_2020,2019,6900.0
fats_g1a_08,M71,V11110,Enterprises - number,WRL_X_REP,World total except for the reporting country,EU27_2020,2020,7000.0
fats_g1a_08,M71,V11110,Enterprises - number,WRL_X_REP,World total except for the reporting country,EU28,2010,6417.0
fats_g1a_08,M71,V11110,Enterprises - number,WRL_X_REP,World total except for the reporting country,EU28,2011,6000.0
fats_g1a_08,M71,V11110,Enterprises - number,WRL_X_REP,World total except for the reporting country,EU28,2012,6273.0
fats_g1a_08,M71,V11110,Enterprises - number,WRL_X_REP,World total except for the reporting country,EU28,2013,6798.0
fats_g1a_08,M71,V11110,Enterprises - number,WRL_X_REP,World total except for the reporting country,EU28,2014,7071.0
fats_g1a_08,M71,V11110,Enterprises - number,WRL_X_REP,World total except for the reporting country,EU28,2015,7343.0
fats_g1a_08,M71,V11110,Enterprises - number,WRL_X_REP,World total except for the reporting country,EU28,2016,7530.0
fats_g1a_08,M71,V11110,Enterprises - number,WRL_X_REP,World total except for the reporting country,FI,2008,100.0
fats_g1a_08,M71,V11110,Enterprises - number,WRL_X_REP,World total except for the reporting country,FI,2009,93.0
fats_g1a_08,M71,V11110,Enterprises - number,WRL_X_REP,World total except for the reporting country,FI,2010,96.0
fats_g1a_08,M71,V11110,Enterprises - number,WRL_X_REP,World total except for the reporting country,FI,2011,100.0
fats_g1a_08,M71,V11110,Enterprises - number,WRL_X_REP,World total except for the reporting country,FI,2012,116.0
fats_g1a_08,M71,V11110,Enterprises - number,WRL_X_REP,World total except for the reporting country,FI,2013,107.0
fats_g1a_08,M71,V11110,Enterprises - number,WRL_X_REP,World total except for the reporting country,FI,2014,115.0
fats_g1a_08,M71,V11110,Enterprises - number,WRL_X_REP,World total except for the reporting country,FI,2015,118.0
fats_g1a_08,M71,V11110,Enterprises - number,WRL_X_REP,World total except for the reporting country,FI,2016,117.0
fats_g1a_08,M71,V11110,Enterprises - number,WRL_X_REP,World total except for the reporting country,FI,2017,116.0
fats_g1a_08,M71,V11110,Enterprises - number,WRL_X_REP,World total except for the reporting country,FI,2018,131.0
fats_g1a_08,M71,V11110,Enterprises - number,WRL_X_REP,World total except for the reporting country,FI,2019,129.0
fats_g1a_08,M71,V11110,Enterprises - number,WRL_X_REP,World total except for the reporting country,FI,2020,132.0
fats_g1a_08,M71,V11110,Enterprises - number,WRL_X_REP,World total except for the reporting country,FR,2008,410.0
fats_g1a_08,M71,V11110,Enterprises - number,WRL_X_REP,World total except for the reporting country,FR,2009,397.0
fats_g1a_08,M71,V11110,Enterprises - number,WRL_X_REP,World total except for the reporting country,FR,2010,461.0
fats_g1a_08,M71,V11110,Enterprises - number,WRL_X_REP,World total except for the reporting country,FR,2011,491.0
fats_g1a_08,M71,V11110,Enterprises - number,WRL_X_REP,World total except for the reporting country,FR,2012,495.0
fats_g1a_08,M71,V11110,Enterprises - number,WRL_X_REP,World total except for the reporting country,FR,2013,691.0
fats_g1a_08,M71,V11110,Enterprises - number,WRL_X_REP,World total except for the reporting country,FR,2014,721.0
fats_g1a_08,M71,V11110,Enterprises - number,WRL_X_REP,World total except for the reporting country,FR,2015,921.0
fats_g1a_08,M71,V11110,Enterprises - number,WRL_X_REP,World total except for the reporting country,FR,2016,970.0
fats_g1a_08,M71,V11110,Enterprises - number,WRL_X_REP,World total except for the reporting country,FR,2017,601.0
fats_g1a_08,M71,V11110,Enterprises - number,WRL_X_REP,World total except for the reporting country,FR,2018,505.0
fats_g1a_08,M71,V11110,Enterprises - number,WRL_X_REP,World total except for the reporting country,FR,2019,534.0
fats_g1a_08,M71,V11110,Enterprises - number,WRL_X_REP,World total except for the reporting country,FR,2020,549.0
fats_g1a_08,M71,V11110,Enterprises - number,WRL_X_REP,World total except for the reporting country,HU,2008,307.0
fats_g1a_08,M71,V11110,Enterprises - number,WRL_X_REP,World total except for the reporting country,HU,2009,301.0
fats_g1a_08,M71,V11110,Enterprises - number,WRL_X_REP,World total except for the reporting country,HU,2010,259.0
fats_g1a_08,M71,V11110,Enterprises - number,WRL_X_REP,World total except for the reporting country,HU,2011,271.0
fats_g1a_08,M71,V11110,Enterprises - number,WRL_X_REP,World total except for the reporting country,HU,2012,268.0
fats_g1a_08,M71,V11110,Enterprises - number,WRL_X_REP,World total except for the reporting country,HU,2013,264.0
fats_g1a_08,M71,V11110,Enterprises - number,WRL_X_REP,World total except for the reporting country,HU,2014,287.0
fats_g1a_08,M71,V11110,Enterprises - number,WRL_X_REP,World total except for the reporting country,HU,2015,278.0
fats_g1a_08,M71,V11110,Enterprises - number,WRL_X_REP,World total except for the reporting country,HU,2016,268.0
fats_g1a_08,M71,V11110,Enterprises - number,WRL_X_REP,World total except for the reporting country,HU,2017,245.0
fats_g1a_08,M71,V11110,Enterprises - number,WRL_X_REP,World total except for the reporting country,HU,2018,268.0
fats_g1a_08,M71,V11110,Enterprises - number,WRL_X_REP,World total except for the reporting country,HU,2019,258.0
fats_g1a_08,M71,V11110,Enterprises - number,WRL_X_REP,World total except for the reporting country,HU,2020,253.0
fats_g1a_08,M71,V11110,Enterprises - number,WRL_X_REP,World total except for the reporting country,IE,2008,99.0
fats_g1a_08,M71,V11110,Enterprises - number,WRL_X_REP,World total except for the reporting country,IE,2009,100.0
fats_g1a_08,M71,V11110,Enterprises - number,WRL_X_REP,World total except for the reporting country,IE,2010,69.0
fats_g1a_08,M71,V11110,Enterprises - number,WRL_X_REP,World total except for the reporting country,IE,2011,128.0
fats_g1a_08,M71,V11110,Enterprises - number,WRL_X_REP,World total except for the reporting country,IE,2012,69.0
fats_g1a_08,M71,V11110,Enterprises - number,WRL_X_REP,World total except for the reporting country,IE,2014,94.0
fats_g1a_08,M71,V11110,Enterprises - number,WRL_X_REP,World total except for the reporting country,IE,2015,73.0
fats_g1a_08,M71,V11110,Enterprises - number,WRL_X_REP,World total except for the reporting country,IE,2016,69.0
fats_g1a_08,M71,V11110,Enterprises - number,WRL_X_REP,World total except for the reporting country,IE,2017,83.0
fats_g1a_08,M71,V11110,Enterprises - number,WRL_X_REP,World total except for the reporting country,IE,2018,158.0
fats_g1a_08,M71,V11110,Enterprises - number,WRL_X_REP,World total except for the reporting country,IE,2019,147.0
fats_g1a_08,M71,V11110,Enterprises - number,WRL_X_REP,World total except for the reporting country,IT,2008,194.0
fats_g1a_08,M71,V11110,Enterprises - number,WRL_X_REP,World total except for the reporting country,IT,2009,197.0
fats_g1a_08,M71,V11110,Enterprises - number,WRL_X_REP,World total except for the reporting country,IT,2010,185.0
fats_g1a_08,M71,V11110,Enterprises - number,WRL_X_REP,World total except for the reporting country,IT,2011,205.0
fats_g1a_08,M71,V11110,Enterprises - number,WRL_X_REP,World total except for the reporting country,IT,2012,182.0
fats_g1a_08,M71,V11110,Enterprises - number,WRL_X_REP,World total except for the reporting country,IT,2013,210.0
fats_g1a_08,M71,V11110,Enterprises - number,WRL_X_REP,World total except for the reporting country,IT,2014,195.0
fats_g1a_08,M71,V11110,Enterprises - number,WRL_X_REP,World total except for the reporting country,IT,2015,194.0
fats_g1a_08,M71,V11110,Enterprises - number,WRL_X_REP,World total except for the reporting country,IT,2016,205.0
fats_g1a_08,M71,V11110,Enterprises - number,WRL_X_REP,World total except for the reporting country,IT,2017,220.0
fats_g1a_08,M71,V11110,Enterprises - number,WRL_X_REP,World total except for the reporting country,IT,2018,191.0
fats_g1a_08,M71,V11110,Enterprises - number,WRL_X_REP,World total except for the reporting country,IT,2019,195.0
fats_g1a_08,M71,V11110,Enterprises - number,WRL_X_REP,World total except for the reporting country,IT,2020,198.0
fats_g1a_08,M71,V11110,Enterprises - number,WRL_X_REP,World total except for the reporting country,NL,2008,159.0
fats_g1a_08,M71,V11110,Enterprises - number,WRL_X_REP,World total except for the reporting country,NL,2009,162.0
fats_g1a_08,M71,V11110,Enterprises - number,WRL_X_REP,World total except for the reporting country,NL,2010,205.0
fats_g1a_08,M71,V11110,Enterprises - number,WRL_X_REP,World total except for the reporting country,NL,2011,263.0
fats_g1a_08,M71,V11110,Enterprises - number,WRL_X_REP,World total except for the reporting country,NL,2012,273.0
fats_g1a_08,M71,V11110,Enterprises - number,WRL_X_REP,World total except for the reporting country,NL,2013,371.0
fats_g1a_08,M71,V11110,Enterprises - number,WRL_X_REP,World total except for the reporting country,NL,2014,396.0
fats_g1a_08,M71,V11110,Enterprises - number,WRL_X_REP,World total except for the reporting country,NL,2015,380.0
fats_g1a_08,M71,V11110,Enterprises - number,WRL_X_REP,World total except for the reporting country,NL,2016,394.0
fats_g1a_08,M71,V11110,Enterprises - number,WRL_X_REP,World total except for the reporting country,NL,2017,414.0
fats_g1a_08,M71,V11110,Enterprises - number,WRL_X_REP,World total except for the reporting country,NL,2018,470.0
fats_g1a_08,M71,V11110,Enterprises - number,WRL_X_REP,World total except for the reporting country,NL,2019,466.0
fats_g1a_08,M71,V11110,Enterprises - number,WRL_X_REP,World total except for the reporting country,NL,2020,512.0
fats_g1a_08,M71,V11110,Enterprises - number,WRL_X_REP,World total except for the reporting country,PL,2008,102.0
fats_g1a_08,M71,V11110,Enterprises - number,WRL_X_REP,World total except for the reporting country,PL,2009,107.0
fats_g1a_08,M71,V11110,Enterprises - number,WRL_X_REP,World total except for the reporting country,PL,2010,116.0
fats_g1a_08,M71,V11110,Enterprises - number,WRL_X_REP,World total except for the reporting country,PL,2011,127.0
fats_g1a_08,M71,V11110,Enterprises - number,WRL_X_REP,World total except for the reporting country,PL,2012,133.0
fats_g1a_08,M71,V11110,Enterprises - number,WRL_X_REP,World total except for the reporting country,PL,2013,131.0
fats_g1a_08,M71,V11110,Enterprises - number,WRL_X_REP,World total except for the reporting country,PL,2014,125.0
fats_g1a_08,M71,V11110,Enterprises - number,WRL_X_REP,World total except for the reporting country,PL,2015,124.0
fats_g1a_08,M71,V11110,Enterprises - number,WRL_X_REP,World total except for the reporting country,PL,2016,127.0
fats_g1a_08,M71,V11110,Enterprises - number,WRL_X_REP,World total except for the reporting country,PL,2017,133.0
fats_g1a_08,M71,V11110,Enterprises - number,WRL_X_REP,World total except for the reporting country,PL,2018,151.0
fats_g1a_08,M71,V11110,Enterprises - number,WRL_X_REP,World total except for the reporting country,PL,2019,146.0
fats_g1a_08,M71,V11110,Enterprises - number,WRL_X_REP,World total except for the reporting country,PL,2020,155.0
fats_g1a_08,M71,V11110,Enterprises - number,WRL_X_REP,World total except for the reporting country,PT,2008,129.0
fats_g1a_08,M71,V11110,Enterprises - number,WRL_X_REP,World total except for the reporting country,PT,2009,132.0
fats_g1a_08,M71,V11110,Enterprises - number,WRL_X_REP,World total except for the reporting country,PT,2010,131.0
fats_g1a_08,M71,V11110,Enterprises - number,WRL_X_REP,World total except for the reporting country,PT,2011,127.0
fats_g1a_08,M71,V11110,Enterprises - number,WRL_X_REP,World total except for the reporting country,PT,2012,118.0
fats_g1a_08,M71,V11110,Enterprises - number,WRL_X_REP,World total except for the reporting country,PT,2013,113.0
fats_g1a_08,M71,V11110,Enterprises - number,WRL_X_REP,World total except for the reporting country,PT,2014,128.0
fats_g1a_08,M71,V11110,Enterprises - number,WRL_X_REP,World total except for the reporting country,PT,2015,133.0
fats_g1a_08,M71,V11110,Enterprises - number,WRL_X_REP,World total except for the reporting country,PT,2016,136.0
fats_g1a_08,M71,V11110,Enterprises - number,WRL_X_REP,World total except for the reporting country,PT,2017,133.0
fats_g1a_08,M71,V11110,Enterprises - number,WRL_X_REP,World total except for the reporting country,PT,2018,149.0
fats_g1a_08,M71,V11110,Enterprises - number,WRL_X_REP,World total except for the reporting country,PT,2019,185.0
fats_g1a_08,M71,V11110,Enterprises - number,WRL_X_REP,World total except for the reporting country,PT,2020,188.0
fats_g1a_08,M71,V11110,Enterprises - number,WRL_X_REP,World total except for the reporting country,RO,2008,272.0
fats_g1a_08,M71,V11110,Enterprises - number,WRL_X_REP,World total except for the reporting country,RO,2009,869.0
fats_g1a_08,M71,V11110,Enterprises - number,WRL_X_REP,World total except for the reporting country,RO,2010,907.0
fats_g1a_08,M71,V11110,Enterprises - number,WRL_X_REP,World total except for the reporting country,RO,2011,396.0
fats_g1a_08,M71,V11110,Enterprises - number,WRL_X_REP,World total except for the reporting country,RO,2012,772.0
fats_g1a_08,M71,V11110,Enterprises - number,WRL_X_REP,World total except for the reporting country,RO,2013,738.0
fats_g1a_08,M71,V11110,Enterprises - number,WRL_X_REP,World total except for the reporting country,RO,2014,887.0
fats_g1a_08,M71,V11110,Enterprises - number,WRL_X_REP,World total except for the reporting country,RO,2015,818.0
fats_g1a_08,M71,V11110,Enterprises - number,WRL_X_REP,World total except for the reporting country,RO,2016,828.0
fats_g1a_08,M71,V11110,Enterprises - number,WRL_X_REP,World total except for the reporting country,RO,2017,856.0
fats_g1a_08,M71,V11110,Enterprises - number,WRL_X_REP,World total except for the reporting country,RO,2018,863.0
fats_g1a_08,M71,V11110,Enterprises - number,WRL_X_REP,World total except for the reporting country,RO,2019,823.0
fats_g1a_08,M71,V11110,Enterprises - number,WRL_X_REP,World total except for the reporting country,RO,2020,813.0
fats_g1a_08,M71,V11110,Enterprises - number,WRL_X_REP,World total except for the reporting country,SE,2008,345.0
fats_g1a_08,M71,V11110,Enterprises - number,WRL_X_REP,World total except for the reporting country,SE,2009,384.0
fats_g1a_08,M71,V11110,Enterprises - number,WRL_X_REP,World total except for the reporting country,SE,2010,414.0
fats_g1a_08,M71,V11110,Enterprises - number,WRL_X_REP,World total except for the reporting country,SE,2011,431.0
fats_g1a_08,M71,V11110,Enterprises - number,WRL_X_REP,World total except for the reporting country,SE,2012,431.0
fats_g1a_08,M71,V11110,Enterprises - number,WRL_X_REP,World total except for the reporting country,SE,2013,433.0
fats_g1a_08,M71,V11110,Enterprises - number,WRL_X_REP,World total except for the reporting country,SE,2014,435.0
fats_g1a_08,M71,V11110,Enterprises - number,WRL_X_REP,World total except for the reporting country,SE,2015,415.0
fats_g1a_08,M71,V11110,Enterprises - number,WRL_X_REP,World total except for the reporting country,SE,2016,444.0
fats_g1a_08,M71,V11110,Enterprises - number,WRL_X_REP,World total except for the reporting country,SE,2017,438.0
fats_g1a_08,M71,V11110,Enterprises - number,WRL_X_REP,World total except for the reporting country,SE,2018,433.0
fats_g1a_08,M71,V11110,Enterprises - number,WRL_X_REP,World total except for the reporting country,SE,2019,450.0
fats_g1a_08,M71,V11110,Enterprises - number,WRL_X_REP,World total except for the reporting country,SE,2020,447.0
fats_g1a_08,M71,V11110,Enterprises - number,WRL_X_REP,World total except for the reporting country,UK,2008,625.0
fats_g1a_08,M71,V11110,Enterprises - number,WRL_X_REP,World total except for the reporting country,UK,2009,647.0
fats_g1a_08,M71,V11110,Enterprises - number,WRL_X_REP,World total except for the reporting country,UK,2010,656.0
fats_g1a_08,M71,V11110,Enterprises - number,WRL_X_REP,World total except for the reporting country,UK,2011,642.0
fats_g1a_08,M71,V11110,Enterprises - number,WRL_X_REP,World total except for the reporting country,UK,2012,684.0
fats_g1a_08,M71,V11110,Enterprises - number,WRL_X_REP,World total except for the reporting country,UK,2013,707.0
fats_g1a_08,M71,V11110,Enterprises - number,WRL_X_REP,World total except for the reporting country,UK,2014,745.0
fats_g1a_08,M71,V11110,Enterprises - number,WRL_X_REP,World total except for the reporting country,UK,2015,764.0
fats_g1a_08,M71,V11110,Enterprises - number,WRL_X_REP,World total except for the reporting country,UK,2016,749.0
fats_g1a_08,M71,V11110,Enterprises - number,WRL_X_REP,World total except for the reporting country,UK,2017,791.0
fats_g1a_08,M71,V16110,Persons employed - number,EXT_EU27_2020,Extra-EU27 (from 2020),AT,2020,1094.0
fats_g1a_08,M71,V16110,Persons employed - number,EXT_EU27_2020,Extra-EU27 (from 2020),CZ,2020,4216.0
fats_g1a_08,M71,V16110,Persons employed - number,EXT_EU27_2020,Extra-EU27 (from 2020),DE,2020,35185.0
fats_g1a_08,M71,V16110,Persons employed - number,EXT_EU27_2020,Extra-EU27 (from 2020),DK,2020,2965.0
fats_g1a_08,M71,V16110,Persons employed - number,EXT_EU27_2020,Extra-EU27 (from 2020),ES,2020,14134.0
fats_g1a_08,M71,V16110,Persons employed - number,EXT_EU27_2020,Extra-EU27 (from 2020),EU27_2020,2020,135519.0
fats_g1a_08,M71,V16110,Persons employed - number,EXT_EU27_2020,Extra-EU27 (from 2020),FI,2020,2114.0
fats_g1a_08,M71,V16110,Persons employed - number,EXT_EU27_2020,Extra-EU27 (from 2020),FR,2020,16849.0
fats_g1a_08,M71,V16110,Persons employed - number,EXT_EU27_2020,Extra-EU27 (from 2020),HU,2020,1804.0
fats_g1a_08,M71,V16110,Persons employed - number,EXT_EU27_2020,Extra-EU27 (from 2020),IT,2020,10437.0
fats_g1a_08,M71,V16110,Persons employed - number,EXT_EU27_2020,Extra-EU27 (from 2020),NL,2020,11510.0
fats_g1a_08,M71,V16110,Persons employed - number,EXT_EU27_2020,Extra-EU27 (from 2020),PL,2020,5741.0
fats_g1a_08,M71,V16110,Persons employed - number,EXT_EU27_2020,Extra-EU27 (from 2020),RO,2020,4126.0
fats_g1a_08,M71,V16110,Persons employed - number,EXT_EU27_2020,Extra-EU27 (from 2020),SE,2020,11400.0
fats_g1a_08,M71,V12110,Turnover or gross premiums written - million euro,EXT_EU27_2020,Extra-EU27 (from 2020),AT,2020,184.5
fats_g1a_08,M71,V12110,Turnover or gross premiums written - million euro,EXT_EU27_2020,Extra-EU27 (from 2020),BE,2020,279.5
fats_g1a_08,M71,V12110,Turnover or gross premiums written - million euro,EXT_EU27_2020,Extra-EU27 (from 2020),CZ,2020,466.5
fats_g1a_08,M71,V12110,Turnover or gross premiums written - million euro,EXT_EU27_2020,Extra-EU27 (from 2020),DE,2020,8202.1
fats_g1a_08,M71,V12110,Turnover or gross premiums written - million euro,EXT_EU27_2020,Extra-EU27 (from 2020),DK,2020,647.1
fats_g1a_08,M71,V12110,Turnover or gross premiums written - million euro,EXT_EU27_2020,Extra-EU27 (from 2020),ES,2020,1860.6
fats_g1a_08,M71,V12110,Turnover or gross premiums written - million euro,EXT_EU27_2020,Extra-EU27 (from 2020),EU27_2020,2020,30000.0
fats_g1a_08,M71,V12110,Turnover or gross premiums written - million euro,EXT_EU27_2020,Extra-EU27 (from 2020),FI,2020,340.9
fats_g1a_08,M71,V12110,Turnover or gross premiums written - million euro,EXT_EU27_2020,Extra-EU27 (from 2020),FR,2020,7540.4
fats_g1a_08,M71,V12110,Turnover or gross premiums written - million euro,EXT_EU27_2020,Extra-EU27 (from 2020),HU,2020,487.2
fats_g1a_08,M71,V12110,Turnover or gross premiums written - million euro,EXT_EU27_2020,Extra-EU27 (from 2020),IT,2020,2726.0
fats_g1a_08,M71,V12110,Turnover or gross premiums written - million euro,EXT_EU27_2020,Extra-EU27 (from 2020),NL,2020,3008.4
fats_g1a_08,M71,V12110,Turnover or gross premiums written - million euro,EXT_EU27_2020,Extra-EU27 (from 2020),PL,2020,422.4
fats_g1a_08,M71,V12110,Turnover or gross premiums written - million euro,EXT_EU27_2020,Extra-EU27 (from 2020),RO,2020,204.9
fats_g1a_08,M71,V12110,Turnover or gross premiums written - million euro,EXT_EU27_2020,Extra-EU27 (from 2020),SE,2020,2267.8
fats_g1a_08,M71,V11110,Enterprises - number,EXT_EU27_2020,Extra-EU27 (from 2020),AT,2020,67.0
fats_g1a_08,M71,V11110,Enterprises - number,EXT_EU27_2020,Extra-EU27 (from 2020),BE,2020,4.0
fats_g1a_08,M71,V11110,Enterprises - number,EXT_EU27_2020,Extra-EU27 (from 2020),CZ,2020,158.0
fats_g1a_08,M71,V11110,Enterprises - number,EXT_EU27_2020,Extra-EU27 (from 2020),DE,2020,393.0
fats_g1a_08,M71,V11110,Enterprises - number,EXT_EU27_2020,Extra-EU27 (from 2020),DK,2020,73.0
fats_g1a_08,M71,V11110,Enterprises - number,EXT_EU27_2020,Extra-EU27 (from 2020),ES,2020,158.0
fats_g1a_08,M71,V11110,Enterprises - number,EXT_EU27_2020,Extra-EU27 (from 2020),FI,2020,46.0
fats_g1a_08,M71,V11110,Enterprises - number,EXT_EU27_2020,Extra-EU27 (from 2020),FR,2020,219.0
fats_g1a_08,M71,V11110,Enterprises - number,EXT_EU27_2020,Extra-EU27 (from 2020),HU,2020,101.0
fats_g1a_08,M71,V11110,Enterprises - number,EXT_EU27_2020,Extra-EU27 (from 2020),IT,2020,91.0
fats_g1a_08,M71,V11110,Enterprises - number,EXT_EU27_2020,Extra-EU27 (from 2020),NL,2020,276.0
fats_g1a_08,M71,V11110,Enterprises - number,EXT_EU27_2020,Extra-EU27 (from 2020),PL,2020,51.0
fats_g1a_08,M71,V11110,Enterprises - number,EXT_EU27_2020,Extra-EU27 (from 2020),PT,2020,79.0
fats_g1a_08,M71,V11110,Enterprises - number,EXT_EU27_2020,Extra-EU27 (from 2020),RO,2020,164.0
fats_g1a_08,M71,V11110,Enterprises - number,EXT_EU27_2020,Extra-EU27 (from 2020),SE,2020,195.0
