dataset,bop_item,bop_item_label,stk_flow,partner,geo,year,currency,value
bop_its6_det,SJ312,Services: engineering services,DEB,IN,AT,2015,MIO_EUR,16.0
bop_its6_det,SJ312,Services: engineering services,DEB,IN,AT,2016,MIO_EUR,18.0
bop_its6_det,SJ312,Services: engineering services,DEB,IN,AT,2017,MIO_EUR,55.0
bop_its6_det,SJ312,Services: engineering services,DEB,IN,AT,2018,MIO_EUR,19.0
bop_its6_det,SJ312,Services: engineering services,DEB,IN,AT,2019,MIO_EUR,48.0
bop_its6_det,SJ312,Services: engineering services,DEB,IN,AT,2020,MIO_EUR,22.0
bop_its6_det,SJ312,Services: engineering services,DEB,IN,AT,2021,MIO_EUR,61.0
bop_its6_det,SJ312,Services: engineering services,DEB,IN,AT,2022,MIO_EUR,57.0
bop_its6_det,SJ312,Services: engineering services,DEB,IN,AT,2023,MIO_EUR,25.0
bop_its6_det,SJ312,Services: engineering services,DEB,IN,AT,2024,MIO_EUR,20.0
bop_its6_det,SJ312,Services: engineering services,DEB,IN,BE,2015,MIO_EUR,2.0
bop_its6_det,SJ312,Services: engineering services,DEB,IN,BE,2016,MIO_EUR,4.0
bop_its6_det,SJ312,Services: engineering services,DEB,IN,BE,2017,MIO_EUR,8.0
bop_its6_det,SJ312,Services: engineering services,DEB,IN,BE,2019,MIO_EUR,15.0
bop_its6_det,SJ312,Services: engineering services,DEB,IN,BE,2021,MIO_EUR,13.0
bop_its6_det,SJ312,Services: engineering services,DEB,IN,BE,2022,MIO_EUR,17.0
bop_its6_det,SJ312,Services: engineering services,DEB,IN,BE,2023,MIO_EUR,17.0
bop_its6_det,SJ312,Services: engineering services,DEB,IN,BE,2024,MIO_EUR,13.0
bop_its6_det,SJ312,Services: engineering services,DEB,IN,CZ,2015,MIO_EUR,0.5
bop_its6_det,SJ312,Services: engineering services,DEB,IN,CZ,2016,MIO_EUR,1.3
bop_its6_det,SJ312,Services: engineering services,DEB,IN,CZ,2017,MIO_EUR,2.1
bop_its6_det,SJ312,Services: engineering services,DEB,IN,CZ,2018,MIO_EUR,3.2
bop_its6_det,SJ312,Services: engineering services,DEB,IN,CZ,2019,MIO_EUR,2.5
bop_its6_det,SJ312,Services: engineering services,DEB,IN,CZ,2020,MIO_EUR,2.6
bop_its6_det,SJ312,Services: engineering services,DEB,IN,CZ,2021,MIO_EUR,2.6
bop_its6_det,SJ312,Services: engineering services,DEB,IN,CZ,2022,MIO_EUR,2.3
bop_its6_det,SJ312,Services: engineering services,DEB,IN,CZ,2023,MIO_EUR,3.4
bop_its6_det,SJ312,Services: engineering services,DEB,IN,CZ,2024,MIO_EUR,5.4
bop_its6_det,SJ312,Services: engineering services,DEB,IN,DE,2017,MIO_EUR,170.0
bop_its6_det,SJ312,Services: engineering services,DEB,IN,DE,2018,MIO_EUR,187.0
bop_its6_det,SJ312,Services: engineering services,DEB,IN,DE,2022,MIO_EUR,257.0
bop_its6_det,SJ312,Services: engineering services,DEB,IN,DE,2024,MIO_EUR,390.0
bop_its6_det,SJ312,Services: engineering services,DEB,IN,DK,2015,MIO_EUR,33.1
bop_its6_det,SJ312,Services: engineering services,DEB,IN,DK,2016,MIO_EUR,36.3
bop_its6_det,SJ312,Services: engineering services,DEB,IN,DK,2017,MIO_EUR,34.4
bop_its6_det,SJ312,Services: engineering services,DEB,IN,DK,2018,MIO_EUR,42.7
bop_its6_det,SJ312,Services: engineering services,DEB,IN,DK,2019,MIO_EUR,54.9
bop_its6_det,SJ312,Services: engineering services,DEB,IN,DK,2020,MIO_EUR,45.7
bop_its6_det,SJ312,Services: engineering services,DEB,IN,DK,2021,MIO_EUR,55.1
bop_its6_det,SJ312,Services: engineering services,DEB,IN,DK,2022,MIO_EUR,87.1
bop_its6_det,SJ312,Services: engineering services,DEB,IN,DK,2023,MIO_EUR,103.1
bop_its6_det,SJ312,Services: engineering services,DEB,IN,DK,2024,MIO_EUR,107.1
bop_its6_det,SJ312,Services: engineering services,DEB,IN,EL,2015,MIO_EUR,0.3
bop_its6_det,SJ312,Services: engineering services,DEB,IN,EL,2016,MIO_EUR,0.3
bop_its6_det,SJ312,Services: engineering services,DEB,IN,EL,2017,MIO_EUR,0.2
bop_its6_det,SJ312,Services: engineering services,DEB,IN,EL,2018,MIO_EUR,0.5
bop_its6_det,SJ312,Services: engineering services,DEB,IN,EL,2019,MIO_EUR,0.3
bop_its6_det,SJ312,Services: engineering services,DEB,IN,EL,2020,MIO_EUR,0.2
bop_its6_det,SJ312,Services: engineering services,DEB,IN,EL,2021,MIO_EUR,0.2
bop_its6_det,SJ312,Services: engineering services,DEB,IN,EL,2022,MIO_EUR,0.7
bop_its6_det,SJ312,Services: engineering services,DEB,IN,EL,2023,MIO_EUR,0.2
bop_its6_det,SJ312,Services: engineering services,DEB,IN,EL,2024,MIO_EUR,0.2
bop_its6_det,SJ312,Services: engineering services,DEB,IN,ES,2015,MIO_EUR,8.0
bop_its6_det,SJ312,Services: engineering services,DEB,IN,ES,2016,MIO_EUR,5.0
bop_its6_det,SJ312,Services: engineering services,DEB,IN,ES,2017,MIO_EUR,7.0
bop_its6_det,SJ312,Services: engineering services,DEB,IN,ES,2019,MIO_EUR,5.0
bop_its6_det,SJ312,Services: engineering services,DEB,IN,ES,2020,MIO_EUR,6.0
bop_its6_det,SJ312,Services: engineering services,DEB,IN,ES,2022,MIO_EUR,20.0
bop_its6_det,SJ312,Services: engineering services,DEB,IN,ES,2023,MIO_EUR,11.0
bop_its6_det,SJ312,Services: engineering services,DEB,IN,ES,2024,MIO_EUR,21.0
bop_its6_det,SJ312,Services: engineering services,DEB,IN,EU27_2020,2015,MIO_EUR,411.4
bop_its6_det,SJ312,Services: engineering services,DEB,IN,EU27_2020,2016,MIO_EUR,425.9
bop_its6_det,SJ312,Services: engineering services,DEB,IN,EU27_2020,2017,MIO_EUR,562.9
bop_its6_det,SJ312,Services: engineering services,DEB,IN,EU27_2020,2018,MIO_EUR,614.1
bop_its6_det,SJ312,Services: engineering services,DEB,IN,EU27_2020,2019,MIO_EUR,792.4
bop_its6_det,SJ312,Services: engineering services,DEB,IN,EU27_2020,2020,MIO_EUR,678.1
bop_its6_det,SJ312,Services: engineering services,DEB,IN,EU27_2020,2021,MIO_EUR,733.2
bop_its6_det,SJ312,Services: engineering services,DEB,IN,EU27_2020,2022,MIO_EUR,843.2
bop_its6_det,SJ312,Services: engineering services,DEB,IN,EU27_2020,2023,MIO_EUR,1224.6
bop_its6_det,SJ312,Services: engineering services,DEB,IN,EU27_2020,2024,MIO_EUR,1348.1
bop_its6_det,SJ312,Services: engineering services,DEB,IN,FI,2015,MIO_EUR,13.0
bop_its6_det,SJ312,Services: engineering services,DEB,IN,FI,2016,MIO_EUR,13.0
bop_its6_det,SJ312,Services: engineering services,DEB,IN,FI,2017,MIO_EUR,18.0
bop_its6_det,SJ312,Services: engineering services,DEB,IN,FI,2018,MIO_EUR,18.0
bop_its6_det,SJ312,Services: engineering services,DEB,IN,FI,2019,MIO_EUR,20.0
bop_its6_det,SJ312,Services: engineering services,DEB,IN,FI,2020,MIO_EUR,22.0
bop_its6_det,SJ312,Services: engineering services,DEB,IN,FI,2021,MIO_EUR,20.0
bop_its6_det,SJ312,Services: engineering services,DEB,IN,FI,2022,MIO_EUR,21.0
bop_its6_det,SJ312,Services: engineering services,DEB,IN,FI,2023,MIO_EUR,23.0
bop_its6_det,SJ312,Services: engineering services,DEB,IN,FI,2024,MIO_EUR,145.0
bop_its6_det,SJ312,Services: engineering services,DEB,IN,HU,2015,MIO_EUR,1.7
bop_its6_det,SJ312,Services: engineering services,DEB,IN,HU,2016,MIO_EUR,0.5
bop_its6_det,SJ312,Services: engineering services,DEB,IN,HU,2017,MIO_EUR,0.3
bop_its6_det,SJ312,Services: engineering services,DEB,IN,HU,2018,MIO_EUR,0.4
bop_its6_det,SJ312,Services: engineering services,DEB,IN,HU,2019,MIO_EUR,0.8
bop_its6_det,SJ312,Services: engineering services,DEB,IN,HU,2020,MIO_EUR,2.4
bop_its6_det,SJ312,Services: engineering services,DEB,IN,HU,2021,MIO_EUR,1.6
bop_its6_det,SJ312,Services: engineering services,DEB,IN,HU,2022,MIO_EUR,1.1
bop_its6_det,SJ312,Services: engineering services,DEB,IN,HU,2023,MIO_EUR,0.5
bop_its6_det,SJ312,Services: engineering services,DEB,IN,HU,2024,MIO_EUR,1.1
bop_its6_det,SJ312,Services: engineering services,DEB,IN,IE,2015,MIO_EUR,0.0
bop_its6_det,SJ312,Services: engineering services,DEB,IN,IE,2016,MIO_EUR,0.0
bop_its6_det,SJ312,Services: engineering services,DEB,IN,IE,2017,MIO_EUR,0.0
bop_its6_det,SJ312,Services: engineering services,DEB,IN,IE,2018,MIO_EUR,0.0
bop_its6_det,SJ312,Services: engineering services,DEB,IN,IE,2019,MIO_EUR,0.0
bop_its6_det,SJ312,Services: engineering services,DEB,IN,IE,2020,MIO_EUR,0.0
bop_its6_det,SJ312,Services: engineering services,DEB,IN,IE,2021,MIO_EUR,0.0
bop_its6_det,SJ312,Services: engineering services,DEB,IN,IE,2024,MIO_EUR,0.0
bop_its6_det,SJ312,Services: engineering services,DEB,IN,IT,2015,MIO_EUR,25.1
bop_its6_det,SJ312,Services: engineering services,DEB,IN,IT,2016,MIO_EUR,21.4
bop_its6_det,SJ312,Services: engineering services,DEB,IN,IT,2017,MIO_EUR,14.1
bop_its6_det,SJ312,Services: engineering services,DEB,IN,IT,2018,MIO_EUR,21.4
bop_its6_det,SJ312,Services: engineering services,DEB,IN,IT,2019,MIO_EUR,83.9
bop_its6_det,SJ312,Services: engineering services,DEB,IN,IT,2020,MIO_EUR,31.4
bop_its6_det,SJ312,Services: engineering services,DEB,IN,IT,2021,MIO_EUR,33.0
bop_its6_det,SJ312,Services: engineering services,DEB,IN,IT,2022,MIO_EUR,36.8
bop_its6_det,SJ312,Services: engineering services,DEB,IN,IT,2023,MIO_EUR,54.7
bop_its6_det,SJ312,Services: engineering services,DEB,IN,IT,2024,MIO_EUR,58.4
bop_its6_det,SJ312,Services: engineering services,DEB,IN,NL,2015,MIO_EUR,30.9
bop_its6_det,SJ312,Services: engineering services,DEB,IN,NL,2021,MIO_EUR,22.9
bop_its6_det,SJ312,Services: engineering services,DEB,IN,NL,2023,MIO_EUR,103.2
bop_its6_det,SJ312,Services: engineering services,DEB,IN,PL,2015,MIO_EUR,1.4
bop_its6_det,SJ312,Services: engineering services,DEB,IN,PL,2016,MIO_EUR,0.7
bop_its6_det,SJ312,Services: engineering services,DEB,IN,PL,2017,MIO_EUR,1.2
bop_its6_det,SJ312,Services: engineering services,DEB,IN,PL,2018,MIO_EUR,1.6
bop_its6_det,SJ312,Services: engineering services,DEB,IN,PL,2019,MIO_EUR,2.6
bop_its6_det,SJ312,Services: engineering services,DEB,IN,PL,2020,MIO_EUR,2.7
bop_its6_det,SJ312,Services: engineering services,DEB,IN,PL,2021,MIO_EUR,3.5
bop_its6_det,SJ312,Services: engineering services,DEB,IN,PL,2022,MIO_EUR,7.0
bop_its6_det,SJ312,Services: engineering services,DEB,IN,PL,2023,MIO_EUR,7.0
bop_its6_det,SJ312,Services: engineering services,DEB,IN,PL,2024,MIO_EUR,8.6
bop_its6_det,SJ312,Services: engineering services,DEB,IN,PT,2015,MIO_EUR,0.0
bop_its6_det,SJ312,Services: engineering services,DEB,IN,PT,2016,MIO_EUR,0.0
bop_its6_det,SJ312,Services: engineering services,DEB,IN,PT,2017,MIO_EUR,0.0
bop_its6_det,SJ312,Services: engineering services,DEB,IN,PT,2018,MIO_EUR,0.0
bop_its6_det,SJ312,Services: engineering services,DEB,IN,PT,2019,MIO_EUR,2.0
bop_its6_det,SJ312,Services: engineering services,DEB,IN,PT,2020,MIO_EUR,0.0
bop_its6_det,SJ312,Services: engineering services,DEB,IN,PT,2021,MIO_EUR,1.0
bop_its6_det,SJ312,Services: engineering services,DEB,IN,PT,2022,MIO_EUR,1.0
bop_its6_det,SJ312,Services: engineering services,DEB,IN,PT,2023,MIO_EUR,1.0
bop_its6_det,SJ312,Services: engineering services,DEB,IN,PT,2024,MIO_EUR,1.0
bop_its6_det,SJ312,Services: engineering services,DEB,IN,RO,2015,MIO_EUR,0.7
bop_its6_det,SJ312,Services: engineering services,DEB,IN,RO,2017,MIO_EUR,1.1
bop_its6_det,SJ312,Services: engineering services,DEB,IN,RO,2018,MIO_EUR,2.8
bop_its6_det,SJ312,Services: engineering services,DEB,IN,RO,2019,MIO_EUR,2.7
bop_its6_det,SJ312,Services: engineering services,DEB,IN,RO,2020,MIO_EUR,1.4
bop_its6_det,SJ312,Services: engineering services,DEB,IN,RO,2022,MIO_EUR,1.0
bop_its6_det,SJ312,Services: engineering services,DEB,IN,RO,2023,MIO_EUR,1.4
bop_its6_det,SJ312,Services: engineering services,DEB,IN,RO,2024,MIO_EUR,3.0
bop_its6_det,SJ312,Services: engineering services,DEB,IN,SE,2015,MIO_EUR,12.4
bop_its6_det,SJ312,Services: engineering services,DEB,IN,SE,2016,MIO_EUR,15.2
bop_its6_det,SJ312,Services: engineering services,DEB,IN,SE,2017,MIO_EUR,33.6
bop_its6_det,SJ312,Services: engineering services,DEB,IN,SE,2018,MIO_EUR,30.0
bop_its6_det,SJ312,Services: engineering services,DEB,IN,SE,2019,MIO_EUR,45.0
bop_its6_det,SJ312,Services: engineering services,DEB,IN,SE,2020,MIO_EUR,52.2
bop_its6_det,SJ312,Services: engineering services,DEB,IN,SE,2021,MIO_EUR,45.6
bop_its6_det,SJ312,Services: engineering services,DEB,IN,SE,2022,MIO_EUR,28.7
bop_its6_det,SJ312,Services: engineering services,DEB,IN,SE,2023,MIO_EUR,60.9
bop_its6_det,SJ312,Services: engineering services,DEB,IN,SE,2024,MIO_EUR,76.1
bop_its6_det,SJ312,Services: engineering services,CRE,IN,AT,2015,MIO_EUR,64.0
bop_its6_det,SJ312,Services: engineering services,CRE,IN,AT,2016,MIO_EUR,25.0
bop_its6_det,SJ312,Services: engineering services,CRE,IN,AT,2017,MIO_EUR,34.0
bop_its6_det,SJ312,Services: engineering services,CRE,IN,AT,2018,MIO_EUR,33.0
bop_its6_det,SJ312,Services: engineering services,CRE,IN,AT,2019,MIO_EUR,54.0
bop_its6_det,SJ312,Services: engineering services,CRE,IN,AT,2020,MIO_EUR,63.0
bop_its6_det,SJ312,Services: engineering services,CRE,IN,AT,2021,MIO_EUR,38.0
bop_its6_det,SJ312,Services: engineering services,CRE,IN,AT,2022,MIO_EUR,41.0
bop_its6_det,SJ312,Services: engineering services,CRE,IN,AT,2023,MIO_EUR,81.0
bop_its6_det,SJ312,Services: engineering services,CRE,IN,AT,2024,MIO_EUR,64.0
bop_its6_det,SJ312,Services: engineering services,CRE,IN,BE,2015,MIO_EUR,1.0
bop_its6_det,SJ312,Services: engineering services,CRE,IN,BE,2016,MIO_EUR,3.0
bop_its6_det,SJ312,Services: engineering services,CRE,IN,BE,2018,MIO_EUR,9.0
bop_its6_det,SJ312,Services: engineering services,CRE,IN,BE,2019,MIO_EUR,2.0
bop_its6_det,SJ312,Services: engineering services,CRE,IN,BE,2020,MIO_EUR,2.0
bop_its6_det,SJ312,Services: engineering services,CRE,IN,BE,2021,MIO_EUR,3.0
bop_its6_det,SJ312,Services: engineering services,CRE,IN,BE,2022,MIO_EUR,3.0
bop_its6_det,SJ312,Services: engineering services,CRE,IN,BE,2023,MIO_EUR,6.0
bop_its6_det,SJ312,Services: engineering services,CRE,IN,BE,2024,MIO_EUR,3.0
bop_its6_det,SJ312,Services: engineering services,CRE,IN,CZ,2015,MIO_EUR,0.3
bop_its6_det,SJ312,Services: engineering services,CRE,IN,CZ,2016,MIO_EUR,0.8
bop_its6_det,SJ312,Services: engineering services,CRE,IN,CZ,2017,MIO_EUR,0.1
bop_its6_det,SJ312,Services: engineering services,CRE,IN,CZ,2018,MIO_EUR,0.3
bop_its6_det,SJ312,Services: engineering services,CRE,IN,CZ,2019,MIO_EUR,1.8
bop_its6_det,SJ312,Services: engineering services,CRE,IN,CZ,2020,MIO_EUR,0.7
bop_its6_det,SJ312,Services: engineering services,CRE,IN,CZ,2021,MIO_EUR,0.8
bop_its6_det,SJ312,Services: engineering services,CRE,IN,CZ,2022,MIO_EUR,0.2
bop_its6_det,SJ312,Services: engineering services,CRE,IN,CZ,2023,MIO_EUR,0.4
bop_its6_det,SJ312,Services: engineering services,CRE,IN,CZ,2024,MIO_EUR,0.3
bop_its6_det,SJ312,Services: engineering services,CRE,IN,DE,2015,MIO_EUR,120.0
bop_its6_det,SJ312,Services: engineering services,CRE,IN,DE,2016,MIO_EUR,93.0
bop_its6_det,SJ312,Services: engineering services,CRE,IN,DE,2022,MIO_EUR,115.0
bop_its6_det,SJ312,Services: engineering services,CRE,IN,DK,2015,MIO_EUR,10.5
bop_its6_det,SJ312,Services: engineering services,CRE,IN,DK,2016,MIO_EUR,6.4
bop_its6_det,SJ312,Services: engineering services,CRE,IN,DK,2017,MIO_EUR,7.5
bop_its6_det,SJ312,Services: engineering services,CRE,IN,DK,2018,MIO_EUR,17.7
bop_its6_det,SJ312,Services: engineering services,CRE,IN,DK,2019,MIO_EUR,18.8
bop_its6_det,SJ312,Services: engineering services,CRE,IN,DK,2020,MIO_EUR,9.4
bop_its6_det,SJ312,Services: engineering services,CRE,IN,DK,2021,MIO_EUR,14.8
bop_its6_det,SJ312,Services: engineering services,CRE,IN,DK,2022,MIO_EUR,10.9
bop_its6_det,SJ312,Services: engineering services,CRE,IN,DK,2023,MIO_EUR,16.0
bop_its6_det,SJ312,Services: engineering services,CRE,IN,DK,2024,MIO_EUR,17.2
bop_its6_det,SJ312,Services: engineering services,CRE,IN,EL,2015,MIO_EUR,0.1
bop_its6_det,SJ312,Services: engineering services,CRE,IN,EL,2016,MIO_EUR,0.1
bop_its6_det,SJ312,Services: engineering services,CRE,IN,EL,2017,MIO_EUR,0.1
bop_its6_det,SJ312,Services: engineering services,CRE,IN,EL,2018,MIO_EUR,0.2
bop_its6_det,SJ312,Services: engineering services,CRE,IN,EL,2019,MIO_EUR,0.1
bop_its6_det,SJ312,Services: engineering services,CRE,IN,EL,2020,MIO_EUR,0.0
bop_its6_det,SJ312,Services: engineering services,CRE,IN,EL,2021,MIO_EUR,0.1
bop_its6_det,SJ312,Services: engineering services,CRE,IN,EL,2022,MIO_EUR,0.3
bop_its6_det,SJ312,Services: engineering services,CRE,IN,EL,2023,MIO_EUR,0.1
bop_its6_det,SJ312,Services: engineering services,CRE,IN,EL,2024,MIO_EUR,0.3
bop_its6_det,SJ312,Services: engineering services,CRE,IN,ES,2018,MIO_EUR,8.0
bop_its6_det,SJ312,Services: engineering services,CRE,IN,ES,2019,MIO_EUR,7.0
bop_its6_det,SJ312,Services: engineering services,CRE,IN,ES,2020,MIO_EUR,8.0
bop_its6_det,SJ312,Services: engineering services,CRE,IN,ES,2021,MIO_EUR,21.0
bop_its6_det,SJ312,Services: engineering services,CRE,IN,ES,2022,MIO_EUR,196.0
bop_its6_det,SJ312,Services: engineering services,CRE,IN,ES,2023,MIO_EUR,27.0
bop_its6_det,SJ312,Services: engineering services,CRE,IN,ES,2024,MIO_EUR,41.0
bop_its6_det,SJ312,Services: engineering services,CRE,IN,EU27_2020,2015,MIO_EUR,329.0
bop_its6_det,SJ312,Services: engineering services,CRE,IN,EU27_2020,2016,MIO_EUR,257.7
bop_its6_det,SJ312,Services: engineering services,CRE,IN,EU27_2020,2017,MIO_EUR,300.1
bop_its6_det,SJ312,Services: engineering services,CRE,IN,EU27_2020,2018,MIO_EUR,318.9
bop_its6_det,SJ312,Services: engineering services,CRE,IN,EU27_2020,2019,MIO_EUR,389.2
bop_its6_det,SJ312,Services: engineering services,CRE,IN,EU27_2020,2020,MIO_EUR,318.2
bop_its6_det,SJ312,Services: engineering services,CRE,IN,EU27_2020,2021,MIO_EUR,380.8
bop_its6_det,SJ312,Services: engineering services,CRE,IN,EU27_2020,2022,MIO_EUR,485.9
bop_its6_det,SJ312,Services: engineering services,CRE,IN,EU27_2020,2023,MIO_EUR,446.6
bop_its6_det,SJ312,Services: engineering services,CRE,IN,EU27_2020,2024,MIO_EUR,479.6
bop_its6_det,SJ312,Services: engineering services,CRE,IN,FI,2015,MIO_EUR,5.0
bop_its6_det,SJ312,Services: engineering services,CRE,IN,FI,2016,MIO_EUR,13.0
bop_its6_det,SJ312,Services: engineering services,CRE,IN,FI,2017,MIO_EUR,15.0
bop_its6_det,SJ312,Services: engineering services,CRE,IN,FI,2018,MIO_EUR,13.0
bop_its6_det,SJ312,Services: engineering services,CRE,IN,FI,2019,MIO_EUR,23.0
bop_its6_det,SJ312,Services: engineering services,CRE,IN,FI,2020,MIO_EUR,24.0
bop_its6_det,SJ312,Services: engineering services,CRE,IN,FI,2021,MIO_EUR,11.0
bop_its6_det,SJ312,Services: engineering services,CRE,IN,FI,2022,MIO_EUR,14.0
bop_its6_det,SJ312,Services: engineering services,CRE,IN,FI,2023,MIO_EUR,14.0
bop_its6_det,SJ312,Services: engineering services,CRE,IN,FI,2024,MIO_EUR,19.0
bop_its6_det,SJ312,Services: engineering services,CRE,IN,HU,2015,MIO_EUR,0.6
bop_its6_det,SJ312,Services: engineering services,CRE,IN,HU,2016,MIO_EUR,0.6
bop_its6_det,SJ312,Services: engineering services,CRE,IN,HU,2017,MIO_EUR,0.3
bop_its6_det,SJ312,Services: engineering services,CRE,IN,HU,2018,MIO_EUR,1.3
bop_its6_det,SJ312,Services: engineering services,CRE,IN,HU,2019,MIO_EUR,1.6
bop_its6_det,SJ312,Services: engineering services,CRE,IN,HU,2020,MIO_EUR,0.7
bop_its6_det,SJ312,Services: engineering services,CRE,IN,HU,2021,MIO_EUR,1.1
bop_its6_det,SJ312,Services: engineering services,CRE,IN,HU,2022,MIO_EUR,0.4
bop_its6_det,SJ312,Services: engineering services,CRE,IN,HU,2023,MIO_EUR,1.1
bop_its6_det,SJ312,Services: engineering services,CRE,IN,HU,2024,MIO_EUR,1.9
bop_its6_det,SJ312,Services: engineering services,CRE,IN,IE,2015,MIO_EUR,0.0
bop_its6_det,SJ312,Services: engineering services,CRE,IN,IE,2016,MIO_EUR,0.0
bop_its6_det,SJ312,Services: engineering services,CRE,IN,IE,2017,MIO_EUR,0.0
bop_its6_det,SJ312,Services: engineering services,CRE,IN,IE,2018,MIO_EUR,0.0
bop_its6_det,SJ312,Services: engineering services,CRE,IN,IE,2019,MIO_EUR,0.0
bop_its6_det,SJ312,Services: engineering services,CRE,IN,IE,2020,MIO_EUR,0.0
bop_its6_det,SJ312,Services: engineering services,CRE,IN,IE,2021,MIO_EUR,0.0
bop_its6_det,SJ312,Services: engineering services,CRE,IN,IE,2022,MIO_EUR,0.0
bop_its6_det,SJ312,Services: engineering services,CRE,IN,IE,2023,MIO_EUR,0.0
bop_its6_det,SJ312,Services: engineering services,CRE,IN,IE,2024,MIO_EUR,0.0
bop_its6_det,SJ312,Services: engineering services,CRE,IN,IT,2015,MIO_EUR,8.4
bop_its6_det,SJ312,Services: engineering services,CRE,IN,IT,2016,MIO_EUR,10.9
bop_its6_det,SJ312,Services: engineering services,CRE,IN,IT,2017,MIO_EUR,10.5
bop_its6_det,SJ312,Services: engineering services,CRE,IN,IT,2018,MIO_EUR,15.2
bop_its6_det,SJ312,Services: engineering services,CRE,IN,IT,2019,MIO_EUR,48.1
bop_its6_det,SJ312,Services: engineering services,CRE,IN,IT,2020,MIO_EUR,14.6
bop_its6_det,SJ312,Services: engineering services,CRE,IN,IT,2021,MIO_EUR,14.4
bop_its6_det,SJ312,Services: engineering services,CRE,IN,IT,2022,MIO_EUR,11.4
bop_its6_det,SJ312,Services: engineering services,CRE,IN,IT,2023,MIO_EUR,25.4
bop_its6_det,SJ312,Services: engineering services,CRE,IN,IT,2024,MIO_EUR,6.9
bop_its6_det,SJ312,Services: engineering services,CRE,IN,NL,2015,MIO_EUR,5.1
bop_its6_det,SJ312,Services: engineering services,CRE,IN,NL,2016,MIO_EUR,4.1
bop_its6_det,SJ312,Services: engineering services,CRE,IN,NL,2018,MIO_EUR,4.3
bop_its6_det,SJ312,Services: engineering services,CRE,IN,NL,2021,MIO_EUR,2.6
bop_its6_det,SJ312,Services: engineering services,CRE,IN,NL,2023,MIO_EUR,6.2
bop_its6_det,SJ312,Services: engineering services,CRE,IN,PL,2015,MIO_EUR,2.6
bop_its6_det,SJ312,Services: engineering services,CRE,IN,PL,2016,MIO_EUR,1.4
bop_its6_det,SJ312,Services: engineering services,CRE,IN,PL,2017,MIO_EUR,3.5
bop_its6_det,SJ312,Services: engineering services,CRE,IN,PL,2018,MIO_EUR,2.3
bop_its6_det,SJ312,Services: engineering services,CRE,IN,PL,2019,MIO_EUR,0.7
bop_its6_det,SJ312,Services: engineering services,CRE,IN,PL,2020,MIO_EUR,1.4
bop_its6_det,SJ312,Services: engineering services,CRE,IN,PL,2021,MIO_EUR,1.1
bop_its6_det,SJ312,Services: engineering services,CRE,IN,PL,2022,MIO_EUR,2.1
bop_its6_det,SJ312,Services: engineering services,CRE,IN,PL,2023,MIO_EUR,3.1
bop_its6_det,SJ312,Services: engineering services,CRE,IN,PL,2024,MIO_EUR,4.9
bop_its6_det,SJ312,Services: engineering services,CRE,IN,PT,2015,MIO_EUR,1.0
bop_its6_det,SJ312,Services: engineering services,CRE,IN,PT,2016,MIO_EUR,3.0
bop_its6_det,SJ312,Services: engineering services,CRE,IN,PT,2017,MIO_EUR,2.0
bop_its6_det,SJ312,Services: engineering services,CRE,IN,PT,2018,MIO_EUR,1.0
bop_its6_det,SJ312,Services: engineering services,CRE,IN,PT,2019,MIO_EUR,6.0
bop_its6_det,SJ312,Services: engineering services,CRE,IN,PT,2020,MIO_EUR,2.0
bop_its6_det,SJ312,Services: engineering services,CRE,IN,PT,2021,MIO_EUR,2.0
bop_its6_det,SJ312,Services: engineering services,CRE,IN,PT,2022,MIO_EUR,1.0
bop_its6_det,SJ312,Services: engineering services,CRE,IN,PT,2023,MIO_EUR,1.0
bop_its6_det,SJ312,Services: engineering services,CRE,IN,PT,2024,MIO_EUR,1.0
bop_its6_det,SJ312,Services: engineering services,CRE,IN,RO,2015,MIO_EUR,3.1
bop_its6_det,SJ312,Services: engineering services,CRE,IN,RO,2016,MIO_EUR,0.2
bop_its6_det,SJ312,Services: engineering services,CRE,IN,RO,2017,MIO_EUR,0.2
bop_its6_det,SJ312,Services: engineering services,CRE,IN,RO,2018,MIO_EUR,1.1
bop_its6_det,SJ312,Services: engineering services,CRE,IN,RO,2019,MIO_EUR,0.6
bop_its6_det,SJ312,Services: engineering services,CRE,IN,RO,2020,MIO_EUR,1.0
bop_its6_det,SJ312,Services: engineering services,CRE,IN,RO,2022,MIO_EUR,0.8
bop_its6_det,SJ312,Services: engineering services,CRE,IN,RO,2023,MIO_EUR,0.8
bop_its6_det,SJ312,Services: engineering services,CRE,IN,RO,2024,MIO_EUR,0.2
bop_its6_det,SJ312,Services: engineering services,CRE,IN,SE,2015,MIO_EUR,59.2
bop_its6_det,SJ312,Services: engineering services,CRE,IN,SE,2016,MIO_EUR,35.7
bop_its6_det,SJ312,Services: engineering services,CRE,IN,SE,2017,MIO_EUR,23.5
bop_its6_det,SJ312,Services: engineering services,CRE,IN,SE,2018,MIO_EUR,36.1
bop_its6_det,SJ312,Services: engineering services,CRE,IN,SE,2019,MIO_EUR,31.0
bop_its6_det,SJ312,Services: engineering services,CRE,IN,SE,2020,MIO_EUR,12.8
bop_its6_det,SJ312,Services: engineering services,CRE,IN,SE,2021,MIO_EUR,11.4
bop_its6_det,SJ312,Services: engineering services,CRE,IN,SE,2022,MIO_EUR,18.3
bop_its6_det,SJ312,Services: engineering services,CRE,IN,SE,2023,MIO_EUR,12.1
bop_its6_det,SJ312,Services: engineering services,CRE,IN,SE,2024,MIO_EUR,10.2
bop_its6_det,SJ31,"Services: architectural, engineering, scientific, and other technical services",DEB,IN,AT,2015,MIO_EUR,16.0
bop_its6_det,SJ31,"Services: architectural, engineering, scientific, and other technical services",DEB,IN,AT,2016,MIO_EUR,18.0
bop_its6_det,SJ31,"Services: architectural, engineering, scientific, and other technical services",DEB,IN,AT,2017,MIO_EUR,56.0
bop_its6_det,SJ31,"Services: architectural, engineering, scientific, and other technical services",DEB,IN,AT,2018,MIO_EUR,20.0
bop_its6_det,SJ31,"Services: architectural, engineering, scientific, and other technical services",DEB,IN,AT,2019,MIO_EUR,48.0
bop_its6_det,SJ31,"Services: architectural, engineering, scientific, and other technical services",DEB,IN,AT,2020,MIO_EUR,23.0
bop_its6_det,SJ31,"Services: architectural, engineering, scientific, and other technical services",DEB,IN,AT,2021,MIO_EUR,61.0
bop_its6_det,SJ31,"Services: architectural, engineering, scientific, and other technical services",DEB,IN,AT,2022,MIO_EUR,58.0
bop_its6_det,SJ31,"Services: architectural, engineering, scientific, and other technical services",DEB,IN,AT,2023,MIO_EUR,25.0
bop_its6_det,SJ31,"Services: architectural, engineering, scientific, and other technical services",DEB,IN,AT,2024,MIO_EUR,20.0
bop_its6_det,SJ31,"Services: architectural, engineering, scientific, and other technical services",DEB,IN,BE,2018,MIO_EUR,17.0
bop_its6_det,SJ31,"Services: architectural, engineering, scientific, and other technical services",DEB,IN,BE,2019,MIO_EUR,30.0
bop_its6_det,SJ31,"Services: architectural, engineering, scientific, and other technical services",DEB,IN,BE,2020,MIO_EUR,25.0
bop_its6_det,SJ31,"Services: architectural, engineering, scientific, and other technical services",DEB,IN,BE,2021,MIO_EUR,22.0
bop_its6_det,SJ31,"Services: architectural, engineering, scientific, and other technical services",DEB,IN,BE,2022,MIO_EUR,30.0
bop_its6_det,SJ31,"Services: architectural, engineering, scientific, and other technical services",DEB,IN,BE,2023,MIO_EUR,38.0
bop_its6_det,SJ31,"Services: architectural, engineering, scientific, and other technical services",DEB,IN,BE,2024,MIO_EUR,42.0
bop_its6_det,SJ31,"Services: architectural, engineering, scientific, and other technical services",DEB,IN,CZ,2015,MIO_EUR,1.2
bop_its6_det,SJ31,"Services: architectural, engineering, scientific, and other technical services",DEB,IN,CZ,2016,MIO_EUR,2.2
bop_its6_det,SJ31,"Services: architectural, engineering, scientific, and other technical services",DEB,IN,CZ,2017,MIO_EUR,3.3
bop_its6_det,SJ31,"Services: architectural, engineering, scientific, and other technical services",DEB,IN,CZ,2018,MIO_EUR,7.2
bop_its6_det,SJ31,"Services: architectural, engineering, scientific, and other technical services",DEB,IN,CZ,2019,MIO_EUR,20.7
bop_its6_det,SJ31,"Services: architectural, engineering, scientific, and other technical services",DEB,IN,CZ,2020,MIO_EUR,72.4
bop_its6_det,SJ31,"Services: architectural, engineering, scientific, and other technical services",DEB,IN,CZ,2021,MIO_EUR,72.3
bop_its6_det,SJ31,"Services: architectural, engineering, scientific, and other technical services",DEB,IN,CZ,2022,MIO_EUR,68.3
bop_its6_det,SJ31,"Services: architectural, engineering, scientific, and other technical services",DEB,IN,CZ,2023,MIO_EUR,71.6
bop_its6_det,SJ31,"Services: architectural, engineering, scientific, and other technical services",DEB,IN,CZ,2024,MIO_EUR,81.0
bop_its6_det,SJ31,"Services: architectural, engineering, scientific, and other technical services",DEB,IN,DE,2016,MIO_EUR,214.0
bop_its6_det,SJ31,"Services: architectural, engineering, scientific, and other technical services",DEB,IN,DE,2020,MIO_EUR,243.0
bop_its6_det,SJ31,"Services: architectural, engineering, scientific, and other technical services",DEB,IN,DE,2023,MIO_EUR,397.0
bop_its6_det,SJ31,"Services: architectural, engineering, scientific, and other technical services",DEB,IN,DK,2015,MIO_EUR,35.3
bop_its6_det,SJ31,"Services: architectural, engineering, scientific, and other technical services",DEB,IN,DK,2016,MIO_EUR,38.4
bop_its6_det,SJ31,"Services: architectural, engineering, scientific, and other technical services",DEB,IN,DK,2017,MIO_EUR,36.6
bop_its6_det,SJ31,"Services: architectural, engineering, scientific, and other technical services",DEB,IN,DK,2018,MIO_EUR,43.6
bop_its6_det,SJ31,"Services: architectural, engineering, scientific, and other technical services",DEB,IN,DK,2019,MIO_EUR,59.7
bop_its6_det,SJ31,"Services: architectural, engineering, scientific, and other technical services",DEB,IN,DK,2020,MIO_EUR,49.4
bop_its6_det,SJ31,"Services: architectural, engineering, scientific, and other technical services",DEB,IN,DK,2021,MIO_EUR,57.8
bop_its6_det,SJ31,"Services: architectural, engineering, scientific, and other technical services",DEB,IN,DK,2022,MIO_EUR,94.8
bop_its6_det,SJ31,"Services: architectural, engineering, scientific, and other technical services",DEB,IN,DK,2023,MIO_EUR,110.2
bop_its6_det,SJ31,"Services: architectural, engineering, scientific, and other technical services",DEB,IN,DK,2024,MIO_EUR,118.2
bop_its6_det,SJ31,"Services: architectural, engineering, scientific, and other technical services",DEB,IN,EL,2015,MIO_EUR,0.7
bop_its6_det,SJ31,"Services: architectural, engineering, scientific, and other technical services",DEB,IN,EL,2016,MIO_EUR,0.7
bop_its6_det,SJ31,"Services: architectural, engineering, scientific, and other technical services",DEB,IN,EL,2017,MIO_EUR,0.5
bop_its6_det,SJ31,"Services: architectural, engineering, scientific, and other technical services",DEB,IN,EL,2018,MIO_EUR,0.9
bop_its6_det,SJ31,"Services: architectural, engineering, scientific, and other technical services",DEB,IN,EL,2019,MIO_EUR,0.6
bop_its6_det,SJ31,"Services: architectural, engineering, scientific, and other technical services",DEB,IN,EL,2020,MIO_EUR,0.4
bop_its6_det,SJ31,"Services: architectural, engineering, scientific, and other technical services",DEB,IN,EL,2021,MIO_EUR,0.5
bop_its6_det,SJ31,"Services: architectural, engineering, scientific, and other technical services",DEB,IN,EL,2022,MIO_EUR,1.4
bop_its6_det,SJ31,"Services: architectural, engineering, scientific, and other technical services",DEB,IN,EL,2023,MIO_EUR,0.4
bop_its6_det,SJ31,"Services: architectural, engineering, scientific, and other technical services",DEB,IN,EL,2024,MIO_EUR,0.4
bop_its6_det,SJ31,"Services: architectural, engineering, scientific, and other technical services",DEB,IN,ES,2015,MIO_EUR,9.0
bop_its6_det,SJ31,"Services: architectural, engineering, scientific, and other technical services",DEB,IN,ES,2016,MIO_EUR,8.0
bop_its6_det,SJ31,"Services: architectural, engineering, scientific, and other technical services",DEB,IN,ES,2017,MIO_EUR,8.0
bop_its6_det,SJ31,"Services: architectural, engineering, scientific, and other technical services",DEB,IN,ES,2018,MIO_EUR,8.0
bop_its6_det,SJ31,"Services: architectural, engineering, scientific, and other technical services",DEB,IN,ES,2019,MIO_EUR,6.0
bop_its6_det,SJ31,"Services: architectural, engineering, scientific, and other technical services",DEB,IN,ES,2021,MIO_EUR,18.0
bop_its6_det,SJ31,"Services: architectural, engineering, scientific, and other technical services",DEB,IN,ES,2022,MIO_EUR,21.0
bop_its6_det,SJ31,"Services: architectural, engineering, scientific, and other technical services",DEB,IN,ES,2023,MIO_EUR,17.0
bop_its6_det,SJ31,"Services: architectural, engineering, scientific, and other technical services",DEB,IN,ES,2024,MIO_EUR,24.0
bop_its6_det,SJ31,"Services: architectural, engineering, scientific, and other technical services",DEB,IN,EU27_2020,2015,MIO_EUR,816.8
bop_its6_det,SJ31,"Services: architectural, engineering, scientific, and other technical services",DEB,IN,EU27_2020,2016,MIO_EUR,826.7
bop_its6_det,SJ31,"Services: architectural, engineering, scientific, and other technical services",DEB,IN,EU27_2020,2017,MIO_EUR,990.9
bop_its6_det,SJ31,"Services: architectural, engineering, scientific, and other technical services",DEB,IN,EU27_2020,2018,MIO_EUR,1453.1
bop_its6_det,SJ31,"Services: architectural, engineering, scientific, and other technical services",DEB,IN,EU27_2020,2019,MIO_EUR,1189.3
bop_its6_det,SJ31,"Services: architectural, engineering, scientific, and other technical services",DEB,IN,EU27_2020,2020,MIO_EUR,1281.9
bop_its6_det,SJ31,"Services: architectural, engineering, scientific, and other technical services",DEB,IN,EU27_2020,2021,MIO_EUR,1206.8
bop_its6_det,SJ31,"Services: architectural, engineering, scientific, and other technical services",DEB,IN,EU27_2020,2022,MIO_EUR,1347.9
bop_its6_det,SJ31,"Services: architectural, engineering, scientific, and other technical services",DEB,IN,EU27_2020,2023,MIO_EUR,2202.6
bop_its6_det,SJ31,"Services: architectural, engineering, scientific, and other technical services",DEB,IN,EU27_2020,2024,MIO_EUR,2517.4
bop_its6_det,SJ31,"Services: architectural, engineering, scientific, and other technical services",DEB,IN,FI,2015,MIO_EUR,13.0
bop_its6_det,SJ31,"Services: architectural, engineering, scientific, and other technical services",DEB,IN,FI,2016,MIO_EUR,13.0
bop_its6_det,SJ31,"Services: architectural, engineering, scientific, and other technical services",DEB,IN,FI,2017,MIO_EUR,18.0
bop_its6_det,SJ31,"Services: architectural, engineering, scientific, and other technical services",DEB,IN,FI,2018,MIO_EUR,18.0
bop_its6_det,SJ31,"Services: architectural, engineering, scientific, and other technical services",DEB,IN,FI,2019,MIO_EUR,21.0
bop_its6_det,SJ31,"Services: architectural, engineering, scientific, and other technical services",DEB,IN,FI,2020,MIO_EUR,23.0
bop_its6_det,SJ31,"Services: architectural, engineering, scientific, and other technical services",DEB,IN,FI,2021,MIO_EUR,21.0
bop_its6_det,SJ31,"Services: architectural, engineering, scientific, and other technical services",DEB,IN,FI,2022,MIO_EUR,22.0
bop_its6_det,SJ31,"Services: architectural, engineering, scientific, and other technical services",DEB,IN,FI,2023,MIO_EUR,23.0
bop_its6_det,SJ31,"Services: architectural, engineering, scientific, and other technical services",DEB,IN,FI,2024,MIO_EUR,146.0
bop_its6_det,SJ31,"Services: architectural, engineering, scientific, and other technical services",DEB,IN,HU,2015,MIO_EUR,1.8
bop_its6_det,SJ31,"Services: architectural, engineering, scientific, and other technical services",DEB,IN,HU,2017,MIO_EUR,0.3
bop_its6_det,SJ31,"Services: architectural, engineering, scientific, and other technical services",DEB,IN,HU,2018,MIO_EUR,1.1
bop_its6_det,SJ31,"Services: architectural, engineering, scientific, and other technical services",DEB,IN,HU,2019,MIO_EUR,0.8
bop_its6_det,SJ31,"Services: architectural, engineering, scientific, and other technical services",DEB,IN,IE,2015,MIO_EUR,0.0
bop_its6_det,SJ31,"Services: architectural, engineering, scientific, and other technical services",DEB,IN,IE,2016,MIO_EUR,0.0
bop_its6_det,SJ31,"Services: architectural, engineering, scientific, and other technical services",DEB,IN,IE,2024,MIO_EUR,0.0
bop_its6_det,SJ31,"Services: architectural, engineering, scientific, and other technical services",DEB,IN,IT,2015,MIO_EUR,35.9
bop_its6_det,SJ31,"Services: architectural, engineering, scientific, and other technical services",DEB,IN,IT,2016,MIO_EUR,29.1
bop_its6_det,SJ31,"Services: architectural, engineering, scientific, and other technical services",DEB,IN,IT,2017,MIO_EUR,26.2
bop_its6_det,SJ31,"Services: architectural, engineering, scientific, and other technical services",DEB,IN,IT,2018,MIO_EUR,35.4
bop_its6_det,SJ31,"Services: architectural, engineering, scientific, and other technical services",DEB,IN,IT,2019,MIO_EUR,96.7
bop_its6_det,SJ31,"Services: architectural, engineering, scientific, and other technical services",DEB,IN,IT,2020,MIO_EUR,44.0
bop_its6_det,SJ31,"Services: architectural, engineering, scientific, and other technical services",DEB,IN,IT,2021,MIO_EUR,46.4
bop_its6_det,SJ31,"Services: architectural, engineering, scientific, and other technical services",DEB,IN,IT,2022,MIO_EUR,64.0
bop_its6_det,SJ31,"Services: architectural, engineering, scientific, and other technical services",DEB,IN,IT,2023,MIO_EUR,56.8
bop_its6_det,SJ31,"Services: architectural, engineering, scientific, and other technical services",DEB,IN,IT,2024,MIO_EUR,61.7
bop_its6_det,SJ31,"Services: architectural, engineering, scientific, and other technical services",DEB,IN,NL,2017,MIO_EUR,308.8
bop_its6_det,SJ31,"Services: architectural, engineering, scientific, and other technical services",DEB,IN,NL,2020,MIO_EUR,388.7
bop_its6_det,SJ31,"Services: architectural, engineering, scientific, and other technical services",DEB,IN,NL,2022,MIO_EUR,338.4
bop_its6_det,SJ31,"Services: architectural, engineering, scientific, and other technical services",DEB,IN,NL,2023,MIO_EUR,824.6
bop_its6_det,SJ31,"Services: architectural, engineering, scientific, and other technical services",DEB,IN,NL,2024,MIO_EUR,986.7
bop_its6_det,SJ31,"Services: architectural, engineering, scientific, and other technical services",DEB,IN,PL,2015,MIO_EUR,2.6
bop_its6_det,SJ31,"Services: architectural, engineering, scientific, and other technical services",DEB,IN,PL,2016,MIO_EUR,2.1
bop_its6_det,SJ31,"Services: architectural, engineering, scientific, and other technical services",DEB,IN,PL,2017,MIO_EUR,1.9
bop_its6_det,SJ31,"Services: architectural, engineering, scientific, and other technical services",DEB,IN,PL,2018,MIO_EUR,2.3
bop_its6_det,SJ31,"Services: architectural, engineering, scientific, and other technical services",DEB,IN,PL,2019,MIO_EUR,3.5
bop_its6_det,SJ31,"Services: architectural, engineering, scientific, and other technical services",DEB,IN,PL,2020,MIO_EUR,3.6
bop_its6_det,SJ31,"Services: architectural, engineering, scientific, and other technical services",DEB,IN,PL,2021,MIO_EUR,4.2
bop_its6_det,SJ31,"Services: architectural, engineering, scientific, and other technical services",DEB,IN,PL,2022,MIO_EUR,11.5
bop_its6_det,SJ31,"Services: architectural, engineering, scientific, and other technical services",DEB,IN,PL,2023,MIO_EUR,12.5
bop_its6_det,SJ31,"Services: architectural, engineering, scientific, and other technical services",DEB,IN,PL,2024,MIO_EUR,12.8
bop_its6_det,SJ31,"Services: architectural, engineering, scientific, and other technical services",DEB,IN,PT,2015,MIO_EUR,1.0
bop_its6_det,SJ31,"Services: architectural, engineering, scientific, and other technical services",DEB,IN,PT,2016,MIO_EUR,1.0
bop_its6_det,SJ31,"Services: architectural, engineering, scientific, and other technical services",DEB,IN,PT,2017,MIO_EUR,1.0
bop_its6_det,SJ31,"Services: architectural, engineering, scientific, and other technical services",DEB,IN,PT,2018,MIO_EUR,1.0
bop_its6_det,SJ31,"Services: architectural, engineering, scientific, and other technical services",DEB,IN,PT,2019,MIO_EUR,3.0
bop_its6_det,SJ31,"Services: architectural, engineering, scientific, and other technical services",DEB,IN,PT,2020,MIO_EUR,1.0
bop_its6_det,SJ31,"Services: architectural, engineering, scientific, and other technical services",DEB,IN,PT,2021,MIO_EUR,2.0
bop_its6_det,SJ31,"Services: architectural, engineering, scientific, and other technical services",DEB,IN,PT,2022,MIO_EUR,2.0
bop_its6_det,SJ31,"Services: architectural, engineering, scientific, and other technical services",DEB,IN,PT,2023,MIO_EUR,3.0
bop_its6_det,SJ31,"Services: architectural, engineering, scientific, and other technical services",DEB,IN,PT,2024,MIO_EUR,2.0
bop_its6_det,SJ31,"Services: architectural, engineering, scientific, and other technical services",DEB,IN,RO,2015,MIO_EUR,2.0
bop_its6_det,SJ31,"Services: architectural, engineering, scientific, and other technical services",DEB,IN,RO,2019,MIO_EUR,4.2
bop_its6_det,SJ31,"Services: architectural, engineering, scientific, and other technical services",DEB,IN,RO,2021,MIO_EUR,3.7
bop_its6_det,SJ31,"Services: architectural, engineering, scientific, and other technical services",DEB,IN,RO,2024,MIO_EUR,5.4
bop_its6_det,SJ31,"Services: architectural, engineering, scientific, and other technical services",DEB,IN,SE,2015,MIO_EUR,12.6
bop_its6_det,SJ31,"Services: architectural, engineering, scientific, and other technical services",DEB,IN,SE,2016,MIO_EUR,16.7
bop_its6_det,SJ31,"Services: architectural, engineering, scientific, and other technical services",DEB,IN,SE,2017,MIO_EUR,35.5
bop_its6_det,SJ31,"Services: architectural, engineering, scientific, and other technical services",DEB,IN,SE,2018,MIO_EUR,31.7
bop_its6_det,SJ31,"Services: architectural, engineering, scientific, and other technical services",DEB,IN,SE,2019,MIO_EUR,47.4
bop_its6_det,SJ31,"Services: architectural, engineering, scientific, and other technical services",DEB,IN,SE,2020,MIO_EUR,55.4
bop_its6_det,SJ31,"Services: architectural, engineering, scientific, and other technical services",DEB,IN,SE,2021,MIO_EUR,48.3
bop_its6_det,SJ31,"Services: architectural, engineering, scientific, and other technical services",DEB,IN,SE,2022,MIO_EUR,33.5
bop_its6_det,SJ31,"Services: architectural, engineering, scientific, and other technical services",DEB,IN,SE,2023,MIO_EUR,63.8
bop_its6_det,SJ31,"Services: architectural, engineering, scientific, and other technical services",DEB,IN,SE,2024,MIO_EUR,78.9
bop_its6_det,SJ31,"Services: architectural, engineering, scientific, and other technical services",DEB,IN,UK,2016,MIO_EUR,34.2
bop_its6_det,SJ31,"Services: architectural, engineering, scientific, and other technical services",DEB,IN,UK,2017,MIO_EUR,52.5
bop_its6_det,SJ31,"Services: architectural, engineering, scientific, and other technical services",DEB,IN,UK,2018,MIO_EUR,65.6
bop_its6_det,SJ31,"Services: architectural, engineering, scientific, and other technical services",CRE,IN,AT,2015,MIO_EUR,66.0
bop_its6_det,SJ31,"Services: architectural, engineering, scientific, and other technical services",CRE,IN,AT,2016,MIO_EUR,26.0
bop_its6_det,SJ31,"Services: architectural, engineering, scientific, and other technical services",CRE,IN,AT,2017,MIO_EUR,35.0
bop_its6_det,SJ31,"Services: architectural, engineering, scientific, and other technical services",CRE,IN,AT,2018,MIO_EUR,34.0
bop_its6_det,SJ31,"Services: architectural, engineering, scientific, and other technical services",CRE,IN,AT,2019,MIO_EUR,58.0
bop_its6_det,SJ31,"Services: architectural, engineering, scientific, and other technical services",CRE,IN,AT,2020,MIO_EUR,73.0
bop_its6_det,SJ31,"Services: architectural, engineering, scientific, and other technical services",CRE,IN,AT,2021,MIO_EUR,40.0
bop_its6_det,SJ31,"Services: architectural, engineering, scientific, and other technical services",CRE,IN,AT,2022,MIO_EUR,42.0
bop_its6_det,SJ31,"Services: architectural, engineering, scientific, and other technical services",CRE,IN,AT,2023,MIO_EUR,82.0
bop_its6_det,SJ31,"Services: architectural, engineering, scientific, and other technical services",CRE,IN,AT,2024,MIO_EUR,66.0
bop_its6_det,SJ31,"Services: architectural, engineering, scientific, and other technical services",CRE,IN,BE,2017,MIO_EUR,25.0
bop_its6_det,SJ31,"Services: architectural, engineering, scientific, and other technical services",CRE,IN,BE,2020,MIO_EUR,5.0
bop_its6_det,SJ31,"Services: architectural, engineering, scientific, and other technical services",CRE,IN,BE,2021,MIO_EUR,5.0
bop_its6_det,SJ31,"Services: architectural, engineering, scientific, and other technical services",CRE,IN,BE,2022,MIO_EUR,8.0
bop_its6_det,SJ31,"Services: architectural, engineering, scientific, and other technical services",CRE,IN,BE,2023,MIO_EUR,12.0
bop_its6_det,SJ31,"Services: architectural, engineering, scientific, and other technical services",CRE,IN,BE,2024,MIO_EUR,9.0
bop_its6_det,SJ31,"Services: architectural, engineering, scientific, and other technical services",CRE,IN,CZ,2015,MIO_EUR,1.0
bop_its6_det,SJ31,"Services: architectural, engineering, scientific, and other technical services",CRE,IN,CZ,2016,MIO_EUR,1.4
bop_its6_det,SJ31,"Services: architectural, engineering, scientific, and other technical services",CRE,IN,CZ,2017,MIO_EUR,1.7
bop_its6_det,SJ31,"Services: architectural, engineering, scientific, and other technical services",CRE,IN,CZ,2018,MIO_EUR,1.2
bop_its6_det,SJ31,"Services: architectural, engineering, scientific, and other technical services",CRE,IN,CZ,2019,MIO_EUR,3.5
bop_its6_det,SJ31,"Services: architectural, engineering, scientific, and other technical services",CRE,IN,CZ,2020,MIO_EUR,1.4
bop_its6_det,SJ31,"Services: architectural, engineering, scientific, and other technical services",CRE,IN,CZ,2021,MIO_EUR,1.8
bop_its6_det,SJ31,"Services: architectural, engineering, scientific, and other technical services",CRE,IN,CZ,2022,MIO_EUR,1.7
bop_its6_det,SJ31,"Services: architectural, engineering, scientific, and other technical services",CRE,IN,CZ,2023,MIO_EUR,2.0
bop_its6_det,SJ31,"Services: architectural, engineering, scientific, and other technical services",CRE,IN,CZ,2024,MIO_EUR,1.6
bop_its6_det,SJ31,"Services: architectural, engineering, scientific, and other technical services",CRE,IN,DE,2016,MIO_EUR,118.0
bop_its6_det,SJ31,"Services: architectural, engineering, scientific, and other technical services",CRE,IN,DE,2017,MIO_EUR,117.0
bop_its6_det,SJ31,"Services: architectural, engineering, scientific, and other technical services",CRE,IN,DE,2019,MIO_EUR,150.0
bop_its6_det,SJ31,"Services: architectural, engineering, scientific, and other technical services",CRE,IN,DE,2023,MIO_EUR,232.0
bop_its6_det,SJ31,"Services: architectural, engineering, scientific, and other technical services",CRE,IN,DK,2015,MIO_EUR,10.6
bop_its6_det,SJ31,"Services: architectural, engineering, scientific, and other technical services",CRE,IN,DK,2016,MIO_EUR,8.2
bop_its6_det,SJ31,"Services: architectural, engineering, scientific, and other technical services",CRE,IN,DK,2017,MIO_EUR,9.5
bop_its6_det,SJ31,"Services: architectural, engineering, scientific, and other technical services",CRE,IN,DK,2018,MIO_EUR,19.6
bop_its6_det,SJ31,"Services: architectural, engineering, scientific, and other technical services",CRE,IN,DK,2019,MIO_EUR,24.4
bop_its6_det,SJ31,"Services: architectural, engineering, scientific, and other technical services",CRE,IN,DK,2020,MIO_EUR,12.9
bop_its6_det,SJ31,"Services: architectural, engineering, scientific, and other technical services",CRE,IN,DK,2021,MIO_EUR,19.9
bop_its6_det,SJ31,"Services: architectural, engineering, scientific, and other technical services",CRE,IN,DK,2022,MIO_EUR,17.3
bop_its6_det,SJ31,"Services: architectural, engineering, scientific, and other technical services",CRE,IN,DK,2023,MIO_EUR,20.3
bop_its6_det,SJ31,"Services: architectural, engineering, scientific, and other technical services",CRE,IN,DK,2024,MIO_EUR,22.7
bop_its6_det,SJ31,"Services: architectural, engineering, scientific, and other technical services",CRE,IN,EL,2015,MIO_EUR,0.4
bop_its6_det,SJ31,"Services: architectural, engineering, scientific, and other technical services",CRE,IN,EL,2016,MIO_EUR,0.5
bop_its6_det,SJ31,"Services: architectural, engineering, scientific, and other technical services",CRE,IN,EL,2017,MIO_EUR,0.5
bop_its6_det,SJ31,"Services: architectural, engineering, scientific, and other technical services",CRE,IN,EL,2018,MIO_EUR,0.8
bop_its6_det,SJ31,"Services: architectural, engineering, scientific, and other technical services",CRE,IN,EL,2019,MIO_EUR,0.5
bop_its6_det,SJ31,"Services: architectural, engineering, scientific, and other technical services",CRE,IN,EL,2020,MIO_EUR,0.2
bop_its6_det,SJ31,"Services: architectural, engineering, scientific, and other technical services",CRE,IN,EL,2021,MIO_EUR,0.3
bop_its6_det,SJ31,"Services: architectural, engineering, scientific, and other technical services",CRE,IN,EL,2022,MIO_EUR,1.5
bop_its6_det,SJ31,"Services: architectural, engineering, scientific, and other technical services",CRE,IN,EL,2023,MIO_EUR,0.7
bop_its6_det,SJ31,"Services: architectural, engineering, scientific, and other technical services",CRE,IN,EL,2024,MIO_EUR,1.6
bop_its6_det,SJ31,"Services: architectural, engineering, scientific, and other technical services",CRE,IN,ES,2015,MIO_EUR,19.0
bop_its6_det,SJ31,"Services: architectural, engineering, scientific, and other technical services",CRE,IN,ES,2016,MIO_EUR,25.0
bop_its6_det,SJ31,"Services: architectural, engineering, scientific, and other technical services",CRE,IN,ES,2017,MIO_EUR,21.0
bop_its6_det,SJ31,"Services: architectural, engineering, scientific, and other technical services",CRE,IN,ES,2018,MIO_EUR,16.0
bop_its6_det,SJ31,"Services: architectural, engineering, scientific, and other technical services",CRE,IN,ES,2019,MIO_EUR,25.0
bop_its6_det,SJ31,"Services: architectural, engineering, scientific, and other technical services",CRE,IN,ES,2020,MIO_EUR,14.0
bop_its6_det,SJ31,"Services: architectural, engineering, scientific, and other technical services",CRE,IN,ES,2021,MIO_EUR,35.0
bop_its6_det,SJ31,"Services: architectural, engineering, scientific, and other technical services",CRE,IN,ES,2022,MIO_EUR,221.0
bop_its6_det,SJ31,"Services: architectural, engineering, scientific, and other technical services",CRE,IN,ES,2023,MIO_EUR,72.0
bop_its6_det,SJ31,"Services: architectural, engineering, scientific, and other technical services",CRE,IN,ES,2024,MIO_EUR,57.0
bop_its6_det,SJ31,"Services: architectural, engineering, scientific, and other technical services",CRE,IN,EU27_2020,2015,MIO_EUR,483.9
bop_its6_det,SJ31,"Services: architectural, engineering, scientific, and other technical services",CRE,IN,EU27_2020,2016,MIO_EUR,368.4
bop_its6_det,SJ31,"Services: architectural, engineering, scientific, and other technical services",CRE,IN,EU27_2020,2017,MIO_EUR,392.7
bop_its6_det,SJ31,"Services: architectural, engineering, scientific, and other technical services",CRE,IN,EU27_2020,2018,MIO_EUR,474.9
bop_its6_det,SJ31,"Services: architectural, engineering, scientific, and other technical services",CRE,IN,EU27_2020,2019,MIO_EUR,585.8
bop_its6_det,SJ31,"Services: architectural, engineering, scientific, and other technical services",CRE,IN,EU27_2020,2020,MIO_EUR,589.0
bop_its6_det,SJ31,"Services: architectural, engineering, scientific, and other technical services",CRE,IN,EU27_2020,2021,MIO_EUR,656.3
bop_its6_det,SJ31,"Services: architectural, engineering, scientific, and other technical services",CRE,IN,EU27_2020,2022,MIO_EUR,754.1
bop_its6_det,SJ31,"Services: architectural, engineering, scientific, and other technical services",CRE,IN,EU27_2020,2023,MIO_EUR,750.7
bop_its6_det,SJ31,"Services: architectural, engineering, scientific, and other technical services",CRE,IN,EU27_2020,2024,MIO_EUR,674.9
bop_its6_det,SJ31,"Services: architectural, engineering, scientific, and other technical services",CRE,IN,FI,2015,MIO_EUR,5.0
bop_its6_det,SJ31,"Services: architectural, engineering, scientific, and other technical services",CRE,IN,FI,2016,MIO_EUR,13.0
bop_its6_det,SJ31,"Services: architectural, engineering, scientific, and other technical services",CRE,IN,FI,2017,MIO_EUR,16.0
bop_its6_det,SJ31,"Services: architectural, engineering, scientific, and other technical services",CRE,IN,FI,2018,MIO_EUR,14.0
bop_its6_det,SJ31,"Services: architectural, engineering, scientific, and other technical services",CRE,IN,FI,2019,MIO_EUR,23.0
bop_its6_det,SJ31,"Services: architectural, engineering, scientific, and other technical services",CRE,IN,FI,2020,MIO_EUR,24.0
bop_its6_det,SJ31,"Services: architectural, engineering, scientific, and other technical services",CRE,IN,FI,2021,MIO_EUR,12.0
bop_its6_det,SJ31,"Services: architectural, engineering, scientific, and other technical services",CRE,IN,FI,2022,MIO_EUR,16.0
bop_its6_det,SJ31,"Services: architectural, engineering, scientific, and other technical services",CRE,IN,FI,2023,MIO_EUR,15.0
bop_its6_det,SJ31,"Services: architectural, engineering, scientific, and other technical services",CRE,IN,FI,2024,MIO_EUR,20.0
bop_its6_det,SJ31,"Services: architectural, engineering, scientific, and other technical services",CRE,IN,HU,2016,MIO_EUR,2.2
bop_its6_det,SJ31,"Services: architectural, engineering, scientific, and other technical services",CRE,IN,HU,2017,MIO_EUR,0.8
bop_its6_det,SJ31,"Services: architectural, engineering, scientific, and other technical services",CRE,IN,HU,2018,MIO_EUR,1.3
bop_its6_det,SJ31,"Services: architectural, engineering, scientific, and other technical services",CRE,IN,HU,2019,MIO_EUR,1.7
bop_its6_det,SJ31,"Services: architectural, engineering, scientific, and other technical services",CRE,IN,IE,2016,MIO_EUR,0.0
bop_its6_det,SJ31,"Services: architectural, engineering, scientific, and other technical services",CRE,IN,IE,2019,MIO_EUR,0.0
bop_its6_det,SJ31,"Services: architectural, engineering, scientific, and other technical services",CRE,IN,IE,2020,MIO_EUR,0.0
bop_its6_det,SJ31,"Services: architectural, engineering, scientific, and other technical services",CRE,IN,IE,2021,MIO_EUR,0.0
bop_its6_det,SJ31,"Services: architectural, engineering, scientific, and other technical services",CRE,IN,IE,2022,MIO_EUR,0.0
bop_its6_det,SJ31,"Services: architectural, engineering, scientific, and other technical services",CRE,IN,IE,2023,MIO_EUR,0.0
bop_its6_det,SJ31,"Services: architectural, engineering, scientific, and other technical services",CRE,IN,IE,2024,MIO_EUR,0.0
bop_its6_det,SJ31,"Services: architectural, engineering, scientific, and other technical services",CRE,IN,IT,2015,MIO_EUR,10.1
bop_its6_det,SJ31,"Services: architectural, engineering, scientific, and other technical services",CRE,IN,IT,2016,MIO_EUR,13.4
bop_its6_det,SJ31,"Services: architectural, engineering, scientific, and other technical services",CRE,IN,IT,2017,MIO_EUR,14.6
bop_its6_det,SJ31,"Services: architectural, engineering, scientific, and other technical services",CRE,IN,IT,2018,MIO_EUR,17.7
bop_its6_det,SJ31,"Services: architectural, engineering, scientific, and other technical services",CRE,IN,IT,2019,MIO_EUR,51.4
bop_its6_det,SJ31,"Services: architectural, engineering, scientific, and other technical services",CRE,IN,IT,2020,MIO_EUR,15.9
bop_its6_det,SJ31,"Services: architectural, engineering, scientific, and other technical services",CRE,IN,IT,2021,MIO_EUR,16.5
bop_its6_det,SJ31,"Services: architectural, engineering, scientific, and other technical services",CRE,IN,IT,2022,MIO_EUR,15.5
bop_its6_det,SJ31,"Services: architectural, engineering, scientific, and other technical services",CRE,IN,IT,2023,MIO_EUR,29.0
bop_its6_det,SJ31,"Services: architectural, engineering, scientific, and other technical services",CRE,IN,IT,2024,MIO_EUR,11.6
bop_its6_det,SJ31,"Services: architectural, engineering, scientific, and other technical services",CRE,IN,NL,2017,MIO_EUR,12.1
bop_its6_det,SJ31,"Services: architectural, engineering, scientific, and other technical services",CRE,IN,NL,2020,MIO_EUR,35.2
bop_its6_det,SJ31,"Services: architectural, engineering, scientific, and other technical services",CRE,IN,NL,2022,MIO_EUR,18.6
bop_its6_det,SJ31,"Services: architectural, engineering, scientific, and other technical services",CRE,IN,NL,2023,MIO_EUR,17.6
bop_its6_det,SJ31,"Services: architectural, engineering, scientific, and other technical services",CRE,IN,NL,2024,MIO_EUR,18.5
bop_its6_det,SJ31,"Services: architectural, engineering, scientific, and other technical services",CRE,IN,PL,2015,MIO_EUR,3.3
bop_its6_det,SJ31,"Services: architectural, engineering, scientific, and other technical services",CRE,IN,PL,2016,MIO_EUR,1.8
bop_its6_det,SJ31,"Services: architectural, engineering, scientific, and other technical services",CRE,IN,PL,2017,MIO_EUR,5.6
bop_its6_det,SJ31,"Services: architectural, engineering, scientific, and other technical services",CRE,IN,PL,2018,MIO_EUR,5.2
bop_its6_det,SJ31,"Services: architectural, engineering, scientific, and other technical services",CRE,IN,PL,2019,MIO_EUR,2.8
bop_its6_det,SJ31,"Services: architectural, engineering, scientific, and other technical services",CRE,IN,PL,2020,MIO_EUR,3.6
bop_its6_det,SJ31,"Services: architectural, engineering, scientific, and other technical services",CRE,IN,PL,2021,MIO_EUR,4.2
bop_its6_det,SJ31,"Services: architectural, engineering, scientific, and other technical services",CRE,IN,PL,2022,MIO_EUR,6.8
bop_its6_det,SJ31,"Services: architectural, engineering, scientific, and other technical services",CRE,IN,PL,2023,MIO_EUR,9.5
bop_its6_det,SJ31,"Services: architectural, engineering, scientific, and other technical services",CRE,IN,PL,2024,MIO_EUR,8.6
bop_its6_det,SJ31,"Services: architectural, engineering, scientific, and other technical services",CRE,IN,PT,2015,MIO_EUR,1.0
bop_its6_det,SJ31,"Services: architectural, engineering, scientific, and other technical services",CRE,IN,PT,2016,MIO_EUR,3.0
bop_its6_det,SJ31,"Services: architectural, engineering, scientific, and other technical services",CRE,IN,PT,2017,MIO_EUR,3.0
bop_its6_det,SJ31,"Services: architectural, engineering, scientific, and other technical services",CRE,IN,PT,2018,MIO_EUR,2.0
bop_its6_det,SJ31,"Services: architectural, engineering, scientific, and other technical services",CRE,IN,PT,2019,MIO_EUR,6.0
bop_its6_det,SJ31,"Services: architectural, engineering, scientific, and other technical services",CRE,IN,PT,2020,MIO_EUR,2.0
bop_its6_det,SJ31,"Services: architectural, engineering, scientific, and other technical services",CRE,IN,PT,2021,MIO_EUR,3.0
bop_its6_det,SJ31,"Services: architectural, engineering, scientific, and other technical services",CRE,IN,PT,2022,MIO_EUR,2.0
bop_its6_det,SJ31,"Services: architectural, engineering, scientific, and other technical services",CRE,IN,PT,2023,MIO_EUR,2.0
bop_its6_det,SJ31,"Services: architectural, engineering, scientific, and other technical services",CRE,IN,PT,2024,MIO_EUR,2.0
bop_its6_det,SJ31,"Services: architectural, engineering, scientific, and other technical services",CRE,IN,RO,2019,MIO_EUR,1.3
bop_its6_det,SJ31,"Services: architectural, engineering, scientific, and other technical services",CRE,IN,RO,2021,MIO_EUR,2.4
bop_its6_det,SJ31,"Services: architectural, engineering, scientific, and other technical services",CRE,IN,RO,2024,MIO_EUR,1.0
bop_its6_det,SJ31,"Services: architectural, engineering, scientific, and other technical services",CRE,IN,SE,2015,MIO_EUR,59.3
bop_its6_det,SJ31,"Services: architectural, engineering, scientific, and other technical services",CRE,IN,SE,2016,MIO_EUR,35.7
bop_its6_det,SJ31,"Services: architectural, engineering, scientific, and other technical services",CRE,IN,SE,2017,MIO_EUR,23.6
bop_its6_det,SJ31,"Services: architectural, engineering, scientific, and other technical services",CRE,IN,SE,2018,MIO_EUR,36.4
bop_its6_det,SJ31,"Services: architectural, engineering, scientific, and other technical services",CRE,IN,SE,2019,MIO_EUR,31.5
bop_its6_det,SJ31,"Services: architectural, engineering, scientific, and other technical services",CRE,IN,SE,2020,MIO_EUR,13.1
bop_its6_det,SJ31,"Services: architectural, engineering, scientific, and other technical services",CRE,IN,SE,2021,MIO_EUR,12.1
bop_its6_det,SJ31,"Services: architectural, engineering, scientific, and other technical services",CRE,IN,SE,2022,MIO_EUR,18.5
bop_its6_det,SJ31,"Services: architectural, engineering, scientific, and other technical services",CRE,IN,SE,2023,MIO_EUR,13.2
bop_its6_det,SJ31,"Services: architectural, engineering, scientific, and other technical services",CRE,IN,SE,2024,MIO_EUR,12.1
bop_its6_det,SJ31,"Services: architectural, engineering, scientific, and other technical services",CRE,IN,UK,2016,MIO_EUR,81.8
bop_its6_det,SJ31,"Services: architectural, engineering, scientific, and other technical services",CRE,IN,UK,2017,MIO_EUR,93.5
bop_its6_det,SJ31,"Services: architectural, engineering, scientific, and other technical services",CRE,IN,UK,2018,MIO_EUR,159.4
bop_its6_det,SJ311,Services: architectural services,DEB,IN,AT,2015,MIO_EUR,0.0
bop_its6_det,SJ311,Services: architectural services,DEB,IN,AT,2016,MIO_EUR,0.0
bop_its6_det,SJ311,Services: architectural services,DEB,IN,AT,2017,MIO_EUR,0.0
bop_its6_det,SJ311,Services: architectural services,DEB,IN,AT,2018,MIO_EUR,0.0
bop_its6_det,SJ311,Services: architectural services,DEB,IN,AT,2019,MIO_EUR,0.0
bop_its6_det,SJ311,Services: architectural services,DEB,IN,AT,2020,MIO_EUR,0.0
bop_its6_det,SJ311,Services: architectural services,DEB,IN,AT,2021,MIO_EUR,0.0
bop_its6_det,SJ311,Services: architectural services,DEB,IN,AT,2022,MIO_EUR,0.0
bop_its6_det,SJ311,Services: architectural services,DEB,IN,AT,2023,MIO_EUR,0.0
bop_its6_det,SJ311,Services: architectural services,DEB,IN,AT,2024,MIO_EUR,0.0
bop_its6_det,SJ311,Services: architectural services,DEB,IN,BE,2019,MIO_EUR,0.0
bop_its6_det,SJ311,Services: architectural services,DEB,IN,BE,2021,MIO_EUR,0.0
bop_its6_det,SJ311,Services: architectural services,DEB,IN,BE,2022,MIO_EUR,0.0
bop_its6_det,SJ311,Services: architectural services,DEB,IN,BE,2023,MIO_EUR,0.0
bop_its6_det,SJ311,Services: architectural services,DEB,IN,BE,2024,MIO_EUR,0.0
bop_its6_det,SJ311,Services: architectural services,DEB,IN,CZ,2015,MIO_EUR,0.0
bop_its6_det,SJ311,Services: architectural services,DEB,IN,CZ,2016,MIO_EUR,0.0
bop_its6_det,SJ311,Services: architectural services,DEB,IN,CZ,2017,MIO_EUR,0.0
bop_its6_det,SJ311,Services: architectural services,DEB,IN,CZ,2018,MIO_EUR,0.0
bop_its6_det,SJ311,Services: architectural services,DEB,IN,CZ,2019,MIO_EUR,0.0
bop_its6_det,SJ311,Services: architectural services,DEB,IN,CZ,2020,MIO_EUR,0.0
bop_its6_det,SJ311,Services: architectural services,DEB,IN,CZ,2021,MIO_EUR,0.0
bop_its6_det,SJ311,Services: architectural services,DEB,IN,CZ,2022,MIO_EUR,0.0
bop_its6_det,SJ311,Services: architectural services,DEB,IN,CZ,2023,MIO_EUR,0.0
bop_its6_det,SJ311,Services: architectural services,DEB,IN,CZ,2024,MIO_EUR,0.0
bop_its6_det,SJ311,Services: architectural services,DEB,IN,DE,2019,MIO_EUR,0.0
bop_its6_det,SJ311,Services: architectural services,DEB,IN,DK,2015,MIO_EUR,0.0
bop_its6_det,SJ311,Services: architectural services,DEB,IN,DK,2016,MIO_EUR,0.0
bop_its6_det,SJ311,Services: architectural services,DEB,IN,DK,2017,MIO_EUR,0.0
bop_its6_det,SJ311,Services: architectural services,DEB,IN,DK,2018,MIO_EUR,0.0
bop_its6_det,SJ311,Services: architectural services,DEB,IN,DK,2019,MIO_EUR,0.0
bop_its6_det,SJ311,Services: architectural services,DEB,IN,DK,2020,MIO_EUR,0.0
bop_its6_det,SJ311,Services: architectural services,DEB,IN,DK,2021,MIO_EUR,0.1
bop_its6_det,SJ311,Services: architectural services,DEB,IN,DK,2022,MIO_EUR,0.0
bop_its6_det,SJ311,Services: architectural services,DEB,IN,DK,2023,MIO_EUR,0.0
bop_its6_det,SJ311,Services: architectural services,DEB,IN,DK,2024,MIO_EUR,0.0
bop_its6_det,SJ311,Services: architectural services,DEB,IN,EL,2015,MIO_EUR,0.0
bop_its6_det,SJ311,Services: architectural services,DEB,IN,EL,2016,MIO_EUR,0.0
bop_its6_det,SJ311,Services: architectural services,DEB,IN,EL,2017,MIO_EUR,0.0
bop_its6_det,SJ311,Services: architectural services,DEB,IN,EL,2018,MIO_EUR,0.0
bop_its6_det,SJ311,Services: architectural services,DEB,IN,EL,2019,MIO_EUR,0.0
bop_its6_det,SJ311,Services: architectural services,DEB,IN,EL,2020,MIO_EUR,0.0
bop_its6_det,SJ311,Services: architectural services,DEB,IN,EL,2021,MIO_EUR,0.0
bop_its6_det,SJ311,Services: architectural services,DEB,IN,EL,2022,MIO_EUR,0.0
bop_its6_det,SJ311,Services: architectural services,DEB,IN,EL,2023,MIO_EUR,0.0
bop_its6_det,SJ311,Services: architectural services,DEB,IN,EL,2024,MIO_EUR,0.0
bop_its6_det,SJ311,Services: architectural services,DEB,IN,ES,2017,MIO_EUR,0.0
bop_its6_det,SJ311,Services: architectural services,DEB,IN,ES,2018,MIO_EUR,0.0
bop_its6_det,SJ311,Services: architectural services,DEB,IN,ES,2021,MIO_EUR,0.0
bop_its6_det,SJ311,Services: architectural services,DEB,IN,ES,2022,MIO_EUR,0.0
bop_its6_det,SJ311,Services: architectural services,DEB,IN,ES,2023,MIO_EUR,0.0
bop_its6_det,SJ311,Services: architectural services,DEB,IN,EU27_2020,2015,MIO_EUR,0.3
bop_its6_det,SJ311,Services: architectural services,DEB,IN,EU27_2020,2016,MIO_EUR,0.7
bop_its6_det,SJ311,Services: architectural services,DEB,IN,EU27_2020,2017,MIO_EUR,1.1
bop_its6_det,SJ311,Services: architectural services,DEB,IN,EU27_2020,2018,MIO_EUR,1.6
bop_its6_det,SJ311,Services: architectural services,DEB,IN,EU27_2020,2019,MIO_EUR,3.7
bop_its6_det,SJ311,Services: architectural services,DEB,IN,EU27_2020,2020,MIO_EUR,14.8
bop_its6_det,SJ311,Services: architectural services,DEB,IN,EU27_2020,2021,MIO_EUR,2.3
bop_its6_det,SJ311,Services: architectural services,DEB,IN,EU27_2020,2022,MIO_EUR,1.9
bop_its6_det,SJ311,Services: architectural services,DEB,IN,EU27_2020,2023,MIO_EUR,1.6
bop_its6_det,SJ311,Services: architectural services,DEB,IN,EU27_2020,2024,MIO_EUR,2.6
bop_its6_det,SJ311,Services: architectural services,DEB,IN,FI,2015,MIO_EUR,0.0
bop_its6_det,SJ311,Services: architectural services,DEB,IN,FI,2016,MIO_EUR,0.0
bop_its6_det,SJ311,Services: architectural services,DEB,IN,FI,2017,MIO_EUR,0.0
bop_its6_det,SJ311,Services: architectural services,DEB,IN,FI,2018,MIO_EUR,0.0
bop_its6_det,SJ311,Services: architectural services,DEB,IN,FI,2019,MIO_EUR,0.0
bop_its6_det,SJ311,Services: architectural services,DEB,IN,FI,2020,MIO_EUR,0.0
bop_its6_det,SJ311,Services: architectural services,DEB,IN,FI,2021,MIO_EUR,0.0
bop_its6_det,SJ311,Services: architectural services,DEB,IN,FI,2022,MIO_EUR,0.0
bop_its6_det,SJ311,Services: architectural services,DEB,IN,FI,2023,MIO_EUR,0.0
bop_its6_det,SJ311,Services: architectural services,DEB,IN,FI,2024,MIO_EUR,0.0
bop_its6_det,SJ311,Services: architectural services,DEB,IN,HU,2015,MIO_EUR,0.0
bop_its6_det,SJ311,Services: architectural services,DEB,IN,HU,2017,MIO_EUR,0.0
bop_its6_det,SJ311,Services: architectural services,DEB,IN,HU,2018,MIO_EUR,0.0
bop_its6_det,SJ311,Services: architectural services,DEB,IN,HU,2019,MIO_EUR,0.0
bop_its6_det,SJ311,Services: architectural services,DEB,IN,IE,2015,MIO_EUR,0.0
bop_its6_det,SJ311,Services: architectural services,DEB,IN,IE,2016,MIO_EUR,0.0
bop_its6_det,SJ311,Services: architectural services,DEB,IN,IE,2022,MIO_EUR,0.0
bop_its6_det,SJ311,Services: architectural services,DEB,IN,IE,2023,MIO_EUR,0.0
bop_its6_det,SJ311,Services: architectural services,DEB,IN,IE,2024,MIO_EUR,0.0
bop_its6_det,SJ311,Services: architectural services,DEB,IN,IT,2015,MIO_EUR,0.0
bop_its6_det,SJ311,Services: architectural services,DEB,IN,IT,2016,MIO_EUR,0.0
bop_its6_det,SJ311,Services: architectural services,DEB,IN,IT,2017,MIO_EUR,0.0
bop_its6_det,SJ311,Services: architectural services,DEB,IN,IT,2018,MIO_EUR,0.0
bop_its6_det,SJ311,Services: architectural services,DEB,IN,IT,2019,MIO_EUR,0.0
bop_its6_det,SJ311,Services: architectural services,DEB,IN,IT,2020,MIO_EUR,0.0
bop_its6_det,SJ311,Services: architectural services,DEB,IN,IT,2021,MIO_EUR,0.0
bop_its6_det,SJ311,Services: architectural services,DEB,IN,IT,2022,MIO_EUR,0.0
bop_its6_det,SJ311,Services: architectural services,DEB,IN,IT,2023,MIO_EUR,0.0
bop_its6_det,SJ311,Services: architectural services,DEB,IN,IT,2024,MIO_EUR,0.0
bop_its6_det,SJ311,Services: architectural services,DEB,IN,NL,2015,MIO_EUR,0.2
bop_its6_det,SJ311,Services: architectural services,DEB,IN,NL,2017,MIO_EUR,0.5
bop_its6_det,SJ311,Services: architectural services,DEB,IN,NL,2020,MIO_EUR,13.7
bop_its6_det,SJ311,Services: architectural services,DEB,IN,NL,2021,MIO_EUR,0.0
bop_its6_det,SJ311,Services: architectural services,DEB,IN,NL,2022,MIO_EUR,0.2
bop_its6_det,SJ311,Services: architectural services,DEB,IN,NL,2024,MIO_EUR,0.0
bop_its6_det,SJ311,Services: architectural services,DEB,IN,PL,2015,MIO_EUR,0.0
bop_its6_det,SJ311,Services: architectural services,DEB,IN,PL,2016,MIO_EUR,0.0
bop_its6_det,SJ311,Services: architectural services,DEB,IN,PL,2017,MIO_EUR,0.0
bop_its6_det,SJ311,Services: architectural services,DEB,IN,PL,2018,MIO_EUR,0.0
bop_its6_det,SJ311,Services: architectural services,DEB,IN,PL,2019,MIO_EUR,0.2
bop_its6_det,SJ311,Services: architectural services,DEB,IN,PL,2020,MIO_EUR,0.0
bop_its6_det,SJ311,Services: architectural services,DEB,IN,PL,2021,MIO_EUR,0.0
bop_its6_det,SJ311,Services: architectural services,DEB,IN,PL,2022,MIO_EUR,0.0
bop_its6_det,SJ311,Services: architectural services,DEB,IN,PL,2023,MIO_EUR,0.0
bop_its6_det,SJ311,Services: architectural services,DEB,IN,PL,2024,MIO_EUR,0.0
bop_its6_det,SJ311,Services: architectural services,DEB,IN,PT,2015,MIO_EUR,0.0
bop_its6_det,SJ311,Services: architectural services,DEB,IN,PT,2016,MIO_EUR,0.0
bop_its6_det,SJ311,Services: architectural services,DEB,IN,PT,2017,MIO_EUR,0.0
bop_its6_det,SJ311,Services: architectural services,DEB,IN,PT,2018,MIO_EUR,0.0
bop_its6_det,SJ311,Services: architectural services,DEB,IN,PT,2019,MIO_EUR,0.0
bop_its6_det,SJ311,Services: architectural services,DEB,IN,PT,2020,MIO_EUR,0.0
bop_its6_det,SJ311,Services: architectural services,DEB,IN,PT,2021,MIO_EUR,0.0
bop_its6_det,SJ311,Services: architectural services,DEB,IN,PT,2022,MIO_EUR,0.0
bop_its6_det,SJ311,Services: architectural services,DEB,IN,PT,2023,MIO_EUR,0.0
bop_its6_det,SJ311,Services: architectural services,DEB,IN,PT,2024,MIO_EUR,0.0
bop_its6_det,SJ311,Services: architectural services,DEB,IN,RO,2015,MIO_EUR,0.0
bop_its6_det,SJ311,Services: architectural services,DEB,IN,RO,2019,MIO_EUR,0.0
bop_its6_det,SJ311,Services: architectural services,DEB,IN,RO,2024,MIO_EUR,0.0
bop_its6_det,SJ311,Services: architectural services,DEB,IN,SE,2015,MIO_EUR,0.1
bop_its6_det,SJ311,Services: architectural services,DEB,IN,SE,2016,MIO_EUR,0.3
bop_its6_det,SJ311,Services: architectural services,DEB,IN,SE,2017,MIO_EUR,0.5
bop_its6_det,SJ311,Services: architectural services,DEB,IN,SE,2018,MIO_EUR,0.6
bop_its6_det,SJ311,Services: architectural services,DEB,IN,SE,2019,MIO_EUR,1.0
bop_its6_det,SJ311,Services: architectural services,DEB,IN,SE,2020,MIO_EUR,1.0
bop_its6_det,SJ311,Services: architectural services,DEB,IN,SE,2021,MIO_EUR,1.8
bop_its6_det,SJ311,Services: architectural services,DEB,IN,SE,2022,MIO_EUR,1.4
bop_its6_det,SJ311,Services: architectural services,DEB,IN,SE,2023,MIO_EUR,1.0
bop_its6_det,SJ311,Services: architectural services,DEB,IN,SE,2024,MIO_EUR,1.5
bop_its6_det,SJ311,Services: architectural services,CRE,IN,AT,2015,MIO_EUR,2.0
bop_its6_det,SJ311,Services: architectural services,CRE,IN,AT,2016,MIO_EUR,1.0
bop_its6_det,SJ311,Services: architectural services,CRE,IN,AT,2017,MIO_EUR,0.0
bop_its6_det,SJ311,Services: architectural services,CRE,IN,AT,2018,MIO_EUR,0.0
bop_its6_det,SJ311,Services: architectural services,CRE,IN,AT,2019,MIO_EUR,0.0
bop_its6_det,SJ311,Services: architectural services,CRE,IN,AT,2020,MIO_EUR,0.0
bop_its6_det,SJ311,Services: architectural services,CRE,IN,AT,2021,MIO_EUR,1.0
bop_its6_det,SJ311,Services: architectural services,CRE,IN,AT,2022,MIO_EUR,0.0
bop_its6_det,SJ311,Services: architectural services,CRE,IN,AT,2023,MIO_EUR,0.0
bop_its6_det,SJ311,Services: architectural services,CRE,IN,AT,2024,MIO_EUR,0.0
bop_its6_det,SJ311,Services: architectural services,CRE,IN,BE,2020,MIO_EUR,0.0
bop_its6_det,SJ311,Services: architectural services,CRE,IN,BE,2021,MIO_EUR,0.0
bop_its6_det,SJ311,Services: architectural services,CRE,IN,BE,2022,MIO_EUR,0.0
bop_its6_det,SJ311,Services: architectural services,CRE,IN,BE,2023,MIO_EUR,0.0
bop_its6_det,SJ311,Services: architectural services,CRE,IN,BE,2024,MIO_EUR,0.0
bop_its6_det,SJ311,Services: architectural services,CRE,IN,CZ,2015,MIO_EUR,0.0
bop_its6_det,SJ311,Services: architectural services,CRE,IN,CZ,2016,MIO_EUR,0.0
bop_its6_det,SJ311,Services: architectural services,CRE,IN,CZ,2017,MIO_EUR,0.0
bop_its6_det,SJ311,Services: architectural services,CRE,IN,CZ,2018,MIO_EUR,0.0
bop_its6_det,SJ311,Services: architectural services,CRE,IN,CZ,2019,MIO_EUR,0.0
bop_its6_det,SJ311,Services: architectural services,CRE,IN,CZ,2020,MIO_EUR,0.0
bop_its6_det,SJ311,Services: architectural services,CRE,IN,CZ,2021,MIO_EUR,0.0
bop_its6_det,SJ311,Services: architectural services,CRE,IN,CZ,2022,MIO_EUR,0.0
bop_its6_det,SJ311,Services: architectural services,CRE,IN,CZ,2023,MIO_EUR,0.0
bop_its6_det,SJ311,Services: architectural services,CRE,IN,CZ,2024,MIO_EUR,0.0
bop_its6_det,SJ311,Services: architectural services,CRE,IN,DK,2015,MIO_EUR,0.0
bop_its6_det,SJ311,Services: architectural services,CRE,IN,DK,2016,MIO_EUR,0.0
bop_its6_det,SJ311,Services: architectural services,CRE,IN,DK,2017,MIO_EUR,0.3
bop_its6_det,SJ311,Services: architectural services,CRE,IN,DK,2018,MIO_EUR,0.0
bop_its6_det,SJ311,Services: architectural services,CRE,IN,DK,2019,MIO_EUR,0.0
bop_its6_det,SJ311,Services: architectural services,CRE,IN,DK,2020,MIO_EUR,0.0
bop_its6_det,SJ311,Services: architectural services,CRE,IN,DK,2021,MIO_EUR,0.1
bop_its6_det,SJ311,Services: architectural services,CRE,IN,DK,2022,MIO_EUR,0.0
bop_its6_det,SJ311,Services: architectural services,CRE,IN,DK,2023,MIO_EUR,0.0
bop_its6_det,SJ311,Services: architectural services,CRE,IN,DK,2024,MIO_EUR,0.1
bop_its6_det,SJ311,Services: architectural services,CRE,IN,EL,2015,MIO_EUR,0.0
bop_its6_det,SJ311,Services: architectural services,CRE,IN,EL,2016,MIO_EUR,0.0
bop_its6_det,SJ311,Services: architectural services,CRE,IN,EL,2017,MIO_EUR,0.0
bop_its6_det,SJ311,Services: architectural services,CRE,IN,EL,2018,MIO_EUR,0.0
bop_its6_det,SJ311,Services: architectural services,CRE,IN,EL,2019,MIO_EUR,0.0
bop_its6_det,SJ311,Services: architectural services,CRE,IN,EL,2020,MIO_EUR,0.0
bop_its6_det,SJ311,Services: architectural services,CRE,IN,EL,2021,MIO_EUR,0.0
bop_its6_det,SJ311,Services: architectural services,CRE,IN,EL,2022,MIO_EUR,0.0
bop_its6_det,SJ311,Services: architectural services,CRE,IN,EL,2023,MIO_EUR,0.0
bop_its6_det,SJ311,Services: architectural services,CRE,IN,EL,2024,MIO_EUR,0.0
bop_its6_det,SJ311,Services: architectural services,CRE,IN,ES,2023,MIO_EUR,0.0
bop_its6_det,SJ311,Services: architectural services,CRE,IN,ES,2024,MIO_EUR,0.0
bop_its6_det,SJ311,Services: architectural services,CRE,IN,EU27_2020,2015,MIO_EUR,3.2
bop_its6_det,SJ311,Services: architectural services,CRE,IN,EU27_2020,2016,MIO_EUR,5.1
bop_its6_det,SJ311,Services: architectural services,CRE,IN,EU27_2020,2017,MIO_EUR,5.3
bop_its6_det,SJ311,Services: architectural services,CRE,IN,EU27_2020,2018,MIO_EUR,25.7
bop_its6_det,SJ311,Services: architectural services,CRE,IN,EU27_2020,2019,MIO_EUR,3.1
bop_its6_det,SJ311,Services: architectural services,CRE,IN,EU27_2020,2020,MIO_EUR,1.9
bop_its6_det,SJ311,Services: architectural services,CRE,IN,EU27_2020,2021,MIO_EUR,5.0
bop_its6_det,SJ311,Services: architectural services,CRE,IN,EU27_2020,2022,MIO_EUR,10.3
bop_its6_det,SJ311,Services: architectural services,CRE,IN,EU27_2020,2023,MIO_EUR,3.6
bop_its6_det,SJ311,Services: architectural services,CRE,IN,EU27_2020,2024,MIO_EUR,1.7
bop_its6_det,SJ311,Services: architectural services,CRE,IN,FI,2015,MIO_EUR,0.0
bop_its6_det,SJ311,Services: architectural services,CRE,IN,FI,2016,MIO_EUR,0.0
bop_its6_det,SJ311,Services: architectural services,CRE,IN,FI,2017,MIO_EUR,0.0
bop_its6_det,SJ311,Services: architectural services,CRE,IN,FI,2018,MIO_EUR,0.0
bop_its6_det,SJ311,Services: architectural services,CRE,IN,FI,2019,MIO_EUR,0.0
bop_its6_det,SJ311,Services: architectural services,CRE,IN,FI,2020,MIO_EUR,0.0
bop_its6_det,SJ311,Services: architectural services,CRE,IN,FI,2021,MIO_EUR,0.0
bop_its6_det,SJ311,Services: architectural services,CRE,IN,FI,2022,MIO_EUR,0.0
bop_its6_det,SJ311,Services: architectural services,CRE,IN,FI,2023,MIO_EUR,0.0
bop_its6_det,SJ311,Services: architectural services,CRE,IN,FI,2024,MIO_EUR,0.0
bop_its6_det,SJ311,Services: architectural services,CRE,IN,HU,2016,MIO_EUR,0.0
bop_its6_det,SJ311,Services: architectural services,CRE,IN,HU,2017,MIO_EUR,0.0
bop_its6_det,SJ311,Services: architectural services,CRE,IN,HU,2018,MIO_EUR,0.0
bop_its6_det,SJ311,Services: architectural services,CRE,IN,HU,2019,MIO_EUR,0.0
bop_its6_det,SJ311,Services: architectural services,CRE,IN,IE,2016,MIO_EUR,0.0
bop_its6_det,SJ311,Services: architectural services,CRE,IN,IE,2019,MIO_EUR,0.0
bop_its6_det,SJ311,Services: architectural services,CRE,IN,IE,2020,MIO_EUR,0.0
bop_its6_det,SJ311,Services: architectural services,CRE,IN,IE,2021,MIO_EUR,0.0
bop_its6_det,SJ311,Services: architectural services,CRE,IN,IE,2022,MIO_EUR,0.0
bop_its6_det,SJ311,Services: architectural services,CRE,IN,IE,2023,MIO_EUR,0.0
bop_its6_det,SJ311,Services: architectural services,CRE,IN,IE,2024,MIO_EUR,0.0
bop_its6_det,SJ311,Services: architectural services,CRE,IN,IT,2015,MIO_EUR,0.0
bop_its6_det,SJ311,Services: architectural services,CRE,IN,IT,2016,MIO_EUR,0.0
bop_its6_det,SJ311,Services: architectural services,CRE,IN,IT,2017,MIO_EUR,0.0
bop_its6_det,SJ311,Services: architectural services,CRE,IN,IT,2018,MIO_EUR,0.0
bop_its6_det,SJ311,Services: architectural services,CRE,IN,IT,2019,MIO_EUR,0.0
bop_its6_det,SJ311,Services: architectural services,CRE,IN,IT,2020,MIO_EUR,0.0
bop_its6_det,SJ311,Services: architectural services,CRE,IN,IT,2021,MIO_EUR,0.0
bop_its6_det,SJ311,Services: architectural services,CRE,IN,IT,2022,MIO_EUR,0.0
bop_its6_det,SJ311,Services: architectural services,CRE,IN,IT,2023,MIO_EUR,0.0
bop_its6_det,SJ311,Services: architectural services,CRE,IN,IT,2024,MIO_EUR,0.0
bop_its6_det,SJ311,Services: architectural services,CRE,IN,NL,2015,MIO_EUR,0.1
bop_its6_det,SJ311,Services: architectural services,CRE,IN,NL,2016,MIO_EUR,0.0
bop_its6_det,SJ311,Services: architectural services,CRE,IN,NL,2017,MIO_EUR,0.0
bop_its6_det,SJ311,Services: architectural services,CRE,IN,NL,2020,MIO_EUR,0.8
bop_its6_det,SJ311,Services: architectural services,CRE,IN,NL,2021,MIO_EUR,0.8
bop_its6_det,SJ311,Services: architectural services,CRE,IN,NL,2022,MIO_EUR,3.9
bop_its6_det,SJ311,Services: architectural services,CRE,IN,NL,2024,MIO_EUR,0.5
bop_its6_det,SJ311,Services: architectural services,CRE,IN,PL,2015,MIO_EUR,0.0
bop_its6_det,SJ311,Services: architectural services,CRE,IN,PL,2016,MIO_EUR,0.0
bop_its6_det,SJ311,Services: architectural services,CRE,IN,PL,2017,MIO_EUR,0.0
bop_its6_det,SJ311,Services: architectural services,CRE,IN,PL,2018,MIO_EUR,0.0
bop_its6_det,SJ311,Services: architectural services,CRE,IN,PL,2019,MIO_EUR,0.0
bop_its6_det,SJ311,Services: architectural services,CRE,IN,PL,2020,MIO_EUR,0.0
bop_its6_det,SJ311,Services: architectural services,CRE,IN,PL,2021,MIO_EUR,0.0
bop_its6_det,SJ311,Services: architectural services,CRE,IN,PL,2022,MIO_EUR,0.0
bop_its6_det,SJ311,Services: architectural services,CRE,IN,PL,2023,MIO_EUR,0.0
bop_its6_det,SJ311,Services: architectural services,CRE,IN,PL,2024,MIO_EUR,0.0
bop_its6_det,SJ311,Services: architectural services,CRE,IN,RO,2019,MIO_EUR,0.0
bop_its6_det,SJ311,Services: architectural services,CRE,IN,RO,2024,MIO_EUR,0.0
bop_its6_det,SJ311,Services: architectural services,CRE,IN,SE,2015,MIO_EUR,0.1
bop_its6_det,SJ311,Services: architectural services,CRE,IN,SE,2016,MIO_EUR,0.0
bop_its6_det,SJ311,Services: architectural services,CRE,IN,SE,2017,MIO_EUR,0.0
bop_its6_det,SJ311,Services: architectural services,CRE,IN,SE,2018,MIO_EUR,0.0
bop_its6_det,SJ311,Services: architectural services,CRE,IN,SE,2019,MIO_EUR,0.0
bop_its6_det,SJ311,Services: architectural services,CRE,IN,SE,2020,MIO_EUR,0.0
bop_its6_det,SJ311,Services: architectural services,CRE,IN,SE,2021,MIO_EUR,0.0
bop_its6_det,SJ311,Services: architectural services,CRE,IN,SE,2022,MIO_EUR,0.0
bop_its6_det,SJ311,Services: architectural services,CRE,IN,SE,2023,MIO_EUR,0.0
bop_its6_det,SJ311,Services: architectural services,CRE,IN,SE,2024,MIO_EUR,0.0
bop_its6_det,SJ313,Services: scientific and other technical services,DEB,IN,BE,2015,MIO_EUR,7.0
bop_its6_det,SJ313,Services: scientific and other technical services,DEB,IN,BE,2016,MIO_EUR,8.0
bop_its6_det,SJ313,Services: scientific and other technical services,DEB,IN,BE,2017,MIO_EUR,8.0
bop_its6_det,SJ313,Services: scientific and other technical services,DEB,IN,BE,2018,MIO_EUR,8.0
bop_its6_det,SJ313,Services: scientific and other technical services,DEB,IN,BE,2019,MIO_EUR,15.0
bop_its6_det,SJ313,Services: scientific and other technical services,DEB,IN,BE,2020,MIO_EUR,13.0
bop_its6_det,SJ313,Services: scientific and other technical services,DEB,IN,BE,2021,MIO_EUR,9.0
bop_its6_det,SJ313,Services: scientific and other technical services,DEB,IN,BE,2022,MIO_EUR,14.0
bop_its6_det,SJ313,Services: scientific and other technical services,DEB,IN,BE,2023,MIO_EUR,21.0
bop_its6_det,SJ313,Services: scientific and other technical services,DEB,IN,BE,2024,MIO_EUR,29.0
bop_its6_det,SJ313,Services: scientific and other technical services,DEB,IN,CZ,2015,MIO_EUR,0.7
bop_its6_det,SJ313,Services: scientific and other technical services,DEB,IN,CZ,2016,MIO_EUR,0.9
bop_its6_det,SJ313,Services: scientific and other technical services,DEB,IN,CZ,2017,MIO_EUR,1.3
bop_its6_det,SJ313,Services: scientific and other technical services,DEB,IN,CZ,2018,MIO_EUR,4.0
bop_its6_det,SJ313,Services: scientific and other technical services,DEB,IN,CZ,2019,MIO_EUR,18.3
bop_its6_det,SJ313,Services: scientific and other technical services,DEB,IN,CZ,2020,MIO_EUR,69.7
bop_its6_det,SJ313,Services: scientific and other technical services,DEB,IN,CZ,2021,MIO_EUR,69.7
bop_its6_det,SJ313,Services: scientific and other technical services,DEB,IN,CZ,2022,MIO_EUR,66.0
bop_its6_det,SJ313,Services: scientific and other technical services,DEB,IN,CZ,2023,MIO_EUR,68.2
bop_its6_det,SJ313,Services: scientific and other technical services,DEB,IN,CZ,2024,MIO_EUR,75.6
bop_its6_det,SJ313,Services: scientific and other technical services,DEB,IN,DE,2017,MIO_EUR,38.0
bop_its6_det,SJ313,Services: scientific and other technical services,DEB,IN,DE,2018,MIO_EUR,39.0
bop_its6_det,SJ313,Services: scientific and other technical services,DEB,IN,DE,2019,MIO_EUR,42.0
bop_its6_det,SJ313,Services: scientific and other technical services,DEB,IN,DE,2020,MIO_EUR,31.0
bop_its6_det,SJ313,Services: scientific and other technical services,DEB,IN,DE,2021,MIO_EUR,37.0
bop_its6_det,SJ313,Services: scientific and other technical services,DEB,IN,DE,2022,MIO_EUR,60.0
bop_its6_det,SJ313,Services: scientific and other technical services,DEB,IN,DE,2024,MIO_EUR,78.0
bop_its6_det,SJ313,Services: scientific and other technical services,DEB,IN,DK,2015,MIO_EUR,2.0
bop_its6_det,SJ313,Services: scientific and other technical services,DEB,IN,DK,2016,MIO_EUR,2.1
bop_its6_det,SJ313,Services: scientific and other technical services,DEB,IN,DK,2017,MIO_EUR,2.2
bop_its6_det,SJ313,Services: scientific and other technical services,DEB,IN,DK,2018,MIO_EUR,0.9
bop_its6_det,SJ313,Services: scientific and other technical services,DEB,IN,DK,2019,MIO_EUR,4.8
bop_its6_det,SJ313,Services: scientific and other technical services,DEB,IN,DK,2020,MIO_EUR,3.8
bop_its6_det,SJ313,Services: scientific and other technical services,DEB,IN,DK,2021,MIO_EUR,2.6
bop_its6_det,SJ313,Services: scientific and other technical services,DEB,IN,DK,2022,MIO_EUR,7.7
bop_its6_det,SJ313,Services: scientific and other technical services,DEB,IN,DK,2023,MIO_EUR,7.1
bop_its6_det,SJ313,Services: scientific and other technical services,DEB,IN,DK,2024,MIO_EUR,11.1
bop_its6_det,SJ313,Services: scientific and other technical services,DEB,IN,EL,2015,MIO_EUR,0.3
bop_its6_det,SJ313,Services: scientific and other technical services,DEB,IN,EL,2016,MIO_EUR,0.3
bop_its6_det,SJ313,Services: scientific and other technical services,DEB,IN,EL,2017,MIO_EUR,0.2
bop_its6_det,SJ313,Services: scientific and other technical services,DEB,IN,EL,2018,MIO_EUR,0.5
bop_its6_det,SJ313,Services: scientific and other technical services,DEB,IN,EL,2019,MIO_EUR,0.3
bop_its6_det,SJ313,Services: scientific and other technical services,DEB,IN,EL,2020,MIO_EUR,0.2
bop_its6_det,SJ313,Services: scientific and other technical services,DEB,IN,EL,2021,MIO_EUR,0.2
bop_its6_det,SJ313,Services: scientific and other technical services,DEB,IN,EL,2022,MIO_EUR,0.7
bop_its6_det,SJ313,Services: scientific and other technical services,DEB,IN,EL,2023,MIO_EUR,0.2
bop_its6_det,SJ313,Services: scientific and other technical services,DEB,IN,EL,2024,MIO_EUR,0.2
bop_its6_det,SJ313,Services: scientific and other technical services,DEB,IN,EU27_2020,2015,MIO_EUR,403.6
bop_its6_det,SJ313,Services: scientific and other technical services,DEB,IN,EU27_2020,2016,MIO_EUR,400.1
bop_its6_det,SJ313,Services: scientific and other technical services,DEB,IN,EU27_2020,2017,MIO_EUR,425.7
bop_its6_det,SJ313,Services: scientific and other technical services,DEB,IN,EU27_2020,2018,MIO_EUR,839.6
bop_its6_det,SJ313,Services: scientific and other technical services,DEB,IN,EU27_2020,2019,MIO_EUR,391.3
bop_its6_det,SJ313,Services: scientific and other technical services,DEB,IN,EU27_2020,2020,MIO_EUR,591.1
bop_its6_det,SJ313,Services: scientific and other technical services,DEB,IN,EU27_2020,2021,MIO_EUR,471.1
bop_its6_det,SJ313,Services: scientific and other technical services,DEB,IN,EU27_2020,2022,MIO_EUR,502.8
bop_its6_det,SJ313,Services: scientific and other technical services,DEB,IN,EU27_2020,2023,MIO_EUR,976.4
bop_its6_det,SJ313,Services: scientific and other technical services,DEB,IN,EU27_2020,2024,MIO_EUR,1166.6
bop_its6_det,SJ313,Services: scientific and other technical services,DEB,IN,FI,2015,MIO_EUR,0.0
bop_its6_det,SJ313,Services: scientific and other technical services,DEB,IN,FI,2016,MIO_EUR,0.0
bop_its6_det,SJ313,Services: scientific and other technical services,DEB,IN,FI,2017,MIO_EUR,0.0
bop_its6_det,SJ313,Services: scientific and other technical services,DEB,IN,FI,2018,MIO_EUR,0.0
bop_its6_det,SJ313,Services: scientific and other technical services,DEB,IN,FI,2019,MIO_EUR,0.0
bop_its6_det,SJ313,Services: scientific and other technical services,DEB,IN,FI,2020,MIO_EUR,1.0
bop_its6_det,SJ313,Services: scientific and other technical services,DEB,IN,FI,2021,MIO_EUR,0.0
bop_its6_det,SJ313,Services: scientific and other technical services,DEB,IN,FI,2022,MIO_EUR,0.0
bop_its6_det,SJ313,Services: scientific and other technical services,DEB,IN,FI,2023,MIO_EUR,0.0
bop_its6_det,SJ313,Services: scientific and other technical services,DEB,IN,FI,2024,MIO_EUR,1.0
bop_its6_det,SJ313,Services: scientific and other technical services,DEB,IN,HU,2015,MIO_EUR,0.0
bop_its6_det,SJ313,Services: scientific and other technical services,DEB,IN,HU,2016,MIO_EUR,0.1
bop_its6_det,SJ313,Services: scientific and other technical services,DEB,IN,HU,2017,MIO_EUR,0.0
bop_its6_det,SJ313,Services: scientific and other technical services,DEB,IN,HU,2018,MIO_EUR,0.7
bop_its6_det,SJ313,Services: scientific and other technical services,DEB,IN,HU,2019,MIO_EUR,0.0
bop_its6_det,SJ313,Services: scientific and other technical services,DEB,IN,HU,2020,MIO_EUR,0.3
bop_its6_det,SJ313,Services: scientific and other technical services,DEB,IN,HU,2021,MIO_EUR,0.0
bop_its6_det,SJ313,Services: scientific and other technical services,DEB,IN,HU,2022,MIO_EUR,0.0
bop_its6_det,SJ313,Services: scientific and other technical services,DEB,IN,HU,2023,MIO_EUR,0.0
bop_its6_det,SJ313,Services: scientific and other technical services,DEB,IN,HU,2024,MIO_EUR,0.0
bop_its6_det,SJ313,Services: scientific and other technical services,DEB,IN,IE,2015,MIO_EUR,0.0
bop_its6_det,SJ313,Services: scientific and other technical services,DEB,IN,IE,2016,MIO_EUR,0.0
bop_its6_det,SJ313,Services: scientific and other technical services,DEB,IN,IE,2017,MIO_EUR,0.0
bop_its6_det,SJ313,Services: scientific and other technical services,DEB,IN,IE,2018,MIO_EUR,0.0
bop_its6_det,SJ313,Services: scientific and other technical services,DEB,IN,IE,2019,MIO_EUR,0.0
bop_its6_det,SJ313,Services: scientific and other technical services,DEB,IN,IE,2020,MIO_EUR,0.0
bop_its6_det,SJ313,Services: scientific and other technical services,DEB,IN,IE,2021,MIO_EUR,0.0
bop_its6_det,SJ313,Services: scientific and other technical services,DEB,IN,IE,2022,MIO_EUR,0.0
bop_its6_det,SJ313,Services: scientific and other technical services,DEB,IN,IE,2023,MIO_EUR,0.0
bop_its6_det,SJ313,Services: scientific and other technical services,DEB,IN,IE,2024,MIO_EUR,0.0
bop_its6_det,SJ313,Services: scientific and other technical services,DEB,IN,IT,2015,MIO_EUR,10.8
bop_its6_det,SJ313,Services: scientific and other technical services,DEB,IN,IT,2016,MIO_EUR,7.8
bop_its6_det,SJ313,Services: scientific and other technical services,DEB,IN,IT,2017,MIO_EUR,12.1
bop_its6_det,SJ313,Services: scientific and other technical services,DEB,IN,IT,2018,MIO_EUR,14.0
bop_its6_det,SJ313,Services: scientific and other technical services,DEB,IN,IT,2019,MIO_EUR,12.8
bop_its6_det,SJ313,Services: scientific and other technical services,DEB,IN,IT,2020,MIO_EUR,12.7
bop_its6_det,SJ313,Services: scientific and other technical services,DEB,IN,IT,2021,MIO_EUR,13.4
bop_its6_det,SJ313,Services: scientific and other technical services,DEB,IN,IT,2022,MIO_EUR,27.1
bop_its6_det,SJ313,Services: scientific and other technical services,DEB,IN,IT,2023,MIO_EUR,2.1
bop_its6_det,SJ313,Services: scientific and other technical services,DEB,IN,IT,2024,MIO_EUR,3.3
bop_its6_det,SJ313,Services: scientific and other technical services,DEB,IN,PL,2015,MIO_EUR,1.2
bop_its6_det,SJ313,Services: scientific and other technical services,DEB,IN,PL,2016,MIO_EUR,1.4
bop_its6_det,SJ313,Services: scientific and other technical services,DEB,IN,PL,2017,MIO_EUR,0.5
bop_its6_det,SJ313,Services: scientific and other technical services,DEB,IN,PL,2018,MIO_EUR,0.7
bop_its6_det,SJ313,Services: scientific and other technical services,DEB,IN,PL,2019,MIO_EUR,0.7
bop_its6_det,SJ313,Services: scientific and other technical services,DEB,IN,PL,2020,MIO_EUR,0.9
bop_its6_det,SJ313,Services: scientific and other technical services,DEB,IN,PL,2021,MIO_EUR,0.7
bop_its6_det,SJ313,Services: scientific and other technical services,DEB,IN,PL,2022,MIO_EUR,4.5
bop_its6_det,SJ313,Services: scientific and other technical services,DEB,IN,PL,2023,MIO_EUR,5.5
bop_its6_det,SJ313,Services: scientific and other technical services,DEB,IN,PL,2024,MIO_EUR,4.2
bop_its6_det,SJ313,Services: scientific and other technical services,DEB,IN,PT,2015,MIO_EUR,0.0
bop_its6_det,SJ313,Services: scientific and other technical services,DEB,IN,PT,2016,MIO_EUR,0.0
bop_its6_det,SJ313,Services: scientific and other technical services,DEB,IN,PT,2017,MIO_EUR,1.0
bop_its6_det,SJ313,Services: scientific and other technical services,DEB,IN,PT,2018,MIO_EUR,1.0
bop_its6_det,SJ313,Services: scientific and other technical services,DEB,IN,PT,2019,MIO_EUR,1.0
bop_its6_det,SJ313,Services: scientific and other technical services,DEB,IN,PT,2020,MIO_EUR,1.0
bop_its6_det,SJ313,Services: scientific and other technical services,DEB,IN,PT,2021,MIO_EUR,1.0
bop_its6_det,SJ313,Services: scientific and other technical services,DEB,IN,PT,2022,MIO_EUR,2.0
bop_its6_det,SJ313,Services: scientific and other technical services,DEB,IN,PT,2023,MIO_EUR,2.0
bop_its6_det,SJ313,Services: scientific and other technical services,DEB,IN,PT,2024,MIO_EUR,1.0
bop_its6_det,SJ313,Services: scientific and other technical services,DEB,IN,RO,2015,MIO_EUR,1.1
bop_its6_det,SJ313,Services: scientific and other technical services,DEB,IN,RO,2016,MIO_EUR,2.2
bop_its6_det,SJ313,Services: scientific and other technical services,DEB,IN,RO,2017,MIO_EUR,2.2
bop_its6_det,SJ313,Services: scientific and other technical services,DEB,IN,RO,2018,MIO_EUR,1.1
bop_its6_det,SJ313,Services: scientific and other technical services,DEB,IN,RO,2019,MIO_EUR,1.5
bop_its6_det,SJ313,Services: scientific and other technical services,DEB,IN,RO,2020,MIO_EUR,1.0
bop_its6_det,SJ313,Services: scientific and other technical services,DEB,IN,RO,2021,MIO_EUR,1.4
bop_its6_det,SJ313,Services: scientific and other technical services,DEB,IN,RO,2022,MIO_EUR,1.2
bop_its6_det,SJ313,Services: scientific and other technical services,DEB,IN,RO,2023,MIO_EUR,2.6
bop_its6_det,SJ313,Services: scientific and other technical services,DEB,IN,RO,2024,MIO_EUR,2.4
bop_its6_det,SJ313,Services: scientific and other technical services,DEB,IN,SE,2015,MIO_EUR,0.1
bop_its6_det,SJ313,Services: scientific and other technical services,DEB,IN,SE,2016,MIO_EUR,1.2
bop_its6_det,SJ313,Services: scientific and other technical services,DEB,IN,SE,2017,MIO_EUR,1.3
bop_its6_det,SJ313,Services: scientific and other technical services,DEB,IN,SE,2018,MIO_EUR,1.1
bop_its6_det,SJ313,Services: scientific and other technical services,DEB,IN,SE,2019,MIO_EUR,1.5
bop_its6_det,SJ313,Services: scientific and other technical services,DEB,IN,SE,2020,MIO_EUR,2.2
bop_its6_det,SJ313,Services: scientific and other technical services,DEB,IN,SE,2021,MIO_EUR,0.9
bop_its6_det,SJ313,Services: scientific and other technical services,DEB,IN,SE,2022,MIO_EUR,3.4
bop_its6_det,SJ313,Services: scientific and other technical services,DEB,IN,SE,2023,MIO_EUR,1.9
bop_its6_det,SJ313,Services: scientific and other technical services,DEB,IN,SE,2024,MIO_EUR,1.3
bop_its6_det,SJ313,Services: scientific and other technical services,CRE,IN,BE,2015,MIO_EUR,2.0
bop_its6_det,SJ313,Services: scientific and other technical services,CRE,IN,BE,2016,MIO_EUR,2.0
bop_its6_det,SJ313,Services: scientific and other technical services,CRE,IN,BE,2017,MIO_EUR,2.0
bop_its6_det,SJ313,Services: scientific and other technical services,CRE,IN,BE,2018,MIO_EUR,3.0
bop_its6_det,SJ313,Services: scientific and other technical services,CRE,IN,BE,2019,MIO_EUR,3.0
bop_its6_det,SJ313,Services: scientific and other technical services,CRE,IN,BE,2020,MIO_EUR,2.0
bop_its6_det,SJ313,Services: scientific and other technical services,CRE,IN,BE,2021,MIO_EUR,3.0
bop_its6_det,SJ313,Services: scientific and other technical services,CRE,IN,BE,2022,MIO_EUR,5.0
bop_its6_det,SJ313,Services: scientific and other technical services,CRE,IN,BE,2023,MIO_EUR,5.0
bop_its6_det,SJ313,Services: scientific and other technical services,CRE,IN,BE,2024,MIO_EUR,6.0
bop_its6_det,SJ313,Services: scientific and other technical services,CRE,IN,CZ,2015,MIO_EUR,0.7
bop_its6_det,SJ313,Services: scientific and other technical services,CRE,IN,CZ,2016,MIO_EUR,0.6
bop_its6_det,SJ313,Services: scientific and other technical services,CRE,IN,CZ,2017,MIO_EUR,1.6
bop_its6_det,SJ313,Services: scientific and other technical services,CRE,IN,CZ,2018,MIO_EUR,0.9
bop_its6_det,SJ313,Services: scientific and other technical services,CRE,IN,CZ,2019,MIO_EUR,1.8
bop_its6_det,SJ313,Services: scientific and other technical services,CRE,IN,CZ,2020,MIO_EUR,0.8
bop_its6_det,SJ313,Services: scientific and other technical services,CRE,IN,CZ,2021,MIO_EUR,1.1
bop_its6_det,SJ313,Services: scientific and other technical services,CRE,IN,CZ,2022,MIO_EUR,1.5
bop_its6_det,SJ313,Services: scientific and other technical services,CRE,IN,CZ,2023,MIO_EUR,1.6
bop_its6_det,SJ313,Services: scientific and other technical services,CRE,IN,CZ,2024,MIO_EUR,1.3
bop_its6_det,SJ313,Services: scientific and other technical services,CRE,IN,DE,2017,MIO_EUR,26.0
bop_its6_det,SJ313,Services: scientific and other technical services,CRE,IN,DE,2018,MIO_EUR,27.0
bop_its6_det,SJ313,Services: scientific and other technical services,CRE,IN,DE,2019,MIO_EUR,23.0
bop_its6_det,SJ313,Services: scientific and other technical services,CRE,IN,DE,2020,MIO_EUR,26.0
bop_its6_det,SJ313,Services: scientific and other technical services,CRE,IN,DE,2021,MIO_EUR,29.0
bop_its6_det,SJ313,Services: scientific and other technical services,CRE,IN,DE,2022,MIO_EUR,32.0
bop_its6_det,SJ313,Services: scientific and other technical services,CRE,IN,DE,2024,MIO_EUR,43.0
bop_its6_det,SJ313,Services: scientific and other technical services,CRE,IN,DK,2015,MIO_EUR,0.1
bop_its6_det,SJ313,Services: scientific and other technical services,CRE,IN,DK,2016,MIO_EUR,1.7
bop_its6_det,SJ313,Services: scientific and other technical services,CRE,IN,DK,2017,MIO_EUR,1.7
bop_its6_det,SJ313,Services: scientific and other technical services,CRE,IN,DK,2018,MIO_EUR,1.9
bop_its6_det,SJ313,Services: scientific and other technical services,CRE,IN,DK,2019,MIO_EUR,5.5
bop_its6_det,SJ313,Services: scientific and other technical services,CRE,IN,DK,2020,MIO_EUR,3.4
bop_its6_det,SJ313,Services: scientific and other technical services,CRE,IN,DK,2021,MIO_EUR,4.8
bop_its6_det,SJ313,Services: scientific and other technical services,CRE,IN,DK,2022,MIO_EUR,6.6
bop_its6_det,SJ313,Services: scientific and other technical services,CRE,IN,DK,2023,MIO_EUR,4.3
bop_its6_det,SJ313,Services: scientific and other technical services,CRE,IN,DK,2024,MIO_EUR,5.4
bop_its6_det,SJ313,Services: scientific and other technical services,CRE,IN,EL,2015,MIO_EUR,0.4
bop_its6_det,SJ313,Services: scientific and other technical services,CRE,IN,EL,2016,MIO_EUR,0.4
bop_its6_det,SJ313,Services: scientific and other technical services,CRE,IN,EL,2017,MIO_EUR,0.4
bop_its6_det,SJ313,Services: scientific and other technical services,CRE,IN,EL,2018,MIO_EUR,0.6
bop_its6_det,SJ313,Services: scientific and other technical services,CRE,IN,EL,2019,MIO_EUR,0.4
bop_its6_det,SJ313,Services: scientific and other technical services,CRE,IN,EL,2020,MIO_EUR,0.1
bop_its6_det,SJ313,Services: scientific and other technical services,CRE,IN,EL,2021,MIO_EUR,0.2
bop_its6_det,SJ313,Services: scientific and other technical services,CRE,IN,EL,2022,MIO_EUR,1.2
bop_its6_det,SJ313,Services: scientific and other technical services,CRE,IN,EL,2023,MIO_EUR,0.6
bop_its6_det,SJ313,Services: scientific and other technical services,CRE,IN,EL,2024,MIO_EUR,1.3
bop_its6_det,SJ313,Services: scientific and other technical services,CRE,IN,ES,2015,MIO_EUR,11.0
bop_its6_det,SJ313,Services: scientific and other technical services,CRE,IN,ES,2016,MIO_EUR,13.0
bop_its6_det,SJ313,Services: scientific and other technical services,CRE,IN,ES,2017,MIO_EUR,9.0
bop_its6_det,SJ313,Services: scientific and other technical services,CRE,IN,ES,2023,MIO_EUR,45.0
bop_its6_det,SJ313,Services: scientific and other technical services,CRE,IN,ES,2024,MIO_EUR,15.0
bop_its6_det,SJ313,Services: scientific and other technical services,CRE,IN,EU27_2020,2015,MIO_EUR,152.9
bop_its6_det,SJ313,Services: scientific and other technical services,CRE,IN,EU27_2020,2016,MIO_EUR,107.7
bop_its6_det,SJ313,Services: scientific and other technical services,CRE,IN,EU27_2020,2017,MIO_EUR,86.1
bop_its6_det,SJ313,Services: scientific and other technical services,CRE,IN,EU27_2020,2018,MIO_EUR,130.2
bop_its6_det,SJ313,Services: scientific and other technical services,CRE,IN,EU27_2020,2019,MIO_EUR,190.3
bop_its6_det,SJ313,Services: scientific and other technical services,CRE,IN,EU27_2020,2020,MIO_EUR,270.8
bop_its6_det,SJ313,Services: scientific and other technical services,CRE,IN,EU27_2020,2021,MIO_EUR,272.0
bop_its6_det,SJ313,Services: scientific and other technical services,CRE,IN,EU27_2020,2022,MIO_EUR,256.0
bop_its6_det,SJ313,Services: scientific and other technical services,CRE,IN,EU27_2020,2023,MIO_EUR,298.7
bop_its6_det,SJ313,Services: scientific and other technical services,CRE,IN,EU27_2020,2024,MIO_EUR,191.8
bop_its6_det,SJ313,Services: scientific and other technical services,CRE,IN,FI,2015,MIO_EUR,0.0
bop_its6_det,SJ313,Services: scientific and other technical services,CRE,IN,FI,2016,MIO_EUR,0.0
bop_its6_det,SJ313,Services: scientific and other technical services,CRE,IN,FI,2017,MIO_EUR,1.0
bop_its6_det,SJ313,Services: scientific and other technical services,CRE,IN,FI,2018,MIO_EUR,1.0
bop_its6_det,SJ313,Services: scientific and other technical services,CRE,IN,FI,2019,MIO_EUR,0.0
bop_its6_det,SJ313,Services: scientific and other technical services,CRE,IN,FI,2020,MIO_EUR,1.0
bop_its6_det,SJ313,Services: scientific and other technical services,CRE,IN,FI,2021,MIO_EUR,1.0
bop_its6_det,SJ313,Services: scientific and other technical services,CRE,IN,FI,2022,MIO_EUR,1.0
bop_its6_det,SJ313,Services: scientific and other technical services,CRE,IN,FI,2023,MIO_EUR,1.0
bop_its6_det,SJ313,Services: scientific and other technical services,CRE,IN,FI,2024,MIO_EUR,1.0
bop_its6_det,SJ313,Services: scientific and other technical services,CRE,IN,HU,2015,MIO_EUR,0.0
bop_its6_det,SJ313,Services: scientific and other technical services,CRE,IN,HU,2016,MIO_EUR,1.6
bop_its6_det,SJ313,Services: scientific and other technical services,CRE,IN,HU,2017,MIO_EUR,0.5
bop_its6_det,SJ313,Services: scientific and other technical services,CRE,IN,HU,2018,MIO_EUR,0.1
bop_its6_det,SJ313,Services: scientific and other technical services,CRE,IN,HU,2019,MIO_EUR,0.1
bop_its6_det,SJ313,Services: scientific and other technical services,CRE,IN,HU,2020,MIO_EUR,0.3
bop_its6_det,SJ313,Services: scientific and other technical services,CRE,IN,HU,2021,MIO_EUR,0.2
bop_its6_det,SJ313,Services: scientific and other technical services,CRE,IN,HU,2022,MIO_EUR,0.2
bop_its6_det,SJ313,Services: scientific and other technical services,CRE,IN,HU,2023,MIO_EUR,0.3
bop_its6_det,SJ313,Services: scientific and other technical services,CRE,IN,HU,2024,MIO_EUR,0.3
bop_its6_det,SJ313,Services: scientific and other technical services,CRE,IN,IE,2015,MIO_EUR,0.0
bop_its6_det,SJ313,Services: scientific and other technical services,CRE,IN,IE,2016,MIO_EUR,0.0
bop_its6_det,SJ313,Services: scientific and other technical services,CRE,IN,IE,2017,MIO_EUR,0.0
bop_its6_det,SJ313,Services: scientific and other technical services,CRE,IN,IE,2018,MIO_EUR,0.0
bop_its6_det,SJ313,Services: scientific and other technical services,CRE,IN,IE,2019,MIO_EUR,0.0
bop_its6_det,SJ313,Services: scientific and other technical services,CRE,IN,IE,2020,MIO_EUR,0.0
bop_its6_det,SJ313,Services: scientific and other technical services,CRE,IN,IE,2021,MIO_EUR,0.0
bop_its6_det,SJ313,Services: scientific and other technical services,CRE,IN,IE,2022,MIO_EUR,0.0
bop_its6_det,SJ313,Services: scientific and other technical services,CRE,IN,IE,2023,MIO_EUR,0.0
bop_its6_det,SJ313,Services: scientific and other technical services,CRE,IN,IE,2024,MIO_EUR,0.0
bop_its6_det,SJ313,Services: scientific and other technical services,CRE,IN,IT,2015,MIO_EUR,1.8
bop_its6_det,SJ313,Services: scientific and other technical services,CRE,IN,IT,2016,MIO_EUR,2.5
bop_its6_det,SJ313,Services: scientific and other technical services,CRE,IN,IT,2017,MIO_EUR,4.1
bop_its6_det,SJ313,Services: scientific and other technical services,CRE,IN,IT,2018,MIO_EUR,2.4
bop_its6_det,SJ313,Services: scientific and other technical services,CRE,IN,IT,2019,MIO_EUR,3.4
bop_its6_det,SJ313,Services: scientific and other technical services,CRE,IN,IT,2020,MIO_EUR,1.3
bop_its6_det,SJ313,Services: scientific and other technical services,CRE,IN,IT,2021,MIO_EUR,2.1
bop_its6_det,SJ313,Services: scientific and other technical services,CRE,IN,IT,2022,MIO_EUR,4.1
bop_its6_det,SJ313,Services: scientific and other technical services,CRE,IN,IT,2023,MIO_EUR,3.6
bop_its6_det,SJ313,Services: scientific and other technical services,CRE,IN,IT,2024,MIO_EUR,4.7
bop_its6_det,SJ313,Services: scientific and other technical services,CRE,IN,PL,2015,MIO_EUR,1.0
bop_its6_det,SJ313,Services: scientific and other technical services,CRE,IN,PL,2016,MIO_EUR,0.5
bop_its6_det,SJ313,Services: scientific and other technical services,CRE,IN,PL,2017,MIO_EUR,1.9
bop_its6_det,SJ313,Services: scientific and other technical services,CRE,IN,PL,2018,MIO_EUR,2.8
bop_its6_det,SJ313,Services: scientific and other technical services,CRE,IN,PL,2019,MIO_EUR,2.1
bop_its6_det,SJ313,Services: scientific and other technical services,CRE,IN,PL,2020,MIO_EUR,2.3
bop_its6_det,SJ313,Services: scientific and other technical services,CRE,IN,PL,2021,MIO_EUR,2.8
bop_its6_det,SJ313,Services: scientific and other technical services,CRE,IN,PL,2022,MIO_EUR,4.7
bop_its6_det,SJ313,Services: scientific and other technical services,CRE,IN,PL,2023,MIO_EUR,6.4
bop_its6_det,SJ313,Services: scientific and other technical services,CRE,IN,PL,2024,MIO_EUR,3.7
bop_its6_det,SJ313,Services: scientific and other technical services,CRE,IN,PT,2015,MIO_EUR,0.0
bop_its6_det,SJ313,Services: scientific and other technical services,CRE,IN,PT,2016,MIO_EUR,0.0
bop_its6_det,SJ313,Services: scientific and other technical services,CRE,IN,PT,2017,MIO_EUR,0.0
bop_its6_det,SJ313,Services: scientific and other technical services,CRE,IN,PT,2018,MIO_EUR,1.0
bop_its6_det,SJ313,Services: scientific and other technical services,CRE,IN,PT,2019,MIO_EUR,0.0
bop_its6_det,SJ313,Services: scientific and other technical services,CRE,IN,PT,2020,MIO_EUR,0.0
bop_its6_det,SJ313,Services: scientific and other technical services,CRE,IN,PT,2021,MIO_EUR,1.0
bop_its6_det,SJ313,Services: scientific and other technical services,CRE,IN,PT,2022,MIO_EUR,1.0
bop_its6_det,SJ313,Services: scientific and other technical services,CRE,IN,PT,2023,MIO_EUR,1.0
bop_its6_det,SJ313,Services: scientific and other technical services,CRE,IN,PT,2024,MIO_EUR,1.0
bop_its6_det,SJ313,Services: scientific and other technical services,CRE,IN,RO,2015,MIO_EUR,0.9
bop_its6_det,SJ313,Services: scientific and other technical services,CRE,IN,RO,2016,MIO_EUR,2.0
bop_its6_det,SJ313,Services: scientific and other technical services,CRE,IN,RO,2017,MIO_EUR,1.1
bop_its6_det,SJ313,Services: scientific and other technical services,CRE,IN,RO,2018,MIO_EUR,0.6
bop_its6_det,SJ313,Services: scientific and other technical services,CRE,IN,RO,2019,MIO_EUR,0.6
bop_its6_det,SJ313,Services: scientific and other technical services,CRE,IN,RO,2020,MIO_EUR,0.8
bop_its6_det,SJ313,Services: scientific and other technical services,CRE,IN,RO,2021,MIO_EUR,0.8
bop_its6_det,SJ313,Services: scientific and other technical services,CRE,IN,RO,2022,MIO_EUR,0.6
bop_its6_det,SJ313,Services: scientific and other technical services,CRE,IN,RO,2023,MIO_EUR,1.0
bop_its6_det,SJ313,Services: scientific and other technical services,CRE,IN,RO,2024,MIO_EUR,0.8
bop_its6_det,SJ313,Services: scientific and other technical services,CRE,IN,SE,2015,MIO_EUR,0.0
bop_its6_det,SJ313,Services: scientific and other technical services,CRE,IN,SE,2016,MIO_EUR,0.0
bop_its6_det,SJ313,Services: scientific and other technical services,CRE,IN,SE,2017,MIO_EUR,0.1
bop_its6_det,SJ313,Services: scientific and other technical services,CRE,IN,SE,2018,MIO_EUR,0.2
bop_its6_det,SJ313,Services: scientific and other technical services,CRE,IN,SE,2019,MIO_EUR,0.6
bop_its6_det,SJ313,Services: scientific and other technical services,CRE,IN,SE,2020,MIO_EUR,0.3
bop_its6_det,SJ313,Services: scientific and other technical services,CRE,IN,SE,2021,MIO_EUR,0.6
bop_its6_det,SJ313,Services: scientific and other technical services,CRE,IN,SE,2022,MIO_EUR,0.3
bop_its6_det,SJ313,Services: scientific and other technical services,CRE,IN,SE,2023,MIO_EUR,1.1
bop_its6_det,SJ313,Services: scientific and other technical services,CRE,IN,SE,2024,MIO_EUR,1.9
bop_its6_det,SJ3,"Services: technical, trade-related, and other business services",DEB,IN,AT,2015,MIO_EUR,44.0
bop_its6_det,SJ3,"Services: technical, trade-related, and other business services",DEB,IN,AT,2016,MIO_EUR,46.0
bop_its6_det,SJ3,"Services: technical, trade-related, and other business services",DEB,IN,AT,2017,MIO_EUR,90.0
bop_its6_det,SJ3,"Services: technical, trade-related, and other business services",DEB,IN,AT,2018,MIO_EUR,73.0
bop_its6_det,SJ3,"Services: technical, trade-related, and other business services",DEB,IN,AT,2019,MIO_EUR,106.0
bop_its6_det,SJ3,"Services: technical, trade-related, and other business services",DEB,IN,AT,2020,MIO_EUR,76.0
bop_its6_det,SJ3,"Services: technical, trade-related, and other business services",DEB,IN,AT,2021,MIO_EUR,120.0
bop_its6_det,SJ3,"Services: technical, trade-related, and other business services",DEB,IN,AT,2022,MIO_EUR,133.0
bop_its6_det,SJ3,"Services: technical, trade-related, and other business services",DEB,IN,AT,2023,MIO_EUR,111.0
bop_its6_det,SJ3,"Services: technical, trade-related, and other business services",DEB,IN,AT,2024,MIO_EUR,116.0
bop_its6_det,SJ3,"Services: technical, trade-related, and other business services",DEB,IN,BE,2015,MIO_EUR,25.0
bop_its6_det,SJ3,"Services: technical, trade-related, and other business services",DEB,IN,BE,2016,MIO_EUR,30.0
bop_its6_det,SJ3,"Services: technical, trade-related, and other business services",DEB,IN,BE,2017,MIO_EUR,27.0
bop_its6_det,SJ3,"Services: technical, trade-related, and other business services",DEB,IN,BE,2018,MIO_EUR,35.0
bop_its6_det,SJ3,"Services: technical, trade-related, and other business services",DEB,IN,BE,2019,MIO_EUR,65.0
bop_its6_det,SJ3,"Services: technical, trade-related, and other business services",DEB,IN,BE,2020,MIO_EUR,49.0
bop_its6_det,SJ3,"Services: technical, trade-related, and other business services",DEB,IN,BE,2021,MIO_EUR,83.0
bop_its6_det,SJ3,"Services: technical, trade-related, and other business services",DEB,IN,BE,2022,MIO_EUR,71.0
bop_its6_det,SJ3,"Services: technical, trade-related, and other business services",DEB,IN,BE,2023,MIO_EUR,69.0
bop_its6_det,SJ3,"Services: technical, trade-related, and other business services",DEB,IN,BE,2024,MIO_EUR,84.0
bop_its6_det,SJ3,"Services: technical, trade-related, and other business services",DEB,IN,CZ,2015,MIO_EUR,4.3
bop_its6_det,SJ3,"Services: technical, trade-related, and other business services",DEB,IN,CZ,2016,MIO_EUR,10.1
bop_its6_det,SJ3,"Services: technical, trade-related, and other business services",DEB,IN,CZ,2017,MIO_EUR,8.6
bop_its6_det,SJ3,"Services: technical, trade-related, and other business services",DEB,IN,CZ,2018,MIO_EUR,10.2
bop_its6_det,SJ3,"Services: technical, trade-related, and other business services",DEB,IN,CZ,2019,MIO_EUR,24.6
bop_its6_det,SJ3,"Services: technical, trade-related, and other business services",DEB,IN,CZ,2020,MIO_EUR,74.9
bop_its6_det,SJ3,"Services: technical, trade-related, and other business services",DEB,IN,CZ,2021,MIO_EUR,77.9
bop_its6_det,SJ3,"Services: technical, trade-related, and other business services",DEB,IN,CZ,2022,MIO_EUR,72.6
bop_its6_det,SJ3,"Services: technical, trade-related, and other business services",DEB,IN,CZ,2023,MIO_EUR,75.4
bop_its6_det,SJ3,"Services: technical, trade-related, and other business services",DEB,IN,CZ,2024,MIO_EUR,89.0
bop_its6_det,SJ3,"Services: technical, trade-related, and other business services",DEB,IN,DE,2015,MIO_EUR,551.0
bop_its6_det,SJ3,"Services: technical, trade-related, and other business services",DEB,IN,DE,2016,MIO_EUR,510.0
bop_its6_det,SJ3,"Services: technical, trade-related, and other business services",DEB,IN,DE,2017,MIO_EUR,518.0
bop_its6_det,SJ3,"Services: technical, trade-related, and other business services",DEB,IN,DE,2018,MIO_EUR,557.0
bop_its6_det,SJ3,"Services: technical, trade-related, and other business services",DEB,IN,DE,2019,MIO_EUR,598.0
bop_its6_det,SJ3,"Services: technical, trade-related, and other business services",DEB,IN,DE,2020,MIO_EUR,545.0
bop_its6_det,SJ3,"Services: technical, trade-related, and other business services",DEB,IN,DE,2021,MIO_EUR,545.0
bop_its6_det,SJ3,"Services: technical, trade-related, and other business services",DEB,IN,DE,2022,MIO_EUR,755.0
bop_its6_det,SJ3,"Services: technical, trade-related, and other business services",DEB,IN,DE,2023,MIO_EUR,915.0
bop_its6_det,SJ3,"Services: technical, trade-related, and other business services",DEB,IN,DE,2024,MIO_EUR,1091.0
bop_its6_det,SJ3,"Services: technical, trade-related, and other business services",DEB,IN,DK,2015,MIO_EUR,41.4
bop_its6_det,SJ3,"Services: technical, trade-related, and other business services",DEB,IN,DK,2016,MIO_EUR,45.5
bop_its6_det,SJ3,"Services: technical, trade-related, and other business services",DEB,IN,DK,2017,MIO_EUR,42.3
bop_its6_det,SJ3,"Services: technical, trade-related, and other business services",DEB,IN,DK,2018,MIO_EUR,47.8
bop_its6_det,SJ3,"Services: technical, trade-related, and other business services",DEB,IN,DK,2019,MIO_EUR,72.5
bop_its6_det,SJ3,"Services: technical, trade-related, and other business services",DEB,IN,DK,2020,MIO_EUR,72.3
bop_its6_det,SJ3,"Services: technical, trade-related, and other business services",DEB,IN,DK,2021,MIO_EUR,74.9
bop_its6_det,SJ3,"Services: technical, trade-related, and other business services",DEB,IN,DK,2022,MIO_EUR,110.5
bop_its6_det,SJ3,"Services: technical, trade-related, and other business services",DEB,IN,DK,2023,MIO_EUR,127.4
bop_its6_det,SJ3,"Services: technical, trade-related, and other business services",DEB,IN,DK,2024,MIO_EUR,147.9
bop_its6_det,SJ3,"Services: technical, trade-related, and other business services",DEB,IN,EL,2015,MIO_EUR,1.1
bop_its6_det,SJ3,"Services: technical, trade-related, and other business services",DEB,IN,EL,2016,MIO_EUR,1.6
bop_its6_det,SJ3,"Services: technical, trade-related, and other business services",DEB,IN,EL,2017,MIO_EUR,0.9
bop_its6_det,SJ3,"Services: technical, trade-related, and other business services",DEB,IN,EL,2018,MIO_EUR,1.5
bop_its6_det,SJ3,"Services: technical, trade-related, and other business services",DEB,IN,EL,2019,MIO_EUR,1.2
bop_its6_det,SJ3,"Services: technical, trade-related, and other business services",DEB,IN,EL,2020,MIO_EUR,0.7
bop_its6_det,SJ3,"Services: technical, trade-related, and other business services",DEB,IN,EL,2021,MIO_EUR,0.9
bop_its6_det,SJ3,"Services: technical, trade-related, and other business services",DEB,IN,EL,2022,MIO_EUR,3.2
bop_its6_det,SJ3,"Services: technical, trade-related, and other business services",DEB,IN,EL,2023,MIO_EUR,2.4
bop_its6_det,SJ3,"Services: technical, trade-related, and other business services",DEB,IN,EL,2024,MIO_EUR,2.1
bop_its6_det,SJ3,"Services: technical, trade-related, and other business services",DEB,IN,ES,2015,MIO_EUR,110.0
bop_its6_det,SJ3,"Services: technical, trade-related, and other business services",DEB,IN,ES,2016,MIO_EUR,114.0
bop_its6_det,SJ3,"Services: technical, trade-related, and other business services",DEB,IN,ES,2017,MIO_EUR,120.0
bop_its6_det,SJ3,"Services: technical, trade-related, and other business services",DEB,IN,ES,2018,MIO_EUR,139.0
bop_its6_det,SJ3,"Services: technical, trade-related, and other business services",DEB,IN,ES,2019,MIO_EUR,88.0
bop_its6_det,SJ3,"Services: technical, trade-related, and other business services",DEB,IN,ES,2020,MIO_EUR,60.0
bop_its6_det,SJ3,"Services: technical, trade-related, and other business services",DEB,IN,ES,2021,MIO_EUR,63.0
bop_its6_det,SJ3,"Services: technical, trade-related, and other business services",DEB,IN,ES,2022,MIO_EUR,89.0
bop_its6_det,SJ3,"Services: technical, trade-related, and other business services",DEB,IN,ES,2023,MIO_EUR,111.0
bop_its6_det,SJ3,"Services: technical, trade-related, and other business services",DEB,IN,ES,2024,MIO_EUR,123.0
bop_its6_det,SJ3,"Services: technical, trade-related, and other business services",DEB,IN,EU27_2020,2015,MIO_EUR,2204.6
bop_its6_det,SJ3,"Services: technical, trade-related, and other business services",DEB,IN,EU27_2020,2016,MIO_EUR,2527.2
bop_its6_det,SJ3,"Services: technical, trade-related, and other business services",DEB,IN,EU27_2020,2017,MIO_EUR,2962.8
bop_its6_det,SJ3,"Services: technical, trade-related, and other business services",DEB,IN,EU27_2020,2018,MIO_EUR,3476.0
bop_its6_det,SJ3,"Services: technical, trade-related, and other business services",DEB,IN,EU27_2020,2019,MIO_EUR,3334.4
bop_its6_det,SJ3,"Services: technical, trade-related, and other business services",DEB,IN,EU27_2020,2020,MIO_EUR,3019.0
bop_its6_det,SJ3,"Services: technical, trade-related, and other business services",DEB,IN,EU27_2020,2021,MIO_EUR,3149.2
bop_its6_det,SJ3,"Services: technical, trade-related, and other business services",DEB,IN,EU27_2020,2022,MIO_EUR,4008.7
bop_its6_det,SJ3,"Services: technical, trade-related, and other business services",DEB,IN,EU27_2020,2023,MIO_EUR,5333.6
bop_its6_det,SJ3,"Services: technical, trade-related, and other business services",DEB,IN,EU27_2020,2024,MIO_EUR,5699.9
bop_its6_det,SJ3,"Services: technical, trade-related, and other business services",DEB,IN,FI,2015,MIO_EUR,39.0
bop_its6_det,SJ3,"Services: technical, trade-related, and other business services",DEB,IN,FI,2016,MIO_EUR,53.0
bop_its6_det,SJ3,"Services: technical, trade-related, and other business services",DEB,IN,FI,2017,MIO_EUR,67.0
bop_its6_det,SJ3,"Services: technical, trade-related, and other business services",DEB,IN,FI,2018,MIO_EUR,82.0
bop_its6_det,SJ3,"Services: technical, trade-related, and other business services",DEB,IN,FI,2019,MIO_EUR,68.0
bop_its6_det,SJ3,"Services: technical, trade-related, and other business services",DEB,IN,FI,2020,MIO_EUR,79.0
bop_its6_det,SJ3,"Services: technical, trade-related, and other business services",DEB,IN,FI,2021,MIO_EUR,87.0
bop_its6_det,SJ3,"Services: technical, trade-related, and other business services",DEB,IN,FI,2022,MIO_EUR,124.0
bop_its6_det,SJ3,"Services: technical, trade-related, and other business services",DEB,IN,FI,2023,MIO_EUR,330.0
bop_its6_det,SJ3,"Services: technical, trade-related, and other business services",DEB,IN,FI,2024,MIO_EUR,328.0
bop_its6_det,SJ3,"Services: technical, trade-related, and other business services",DEB,IN,FR,2015,MIO_EUR,272.0
bop_its6_det,SJ3,"Services: technical, trade-related, and other business services",DEB,IN,FR,2016,MIO_EUR,304.0
bop_its6_det,SJ3,"Services: technical, trade-related, and other business services",DEB,IN,FR,2017,MIO_EUR,564.0
bop_its6_det,SJ3,"Services: technical, trade-related, and other business services",DEB,IN,FR,2018,MIO_EUR,600.0
bop_its6_det,SJ3,"Services: technical, trade-related, and other business services",DEB,IN,FR,2019,MIO_EUR,500.0
bop_its6_det,SJ3,"Services: technical, trade-related, and other business services",DEB,IN,FR,2020,MIO_EUR,455.0
bop_its6_det,SJ3,"Services: technical, trade-related, and other business services",DEB,IN,FR,2021,MIO_EUR,509.0
bop_its6_det,SJ3,"Services: technical, trade-related, and other business services",DEB,IN,FR,2022,MIO_EUR,541.0
bop_its6_det,SJ3,"Services: technical, trade-related, and other business services",DEB,IN,FR,2023,MIO_EUR,980.0
bop_its6_det,SJ3,"Services: technical, trade-related, and other business services",DEB,IN,FR,2024,MIO_EUR,859.0
bop_its6_det,SJ3,"Services: technical, trade-related, and other business services",DEB,IN,HU,2015,MIO_EUR,9.3
bop_its6_det,SJ3,"Services: technical, trade-related, and other business services",DEB,IN,HU,2016,MIO_EUR,8.0
bop_its6_det,SJ3,"Services: technical, trade-related, and other business services",DEB,IN,HU,2017,MIO_EUR,9.4
bop_its6_det,SJ3,"Services: technical, trade-related, and other business services",DEB,IN,HU,2018,MIO_EUR,10.6
bop_its6_det,SJ3,"Services: technical, trade-related, and other business services",DEB,IN,HU,2019,MIO_EUR,9.1
bop_its6_det,SJ3,"Services: technical, trade-related, and other business services",DEB,IN,HU,2020,MIO_EUR,10.0
bop_its6_det,SJ3,"Services: technical, trade-related, and other business services",DEB,IN,HU,2021,MIO_EUR,8.7
bop_its6_det,SJ3,"Services: technical, trade-related, and other business services",DEB,IN,HU,2022,MIO_EUR,9.8
bop_its6_det,SJ3,"Services: technical, trade-related, and other business services",DEB,IN,HU,2023,MIO_EUR,6.9
bop_its6_det,SJ3,"Services: technical, trade-related, and other business services",DEB,IN,HU,2024,MIO_EUR,5.5
bop_its6_det,SJ3,"Services: technical, trade-related, and other business services",DEB,IN,IE,2015,MIO_EUR,205.0
bop_its6_det,SJ3,"Services: technical, trade-related, and other business services",DEB,IN,IE,2016,MIO_EUR,390.0
bop_its6_det,SJ3,"Services: technical, trade-related, and other business services",DEB,IN,IE,2017,MIO_EUR,460.0
bop_its6_det,SJ3,"Services: technical, trade-related, and other business services",DEB,IN,IE,2018,MIO_EUR,417.0
bop_its6_det,SJ3,"Services: technical, trade-related, and other business services",DEB,IN,IE,2019,MIO_EUR,554.0
bop_its6_det,SJ3,"Services: technical, trade-related, and other business services",DEB,IN,IE,2020,MIO_EUR,499.0
bop_its6_det,SJ3,"Services: technical, trade-related, and other business services",DEB,IN,IE,2021,MIO_EUR,672.0
bop_its6_det,SJ3,"Services: technical, trade-related, and other business services",DEB,IN,IE,2022,MIO_EUR,823.0
bop_its6_det,SJ3,"Services: technical, trade-related, and other business services",DEB,IN,IE,2023,MIO_EUR,768.0
bop_its6_det,SJ3,"Services: technical, trade-related, and other business services",DEB,IN,IE,2024,MIO_EUR,885.0
bop_its6_det,SJ3,"Services: technical, trade-related, and other business services",DEB,IN,IT,2015,MIO_EUR,100.2
bop_its6_det,SJ3,"Services: technical, trade-related, and other business services",DEB,IN,IT,2016,MIO_EUR,114.8
bop_its6_det,SJ3,"Services: technical, trade-related, and other business services",DEB,IN,IT,2017,MIO_EUR,99.8
bop_its6_det,SJ3,"Services: technical, trade-related, and other business services",DEB,IN,IT,2018,MIO_EUR,96.9
bop_its6_det,SJ3,"Services: technical, trade-related, and other business services",DEB,IN,IT,2019,MIO_EUR,143.6
bop_its6_det,SJ3,"Services: technical, trade-related, and other business services",DEB,IN,IT,2020,MIO_EUR,90.4
bop_its6_det,SJ3,"Services: technical, trade-related, and other business services",DEB,IN,IT,2021,MIO_EUR,101.7
bop_its6_det,SJ3,"Services: technical, trade-related, and other business services",DEB,IN,IT,2022,MIO_EUR,110.7
bop_its6_det,SJ3,"Services: technical, trade-related, and other business services",DEB,IN,IT,2023,MIO_EUR,139.1
bop_its6_det,SJ3,"Services: technical, trade-related, and other business services",DEB,IN,IT,2024,MIO_EUR,134.2
bop_its6_det,SJ3,"Services: technical, trade-related, and other business services",DEB,IN,NL,2015,MIO_EUR,679.8
bop_its6_det,SJ3,"Services: technical, trade-related, and other business services",DEB,IN,NL,2016,MIO_EUR,791.3
bop_its6_det,SJ3,"Services: technical, trade-related, and other business services",DEB,IN,NL,2017,MIO_EUR,845.0
bop_its6_det,SJ3,"Services: technical, trade-related, and other business services",DEB,IN,NL,2018,MIO_EUR,1302.0
bop_its6_det,SJ3,"Services: technical, trade-related, and other business services",DEB,IN,NL,2019,MIO_EUR,942.0
bop_its6_det,SJ3,"Services: technical, trade-related, and other business services",DEB,IN,NL,2020,MIO_EUR,845.7
bop_its6_det,SJ3,"Services: technical, trade-related, and other business services",DEB,IN,NL,2021,MIO_EUR,578.5
bop_its6_det,SJ3,"Services: technical, trade-related, and other business services",DEB,IN,NL,2022,MIO_EUR,866.8
bop_its6_det,SJ3,"Services: technical, trade-related, and other business services",DEB,IN,NL,2023,MIO_EUR,1346.1
bop_its6_det,SJ3,"Services: technical, trade-related, and other business services",DEB,IN,NL,2024,MIO_EUR,1446.7
bop_its6_det,SJ3,"Services: technical, trade-related, and other business services",DEB,IN,PL,2015,MIO_EUR,5.3
bop_its6_det,SJ3,"Services: technical, trade-related, and other business services",DEB,IN,PL,2016,MIO_EUR,6.9
bop_its6_det,SJ3,"Services: technical, trade-related, and other business services",DEB,IN,PL,2017,MIO_EUR,5.4
bop_its6_det,SJ3,"Services: technical, trade-related, and other business services",DEB,IN,PL,2018,MIO_EUR,7.3
bop_its6_det,SJ3,"Services: technical, trade-related, and other business services",DEB,IN,PL,2019,MIO_EUR,10.7
bop_its6_det,SJ3,"Services: technical, trade-related, and other business services",DEB,IN,PL,2020,MIO_EUR,11.5
bop_its6_det,SJ3,"Services: technical, trade-related, and other business services",DEB,IN,PL,2021,MIO_EUR,11.0
bop_its6_det,SJ3,"Services: technical, trade-related, and other business services",DEB,IN,PL,2022,MIO_EUR,25.0
bop_its6_det,SJ3,"Services: technical, trade-related, and other business services",DEB,IN,PL,2023,MIO_EUR,28.2
bop_its6_det,SJ3,"Services: technical, trade-related, and other business services",DEB,IN,PL,2024,MIO_EUR,29.3
bop_its6_det,SJ3,"Services: technical, trade-related, and other business services",DEB,IN,PT,2015,MIO_EUR,4.0
bop_its6_det,SJ3,"Services: technical, trade-related, and other business services",DEB,IN,PT,2016,MIO_EUR,2.0
bop_its6_det,SJ3,"Services: technical, trade-related, and other business services",DEB,IN,PT,2017,MIO_EUR,2.0
bop_its6_det,SJ3,"Services: technical, trade-related, and other business services",DEB,IN,PT,2018,MIO_EUR,5.0
bop_its6_det,SJ3,"Services: technical, trade-related, and other business services",DEB,IN,PT,2019,MIO_EUR,7.0
bop_its6_det,SJ3,"Services: technical, trade-related, and other business services",DEB,IN,PT,2020,MIO_EUR,3.0
bop_its6_det,SJ3,"Services: technical, trade-related, and other business services",DEB,IN,PT,2021,MIO_EUR,4.0
bop_its6_det,SJ3,"Services: technical, trade-related, and other business services",DEB,IN,PT,2022,MIO_EUR,7.0
bop_its6_det,SJ3,"Services: technical, trade-related, and other business services",DEB,IN,PT,2023,MIO_EUR,9.0
bop_its6_det,SJ3,"Services: technical, trade-related, and other business services",DEB,IN,PT,2024,MIO_EUR,9.0
bop_its6_det,SJ3,"Services: technical, trade-related, and other business services",DEB,IN,RO,2015,MIO_EUR,4.0
bop_its6_det,SJ3,"Services: technical, trade-related, and other business services",DEB,IN,RO,2016,MIO_EUR,8.9
bop_its6_det,SJ3,"Services: technical, trade-related, and other business services",DEB,IN,RO,2017,MIO_EUR,6.1
bop_its6_det,SJ3,"Services: technical, trade-related, and other business services",DEB,IN,RO,2018,MIO_EUR,5.4
bop_its6_det,SJ3,"Services: technical, trade-related, and other business services",DEB,IN,RO,2019,MIO_EUR,37.5
bop_its6_det,SJ3,"Services: technical, trade-related, and other business services",DEB,IN,RO,2020,MIO_EUR,29.3
bop_its6_det,SJ3,"Services: technical, trade-related, and other business services",DEB,IN,RO,2021,MIO_EUR,30.5
bop_its6_det,SJ3,"Services: technical, trade-related, and other business services",DEB,IN,RO,2022,MIO_EUR,52.7
bop_its6_det,SJ3,"Services: technical, trade-related, and other business services",DEB,IN,RO,2023,MIO_EUR,26.9
bop_its6_det,SJ3,"Services: technical, trade-related, and other business services",DEB,IN,RO,2024,MIO_EUR,9.0
bop_its6_det,SJ3,"Services: technical, trade-related, and other business services",DEB,IN,SE,2015,MIO_EUR,90.7
bop_its6_det,SJ3,"Services: technical, trade-related, and other business services",DEB,IN,SE,2016,MIO_EUR,71.5
bop_its6_det,SJ3,"Services: technical, trade-related, and other business services",DEB,IN,SE,2017,MIO_EUR,80.2
bop_its6_det,SJ3,"Services: technical, trade-related, and other business services",DEB,IN,SE,2018,MIO_EUR,70.7
bop_its6_det,SJ3,"Services: technical, trade-related, and other business services",DEB,IN,SE,2019,MIO_EUR,91.3
bop_its6_det,SJ3,"Services: technical, trade-related, and other business services",DEB,IN,SE,2020,MIO_EUR,102.8
bop_its6_det,SJ3,"Services: technical, trade-related, and other business services",DEB,IN,SE,2021,MIO_EUR,156.5
bop_its6_det,SJ3,"Services: technical, trade-related, and other business services",DEB,IN,SE,2022,MIO_EUR,142.4
bop_its6_det,SJ3,"Services: technical, trade-related, and other business services",DEB,IN,SE,2023,MIO_EUR,241.2
bop_its6_det,SJ3,"Services: technical, trade-related, and other business services",DEB,IN,SE,2024,MIO_EUR,261.2
bop_its6_det,SJ3,"Services: technical, trade-related, and other business services",DEB,IN,UK,2016,MIO_EUR,1338.7
bop_its6_det,SJ3,"Services: technical, trade-related, and other business services",DEB,IN,UK,2017,MIO_EUR,1771.5
bop_its6_det,SJ3,"Services: technical, trade-related, and other business services",DEB,IN,UK,2018,MIO_EUR,1853.7
bop_its6_det,SJ3,"Services: technical, trade-related, and other business services",DEB,IN,UK,2019,MIO_EUR,3382.4
bop_its6_det,SJ3,"Services: technical, trade-related, and other business services",CRE,IN,AT,2015,MIO_EUR,72.0
bop_its6_det,SJ3,"Services: technical, trade-related, and other business services",CRE,IN,AT,2016,MIO_EUR,31.0
bop_its6_det,SJ3,"Services: technical, trade-related, and other business services",CRE,IN,AT,2017,MIO_EUR,41.0
bop_its6_det,SJ3,"Services: technical, trade-related, and other business services",CRE,IN,AT,2018,MIO_EUR,40.0
bop_its6_det,SJ3,"Services: technical, trade-related, and other business services",CRE,IN,AT,2019,MIO_EUR,67.0
bop_its6_det,SJ3,"Services: technical, trade-related, and other business services",CRE,IN,AT,2020,MIO_EUR,83.0
bop_its6_det,SJ3,"Services: technical, trade-related, and other business services",CRE,IN,AT,2021,MIO_EUR,49.0
bop_its6_det,SJ3,"Services: technical, trade-related, and other business services",CRE,IN,AT,2022,MIO_EUR,53.0
bop_its6_det,SJ3,"Services: technical, trade-related, and other business services",CRE,IN,AT,2023,MIO_EUR,99.0
bop_its6_det,SJ3,"Services: technical, trade-related, and other business services",CRE,IN,AT,2024,MIO_EUR,81.0
bop_its6_det,SJ3,"Services: technical, trade-related, and other business services",CRE,IN,BE,2015,MIO_EUR,20.0
bop_its6_det,SJ3,"Services: technical, trade-related, and other business services",CRE,IN,BE,2016,MIO_EUR,16.0
bop_its6_det,SJ3,"Services: technical, trade-related, and other business services",CRE,IN,BE,2017,MIO_EUR,34.0
bop_its6_det,SJ3,"Services: technical, trade-related, and other business services",CRE,IN,BE,2018,MIO_EUR,30.0
bop_its6_det,SJ3,"Services: technical, trade-related, and other business services",CRE,IN,BE,2019,MIO_EUR,18.0
bop_its6_det,SJ3,"Services: technical, trade-related, and other business services",CRE,IN,BE,2020,MIO_EUR,12.0
bop_its6_det,SJ3,"Services: technical, trade-related, and other business services",CRE,IN,BE,2021,MIO_EUR,54.0
bop_its6_det,SJ3,"Services: technical, trade-related, and other business services",CRE,IN,BE,2022,MIO_EUR,14.0
bop_its6_det,SJ3,"Services: technical, trade-related, and other business services",CRE,IN,BE,2023,MIO_EUR,19.0
bop_its6_det,SJ3,"Services: technical, trade-related, and other business services",CRE,IN,BE,2024,MIO_EUR,15.0
bop_its6_det,SJ3,"Services: technical, trade-related, and other business services",CRE,IN,CZ,2015,MIO_EUR,2.3
bop_its6_det,SJ3,"Services: technical, trade-related, and other business services",CRE,IN,CZ,2016,MIO_EUR,3.1
bop_its6_det,SJ3,"Services: technical, trade-related, and other business services",CRE,IN,CZ,2017,MIO_EUR,2.8
bop_its6_det,SJ3,"Services: technical, trade-related, and other business services",CRE,IN,CZ,2018,MIO_EUR,1.9
bop_its6_det,SJ3,"Services: technical, trade-related, and other business services",CRE,IN,CZ,2019,MIO_EUR,4.8
bop_its6_det,SJ3,"Services: technical, trade-related, and other business services",CRE,IN,CZ,2020,MIO_EUR,2.2
bop_its6_det,SJ3,"Services: technical, trade-related, and other business services",CRE,IN,CZ,2021,MIO_EUR,4.6
bop_its6_det,SJ3,"Services: technical, trade-related, and other business services",CRE,IN,CZ,2022,MIO_EUR,3.3
bop_its6_det,SJ3,"Services: technical, trade-related, and other business services",CRE,IN,CZ,2023,MIO_EUR,7.9
bop_its6_det,SJ3,"Services: technical, trade-related, and other business services",CRE,IN,CZ,2024,MIO_EUR,2.8
bop_its6_det,SJ3,"Services: technical, trade-related, and other business services",CRE,IN,DE,2015,MIO_EUR,229.0
bop_its6_det,SJ3,"Services: technical, trade-related, and other business services",CRE,IN,DE,2016,MIO_EUR,201.0
bop_its6_det,SJ3,"Services: technical, trade-related, and other business services",CRE,IN,DE,2017,MIO_EUR,221.0
bop_its6_det,SJ3,"Services: technical, trade-related, and other business services",CRE,IN,DE,2018,MIO_EUR,252.0
bop_its6_det,SJ3,"Services: technical, trade-related, and other business services",CRE,IN,DE,2019,MIO_EUR,274.0
bop_its6_det,SJ3,"Services: technical, trade-related, and other business services",CRE,IN,DE,2020,MIO_EUR,240.0
bop_its6_det,SJ3,"Services: technical, trade-related, and other business services",CRE,IN,DE,2021,MIO_EUR,262.0
bop_its6_det,SJ3,"Services: technical, trade-related, and other business services",CRE,IN,DE,2022,MIO_EUR,261.0
bop_its6_det,SJ3,"Services: technical, trade-related, and other business services",CRE,IN,DE,2023,MIO_EUR,362.0
bop_its6_det,SJ3,"Services: technical, trade-related, and other business services",CRE,IN,DE,2024,MIO_EUR,362.0
bop_its6_det,SJ3,"Services: technical, trade-related, and other business services",CRE,IN,DK,2015,MIO_EUR,27.1
bop_its6_det,SJ3,"Services: technical, trade-related, and other business services",CRE,IN,DK,2016,MIO_EUR,29.3
bop_its6_det,SJ3,"Services: technical, trade-related, and other business services",CRE,IN,DK,2017,MIO_EUR,17.7
bop_its6_det,SJ3,"Services: technical, trade-related, and other business services",CRE,IN,DK,2018,MIO_EUR,32.5
bop_its6_det,SJ3,"Services: technical, trade-related, and other business services",CRE,IN,DK,2019,MIO_EUR,31.5
bop_its6_det,SJ3,"Services: technical, trade-related, and other business services",CRE,IN,DK,2020,MIO_EUR,30.3
bop_its6_det,SJ3,"Services: technical, trade-related, and other business services",CRE,IN,DK,2021,MIO_EUR,32.7
bop_its6_det,SJ3,"Services: technical, trade-related, and other business services",CRE,IN,DK,2022,MIO_EUR,26.5
bop_its6_det,SJ3,"Services: technical, trade-related, and other business services",CRE,IN,DK,2023,MIO_EUR,32.1
bop_its6_det,SJ3,"Services: technical, trade-related, and other business services",CRE,IN,DK,2024,MIO_EUR,29.5
bop_its6_det,SJ3,"Services: technical, trade-related, and other business services",CRE,IN,EL,2015,MIO_EUR,1.4
bop_its6_det,SJ3,"Services: technical, trade-related, and other business services",CRE,IN,EL,2016,MIO_EUR,1.5
bop_its6_det,SJ3,"Services: technical, trade-related, and other business services",CRE,IN,EL,2017,MIO_EUR,1.6
bop_its6_det,SJ3,"Services: technical, trade-related, and other business services",CRE,IN,EL,2018,MIO_EUR,2.0
bop_its6_det,SJ3,"Services: technical, trade-related, and other business services",CRE,IN,EL,2019,MIO_EUR,1.6
bop_its6_det,SJ3,"Services: technical, trade-related, and other business services",CRE,IN,EL,2020,MIO_EUR,0.9
bop_its6_det,SJ3,"Services: technical, trade-related, and other business services",CRE,IN,EL,2021,MIO_EUR,1.6
bop_its6_det,SJ3,"Services: technical, trade-related, and other business services",CRE,IN,EL,2022,MIO_EUR,3.7
bop_its6_det,SJ3,"Services: technical, trade-related, and other business services",CRE,IN,EL,2023,MIO_EUR,1.5
bop_its6_det,SJ3,"Services: technical, trade-related, and other business services",CRE,IN,EL,2024,MIO_EUR,4.1
bop_its6_det,SJ3,"Services: technical, trade-related, and other business services",CRE,IN,ES,2015,MIO_EUR,31.0
bop_its6_det,SJ3,"Services: technical, trade-related, and other business services",CRE,IN,ES,2016,MIO_EUR,35.0
bop_its6_det,SJ3,"Services: technical, trade-related, and other business services",CRE,IN,ES,2017,MIO_EUR,34.0
bop_its6_det,SJ3,"Services: technical, trade-related, and other business services",CRE,IN,ES,2018,MIO_EUR,29.0
bop_its6_det,SJ3,"Services: technical, trade-related, and other business services",CRE,IN,ES,2019,MIO_EUR,40.0
bop_its6_det,SJ3,"Services: technical, trade-related, and other business services",CRE,IN,ES,2020,MIO_EUR,25.0
bop_its6_det,SJ3,"Services: technical, trade-related, and other business services",CRE,IN,ES,2021,MIO_EUR,60.0
bop_its6_det,SJ3,"Services: technical, trade-related, and other business services",CRE,IN,ES,2022,MIO_EUR,266.0
bop_its6_det,SJ3,"Services: technical, trade-related, and other business services",CRE,IN,ES,2023,MIO_EUR,87.0
bop_its6_det,SJ3,"Services: technical, trade-related, and other business services",CRE,IN,ES,2024,MIO_EUR,94.0
bop_its6_det,SJ3,"Services: technical, trade-related, and other business services",CRE,IN,EU27_2020,2015,MIO_EUR,1769.3
bop_its6_det,SJ3,"Services: technical, trade-related, and other business services",CRE,IN,EU27_2020,2016,MIO_EUR,1873.6
bop_its6_det,SJ3,"Services: technical, trade-related, and other business services",CRE,IN,EU27_2020,2017,MIO_EUR,1941.7
bop_its6_det,SJ3,"Services: technical, trade-related, and other business services",CRE,IN,EU27_2020,2018,MIO_EUR,2062.7
bop_its6_det,SJ3,"Services: technical, trade-related, and other business services",CRE,IN,EU27_2020,2019,MIO_EUR,2648.5
bop_its6_det,SJ3,"Services: technical, trade-related, and other business services",CRE,IN,EU27_2020,2020,MIO_EUR,2212.7
bop_its6_det,SJ3,"Services: technical, trade-related, and other business services",CRE,IN,EU27_2020,2021,MIO_EUR,2461.7
bop_its6_det,SJ3,"Services: technical, trade-related, and other business services",CRE,IN,EU27_2020,2022,MIO_EUR,2685.2
bop_its6_det,SJ3,"Services: technical, trade-related, and other business services",CRE,IN,EU27_2020,2023,MIO_EUR,2844.5
bop_its6_det,SJ3,"Services: technical, trade-related, and other business services",CRE,IN,EU27_2020,2024,MIO_EUR,2963.3
bop_its6_det,SJ3,"Services: technical, trade-related, and other business services",CRE,IN,FI,2015,MIO_EUR,14.0
bop_its6_det,SJ3,"Services: technical, trade-related, and other business services",CRE,IN,FI,2016,MIO_EUR,28.0
bop_its6_det,SJ3,"Services: technical, trade-related, and other business services",CRE,IN,FI,2017,MIO_EUR,28.0
bop_its6_det,SJ3,"Services: technical, trade-related, and other business services",CRE,IN,FI,2018,MIO_EUR,23.0
bop_its6_det,SJ3,"Services: technical, trade-related, and other business services",CRE,IN,FI,2019,MIO_EUR,26.0
bop_its6_det,SJ3,"Services: technical, trade-related, and other business services",CRE,IN,FI,2020,MIO_EUR,29.0
bop_its6_det,SJ3,"Services: technical, trade-related, and other business services",CRE,IN,FI,2021,MIO_EUR,20.0
bop_its6_det,SJ3,"Services: technical, trade-related, and other business services",CRE,IN,FI,2022,MIO_EUR,23.0
bop_its6_det,SJ3,"Services: technical, trade-related, and other business services",CRE,IN,FI,2023,MIO_EUR,19.0
bop_its6_det,SJ3,"Services: technical, trade-related, and other business services",CRE,IN,FI,2024,MIO_EUR,65.0
bop_its6_det,SJ3,"Services: technical, trade-related, and other business services",CRE,IN,FR,2015,MIO_EUR,216.0
bop_its6_det,SJ3,"Services: technical, trade-related, and other business services",CRE,IN,FR,2016,MIO_EUR,155.0
bop_its6_det,SJ3,"Services: technical, trade-related, and other business services",CRE,IN,FR,2017,MIO_EUR,236.0
bop_its6_det,SJ3,"Services: technical, trade-related, and other business services",CRE,IN,FR,2018,MIO_EUR,216.0
bop_its6_det,SJ3,"Services: technical, trade-related, and other business services",CRE,IN,FR,2019,MIO_EUR,527.0
bop_its6_det,SJ3,"Services: technical, trade-related, and other business services",CRE,IN,FR,2020,MIO_EUR,367.0
bop_its6_det,SJ3,"Services: technical, trade-related, and other business services",CRE,IN,FR,2021,MIO_EUR,456.0
bop_its6_det,SJ3,"Services: technical, trade-related, and other business services",CRE,IN,FR,2022,MIO_EUR,368.0
bop_its6_det,SJ3,"Services: technical, trade-related, and other business services",CRE,IN,FR,2023,MIO_EUR,395.0
bop_its6_det,SJ3,"Services: technical, trade-related, and other business services",CRE,IN,FR,2024,MIO_EUR,401.0
bop_its6_det,SJ3,"Services: technical, trade-related, and other business services",CRE,IN,HU,2015,MIO_EUR,1.9
bop_its6_det,SJ3,"Services: technical, trade-related, and other business services",CRE,IN,HU,2016,MIO_EUR,5.3
bop_its6_det,SJ3,"Services: technical, trade-related, and other business services",CRE,IN,HU,2017,MIO_EUR,4.3
bop_its6_det,SJ3,"Services: technical, trade-related, and other business services",CRE,IN,HU,2018,MIO_EUR,6.5
bop_its6_det,SJ3,"Services: technical, trade-related, and other business services",CRE,IN,HU,2019,MIO_EUR,6.8
bop_its6_det,SJ3,"Services: technical, trade-related, and other business services",CRE,IN,HU,2020,MIO_EUR,2.9
bop_its6_det,SJ3,"Services: technical, trade-related, and other business services",CRE,IN,HU,2021,MIO_EUR,4.7
bop_its6_det,SJ3,"Services: technical, trade-related, and other business services",CRE,IN,HU,2022,MIO_EUR,2.8
bop_its6_det,SJ3,"Services: technical, trade-related, and other business services",CRE,IN,HU,2023,MIO_EUR,3.2
bop_its6_det,SJ3,"Services: technical, trade-related, and other business services",CRE,IN,HU,2024,MIO_EUR,3.5
bop_its6_det,SJ3,"Services: technical, trade-related, and other business services",CRE,IN,IE,2015,MIO_EUR,899.0
bop_its6_det,SJ3,"Services: technical, trade-related, and other business services",CRE,IN,IE,2016,MIO_EUR,1096.0
bop_its6_det,SJ3,"Services: technical, trade-related, and other business services",CRE,IN,IE,2017,MIO_EUR,1080.0
bop_its6_det,SJ3,"Services: technical, trade-related, and other business services",CRE,IN,IE,2018,MIO_EUR,1137.0
bop_its6_det,SJ3,"Services: technical, trade-related, and other business services",CRE,IN,IE,2019,MIO_EUR,1297.0
bop_its6_det,SJ3,"Services: technical, trade-related, and other business services",CRE,IN,IE,2020,MIO_EUR,1162.0
bop_its6_det,SJ3,"Services: technical, trade-related, and other business services",CRE,IN,IE,2021,MIO_EUR,1258.0
bop_its6_det,SJ3,"Services: technical, trade-related, and other business services",CRE,IN,IE,2022,MIO_EUR,1299.0
bop_its6_det,SJ3,"Services: technical, trade-related, and other business services",CRE,IN,IE,2023,MIO_EUR,1414.0
bop_its6_det,SJ3,"Services: technical, trade-related, and other business services",CRE,IN,IE,2024,MIO_EUR,1488.0
bop_its6_det,SJ3,"Services: technical, trade-related, and other business services",CRE,IN,IT,2015,MIO_EUR,39.1
bop_its6_det,SJ3,"Services: technical, trade-related, and other business services",CRE,IN,IT,2016,MIO_EUR,74.4
bop_its6_det,SJ3,"Services: technical, trade-related, and other business services",CRE,IN,IT,2017,MIO_EUR,45.1
bop_its6_det,SJ3,"Services: technical, trade-related, and other business services",CRE,IN,IT,2018,MIO_EUR,44.7
bop_its6_det,SJ3,"Services: technical, trade-related, and other business services",CRE,IN,IT,2019,MIO_EUR,90.7
bop_its6_det,SJ3,"Services: technical, trade-related, and other business services",CRE,IN,IT,2020,MIO_EUR,60.8
bop_its6_det,SJ3,"Services: technical, trade-related, and other business services",CRE,IN,IT,2021,MIO_EUR,40.8
bop_its6_det,SJ3,"Services: technical, trade-related, and other business services",CRE,IN,IT,2022,MIO_EUR,72.1
bop_its6_det,SJ3,"Services: technical, trade-related, and other business services",CRE,IN,IT,2023,MIO_EUR,59.2
bop_its6_det,SJ3,"Services: technical, trade-related, and other business services",CRE,IN,IT,2024,MIO_EUR,55.8
bop_its6_det,SJ3,"Services: technical, trade-related, and other business services",CRE,IN,NL,2015,MIO_EUR,88.0
bop_its6_det,SJ3,"Services: technical, trade-related, and other business services",CRE,IN,NL,2016,MIO_EUR,102.2
bop_its6_det,SJ3,"Services: technical, trade-related, and other business services",CRE,IN,NL,2017,MIO_EUR,109.7
bop_its6_det,SJ3,"Services: technical, trade-related, and other business services",CRE,IN,NL,2018,MIO_EUR,144.9
bop_its6_det,SJ3,"Services: technical, trade-related, and other business services",CRE,IN,NL,2019,MIO_EUR,163.3
bop_its6_det,SJ3,"Services: technical, trade-related, and other business services",CRE,IN,NL,2020,MIO_EUR,132.8
bop_its6_det,SJ3,"Services: technical, trade-related, and other business services",CRE,IN,NL,2021,MIO_EUR,113.2
bop_its6_det,SJ3,"Services: technical, trade-related, and other business services",CRE,IN,NL,2022,MIO_EUR,168.6
bop_its6_det,SJ3,"Services: technical, trade-related, and other business services",CRE,IN,NL,2023,MIO_EUR,207.8
bop_its6_det,SJ3,"Services: technical, trade-related, and other business services",CRE,IN,NL,2024,MIO_EUR,259.7
bop_its6_det,SJ3,"Services: technical, trade-related, and other business services",CRE,IN,PL,2015,MIO_EUR,11.5
bop_its6_det,SJ3,"Services: technical, trade-related, and other business services",CRE,IN,PL,2016,MIO_EUR,3.4
bop_its6_det,SJ3,"Services: technical, trade-related, and other business services",CRE,IN,PL,2017,MIO_EUR,10.1
bop_its6_det,SJ3,"Services: technical, trade-related, and other business services",CRE,IN,PL,2018,MIO_EUR,7.3
bop_its6_det,SJ3,"Services: technical, trade-related, and other business services",CRE,IN,PL,2019,MIO_EUR,5.8
bop_its6_det,SJ3,"Services: technical, trade-related, and other business services",CRE,IN,PL,2020,MIO_EUR,5.4
bop_its6_det,SJ3,"Services: technical, trade-related, and other business services",CRE,IN,PL,2021,MIO_EUR,9.2
bop_its6_det,SJ3,"Services: technical, trade-related, and other business services",CRE,IN,PL,2022,MIO_EUR,11.1
bop_its6_det,SJ3,"Services: technical, trade-related, and other business services",CRE,IN,PL,2023,MIO_EUR,17.0
bop_its6_det,SJ3,"Services: technical, trade-related, and other business services",CRE,IN,PL,2024,MIO_EUR,13.2
bop_its6_det,SJ3,"Services: technical, trade-related, and other business services",CRE,IN,PT,2015,MIO_EUR,4.0
bop_its6_det,SJ3,"Services: technical, trade-related, and other business services",CRE,IN,PT,2016,MIO_EUR,5.0
bop_its6_det,SJ3,"Services: technical, trade-related, and other business services",CRE,IN,PT,2017,MIO_EUR,5.0
bop_its6_det,SJ3,"Services: technical, trade-related, and other business services",CRE,IN,PT,2018,MIO_EUR,6.0
bop_its6_det,SJ3,"Services: technical, trade-related, and other business services",CRE,IN,PT,2019,MIO_EUR,11.0
bop_its6_det,SJ3,"Services: technical, trade-related, and other business services",CRE,IN,PT,2020,MIO_EUR,3.0
bop_its6_det,SJ3,"Services: technical, trade-related, and other business services",CRE,IN,PT,2021,MIO_EUR,3.0
bop_its6_det,SJ3,"Services: technical, trade-related, and other business services",CRE,IN,PT,2022,MIO_EUR,3.0
bop_its6_det,SJ3,"Services: technical, trade-related, and other business services",CRE,IN,PT,2023,MIO_EUR,3.0
bop_its6_det,SJ3,"Services: technical, trade-related, and other business services",CRE,IN,PT,2024,MIO_EUR,3.0
bop_its6_det,SJ3,"Services: technical, trade-related, and other business services",CRE,IN,RO,2015,MIO_EUR,7.0
bop_its6_det,SJ3,"Services: technical, trade-related, and other business services",CRE,IN,RO,2016,MIO_EUR,22.0
bop_its6_det,SJ3,"Services: technical, trade-related, and other business services",CRE,IN,RO,2017,MIO_EUR,24.5
bop_its6_det,SJ3,"Services: technical, trade-related, and other business services",CRE,IN,RO,2018,MIO_EUR,30.3
bop_its6_det,SJ3,"Services: technical, trade-related, and other business services",CRE,IN,RO,2019,MIO_EUR,28.7
bop_its6_det,SJ3,"Services: technical, trade-related, and other business services",CRE,IN,RO,2020,MIO_EUR,23.1
bop_its6_det,SJ3,"Services: technical, trade-related, and other business services",CRE,IN,RO,2021,MIO_EUR,40.0
bop_its6_det,SJ3,"Services: technical, trade-related, and other business services",CRE,IN,RO,2022,MIO_EUR,38.7
bop_its6_det,SJ3,"Services: technical, trade-related, and other business services",CRE,IN,RO,2023,MIO_EUR,55.2
bop_its6_det,SJ3,"Services: technical, trade-related, and other business services",CRE,IN,RO,2024,MIO_EUR,42.8
bop_its6_det,SJ3,"Services: technical, trade-related, and other business services",CRE,IN,SE,2015,MIO_EUR,82.3
bop_its6_det,SJ3,"Services: technical, trade-related, and other business services",CRE,IN,SE,2016,MIO_EUR,52.3
bop_its6_det,SJ3,"Services: technical, trade-related, and other business services",CRE,IN,SE,2017,MIO_EUR,42.0
bop_its6_det,SJ3,"Services: technical, trade-related, and other business services",CRE,IN,SE,2018,MIO_EUR,51.4
bop_its6_det,SJ3,"Services: technical, trade-related, and other business services",CRE,IN,SE,2019,MIO_EUR,49.4
bop_its6_det,SJ3,"Services: technical, trade-related, and other business services",CRE,IN,SE,2020,MIO_EUR,27.4
bop_its6_det,SJ3,"Services: technical, trade-related, and other business services",CRE,IN,SE,2021,MIO_EUR,33.8
bop_its6_det,SJ3,"Services: technical, trade-related, and other business services",CRE,IN,SE,2022,MIO_EUR,42.8
bop_its6_det,SJ3,"Services: technical, trade-related, and other business services",CRE,IN,SE,2023,MIO_EUR,49.6
bop_its6_det,SJ3,"Services: technical, trade-related, and other business services",CRE,IN,SE,2024,MIO_EUR,29.1
bop_its6_det,SJ3,"Services: technical, trade-related, and other business services",CRE,IN,UK,2016,MIO_EUR,203.8
bop_its6_det,SJ3,"Services: technical, trade-related, and other business services",CRE,IN,UK,2017,MIO_EUR,198.5
bop_its6_det,SJ3,"Services: technical, trade-related, and other business services",CRE,IN,UK,2018,MIO_EUR,305.2
bop_its6_det,SJ3,"Services: technical, trade-related, and other business services",CRE,IN,UK,2019,MIO_EUR,275.7
bop_its6_det,SE,Services: construction,DEB,IN,AT,2015,MIO_EUR,0.0
bop_its6_det,SE,Services: construction,DEB,IN,AT,2016,MIO_EUR,0.0
bop_its6_det,SE,Services: construction,DEB,IN,AT,2017,MIO_EUR,0.0
bop_its6_det,SE,Services: construction,DEB,IN,AT,2018,MIO_EUR,0.0
bop_its6_det,SE,Services: construction,DEB,IN,AT,2019,MIO_EUR,0.0
bop_its6_det,SE,Services: construction,DEB,IN,AT,2020,MIO_EUR,0.0
bop_its6_det,SE,Services: construction,DEB,IN,AT,2021,MIO_EUR,0.0
bop_its6_det,SE,Services: construction,DEB,IN,AT,2022,MIO_EUR,0.0
bop_its6_det,SE,Services: construction,DEB,IN,AT,2023,MIO_EUR,0.0
bop_its6_det,SE,Services: construction,DEB,IN,AT,2024,MIO_EUR,0.0
bop_its6_det,SE,Services: construction,DEB,IN,BE,2015,MIO_EUR,2.0
bop_its6_det,SE,Services: construction,DEB,IN,BE,2016,MIO_EUR,7.0
bop_its6_det,SE,Services: construction,DEB,IN,BE,2017,MIO_EUR,3.0
bop_its6_det,SE,Services: construction,DEB,IN,BE,2018,MIO_EUR,11.0
bop_its6_det,SE,Services: construction,DEB,IN,BE,2019,MIO_EUR,5.0
bop_its6_det,SE,Services: construction,DEB,IN,BE,2020,MIO_EUR,4.0
bop_its6_det,SE,Services: construction,DEB,IN,BE,2021,MIO_EUR,9.0
bop_its6_det,SE,Services: construction,DEB,IN,BE,2022,MIO_EUR,6.0
bop_its6_det,SE,Services: construction,DEB,IN,BE,2023,MIO_EUR,4.0
bop_its6_det,SE,Services: construction,DEB,IN,BE,2024,MIO_EUR,6.0
bop_its6_det,SE,Services: construction,DEB,IN,CZ,2015,MIO_EUR,0.0
bop_its6_det,SE,Services: construction,DEB,IN,CZ,2016,MIO_EUR,0.0
bop_its6_det,SE,Services: construction,DEB,IN,CZ,2017,MIO_EUR,0.0
bop_its6_det,SE,Services: construction,DEB,IN,CZ,2018,MIO_EUR,0.0
bop_its6_det,SE,Services: construction,DEB,IN,CZ,2019,MIO_EUR,0.0
bop_its6_det,SE,Services: construction,DEB,IN,CZ,2020,MIO_EUR,0.1
bop_its6_det,SE,Services: construction,DEB,IN,CZ,2021,MIO_EUR,1.8
bop_its6_det,SE,Services: construction,DEB,IN,CZ,2022,MIO_EUR,1.1
bop_its6_det,SE,Services: construction,DEB,IN,CZ,2023,MIO_EUR,0.0
bop_its6_det,SE,Services: construction,DEB,IN,CZ,2024,MIO_EUR,1.6
bop_its6_det,SE,Services: construction,DEB,IN,DE,2016,MIO_EUR,6.0
bop_its6_det,SE,Services: construction,DEB,IN,DE,2017,MIO_EUR,9.0
bop_its6_det,SE,Services: construction,DEB,IN,DE,2019,MIO_EUR,10.0
bop_its6_det,SE,Services: construction,DEB,IN,DK,2015,MIO_EUR,37.1
bop_its6_det,SE,Services: construction,DEB,IN,DK,2016,MIO_EUR,35.3
bop_its6_det,SE,Services: construction,DEB,IN,DK,2017,MIO_EUR,37.5
bop_its6_det,SE,Services: construction,DEB,IN,DK,2018,MIO_EUR,48.8
bop_its6_det,SE,Services: construction,DEB,IN,DK,2019,MIO_EUR,47.3
bop_its6_det,SE,Services: construction,DEB,IN,DK,2020,MIO_EUR,30.5
bop_its6_det,SE,Services: construction,DEB,IN,DK,2021,MIO_EUR,27.3
bop_its6_det,SE,Services: construction,DEB,IN,DK,2022,MIO_EUR,48.5
bop_its6_det,SE,Services: construction,DEB,IN,DK,2023,MIO_EUR,58.4
bop_its6_det,SE,Services: construction,DEB,IN,DK,2024,MIO_EUR,98.4
bop_its6_det,SE,Services: construction,DEB,IN,EL,2015,MIO_EUR,0.6
bop_its6_det,SE,Services: construction,DEB,IN,EL,2016,MIO_EUR,0.4
bop_its6_det,SE,Services: construction,DEB,IN,EL,2017,MIO_EUR,0.0
bop_its6_det,SE,Services: construction,DEB,IN,EL,2018,MIO_EUR,0.0
bop_its6_det,SE,Services: construction,DEB,IN,EL,2019,MIO_EUR,0.0
bop_its6_det,SE,Services: construction,DEB,IN,EL,2020,MIO_EUR,0.0
bop_its6_det,SE,Services: construction,DEB,IN,EL,2021,MIO_EUR,0.3
bop_its6_det,SE,Services: construction,DEB,IN,EL,2022,MIO_EUR,0.1
bop_its6_det,SE,Services: construction,DEB,IN,EL,2023,MIO_EUR,0.1
bop_its6_det,SE,Services: construction,DEB,IN,EL,2024,MIO_EUR,0.0
bop_its6_det,SE,Services: construction,DEB,IN,ES,2015,MIO_EUR,0.0
bop_its6_det,SE,Services: construction,DEB,IN,ES,2020,MIO_EUR,0.0
bop_its6_det,SE,Services: construction,DEB,IN,ES,2021,MIO_EUR,0.0
bop_its6_det,SE,Services: construction,DEB,IN,ES,2022,MIO_EUR,0.0
bop_its6_det,SE,Services: construction,DEB,IN,ES,2023,MIO_EUR,0.0
bop_its6_det,SE,Services: construction,DEB,IN,ES,2024,MIO_EUR,0.0
bop_its6_det,SE,Services: construction,DEB,IN,EU27_2020,2015,MIO_EUR,72.4
bop_its6_det,SE,Services: construction,DEB,IN,EU27_2020,2016,MIO_EUR,68.3
bop_its6_det,SE,Services: construction,DEB,IN,EU27_2020,2017,MIO_EUR,107.0
bop_its6_det,SE,Services: construction,DEB,IN,EU27_2020,2018,MIO_EUR,238.1
bop_its6_det,SE,Services: construction,DEB,IN,EU27_2020,2019,MIO_EUR,187.5
bop_its6_det,SE,Services: construction,DEB,IN,EU27_2020,2020,MIO_EUR,145.6
bop_its6_det,SE,Services: construction,DEB,IN,EU27_2020,2021,MIO_EUR,104.8
bop_its6_det,SE,Services: construction,DEB,IN,EU27_2020,2022,MIO_EUR,119.7
bop_its6_det,SE,Services: construction,DEB,IN,EU27_2020,2023,MIO_EUR,154.9
bop_its6_det,SE,Services: construction,DEB,IN,EU27_2020,2024,MIO_EUR,223.6
bop_its6_det,SE,Services: construction,DEB,IN,FI,2015,MIO_EUR,1.0
bop_its6_det,SE,Services: construction,DEB,IN,FI,2016,MIO_EUR,0.0
bop_its6_det,SE,Services: construction,DEB,IN,FI,2017,MIO_EUR,7.0
bop_its6_det,SE,Services: construction,DEB,IN,FI,2018,MIO_EUR,7.0
bop_its6_det,SE,Services: construction,DEB,IN,FI,2019,MIO_EUR,4.0
bop_its6_det,SE,Services: construction,DEB,IN,FI,2020,MIO_EUR,0.0
bop_its6_det,SE,Services: construction,DEB,IN,FI,2021,MIO_EUR,0.0
bop_its6_det,SE,Services: construction,DEB,IN,FI,2022,MIO_EUR,0.0
bop_its6_det,SE,Services: construction,DEB,IN,FI,2023,MIO_EUR,0.0
bop_its6_det,SE,Services: construction,DEB,IN,FI,2024,MIO_EUR,0.0
bop_its6_det,SE,Services: construction,DEB,IN,FR,2015,MIO_EUR,8.0
bop_its6_det,SE,Services: construction,DEB,IN,FR,2016,MIO_EUR,2.0
bop_its6_det,SE,Services: construction,DEB,IN,FR,2017,MIO_EUR,5.0
bop_its6_det,SE,Services: construction,DEB,IN,FR,2018,MIO_EUR,70.0
bop_its6_det,SE,Services: construction,DEB,IN,FR,2019,MIO_EUR,11.0
bop_its6_det,SE,Services: construction,DEB,IN,FR,2020,MIO_EUR,3.0
bop_its6_det,SE,Services: construction,DEB,IN,FR,2021,MIO_EUR,6.0
bop_its6_det,SE,Services: construction,DEB,IN,FR,2022,MIO_EUR,25.0
bop_its6_det,SE,Services: construction,DEB,IN,FR,2023,MIO_EUR,60.0
bop_its6_det,SE,Services: construction,DEB,IN,FR,2024,MIO_EUR,45.0
bop_its6_det,SE,Services: construction,DEB,IN,HU,2015,MIO_EUR,0.0
bop_its6_det,SE,Services: construction,DEB,IN,HU,2016,MIO_EUR,0.0
bop_its6_det,SE,Services: construction,DEB,IN,HU,2017,MIO_EUR,0.0
bop_its6_det,SE,Services: construction,DEB,IN,HU,2018,MIO_EUR,0.0
bop_its6_det,SE,Services: construction,DEB,IN,HU,2019,MIO_EUR,0.0
bop_its6_det,SE,Services: construction,DEB,IN,IE,2015,MIO_EUR,0.0
bop_its6_det,SE,Services: construction,DEB,IN,IE,2016,MIO_EUR,0.0
bop_its6_det,SE,Services: construction,DEB,IN,IE,2017,MIO_EUR,0.0
bop_its6_det,SE,Services: construction,DEB,IN,IE,2018,MIO_EUR,0.0
bop_its6_det,SE,Services: construction,DEB,IN,IE,2019,MIO_EUR,0.0
bop_its6_det,SE,Services: construction,DEB,IN,IE,2020,MIO_EUR,0.0
bop_its6_det,SE,Services: construction,DEB,IN,IE,2021,MIO_EUR,0.0
bop_its6_det,SE,Services: construction,DEB,IN,IE,2022,MIO_EUR,0.0
bop_its6_det,SE,Services: construction,DEB,IN,IE,2023,MIO_EUR,0.0
bop_its6_det,SE,Services: construction,DEB,IN,IE,2024,MIO_EUR,0.0
bop_its6_det,SE,Services: construction,DEB,IN,IT,2015,MIO_EUR,1.5
bop_its6_det,SE,Services: construction,DEB,IN,IT,2016,MIO_EUR,1.8
bop_its6_det,SE,Services: construction,DEB,IN,IT,2017,MIO_EUR,0.5
bop_its6_det,SE,Services: construction,DEB,IN,IT,2018,MIO_EUR,1.0
bop_its6_det,SE,Services: construction,DEB,IN,IT,2019,MIO_EUR,0.8
bop_its6_det,SE,Services: construction,DEB,IN,IT,2020,MIO_EUR,0.3
bop_its6_det,SE,Services: construction,DEB,IN,IT,2021,MIO_EUR,0.6
bop_its6_det,SE,Services: construction,DEB,IN,IT,2022,MIO_EUR,0.1
bop_its6_det,SE,Services: construction,DEB,IN,IT,2023,MIO_EUR,0.0
bop_its6_det,SE,Services: construction,DEB,IN,IT,2024,MIO_EUR,0.0
bop_its6_det,SE,Services: construction,DEB,IN,NL,2015,MIO_EUR,11.2
bop_its6_det,SE,Services: construction,DEB,IN,NL,2016,MIO_EUR,5.3
bop_its6_det,SE,Services: construction,DEB,IN,NL,2017,MIO_EUR,37.5
bop_its6_det,SE,Services: construction,DEB,IN,NL,2018,MIO_EUR,87.5
bop_its6_det,SE,Services: construction,DEB,IN,NL,2019,MIO_EUR,101.2
bop_its6_det,SE,Services: construction,DEB,IN,NL,2021,MIO_EUR,47.7
bop_its6_det,SE,Services: construction,DEB,IN,NL,2022,MIO_EUR,21.8
bop_its6_det,SE,Services: construction,DEB,IN,NL,2023,MIO_EUR,17.7
bop_its6_det,SE,Services: construction,DEB,IN,NL,2024,MIO_EUR,49.4
bop_its6_det,SE,Services: construction,DEB,IN,PL,2015,MIO_EUR,0.5
bop_its6_det,SE,Services: construction,DEB,IN,PL,2016,MIO_EUR,0.0
bop_its6_det,SE,Services: construction,DEB,IN,PL,2017,MIO_EUR,0.0
bop_its6_det,SE,Services: construction,DEB,IN,PL,2018,MIO_EUR,2.8
bop_its6_det,SE,Services: construction,DEB,IN,PL,2019,MIO_EUR,0.2
bop_its6_det,SE,Services: construction,DEB,IN,PL,2020,MIO_EUR,0.0
bop_its6_det,SE,Services: construction,DEB,IN,PL,2021,MIO_EUR,0.0
bop_its6_det,SE,Services: construction,DEB,IN,PL,2022,MIO_EUR,1.3
bop_its6_det,SE,Services: construction,DEB,IN,PL,2023,MIO_EUR,0.0
bop_its6_det,SE,Services: construction,DEB,IN,PT,2015,MIO_EUR,1.0
bop_its6_det,SE,Services: construction,DEB,IN,PT,2016,MIO_EUR,0.0
bop_its6_det,SE,Services: construction,DEB,IN,PT,2017,MIO_EUR,0.0
bop_its6_det,SE,Services: construction,DEB,IN,PT,2018,MIO_EUR,0.0
bop_its6_det,SE,Services: construction,DEB,IN,PT,2019,MIO_EUR,0.0
bop_its6_det,SE,Services: construction,DEB,IN,PT,2020,MIO_EUR,0.0
bop_its6_det,SE,Services: construction,DEB,IN,PT,2021,MIO_EUR,0.0
bop_its6_det,SE,Services: construction,DEB,IN,PT,2022,MIO_EUR,0.0
bop_its6_det,SE,Services: construction,DEB,IN,PT,2023,MIO_EUR,0.0
bop_its6_det,SE,Services: construction,DEB,IN,PT,2024,MIO_EUR,1.0
bop_its6_det,SE,Services: construction,DEB,IN,RO,2015,MIO_EUR,0.0
bop_its6_det,SE,Services: construction,DEB,IN,RO,2016,MIO_EUR,0.0
bop_its6_det,SE,Services: construction,DEB,IN,RO,2017,MIO_EUR,0.0
bop_its6_det,SE,Services: construction,DEB,IN,RO,2018,MIO_EUR,0.0
bop_its6_det,SE,Services: construction,DEB,IN,RO,2019,MIO_EUR,0.0
bop_its6_det,SE,Services: construction,DEB,IN,RO,2020,MIO_EUR,0.0
bop_its6_det,SE,Services: construction,DEB,IN,RO,2021,MIO_EUR,0.0
bop_its6_det,SE,Services: construction,DEB,IN,RO,2024,MIO_EUR,0.0
bop_its6_det,SE,Services: construction,DEB,IN,SE,2015,MIO_EUR,1.5
bop_its6_det,SE,Services: construction,DEB,IN,SE,2016,MIO_EUR,2.4
bop_its6_det,SE,Services: construction,DEB,IN,SE,2017,MIO_EUR,5.4
bop_its6_det,SE,Services: construction,DEB,IN,SE,2018,MIO_EUR,3.0
bop_its6_det,SE,Services: construction,DEB,IN,SE,2019,MIO_EUR,6.0
bop_its6_det,SE,Services: construction,DEB,IN,SE,2020,MIO_EUR,7.3
bop_its6_det,SE,Services: construction,DEB,IN,SE,2021,MIO_EUR,1.0
bop_its6_det,SE,Services: construction,DEB,IN,SE,2022,MIO_EUR,0.8
bop_its6_det,SE,Services: construction,DEB,IN,SE,2023,MIO_EUR,1.7
bop_its6_det,SE,Services: construction,DEB,IN,SE,2024,MIO_EUR,2.4
bop_its6_det,SE,Services: construction,DEB,IN,UK,2016,MIO_EUR,4.9
bop_its6_det,SE,Services: construction,DEB,IN,UK,2017,MIO_EUR,0.0
bop_its6_det,SE,Services: construction,DEB,IN,UK,2018,MIO_EUR,4.5
bop_its6_det,SE,Services: construction,CRE,IN,AT,2015,MIO_EUR,0.0
bop_its6_det,SE,Services: construction,CRE,IN,AT,2016,MIO_EUR,0.0
bop_its6_det,SE,Services: construction,CRE,IN,AT,2017,MIO_EUR,0.0
bop_its6_det,SE,Services: construction,CRE,IN,AT,2018,MIO_EUR,0.0
bop_its6_det,SE,Services: construction,CRE,IN,AT,2019,MIO_EUR,1.0
bop_its6_det,SE,Services: construction,CRE,IN,AT,2020,MIO_EUR,1.0
bop_its6_det,SE,Services: construction,CRE,IN,AT,2021,MIO_EUR,0.0
bop_its6_det,SE,Services: construction,CRE,IN,AT,2022,MIO_EUR,2.0
bop_its6_det,SE,Services: construction,CRE,IN,AT,2023,MIO_EUR,2.0
bop_its6_det,SE,Services: construction,CRE,IN,AT,2024,MIO_EUR,1.0
bop_its6_det,SE,Services: construction,CRE,IN,BE,2015,MIO_EUR,17.0
bop_its6_det,SE,Services: construction,CRE,IN,BE,2016,MIO_EUR,17.0
bop_its6_det,SE,Services: construction,CRE,IN,BE,2017,MIO_EUR,16.0
bop_its6_det,SE,Services: construction,CRE,IN,BE,2018,MIO_EUR,27.0
bop_its6_det,SE,Services: construction,CRE,IN,BE,2019,MIO_EUR,21.0
bop_its6_det,SE,Services: construction,CRE,IN,BE,2020,MIO_EUR,14.0
bop_its6_det,SE,Services: construction,CRE,IN,BE,2021,MIO_EUR,15.0
bop_its6_det,SE,Services: construction,CRE,IN,BE,2022,MIO_EUR,13.0
bop_its6_det,SE,Services: construction,CRE,IN,BE,2023,MIO_EUR,20.0
bop_its6_det,SE,Services: construction,CRE,IN,BE,2024,MIO_EUR,9.0
bop_its6_det,SE,Services: construction,CRE,IN,CZ,2015,MIO_EUR,0.0
bop_its6_det,SE,Services: construction,CRE,IN,CZ,2016,MIO_EUR,0.0
bop_its6_det,SE,Services: construction,CRE,IN,CZ,2017,MIO_EUR,0.0
bop_its6_det,SE,Services: construction,CRE,IN,CZ,2018,MIO_EUR,0.0
bop_its6_det,SE,Services: construction,CRE,IN,CZ,2019,MIO_EUR,0.0
bop_its6_det,SE,Services: construction,CRE,IN,CZ,2020,MIO_EUR,1.5
bop_its6_det,SE,Services: construction,CRE,IN,CZ,2021,MIO_EUR,3.3
bop_its6_det,SE,Services: construction,CRE,IN,CZ,2022,MIO_EUR,1.2
bop_its6_det,SE,Services: construction,CRE,IN,CZ,2023,MIO_EUR,0.0
bop_its6_det,SE,Services: construction,CRE,IN,CZ,2024,MIO_EUR,3.0
bop_its6_det,SE,Services: construction,CRE,IN,DE,2015,MIO_EUR,10.0
bop_its6_det,SE,Services: construction,CRE,IN,DE,2016,MIO_EUR,4.0
bop_its6_det,SE,Services: construction,CRE,IN,DE,2017,MIO_EUR,28.0
bop_its6_det,SE,Services: construction,CRE,IN,DE,2018,MIO_EUR,10.0
bop_its6_det,SE,Services: construction,CRE,IN,DE,2019,MIO_EUR,7.0
bop_its6_det,SE,Services: construction,CRE,IN,DE,2021,MIO_EUR,5.0
bop_its6_det,SE,Services: construction,CRE,IN,DE,2023,MIO_EUR,7.0
bop_its6_det,SE,Services: construction,CRE,IN,DK,2015,MIO_EUR,10.3
bop_its6_det,SE,Services: construction,CRE,IN,DK,2016,MIO_EUR,13.7
bop_its6_det,SE,Services: construction,CRE,IN,DK,2017,MIO_EUR,28.9
bop_its6_det,SE,Services: construction,CRE,IN,DK,2018,MIO_EUR,43.7
bop_its6_det,SE,Services: construction,CRE,IN,DK,2019,MIO_EUR,43.4
bop_its6_det,SE,Services: construction,CRE,IN,DK,2020,MIO_EUR,32.5
bop_its6_det,SE,Services: construction,CRE,IN,DK,2021,MIO_EUR,28.4
bop_its6_det,SE,Services: construction,CRE,IN,DK,2022,MIO_EUR,32.0
bop_its6_det,SE,Services: construction,CRE,IN,DK,2023,MIO_EUR,45.6
bop_its6_det,SE,Services: construction,CRE,IN,DK,2024,MIO_EUR,37.5
bop_its6_det,SE,Services: construction,CRE,IN,EL,2015,MIO_EUR,0.5
bop_its6_det,SE,Services: construction,CRE,IN,EL,2016,MIO_EUR,0.0
bop_its6_det,SE,Services: construction,CRE,IN,EL,2017,MIO_EUR,0.0
bop_its6_det,SE,Services: construction,CRE,IN,EL,2018,MIO_EUR,0.0
bop_its6_det,SE,Services: construction,CRE,IN,EL,2019,MIO_EUR,0.1
bop_its6_det,SE,Services: construction,CRE,IN,EL,2020,MIO_EUR,0.0
bop_its6_det,SE,Services: construction,CRE,IN,EL,2021,MIO_EUR,1.6
bop_its6_det,SE,Services: construction,CRE,IN,EL,2022,MIO_EUR,1.0
bop_its6_det,SE,Services: construction,CRE,IN,EL,2023,MIO_EUR,0.5
bop_its6_det,SE,Services: construction,CRE,IN,EL,2024,MIO_EUR,0.6
bop_its6_det,SE,Services: construction,CRE,IN,ES,2020,MIO_EUR,0.0
bop_its6_det,SE,Services: construction,CRE,IN,ES,2023,MIO_EUR,1.0
bop_its6_det,SE,Services: construction,CRE,IN,ES,2024,MIO_EUR,1.0
bop_its6_det,SE,Services: construction,CRE,IN,EU27_2020,2015,MIO_EUR,230.6
bop_its6_det,SE,Services: construction,CRE,IN,EU27_2020,2016,MIO_EUR,108.0
bop_its6_det,SE,Services: construction,CRE,IN,EU27_2020,2017,MIO_EUR,128.5
bop_its6_det,SE,Services: construction,CRE,IN,EU27_2020,2018,MIO_EUR,182.6
bop_its6_det,SE,Services: construction,CRE,IN,EU27_2020,2019,MIO_EUR,178.6
bop_its6_det,SE,Services: construction,CRE,IN,EU27_2020,2020,MIO_EUR,110.1
bop_its6_det,SE,Services: construction,CRE,IN,EU27_2020,2021,MIO_EUR,106.6
bop_its6_det,SE,Services: construction,CRE,IN,EU27_2020,2022,MIO_EUR,147.3
bop_its6_det,SE,Services: construction,CRE,IN,EU27_2020,2023,MIO_EUR,142.6
bop_its6_det,SE,Services: construction,CRE,IN,EU27_2020,2024,MIO_EUR,170.6
bop_its6_det,SE,Services: construction,CRE,IN,FI,2015,MIO_EUR,2.0
bop_its6_det,SE,Services: construction,CRE,IN,FI,2016,MIO_EUR,0.0
bop_its6_det,SE,Services: construction,CRE,IN,FI,2017,MIO_EUR,2.0
bop_its6_det,SE,Services: construction,CRE,IN,FI,2018,MIO_EUR,8.0
bop_its6_det,SE,Services: construction,CRE,IN,FI,2019,MIO_EUR,0.0
bop_its6_det,SE,Services: construction,CRE,IN,FI,2020,MIO_EUR,0.0
bop_its6_det,SE,Services: construction,CRE,IN,FI,2021,MIO_EUR,0.0
bop_its6_det,SE,Services: construction,CRE,IN,FI,2022,MIO_EUR,0.0
bop_its6_det,SE,Services: construction,CRE,IN,FI,2023,MIO_EUR,0.0
bop_its6_det,SE,Services: construction,CRE,IN,FI,2024,MIO_EUR,0.0
bop_its6_det,SE,Services: construction,CRE,IN,FR,2015,MIO_EUR,41.0
bop_its6_det,SE,Services: construction,CRE,IN,FR,2016,MIO_EUR,0.0
bop_its6_det,SE,Services: construction,CRE,IN,FR,2017,MIO_EUR,12.0
bop_its6_det,SE,Services: construction,CRE,IN,FR,2018,MIO_EUR,0.0
bop_its6_det,SE,Services: construction,CRE,IN,FR,2019,MIO_EUR,6.0
bop_its6_det,SE,Services: construction,CRE,IN,FR,2020,MIO_EUR,3.0
bop_its6_det,SE,Services: construction,CRE,IN,FR,2021,MIO_EUR,2.0
bop_its6_det,SE,Services: construction,CRE,IN,FR,2022,MIO_EUR,1.0
bop_its6_det,SE,Services: construction,CRE,IN,FR,2023,MIO_EUR,3.0
bop_its6_det,SE,Services: construction,CRE,IN,FR,2024,MIO_EUR,3.0
bop_its6_det,SE,Services: construction,CRE,IN,IE,2015,MIO_EUR,0.0
bop_its6_det,SE,Services: construction,CRE,IN,IE,2016,MIO_EUR,0.0
bop_its6_det,SE,Services: construction,CRE,IN,IE,2017,MIO_EUR,0.0
bop_its6_det,SE,Services: construction,CRE,IN,IE,2018,MIO_EUR,0.0
bop_its6_det,SE,Services: construction,CRE,IN,IE,2019,MIO_EUR,0.0
bop_its6_det,SE,Services: construction,CRE,IN,IE,2020,MIO_EUR,0.0
bop_its6_det,SE,Services: construction,CRE,IN,IE,2021,MIO_EUR,0.0
bop_its6_det,SE,Services: construction,CRE,IN,IE,2022,MIO_EUR,0.0
bop_its6_det,SE,Services: construction,CRE,IN,IE,2023,MIO_EUR,0.0
bop_its6_det,SE,Services: construction,CRE,IN,IE,2024,MIO_EUR,0.0
bop_its6_det,SE,Services: construction,CRE,IN,IT,2015,MIO_EUR,25.3
bop_its6_det,SE,Services: construction,CRE,IN,IT,2016,MIO_EUR,12.1
bop_its6_det,SE,Services: construction,CRE,IN,IT,2017,MIO_EUR,5.8
bop_its6_det,SE,Services: construction,CRE,IN,IT,2018,MIO_EUR,19.6
bop_its6_det,SE,Services: construction,CRE,IN,IT,2019,MIO_EUR,20.7
bop_its6_det,SE,Services: construction,CRE,IN,IT,2020,MIO_EUR,15.2
bop_its6_det,SE,Services: construction,CRE,IN,IT,2021,MIO_EUR,11.6
bop_its6_det,SE,Services: construction,CRE,IN,IT,2022,MIO_EUR,8.0
bop_its6_det,SE,Services: construction,CRE,IN,IT,2023,MIO_EUR,1.4
bop_its6_det,SE,Services: construction,CRE,IN,IT,2024,MIO_EUR,1.1
bop_its6_det,SE,Services: construction,CRE,IN,NL,2015,MIO_EUR,63.2
bop_its6_det,SE,Services: construction,CRE,IN,NL,2016,MIO_EUR,31.8
bop_its6_det,SE,Services: construction,CRE,IN,NL,2017,MIO_EUR,22.0
bop_its6_det,SE,Services: construction,CRE,IN,NL,2018,MIO_EUR,65.6
bop_its6_det,SE,Services: construction,CRE,IN,NL,2019,MIO_EUR,72.5
bop_its6_det,SE,Services: construction,CRE,IN,NL,2021,MIO_EUR,21.4
bop_its6_det,SE,Services: construction,CRE,IN,NL,2022,MIO_EUR,65.3
bop_its6_det,SE,Services: construction,CRE,IN,NL,2023,MIO_EUR,51.6
bop_its6_det,SE,Services: construction,CRE,IN,NL,2024,MIO_EUR,93.8
bop_its6_det,SE,Services: construction,CRE,IN,PL,2015,MIO_EUR,9.6
bop_its6_det,SE,Services: construction,CRE,IN,PL,2016,MIO_EUR,1.6
bop_its6_det,SE,Services: construction,CRE,IN,PL,2017,MIO_EUR,0.7
bop_its6_det,SE,Services: construction,CRE,IN,PL,2018,MIO_EUR,0.5
bop_its6_det,SE,Services: construction,CRE,IN,PL,2019,MIO_EUR,0.7
bop_its6_det,SE,Services: construction,CRE,IN,PL,2020,MIO_EUR,0.7
bop_its6_det,SE,Services: construction,CRE,IN,PL,2021,MIO_EUR,1.1
bop_its6_det,SE,Services: construction,CRE,IN,PL,2022,MIO_EUR,3.0
bop_its6_det,SE,Services: construction,CRE,IN,PL,2023,MIO_EUR,0.0
bop_its6_det,SE,Services: construction,CRE,IN,PL,2024,MIO_EUR,3.0
bop_its6_det,SE,Services: construction,CRE,IN,PT,2015,MIO_EUR,1.0
bop_its6_det,SE,Services: construction,CRE,IN,PT,2016,MIO_EUR,0.0
bop_its6_det,SE,Services: construction,CRE,IN,PT,2017,MIO_EUR,1.0
bop_its6_det,SE,Services: construction,CRE,IN,PT,2018,MIO_EUR,1.0
bop_its6_det,SE,Services: construction,CRE,IN,PT,2019,MIO_EUR,0.0
bop_its6_det,SE,Services: construction,CRE,IN,PT,2020,MIO_EUR,0.0
bop_its6_det,SE,Services: construction,CRE,IN,PT,2021,MIO_EUR,0.0
bop_its6_det,SE,Services: construction,CRE,IN,PT,2022,MIO_EUR,0.0
bop_its6_det,SE,Services: construction,CRE,IN,PT,2023,MIO_EUR,0.0
bop_its6_det,SE,Services: construction,CRE,IN,PT,2024,MIO_EUR,0.0
bop_its6_det,SE,Services: construction,CRE,IN,RO,2015,MIO_EUR,0.0
bop_its6_det,SE,Services: construction,CRE,IN,RO,2016,MIO_EUR,0.0
bop_its6_det,SE,Services: construction,CRE,IN,RO,2017,MIO_EUR,0.0
bop_its6_det,SE,Services: construction,CRE,IN,RO,2018,MIO_EUR,0.0
bop_its6_det,SE,Services: construction,CRE,IN,RO,2019,MIO_EUR,0.0
bop_its6_det,SE,Services: construction,CRE,IN,RO,2020,MIO_EUR,0.0
bop_its6_det,SE,Services: construction,CRE,IN,RO,2021,MIO_EUR,0.0
bop_its6_det,SE,Services: construction,CRE,IN,RO,2024,MIO_EUR,0.0
bop_its6_det,SE,Services: construction,CRE,IN,SE,2015,MIO_EUR,1.2
bop_its6_det,SE,Services: construction,CRE,IN,SE,2016,MIO_EUR,2.9
bop_its6_det,SE,Services: construction,CRE,IN,SE,2017,MIO_EUR,3.2
bop_its6_det,SE,Services: construction,CRE,IN,SE,2018,MIO_EUR,2.6
bop_its6_det,SE,Services: construction,CRE,IN,SE,2019,MIO_EUR,4.9
bop_its6_det,SE,Services: construction,CRE,IN,SE,2020,MIO_EUR,0.4
bop_its6_det,SE,Services: construction,CRE,IN,SE,2021,MIO_EUR,0.4
bop_its6_det,SE,Services: construction,CRE,IN,SE,2022,MIO_EUR,0.8
bop_its6_det,SE,Services: construction,CRE,IN,SE,2023,MIO_EUR,1.3
bop_its6_det,SE,Services: construction,CRE,IN,SE,2024,MIO_EUR,2.5
bop_its6_det,SE,Services: construction,CRE,IN,UK,2016,MIO_EUR,50.0
bop_its6_det,SI,"Services: telecommunications, computer, and information services",DEB,IN,AT,2015,MIO_EUR,24.0
bop_its6_det,SI,"Services: telecommunications, computer, and information services",DEB,IN,AT,2016,MIO_EUR,26.0
bop_its6_det,SI,"Services: telecommunications, computer, and information services",DEB,IN,AT,2017,MIO_EUR,36.0
bop_its6_det,SI,"Services: telecommunications, computer, and information services",DEB,IN,AT,2018,MIO_EUR,31.0
bop_its6_det,SI,"Services: telecommunications, computer, and information services",DEB,IN,AT,2019,MIO_EUR,30.0
bop_its6_det,SI,"Services: telecommunications, computer, and information services",DEB,IN,AT,2020,MIO_EUR,29.0
bop_its6_det,SI,"Services: telecommunications, computer, and information services",DEB,IN,AT,2021,MIO_EUR,32.0
bop_its6_det,SI,"Services: telecommunications, computer, and information services",DEB,IN,AT,2022,MIO_EUR,43.0
bop_its6_det,SI,"Services: telecommunications, computer, and information services",DEB,IN,AT,2023,MIO_EUR,64.0
bop_its6_det,SI,"Services: telecommunications, computer, and information services",DEB,IN,AT,2024,MIO_EUR,71.0
bop_its6_det,SI,"Services: telecommunications, computer, and information services",DEB,IN,BE,2015,MIO_EUR,190.0
bop_its6_det,SI,"Services: telecommunications, computer, and information services",DEB,IN,BE,2016,MIO_EUR,175.0
bop_its6_det,SI,"Services: telecommunications, computer, and information services",DEB,IN,BE,2017,MIO_EUR,207.0
bop_its6_det,SI,"Services: telecommunications, computer, and information services",DEB,IN,BE,2018,MIO_EUR,231.0
bop_its6_det,SI,"Services: telecommunications, computer, and information services",DEB,IN,BE,2019,MIO_EUR,214.0
bop_its6_det,SI,"Services: telecommunications, computer, and information services",DEB,IN,BE,2020,MIO_EUR,224.0
bop_its6_det,SI,"Services: telecommunications, computer, and information services",DEB,IN,BE,2021,MIO_EUR,246.0
bop_its6_det,SI,"Services: telecommunications, computer, and information services",DEB,IN,BE,2022,MIO_EUR,262.0
bop_its6_det,SI,"Services: telecommunications, computer, and information services",DEB,IN,BE,2023,MIO_EUR,305.0
bop_its6_det,SI,"Services: telecommunications, computer, and information services",DEB,IN,BE,2024,MIO_EUR,334.0
bop_its6_det,SI,"Services: telecommunications, computer, and information services",DEB,IN,CZ,2015,MIO_EUR,24.1
bop_its6_det,SI,"Services: telecommunications, computer, and information services",DEB,IN,CZ,2016,MIO_EUR,28.1
bop_its6_det,SI,"Services: telecommunications, computer, and information services",DEB,IN,CZ,2017,MIO_EUR,3.9
bop_its6_det,SI,"Services: telecommunications, computer, and information services",DEB,IN,CZ,2018,MIO_EUR,4.7
bop_its6_det,SI,"Services: telecommunications, computer, and information services",DEB,IN,CZ,2019,MIO_EUR,7.8
bop_its6_det,SI,"Services: telecommunications, computer, and information services",DEB,IN,CZ,2020,MIO_EUR,8.5
bop_its6_det,SI,"Services: telecommunications, computer, and information services",DEB,IN,CZ,2021,MIO_EUR,27.2
bop_its6_det,SI,"Services: telecommunications, computer, and information services",DEB,IN,CZ,2022,MIO_EUR,25.2
bop_its6_det,SI,"Services: telecommunications, computer, and information services",DEB,IN,CZ,2023,MIO_EUR,10.2
bop_its6_det,SI,"Services: telecommunications, computer, and information services",DEB,IN,CZ,2024,MIO_EUR,7.2
bop_its6_det,SI,"Services: telecommunications, computer, and information services",DEB,IN,DE,2015,MIO_EUR,654.0
bop_its6_det,SI,"Services: telecommunications, computer, and information services",DEB,IN,DE,2016,MIO_EUR,705.0
bop_its6_det,SI,"Services: telecommunications, computer, and information services",DEB,IN,DE,2017,MIO_EUR,903.0
bop_its6_det,SI,"Services: telecommunications, computer, and information services",DEB,IN,DE,2018,MIO_EUR,1139.0
bop_its6_det,SI,"Services: telecommunications, computer, and information services",DEB,IN,DE,2019,MIO_EUR,1437.0
bop_its6_det,SI,"Services: telecommunications, computer, and information services",DEB,IN,DE,2020,MIO_EUR,1641.0
bop_its6_det,SI,"Services: telecommunications, computer, and information services",DEB,IN,DE,2021,MIO_EUR,2191.0
bop_its6_det,SI,"Services: telecommunications, computer, and information services",DEB,IN,DE,2022,MIO_EUR,3049.0
bop_its6_det,SI,"Services: telecommunications, computer, and information services",DEB,IN,DE,2023,MIO_EUR,3428.0
bop_its6_det,SI,"Services: telecommunications, computer, and information services",DEB,IN,DE,2024,MIO_EUR,3960.0
bop_its6_det,SI,"Services: telecommunications, computer, and information services",DEB,IN,DK,2015,MIO_EUR,108.3
bop_its6_det,SI,"Services: telecommunications, computer, and information services",DEB,IN,DK,2016,MIO_EUR,77.4
bop_its6_det,SI,"Services: telecommunications, computer, and information services",DEB,IN,DK,2017,MIO_EUR,103.0
bop_its6_det,SI,"Services: telecommunications, computer, and information services",DEB,IN,DK,2018,MIO_EUR,90.2
bop_its6_det,SI,"Services: telecommunications, computer, and information services",DEB,IN,DK,2019,MIO_EUR,155.9
bop_its6_det,SI,"Services: telecommunications, computer, and information services",DEB,IN,DK,2020,MIO_EUR,155.5
bop_its6_det,SI,"Services: telecommunications, computer, and information services",DEB,IN,DK,2021,MIO_EUR,157.5
bop_its6_det,SI,"Services: telecommunications, computer, and information services",DEB,IN,DK,2022,MIO_EUR,244.2
bop_its6_det,SI,"Services: telecommunications, computer, and information services",DEB,IN,DK,2023,MIO_EUR,280.6
bop_its6_det,SI,"Services: telecommunications, computer, and information services",DEB,IN,DK,2024,MIO_EUR,269.6
bop_its6_det,SI,"Services: telecommunications, computer, and information services",DEB,IN,EL,2015,MIO_EUR,0.2
bop_its6_det,SI,"Services: telecommunications, computer, and information services",DEB,IN,EL,2016,MIO_EUR,0.5
bop_its6_det,SI,"Services: telecommunications, computer, and information services",DEB,IN,EL,2017,MIO_EUR,0.9
bop_its6_det,SI,"Services: telecommunications, computer, and information services",DEB,IN,EL,2018,MIO_EUR,2.1
bop_its6_det,SI,"Services: telecommunications, computer, and information services",DEB,IN,EL,2019,MIO_EUR,2.7
bop_its6_det,SI,"Services: telecommunications, computer, and information services",DEB,IN,EL,2020,MIO_EUR,3.4
bop_its6_det,SI,"Services: telecommunications, computer, and information services",DEB,IN,EL,2021,MIO_EUR,7.4
bop_its6_det,SI,"Services: telecommunications, computer, and information services",DEB,IN,EL,2022,MIO_EUR,7.1
bop_its6_det,SI,"Services: telecommunications, computer, and information services",DEB,IN,EL,2023,MIO_EUR,6.9
bop_its6_det,SI,"Services: telecommunications, computer, and information services",DEB,IN,EL,2024,MIO_EUR,6.7
bop_its6_det,SI,"Services: telecommunications, computer, and information services",DEB,IN,ES,2015,MIO_EUR,25.0
bop_its6_det,SI,"Services: telecommunications, computer, and information services",DEB,IN,ES,2016,MIO_EUR,24.0
bop_its6_det,SI,"Services: telecommunications, computer, and information services",DEB,IN,ES,2017,MIO_EUR,25.0
bop_its6_det,SI,"Services: telecommunications, computer, and information services",DEB,IN,ES,2018,MIO_EUR,22.0
bop_its6_det,SI,"Services: telecommunications, computer, and information services",DEB,IN,ES,2019,MIO_EUR,22.0
bop_its6_det,SI,"Services: telecommunications, computer, and information services",DEB,IN,ES,2020,MIO_EUR,24.0
bop_its6_det,SI,"Services: telecommunications, computer, and information services",DEB,IN,ES,2021,MIO_EUR,24.0
bop_its6_det,SI,"Services: telecommunications, computer, and information services",DEB,IN,ES,2022,MIO_EUR,30.0
bop_its6_det,SI,"Services: telecommunications, computer, and information services",DEB,IN,ES,2023,MIO_EUR,71.0
bop_its6_det,SI,"Services: telecommunications, computer, and information services",DEB,IN,ES,2024,MIO_EUR,63.0
bop_its6_det,SI,"Services: telecommunications, computer, and information services",DEB,IN,EU27_2020,2015,MIO_EUR,2338.9
bop_its6_det,SI,"Services: telecommunications, computer, and information services",DEB,IN,EU27_2020,2016,MIO_EUR,2506.1
bop_its6_det,SI,"Services: telecommunications, computer, and information services",DEB,IN,EU27_2020,2017,MIO_EUR,3268.8
bop_its6_det,SI,"Services: telecommunications, computer, and information services",DEB,IN,EU27_2020,2018,MIO_EUR,3681.2
bop_its6_det,SI,"Services: telecommunications, computer, and information services",DEB,IN,EU27_2020,2019,MIO_EUR,4820.4
bop_its6_det,SI,"Services: telecommunications, computer, and information services",DEB,IN,EU27_2020,2020,MIO_EUR,6055.9
bop_its6_det,SI,"Services: telecommunications, computer, and information services",DEB,IN,EU27_2020,2021,MIO_EUR,7143.1
bop_its6_det,SI,"Services: telecommunications, computer, and information services",DEB,IN,EU27_2020,2022,MIO_EUR,9315.5
bop_its6_det,SI,"Services: telecommunications, computer, and information services",DEB,IN,EU27_2020,2023,MIO_EUR,9805.1
bop_its6_det,SI,"Services: telecommunications, computer, and information services",DEB,IN,EU27_2020,2024,MIO_EUR,10244.4
bop_its6_det,SI,"Services: telecommunications, computer, and information services",DEB,IN,FI,2015,MIO_EUR,175.0
bop_its6_det,SI,"Services: telecommunications, computer, and information services",DEB,IN,FI,2016,MIO_EUR,136.0
bop_its6_det,SI,"Services: telecommunications, computer, and information services",DEB,IN,FI,2018,MIO_EUR,182.0
bop_its6_det,SI,"Services: telecommunications, computer, and information services",DEB,IN,FI,2019,MIO_EUR,238.0
bop_its6_det,SI,"Services: telecommunications, computer, and information services",DEB,IN,FI,2020,MIO_EUR,257.0
bop_its6_det,SI,"Services: telecommunications, computer, and information services",DEB,IN,FI,2021,MIO_EUR,272.0
bop_its6_det,SI,"Services: telecommunications, computer, and information services",DEB,IN,FI,2022,MIO_EUR,333.0
bop_its6_det,SI,"Services: telecommunications, computer, and information services",DEB,IN,FI,2023,MIO_EUR,337.0
bop_its6_det,SI,"Services: telecommunications, computer, and information services",DEB,IN,FI,2024,MIO_EUR,326.0
bop_its6_det,SI,"Services: telecommunications, computer, and information services",DEB,IN,FR,2015,MIO_EUR,359.0
bop_its6_det,SI,"Services: telecommunications, computer, and information services",DEB,IN,FR,2016,MIO_EUR,336.0
bop_its6_det,SI,"Services: telecommunications, computer, and information services",DEB,IN,FR,2017,MIO_EUR,548.0
bop_its6_det,SI,"Services: telecommunications, computer, and information services",DEB,IN,FR,2018,MIO_EUR,404.0
bop_its6_det,SI,"Services: telecommunications, computer, and information services",DEB,IN,FR,2019,MIO_EUR,675.0
bop_its6_det,SI,"Services: telecommunications, computer, and information services",DEB,IN,FR,2020,MIO_EUR,751.0
bop_its6_det,SI,"Services: telecommunications, computer, and information services",DEB,IN,FR,2021,MIO_EUR,703.0
bop_its6_det,SI,"Services: telecommunications, computer, and information services",DEB,IN,FR,2022,MIO_EUR,1039.0
bop_its6_det,SI,"Services: telecommunications, computer, and information services",DEB,IN,FR,2023,MIO_EUR,889.0
bop_its6_det,SI,"Services: telecommunications, computer, and information services",DEB,IN,FR,2024,MIO_EUR,832.0
bop_its6_det,SI,"Services: telecommunications, computer, and information services",DEB,IN,HU,2015,MIO_EUR,5.9
bop_its6_det,SI,"Services: telecommunications, computer, and information services",DEB,IN,HU,2016,MIO_EUR,6.2
bop_its6_det,SI,"Services: telecommunications, computer, and information services",DEB,IN,HU,2017,MIO_EUR,2.9
bop_its6_det,SI,"Services: telecommunications, computer, and information services",DEB,IN,HU,2018,MIO_EUR,1.4
bop_its6_det,SI,"Services: telecommunications, computer, and information services",DEB,IN,HU,2019,MIO_EUR,4.6
bop_its6_det,SI,"Services: telecommunications, computer, and information services",DEB,IN,HU,2020,MIO_EUR,3.1
bop_its6_det,SI,"Services: telecommunications, computer, and information services",DEB,IN,HU,2021,MIO_EUR,4.0
bop_its6_det,SI,"Services: telecommunications, computer, and information services",DEB,IN,HU,2022,MIO_EUR,3.8
bop_its6_det,SI,"Services: telecommunications, computer, and information services",DEB,IN,HU,2023,MIO_EUR,5.1
bop_its6_det,SI,"Services: telecommunications, computer, and information services",DEB,IN,HU,2024,MIO_EUR,10.6
bop_its6_det,SI,"Services: telecommunications, computer, and information services",DEB,IN,IE,2015,MIO_EUR,27.0
bop_its6_det,SI,"Services: telecommunications, computer, and information services",DEB,IN,IE,2016,MIO_EUR,46.0
bop_its6_det,SI,"Services: telecommunications, computer, and information services",DEB,IN,IE,2017,MIO_EUR,42.0
bop_its6_det,SI,"Services: telecommunications, computer, and information services",DEB,IN,IE,2018,MIO_EUR,36.0
bop_its6_det,SI,"Services: telecommunications, computer, and information services",DEB,IN,IE,2019,MIO_EUR,67.0
bop_its6_det,SI,"Services: telecommunications, computer, and information services",DEB,IN,IE,2020,MIO_EUR,140.0
bop_its6_det,SI,"Services: telecommunications, computer, and information services",DEB,IN,IE,2021,MIO_EUR,158.0
bop_its6_det,SI,"Services: telecommunications, computer, and information services",DEB,IN,IE,2022,MIO_EUR,153.0
bop_its6_det,SI,"Services: telecommunications, computer, and information services",DEB,IN,IE,2023,MIO_EUR,119.0
bop_its6_det,SI,"Services: telecommunications, computer, and information services",DEB,IN,IE,2024,MIO_EUR,292.0
bop_its6_det,SI,"Services: telecommunications, computer, and information services",DEB,IN,IT,2015,MIO_EUR,23.0
bop_its6_det,SI,"Services: telecommunications, computer, and information services",DEB,IN,IT,2016,MIO_EUR,26.0
bop_its6_det,SI,"Services: telecommunications, computer, and information services",DEB,IN,IT,2017,MIO_EUR,53.8
bop_its6_det,SI,"Services: telecommunications, computer, and information services",DEB,IN,IT,2018,MIO_EUR,44.4
bop_its6_det,SI,"Services: telecommunications, computer, and information services",DEB,IN,IT,2019,MIO_EUR,11.5
bop_its6_det,SI,"Services: telecommunications, computer, and information services",DEB,IN,IT,2020,MIO_EUR,15.1
bop_its6_det,SI,"Services: telecommunications, computer, and information services",DEB,IN,IT,2021,MIO_EUR,17.3
bop_its6_det,SI,"Services: telecommunications, computer, and information services",DEB,IN,IT,2022,MIO_EUR,22.9
bop_its6_det,SI,"Services: telecommunications, computer, and information services",DEB,IN,IT,2023,MIO_EUR,57.7
bop_its6_det,SI,"Services: telecommunications, computer, and information services",DEB,IN,IT,2024,MIO_EUR,37.1
bop_its6_det,SI,"Services: telecommunications, computer, and information services",DEB,IN,NL,2015,MIO_EUR,351.7
bop_its6_det,SI,"Services: telecommunications, computer, and information services",DEB,IN,NL,2016,MIO_EUR,407.5
bop_its6_det,SI,"Services: telecommunications, computer, and information services",DEB,IN,NL,2017,MIO_EUR,492.4
bop_its6_det,SI,"Services: telecommunications, computer, and information services",DEB,IN,NL,2018,MIO_EUR,605.7
bop_its6_det,SI,"Services: telecommunications, computer, and information services",DEB,IN,NL,2019,MIO_EUR,856.1
bop_its6_det,SI,"Services: telecommunications, computer, and information services",DEB,IN,NL,2020,MIO_EUR,1734.8
bop_its6_det,SI,"Services: telecommunications, computer, and information services",DEB,IN,NL,2021,MIO_EUR,1900.9
bop_its6_det,SI,"Services: telecommunications, computer, and information services",DEB,IN,NL,2022,MIO_EUR,2358.2
bop_its6_det,SI,"Services: telecommunications, computer, and information services",DEB,IN,NL,2023,MIO_EUR,2397.9
bop_its6_det,SI,"Services: telecommunications, computer, and information services",DEB,IN,NL,2024,MIO_EUR,2301.9
bop_its6_det,SI,"Services: telecommunications, computer, and information services",DEB,IN,PL,2015,MIO_EUR,16.3
bop_its6_det,SI,"Services: telecommunications, computer, and information services",DEB,IN,PL,2016,MIO_EUR,22.0
bop_its6_det,SI,"Services: telecommunications, computer, and information services",DEB,IN,PL,2017,MIO_EUR,26.1
bop_its6_det,SI,"Services: telecommunications, computer, and information services",DEB,IN,PL,2018,MIO_EUR,17.1
bop_its6_det,SI,"Services: telecommunications, computer, and information services",DEB,IN,PL,2019,MIO_EUR,16.3
bop_its6_det,SI,"Services: telecommunications, computer, and information services",DEB,IN,PL,2020,MIO_EUR,26.6
bop_its6_det,SI,"Services: telecommunications, computer, and information services",DEB,IN,PL,2021,MIO_EUR,27.8
bop_its6_det,SI,"Services: telecommunications, computer, and information services",DEB,IN,PL,2022,MIO_EUR,49.9
bop_its6_det,SI,"Services: telecommunications, computer, and information services",DEB,IN,PL,2023,MIO_EUR,61.9
bop_its6_det,SI,"Services: telecommunications, computer, and information services",DEB,IN,PL,2024,MIO_EUR,82.9
bop_its6_det,SI,"Services: telecommunications, computer, and information services",DEB,IN,PT,2015,MIO_EUR,6.0
bop_its6_det,SI,"Services: telecommunications, computer, and information services",DEB,IN,PT,2016,MIO_EUR,4.0
bop_its6_det,SI,"Services: telecommunications, computer, and information services",DEB,IN,PT,2017,MIO_EUR,5.0
bop_its6_det,SI,"Services: telecommunications, computer, and information services",DEB,IN,PT,2018,MIO_EUR,5.0
bop_its6_det,SI,"Services: telecommunications, computer, and information services",DEB,IN,PT,2019,MIO_EUR,6.0
bop_its6_det,SI,"Services: telecommunications, computer, and information services",DEB,IN,PT,2020,MIO_EUR,9.0
bop_its6_det,SI,"Services: telecommunications, computer, and information services",DEB,IN,PT,2021,MIO_EUR,3.0
bop_its6_det,SI,"Services: telecommunications, computer, and information services",DEB,IN,PT,2022,MIO_EUR,7.0
bop_its6_det,SI,"Services: telecommunications, computer, and information services",DEB,IN,PT,2023,MIO_EUR,15.0
bop_its6_det,SI,"Services: telecommunications, computer, and information services",DEB,IN,PT,2024,MIO_EUR,12.0
bop_its6_det,SI,"Services: telecommunications, computer, and information services",DEB,IN,RO,2015,MIO_EUR,5.2
bop_its6_det,SI,"Services: telecommunications, computer, and information services",DEB,IN,RO,2016,MIO_EUR,16.0
bop_its6_det,SI,"Services: telecommunications, computer, and information services",DEB,IN,RO,2017,MIO_EUR,25.0
bop_its6_det,SI,"Services: telecommunications, computer, and information services",DEB,IN,RO,2018,MIO_EUR,7.7
bop_its6_det,SI,"Services: telecommunications, computer, and information services",DEB,IN,RO,2019,MIO_EUR,11.6
bop_its6_det,SI,"Services: telecommunications, computer, and information services",DEB,IN,RO,2020,MIO_EUR,7.4
bop_its6_det,SI,"Services: telecommunications, computer, and information services",DEB,IN,RO,2021,MIO_EUR,12.8
bop_its6_det,SI,"Services: telecommunications, computer, and information services",DEB,IN,RO,2022,MIO_EUR,13.0
bop_its6_det,SI,"Services: telecommunications, computer, and information services",DEB,IN,RO,2023,MIO_EUR,21.2
bop_its6_det,SI,"Services: telecommunications, computer, and information services",DEB,IN,RO,2024,MIO_EUR,9.2
bop_its6_det,SI,"Services: telecommunications, computer, and information services",DEB,IN,SE,2015,MIO_EUR,227.8
bop_its6_det,SI,"Services: telecommunications, computer, and information services",DEB,IN,SE,2016,MIO_EUR,246.2
bop_its6_det,SI,"Services: telecommunications, computer, and information services",DEB,IN,SE,2017,MIO_EUR,300.9
bop_its6_det,SI,"Services: telecommunications, computer, and information services",DEB,IN,SE,2018,MIO_EUR,626.3
bop_its6_det,SI,"Services: telecommunications, computer, and information services",DEB,IN,SE,2019,MIO_EUR,696.8
bop_its6_det,SI,"Services: telecommunications, computer, and information services",DEB,IN,SE,2020,MIO_EUR,639.1
bop_its6_det,SI,"Services: telecommunications, computer, and information services",DEB,IN,SE,2021,MIO_EUR,900.6
bop_its6_det,SI,"Services: telecommunications, computer, and information services",DEB,IN,SE,2022,MIO_EUR,1013.2
bop_its6_det,SI,"Services: telecommunications, computer, and information services",DEB,IN,SE,2023,MIO_EUR,921.3
bop_its6_det,SI,"Services: telecommunications, computer, and information services",DEB,IN,SE,2024,MIO_EUR,886.9
bop_its6_det,SI,"Services: telecommunications, computer, and information services",DEB,IN,UK,2016,MIO_EUR,556.5
bop_its6_det,SI,"Services: telecommunications, computer, and information services",DEB,IN,UK,2017,MIO_EUR,538.4
bop_its6_det,SI,"Services: telecommunications, computer, and information services",DEB,IN,UK,2018,MIO_EUR,654.5
bop_its6_det,SI,"Services: telecommunications, computer, and information services",DEB,IN,UK,2019,MIO_EUR,921.7
bop_its6_det,SI,"Services: telecommunications, computer, and information services",CRE,IN,AT,2015,MIO_EUR,8.0
bop_its6_det,SI,"Services: telecommunications, computer, and information services",CRE,IN,AT,2016,MIO_EUR,13.0
bop_its6_det,SI,"Services: telecommunications, computer, and information services",CRE,IN,AT,2017,MIO_EUR,16.0
bop_its6_det,SI,"Services: telecommunications, computer, and information services",CRE,IN,AT,2018,MIO_EUR,20.0
bop_its6_det,SI,"Services: telecommunications, computer, and information services",CRE,IN,AT,2019,MIO_EUR,17.0
bop_its6_det,SI,"Services: telecommunications, computer, and information services",CRE,IN,AT,2020,MIO_EUR,17.0
bop_its6_det,SI,"Services: telecommunications, computer, and information services",CRE,IN,AT,2021,MIO_EUR,19.0
bop_its6_det,SI,"Services: telecommunications, computer, and information services",CRE,IN,AT,2022,MIO_EUR,27.0
bop_its6_det,SI,"Services: telecommunications, computer, and information services",CRE,IN,AT,2023,MIO_EUR,30.0
bop_its6_det,SI,"Services: telecommunications, computer, and information services",CRE,IN,AT,2024,MIO_EUR,31.0
bop_its6_det,SI,"Services: telecommunications, computer, and information services",CRE,IN,BE,2015,MIO_EUR,63.0
bop_its6_det,SI,"Services: telecommunications, computer, and information services",CRE,IN,BE,2016,MIO_EUR,69.0
bop_its6_det,SI,"Services: telecommunications, computer, and information services",CRE,IN,BE,2017,MIO_EUR,75.0
bop_its6_det,SI,"Services: telecommunications, computer, and information services",CRE,IN,BE,2018,MIO_EUR,102.0
bop_its6_det,SI,"Services: telecommunications, computer, and information services",CRE,IN,BE,2019,MIO_EUR,107.0
bop_its6_det,SI,"Services: telecommunications, computer, and information services",CRE,IN,BE,2020,MIO_EUR,93.0
bop_its6_det,SI,"Services: telecommunications, computer, and information services",CRE,IN,BE,2021,MIO_EUR,104.0
bop_its6_det,SI,"Services: telecommunications, computer, and information services",CRE,IN,BE,2022,MIO_EUR,122.0
bop_its6_det,SI,"Services: telecommunications, computer, and information services",CRE,IN,BE,2023,MIO_EUR,137.0
bop_its6_det,SI,"Services: telecommunications, computer, and information services",CRE,IN,BE,2024,MIO_EUR,140.0
bop_its6_det,SI,"Services: telecommunications, computer, and information services",CRE,IN,CZ,2015,MIO_EUR,4.6
bop_its6_det,SI,"Services: telecommunications, computer, and information services",CRE,IN,CZ,2016,MIO_EUR,12.2
bop_its6_det,SI,"Services: telecommunications, computer, and information services",CRE,IN,CZ,2017,MIO_EUR,11.7
bop_its6_det,SI,"Services: telecommunications, computer, and information services",CRE,IN,CZ,2018,MIO_EUR,10.3
bop_its6_det,SI,"Services: telecommunications, computer, and information services",CRE,IN,CZ,2019,MIO_EUR,10.4
bop_its6_det,SI,"Services: telecommunications, computer, and information services",CRE,IN,CZ,2020,MIO_EUR,10.4
bop_its6_det,SI,"Services: telecommunications, computer, and information services",CRE,IN,CZ,2021,MIO_EUR,16.1
bop_its6_det,SI,"Services: telecommunications, computer, and information services",CRE,IN,CZ,2022,MIO_EUR,18.3
bop_its6_det,SI,"Services: telecommunications, computer, and information services",CRE,IN,CZ,2023,MIO_EUR,13.1
bop_its6_det,SI,"Services: telecommunications, computer, and information services",CRE,IN,CZ,2024,MIO_EUR,6.1
bop_its6_det,SI,"Services: telecommunications, computer, and information services",CRE,IN,DE,2015,MIO_EUR,337.0
bop_its6_det,SI,"Services: telecommunications, computer, and information services",CRE,IN,DE,2016,MIO_EUR,387.0
bop_its6_det,SI,"Services: telecommunications, computer, and information services",CRE,IN,DE,2017,MIO_EUR,471.0
bop_its6_det,SI,"Services: telecommunications, computer, and information services",CRE,IN,DE,2018,MIO_EUR,503.0
bop_its6_det,SI,"Services: telecommunications, computer, and information services",CRE,IN,DE,2019,MIO_EUR,583.0
bop_its6_det,SI,"Services: telecommunications, computer, and information services",CRE,IN,DE,2020,MIO_EUR,672.0
bop_its6_det,SI,"Services: telecommunications, computer, and information services",CRE,IN,DE,2021,MIO_EUR,823.0
bop_its6_det,SI,"Services: telecommunications, computer, and information services",CRE,IN,DE,2022,MIO_EUR,1059.0
bop_its6_det,SI,"Services: telecommunications, computer, and information services",CRE,IN,DE,2023,MIO_EUR,1182.0
bop_its6_det,SI,"Services: telecommunications, computer, and information services",CRE,IN,DE,2024,MIO_EUR,1433.0
bop_its6_det,SI,"Services: telecommunications, computer, and information services",CRE,IN,DK,2015,MIO_EUR,14.1
bop_its6_det,SI,"Services: telecommunications, computer, and information services",CRE,IN,DK,2016,MIO_EUR,17.5
bop_its6_det,SI,"Services: telecommunications, computer, and information services",CRE,IN,DK,2017,MIO_EUR,17.2
bop_its6_det,SI,"Services: telecommunications, computer, and information services",CRE,IN,DK,2018,MIO_EUR,31.0
bop_its6_det,SI,"Services: telecommunications, computer, and information services",CRE,IN,DK,2019,MIO_EUR,27.3
bop_its6_det,SI,"Services: telecommunications, computer, and information services",CRE,IN,DK,2020,MIO_EUR,20.0
bop_its6_det,SI,"Services: telecommunications, computer, and information services",CRE,IN,DK,2021,MIO_EUR,21.9
bop_its6_det,SI,"Services: telecommunications, computer, and information services",CRE,IN,DK,2022,MIO_EUR,41.0
bop_its6_det,SI,"Services: telecommunications, computer, and information services",CRE,IN,DK,2023,MIO_EUR,61.9
bop_its6_det,SI,"Services: telecommunications, computer, and information services",CRE,IN,DK,2024,MIO_EUR,76.3
bop_its6_det,SI,"Services: telecommunications, computer, and information services",CRE,IN,EL,2015,MIO_EUR,1.7
bop_its6_det,SI,"Services: telecommunications, computer, and information services",CRE,IN,EL,2016,MIO_EUR,0.1
bop_its6_det,SI,"Services: telecommunications, computer, and information services",CRE,IN,EL,2017,MIO_EUR,0.1
bop_its6_det,SI,"Services: telecommunications, computer, and information services",CRE,IN,EL,2018,MIO_EUR,0.3
bop_its6_det,SI,"Services: telecommunications, computer, and information services",CRE,IN,EL,2019,MIO_EUR,0.6
bop_its6_det,SI,"Services: telecommunications, computer, and information services",CRE,IN,EL,2020,MIO_EUR,0.3
bop_its6_det,SI,"Services: telecommunications, computer, and information services",CRE,IN,EL,2021,MIO_EUR,1.1
bop_its6_det,SI,"Services: telecommunications, computer, and information services",CRE,IN,EL,2022,MIO_EUR,0.2
bop_its6_det,SI,"Services: telecommunications, computer, and information services",CRE,IN,EL,2023,MIO_EUR,0.6
bop_its6_det,SI,"Services: telecommunications, computer, and information services",CRE,IN,EL,2024,MIO_EUR,0.2
bop_its6_det,SI,"Services: telecommunications, computer, and information services",CRE,IN,ES,2019,MIO_EUR,50.0
bop_its6_det,SI,"Services: telecommunications, computer, and information services",CRE,IN,ES,2020,MIO_EUR,32.0
bop_its6_det,SI,"Services: telecommunications, computer, and information services",CRE,IN,ES,2021,MIO_EUR,55.0
bop_its6_det,SI,"Services: telecommunications, computer, and information services",CRE,IN,EU27_2020,2015,MIO_EUR,3520.4
bop_its6_det,SI,"Services: telecommunications, computer, and information services",CRE,IN,EU27_2020,2016,MIO_EUR,3808.4
bop_its6_det,SI,"Services: telecommunications, computer, and information services",CRE,IN,EU27_2020,2017,MIO_EUR,4543.5
bop_its6_det,SI,"Services: telecommunications, computer, and information services",CRE,IN,EU27_2020,2018,MIO_EUR,4680.2
bop_its6_det,SI,"Services: telecommunications, computer, and information services",CRE,IN,EU27_2020,2019,MIO_EUR,5171.0
bop_its6_det,SI,"Services: telecommunications, computer, and information services",CRE,IN,EU27_2020,2020,MIO_EUR,5979.3
bop_its6_det,SI,"Services: telecommunications, computer, and information services",CRE,IN,EU27_2020,2021,MIO_EUR,7707.9
bop_its6_det,SI,"Services: telecommunications, computer, and information services",CRE,IN,EU27_2020,2022,MIO_EUR,9078.0
bop_its6_det,SI,"Services: telecommunications, computer, and information services",CRE,IN,EU27_2020,2023,MIO_EUR,10309.5
bop_its6_det,SI,"Services: telecommunications, computer, and information services",CRE,IN,EU27_2020,2024,MIO_EUR,11008.5
bop_its6_det,SI,"Services: telecommunications, computer, and information services",CRE,IN,FI,2015,MIO_EUR,348.0
bop_its6_det,SI,"Services: telecommunications, computer, and information services",CRE,IN,FI,2016,MIO_EUR,310.0
bop_its6_det,SI,"Services: telecommunications, computer, and information services",CRE,IN,FI,2018,MIO_EUR,381.0
bop_its6_det,SI,"Services: telecommunications, computer, and information services",CRE,IN,FI,2019,MIO_EUR,220.0
bop_its6_det,SI,"Services: telecommunications, computer, and information services",CRE,IN,FI,2020,MIO_EUR,235.0
bop_its6_det,SI,"Services: telecommunications, computer, and information services",CRE,IN,FI,2021,MIO_EUR,247.0
bop_its6_det,SI,"Services: telecommunications, computer, and information services",CRE,IN,FI,2022,MIO_EUR,401.0
bop_its6_det,SI,"Services: telecommunications, computer, and information services",CRE,IN,FI,2023,MIO_EUR,159.0
bop_its6_det,SI,"Services: telecommunications, computer, and information services",CRE,IN,FI,2024,MIO_EUR,87.0
bop_its6_det,SI,"Services: telecommunications, computer, and information services",CRE,IN,FR,2015,MIO_EUR,155.0
bop_its6_det,SI,"Services: telecommunications, computer, and information services",CRE,IN,FR,2016,MIO_EUR,159.0
bop_its6_det,SI,"Services: telecommunications, computer, and information services",CRE,IN,FR,2017,MIO_EUR,143.0
bop_its6_det,SI,"Services: telecommunications, computer, and information services",CRE,IN,FR,2018,MIO_EUR,144.0
bop_its6_det,SI,"Services: telecommunications, computer, and information services",CRE,IN,FR,2019,MIO_EUR,218.0
bop_its6_det,SI,"Services: telecommunications, computer, and information services",CRE,IN,FR,2020,MIO_EUR,190.0
bop_its6_det,SI,"Services: telecommunications, computer, and information services",CRE,IN,FR,2021,MIO_EUR,174.0
bop_its6_det,SI,"Services: telecommunications, computer, and information services",CRE,IN,FR,2022,MIO_EUR,335.0
bop_its6_det,SI,"Services: telecommunications, computer, and information services",CRE,IN,FR,2023,MIO_EUR,337.0
bop_its6_det,SI,"Services: telecommunications, computer, and information services",CRE,IN,FR,2024,MIO_EUR,425.0
bop_its6_det,SI,"Services: telecommunications, computer, and information services",CRE,IN,HU,2015,MIO_EUR,1.9
bop_its6_det,SI,"Services: telecommunications, computer, and information services",CRE,IN,HU,2016,MIO_EUR,2.2
bop_its6_det,SI,"Services: telecommunications, computer, and information services",CRE,IN,HU,2017,MIO_EUR,6.7
bop_its6_det,SI,"Services: telecommunications, computer, and information services",CRE,IN,HU,2018,MIO_EUR,4.2
bop_its6_det,SI,"Services: telecommunications, computer, and information services",CRE,IN,HU,2019,MIO_EUR,4.9
bop_its6_det,SI,"Services: telecommunications, computer, and information services",CRE,IN,HU,2020,MIO_EUR,2.1
bop_its6_det,SI,"Services: telecommunications, computer, and information services",CRE,IN,HU,2021,MIO_EUR,1.7
bop_its6_det,SI,"Services: telecommunications, computer, and information services",CRE,IN,HU,2022,MIO_EUR,2.9
bop_its6_det,SI,"Services: telecommunications, computer, and information services",CRE,IN,HU,2023,MIO_EUR,4.1
bop_its6_det,SI,"Services: telecommunications, computer, and information services",CRE,IN,HU,2024,MIO_EUR,12.6
bop_its6_det,SI,"Services: telecommunications, computer, and information services",CRE,IN,IT,2015,MIO_EUR,24.5
bop_its6_det,SI,"Services: telecommunications, computer, and information services",CRE,IN,IT,2016,MIO_EUR,46.8
bop_its6_det,SI,"Services: telecommunications, computer, and information services",CRE,IN,IT,2017,MIO_EUR,55.9
bop_its6_det,SI,"Services: telecommunications, computer, and information services",CRE,IN,IT,2018,MIO_EUR,35.4
bop_its6_det,SI,"Services: telecommunications, computer, and information services",CRE,IN,IT,2019,MIO_EUR,30.3
bop_its6_det,SI,"Services: telecommunications, computer, and information services",CRE,IN,IT,2020,MIO_EUR,35.8
bop_its6_det,SI,"Services: telecommunications, computer, and information services",CRE,IN,IT,2021,MIO_EUR,22.8
bop_its6_det,SI,"Services: telecommunications, computer, and information services",CRE,IN,IT,2022,MIO_EUR,28.7
bop_its6_det,SI,"Services: telecommunications, computer, and information services",CRE,IN,IT,2023,MIO_EUR,57.4
bop_its6_det,SI,"Services: telecommunications, computer, and information services",CRE,IN,IT,2024,MIO_EUR,30.9
bop_its6_det,SI,"Services: telecommunications, computer, and information services",CRE,IN,NL,2015,MIO_EUR,341.9
bop_its6_det,SI,"Services: telecommunications, computer, and information services",CRE,IN,NL,2016,MIO_EUR,475.9
bop_its6_det,SI,"Services: telecommunications, computer, and information services",CRE,IN,NL,2017,MIO_EUR,508.9
bop_its6_det,SI,"Services: telecommunications, computer, and information services",CRE,IN,NL,2018,MIO_EUR,501.9
bop_its6_det,SI,"Services: telecommunications, computer, and information services",CRE,IN,NL,2019,MIO_EUR,650.1
bop_its6_det,SI,"Services: telecommunications, computer, and information services",CRE,IN,NL,2020,MIO_EUR,692.4
bop_its6_det,SI,"Services: telecommunications, computer, and information services",CRE,IN,NL,2021,MIO_EUR,550.3
bop_its6_det,SI,"Services: telecommunications, computer, and information services",CRE,IN,NL,2022,MIO_EUR,805.6
bop_its6_det,SI,"Services: telecommunications, computer, and information services",CRE,IN,NL,2023,MIO_EUR,1158.6
bop_its6_det,SI,"Services: telecommunications, computer, and information services",CRE,IN,NL,2024,MIO_EUR,998.3
bop_its6_det,SI,"Services: telecommunications, computer, and information services",CRE,IN,PL,2015,MIO_EUR,9.3
bop_its6_det,SI,"Services: telecommunications, computer, and information services",CRE,IN,PL,2016,MIO_EUR,23.4
bop_its6_det,SI,"Services: telecommunications, computer, and information services",CRE,IN,PL,2017,MIO_EUR,28.0
bop_its6_det,SI,"Services: telecommunications, computer, and information services",CRE,IN,PL,2018,MIO_EUR,21.1
bop_its6_det,SI,"Services: telecommunications, computer, and information services",CRE,IN,PL,2019,MIO_EUR,31.2
bop_its6_det,SI,"Services: telecommunications, computer, and information services",CRE,IN,PL,2020,MIO_EUR,43.2
bop_its6_det,SI,"Services: telecommunications, computer, and information services",CRE,IN,PL,2021,MIO_EUR,49.7
bop_its6_det,SI,"Services: telecommunications, computer, and information services",CRE,IN,PL,2022,MIO_EUR,60.6
bop_its6_det,SI,"Services: telecommunications, computer, and information services",CRE,IN,PL,2023,MIO_EUR,57.2
bop_its6_det,SI,"Services: telecommunications, computer, and information services",CRE,IN,PL,2024,MIO_EUR,70.8
bop_its6_det,SI,"Services: telecommunications, computer, and information services",CRE,IN,PT,2015,MIO_EUR,16.0
bop_its6_det,SI,"Services: telecommunications, computer, and information services",CRE,IN,PT,2016,MIO_EUR,14.0
bop_its6_det,SI,"Services: telecommunications, computer, and information services",CRE,IN,PT,2017,MIO_EUR,49.0
bop_its6_det,SI,"Services: telecommunications, computer, and information services",CRE,IN,PT,2018,MIO_EUR,22.0
bop_its6_det,SI,"Services: telecommunications, computer, and information services",CRE,IN,PT,2019,MIO_EUR,11.0
bop_its6_det,SI,"Services: telecommunications, computer, and information services",CRE,IN,PT,2020,MIO_EUR,14.0
bop_its6_det,SI,"Services: telecommunications, computer, and information services",CRE,IN,PT,2021,MIO_EUR,27.0
bop_its6_det,SI,"Services: telecommunications, computer, and information services",CRE,IN,PT,2022,MIO_EUR,14.0
bop_its6_det,SI,"Services: telecommunications, computer, and information services",CRE,IN,PT,2023,MIO_EUR,20.0
bop_its6_det,SI,"Services: telecommunications, computer, and information services",CRE,IN,PT,2024,MIO_EUR,17.0
bop_its6_det,SI,"Services: telecommunications, computer, and information services",CRE,IN,RO,2015,MIO_EUR,14.6
bop_its6_det,SI,"Services: telecommunications, computer, and information services",CRE,IN,RO,2016,MIO_EUR,11.6
bop_its6_det,SI,"Services: telecommunications, computer, and information services",CRE,IN,RO,2017,MIO_EUR,17.9
bop_its6_det,SI,"Services: telecommunications, computer, and information services",CRE,IN,RO,2018,MIO_EUR,14.8
bop_its6_det,SI,"Services: telecommunications, computer, and information services",CRE,IN,RO,2019,MIO_EUR,13.5
bop_its6_det,SI,"Services: telecommunications, computer, and information services",CRE,IN,RO,2020,MIO_EUR,31.6
bop_its6_det,SI,"Services: telecommunications, computer, and information services",CRE,IN,RO,2021,MIO_EUR,58.5
bop_its6_det,SI,"Services: telecommunications, computer, and information services",CRE,IN,RO,2022,MIO_EUR,68.3
bop_its6_det,SI,"Services: telecommunications, computer, and information services",CRE,IN,RO,2023,MIO_EUR,75.8
bop_its6_det,SI,"Services: telecommunications, computer, and information services",CRE,IN,RO,2024,MIO_EUR,61.3
bop_its6_det,SI,"Services: telecommunications, computer, and information services",CRE,IN,SE,2015,MIO_EUR,376.8
bop_its6_det,SI,"Services: telecommunications, computer, and information services",CRE,IN,SE,2016,MIO_EUR,263.6
bop_its6_det,SI,"Services: telecommunications, computer, and information services",CRE,IN,SE,2017,MIO_EUR,251.7
bop_its6_det,SI,"Services: telecommunications, computer, and information services",CRE,IN,SE,2018,MIO_EUR,329.3
bop_its6_det,SI,"Services: telecommunications, computer, and information services",CRE,IN,SE,2019,MIO_EUR,364.7
bop_its6_det,SI,"Services: telecommunications, computer, and information services",CRE,IN,SE,2020,MIO_EUR,269.2
bop_its6_det,SI,"Services: telecommunications, computer, and information services",CRE,IN,SE,2021,MIO_EUR,500.0
bop_its6_det,SI,"Services: telecommunications, computer, and information services",CRE,IN,SE,2022,MIO_EUR,551.7
bop_its6_det,SI,"Services: telecommunications, computer, and information services",CRE,IN,SE,2023,MIO_EUR,1155.4
bop_its6_det,SI,"Services: telecommunications, computer, and information services",CRE,IN,SE,2024,MIO_EUR,751.0
bop_its6_det,SI,"Services: telecommunications, computer, and information services",CRE,IN,UK,2016,MIO_EUR,306.3
bop_its6_det,SI,"Services: telecommunications, computer, and information services",CRE,IN,UK,2017,MIO_EUR,185.9
bop_its6_det,SI,"Services: telecommunications, computer, and information services",CRE,IN,UK,2018,MIO_EUR,1709.0
bop_its6_det,SI,"Services: telecommunications, computer, and information services",CRE,IN,UK,2019,MIO_EUR,209.6
bop_its6_det,SJ312,Services: engineering services,DEB,PH,AT,2015,MIO_EUR,1.0
bop_its6_det,SJ312,Services: engineering services,DEB,PH,AT,2016,MIO_EUR,1.0
bop_its6_det,SJ312,Services: engineering services,DEB,PH,AT,2017,MIO_EUR,1.0
bop_its6_det,SJ312,Services: engineering services,DEB,PH,AT,2018,MIO_EUR,1.0
bop_its6_det,SJ312,Services: engineering services,DEB,PH,AT,2019,MIO_EUR,1.0
bop_its6_det,SJ312,Services: engineering services,DEB,PH,AT,2020,MIO_EUR,1.0
bop_its6_det,SJ312,Services: engineering services,DEB,PH,AT,2021,MIO_EUR,0.0
bop_its6_det,SJ312,Services: engineering services,DEB,PH,AT,2022,MIO_EUR,0.0
bop_its6_det,SJ312,Services: engineering services,DEB,PH,AT,2023,MIO_EUR,0.0
bop_its6_det,SJ312,Services: engineering services,DEB,PH,AT,2024,MIO_EUR,0.0
bop_its6_det,SJ312,Services: engineering services,DEB,PH,BE,2015,MIO_EUR,1.0
bop_its6_det,SJ312,Services: engineering services,DEB,PH,BE,2016,MIO_EUR,0.0
bop_its6_det,SJ312,Services: engineering services,DEB,PH,BE,2017,MIO_EUR,0.0
bop_its6_det,SJ312,Services: engineering services,DEB,PH,BE,2018,MIO_EUR,1.0
bop_its6_det,SJ312,Services: engineering services,DEB,PH,BE,2019,MIO_EUR,0.0
bop_its6_det,SJ312,Services: engineering services,DEB,PH,BE,2020,MIO_EUR,0.0
bop_its6_det,SJ312,Services: engineering services,DEB,PH,BE,2022,MIO_EUR,1.0
bop_its6_det,SJ312,Services: engineering services,DEB,PH,BE,2023,MIO_EUR,1.0
bop_its6_det,SJ312,Services: engineering services,DEB,PH,BE,2024,MIO_EUR,0.0
bop_its6_det,SJ312,Services: engineering services,DEB,PH,CZ,2015,MIO_EUR,0.0
bop_its6_det,SJ312,Services: engineering services,DEB,PH,CZ,2016,MIO_EUR,0.0
bop_its6_det,SJ312,Services: engineering services,DEB,PH,CZ,2017,MIO_EUR,0.0
bop_its6_det,SJ312,Services: engineering services,DEB,PH,CZ,2018,MIO_EUR,0.0
bop_its6_det,SJ312,Services: engineering services,DEB,PH,CZ,2019,MIO_EUR,0.0
bop_its6_det,SJ312,Services: engineering services,DEB,PH,CZ,2020,MIO_EUR,0.0
bop_its6_det,SJ312,Services: engineering services,DEB,PH,CZ,2021,MIO_EUR,0.2
bop_its6_det,SJ312,Services: engineering services,DEB,PH,CZ,2022,MIO_EUR,0.1
bop_its6_det,SJ312,Services: engineering services,DEB,PH,CZ,2023,MIO_EUR,0.0
bop_its6_det,SJ312,Services: engineering services,DEB,PH,CZ,2024,MIO_EUR,0.0
bop_its6_det,SJ312,Services: engineering services,DEB,PH,DE,2015,MIO_EUR,5.0
bop_its6_det,SJ312,Services: engineering services,DEB,PH,DE,2017,MIO_EUR,2.0
bop_its6_det,SJ312,Services: engineering services,DEB,PH,DE,2018,MIO_EUR,4.0
bop_its6_det,SJ312,Services: engineering services,DEB,PH,DE,2024,MIO_EUR,8.0
bop_its6_det,SJ312,Services: engineering services,DEB,PH,DK,2015,MIO_EUR,1.3
bop_its6_det,SJ312,Services: engineering services,DEB,PH,DK,2016,MIO_EUR,0.7
bop_its6_det,SJ312,Services: engineering services,DEB,PH,DK,2017,MIO_EUR,1.7
bop_its6_det,SJ312,Services: engineering services,DEB,PH,DK,2018,MIO_EUR,1.1
bop_its6_det,SJ312,Services: engineering services,DEB,PH,DK,2019,MIO_EUR,2.0
bop_its6_det,SJ312,Services: engineering services,DEB,PH,DK,2020,MIO_EUR,0.3
bop_its6_det,SJ312,Services: engineering services,DEB,PH,DK,2021,MIO_EUR,4.8
bop_its6_det,SJ312,Services: engineering services,DEB,PH,DK,2022,MIO_EUR,3.2
bop_its6_det,SJ312,Services: engineering services,DEB,PH,DK,2023,MIO_EUR,2.4
bop_its6_det,SJ312,Services: engineering services,DEB,PH,DK,2024,MIO_EUR,3.8
bop_its6_det,SJ312,Services: engineering services,DEB,PH,EL,2015,MIO_EUR,0.0
bop_its6_det,SJ312,Services: engineering services,DEB,PH,EL,2016,MIO_EUR,0.1
bop_its6_det,SJ312,Services: engineering services,DEB,PH,EL,2017,MIO_EUR,0.0
bop_its6_det,SJ312,Services: engineering services,DEB,PH,EL,2018,MIO_EUR,0.0
bop_its6_det,SJ312,Services: engineering services,DEB,PH,EL,2019,MIO_EUR,0.0
bop_its6_det,SJ312,Services: engineering services,DEB,PH,EL,2020,MIO_EUR,0.0
bop_its6_det,SJ312,Services: engineering services,DEB,PH,EL,2021,MIO_EUR,0.0
bop_its6_det,SJ312,Services: engineering services,DEB,PH,EL,2022,MIO_EUR,0.0
bop_its6_det,SJ312,Services: engineering services,DEB,PH,EL,2023,MIO_EUR,0.0
bop_its6_det,SJ312,Services: engineering services,DEB,PH,EL,2024,MIO_EUR,0.0
bop_its6_det,SJ312,Services: engineering services,DEB,PH,ES,2015,MIO_EUR,0.0
bop_its6_det,SJ312,Services: engineering services,DEB,PH,ES,2019,MIO_EUR,1.0
bop_its6_det,SJ312,Services: engineering services,DEB,PH,ES,2021,MIO_EUR,1.0
bop_its6_det,SJ312,Services: engineering services,DEB,PH,EU27_2020,2015,MIO_EUR,9.0
bop_its6_det,SJ312,Services: engineering services,DEB,PH,EU27_2020,2016,MIO_EUR,16.2
bop_its6_det,SJ312,Services: engineering services,DEB,PH,EU27_2020,2017,MIO_EUR,7.1
bop_its6_det,SJ312,Services: engineering services,DEB,PH,EU27_2020,2018,MIO_EUR,8.5
bop_its6_det,SJ312,Services: engineering services,DEB,PH,EU27_2020,2019,MIO_EUR,10.2
bop_its6_det,SJ312,Services: engineering services,DEB,PH,EU27_2020,2020,MIO_EUR,24.5
bop_its6_det,SJ312,Services: engineering services,DEB,PH,EU27_2020,2021,MIO_EUR,21.2
bop_its6_det,SJ312,Services: engineering services,DEB,PH,EU27_2020,2022,MIO_EUR,15.0
bop_its6_det,SJ312,Services: engineering services,DEB,PH,EU27_2020,2023,MIO_EUR,12.5
bop_its6_det,SJ312,Services: engineering services,DEB,PH,EU27_2020,2024,MIO_EUR,19.2
bop_its6_det,SJ312,Services: engineering services,DEB,PH,FI,2015,MIO_EUR,0.0
bop_its6_det,SJ312,Services: engineering services,DEB,PH,FI,2016,MIO_EUR,0.0
bop_its6_det,SJ312,Services: engineering services,DEB,PH,FI,2017,MIO_EUR,0.0
bop_its6_det,SJ312,Services: engineering services,DEB,PH,FI,2018,MIO_EUR,0.0
bop_its6_det,SJ312,Services: engineering services,DEB,PH,FI,2019,MIO_EUR,0.0
bop_its6_det,SJ312,Services: engineering services,DEB,PH,FI,2020,MIO_EUR,0.0
bop_its6_det,SJ312,Services: engineering services,DEB,PH,FI,2021,MIO_EUR,0.0
bop_its6_det,SJ312,Services: engineering services,DEB,PH,FI,2022,MIO_EUR,0.0
bop_its6_det,SJ312,Services: engineering services,DEB,PH,FI,2023,MIO_EUR,0.0
bop_its6_det,SJ312,Services: engineering services,DEB,PH,FI,2024,MIO_EUR,0.0
bop_its6_det,SJ312,Services: engineering services,DEB,PH,HU,2016,MIO_EUR,0.0
bop_its6_det,SJ312,Services: engineering services,DEB,PH,HU,2017,MIO_EUR,0.0
bop_its6_det,SJ312,Services: engineering services,DEB,PH,HU,2023,MIO_EUR,0.0
bop_its6_det,SJ312,Services: engineering services,DEB,PH,HU,2024,MIO_EUR,0.0
bop_its6_det,SJ312,Services: engineering services,DEB,PH,IE,2015,MIO_EUR,0.0
bop_its6_det,SJ312,Services: engineering services,DEB,PH,IE,2016,MIO_EUR,0.0
bop_its6_det,SJ312,Services: engineering services,DEB,PH,IE,2017,MIO_EUR,0.0
bop_its6_det,SJ312,Services: engineering services,DEB,PH,IE,2018,MIO_EUR,0.0
bop_its6_det,SJ312,Services: engineering services,DEB,PH,IE,2019,MIO_EUR,0.0
bop_its6_det,SJ312,Services: engineering services,DEB,PH,IE,2020,MIO_EUR,0.0
bop_its6_det,SJ312,Services: engineering services,DEB,PH,IE,2021,MIO_EUR,0.0
bop_its6_det,SJ312,Services: engineering services,DEB,PH,IE,2022,MIO_EUR,0.0
bop_its6_det,SJ312,Services: engineering services,DEB,PH,IE,2023,MIO_EUR,0.0
bop_its6_det,SJ312,Services: engineering services,DEB,PH,IE,2024,MIO_EUR,0.0
bop_its6_det,SJ312,Services: engineering services,DEB,PH,IT,2015,MIO_EUR,0.0
bop_its6_det,SJ312,Services: engineering services,DEB,PH,IT,2016,MIO_EUR,0.0
bop_its6_det,SJ312,Services: engineering services,DEB,PH,IT,2017,MIO_EUR,0.1
bop_its6_det,SJ312,Services: engineering services,DEB,PH,IT,2018,MIO_EUR,0.1
bop_its6_det,SJ312,Services: engineering services,DEB,PH,IT,2019,MIO_EUR,0.0
bop_its6_det,SJ312,Services: engineering services,DEB,PH,IT,2020,MIO_EUR,1.9
bop_its6_det,SJ312,Services: engineering services,DEB,PH,IT,2021,MIO_EUR,0.1
bop_its6_det,SJ312,Services: engineering services,DEB,PH,IT,2022,MIO_EUR,0.0
bop_its6_det,SJ312,Services: engineering services,DEB,PH,IT,2023,MIO_EUR,0.1
bop_its6_det,SJ312,Services: engineering services,DEB,PH,IT,2024,MIO_EUR,0.4
bop_its6_det,SJ312,Services: engineering services,DEB,PH,NL,2015,MIO_EUR,0.4
bop_its6_det,SJ312,Services: engineering services,DEB,PH,NL,2021,MIO_EUR,0.3
bop_its6_det,SJ312,Services: engineering services,DEB,PH,NL,2022,MIO_EUR,1.0
bop_its6_det,SJ312,Services: engineering services,DEB,PH,NL,2024,MIO_EUR,1.8
bop_its6_det,SJ312,Services: engineering services,DEB,PH,PL,2015,MIO_EUR,0.2
bop_its6_det,SJ312,Services: engineering services,DEB,PH,PL,2016,MIO_EUR,0.2
bop_its6_det,SJ312,Services: engineering services,DEB,PH,PL,2017,MIO_EUR,0.0
bop_its6_det,SJ312,Services: engineering services,DEB,PH,PL,2018,MIO_EUR,0.0
bop_its6_det,SJ312,Services: engineering services,DEB,PH,PL,2019,MIO_EUR,0.0
bop_its6_det,SJ312,Services: engineering services,DEB,PH,PL,2020,MIO_EUR,0.0
bop_its6_det,SJ312,Services: engineering services,DEB,PH,PL,2021,MIO_EUR,0.0
bop_its6_det,SJ312,Services: engineering services,DEB,PH,PL,2022,MIO_EUR,0.0
bop_its6_det,SJ312,Services: engineering services,DEB,PH,PL,2023,MIO_EUR,0.2
bop_its6_det,SJ312,Services: engineering services,DEB,PH,PL,2024,MIO_EUR,0.5
bop_its6_det,SJ312,Services: engineering services,DEB,PH,RO,2016,MIO_EUR,0.0
bop_its6_det,SJ312,Services: engineering services,DEB,PH,RO,2017,MIO_EUR,0.0
bop_its6_det,SJ312,Services: engineering services,DEB,PH,SE,2015,MIO_EUR,0.0
bop_its6_det,SJ312,Services: engineering services,DEB,PH,SE,2016,MIO_EUR,0.0
bop_its6_det,SJ312,Services: engineering services,DEB,PH,SE,2017,MIO_EUR,0.1
bop_its6_det,SJ312,Services: engineering services,DEB,PH,SE,2018,MIO_EUR,0.0
bop_its6_det,SJ312,Services: engineering services,DEB,PH,SE,2019,MIO_EUR,0.1
bop_its6_det,SJ312,Services: engineering services,DEB,PH,SE,2020,MIO_EUR,1.9
bop_its6_det,SJ312,Services: engineering services,DEB,PH,SE,2021,MIO_EUR,0.7
bop_its6_det,SJ312,Services: engineering services,DEB,PH,SE,2022,MIO_EUR,0.5
bop_its6_det,SJ312,Services: engineering services,DEB,PH,SE,2023,MIO_EUR,0.9
bop_its6_det,SJ312,Services: engineering services,DEB,PH,SE,2024,MIO_EUR,0.7
bop_its6_det,SJ312,Services: engineering services,CRE,PH,AT,2015,MIO_EUR,2.0
bop_its6_det,SJ312,Services: engineering services,CRE,PH,AT,2016,MIO_EUR,1.0
bop_its6_det,SJ312,Services: engineering services,CRE,PH,AT,2017,MIO_EUR,2.0
bop_its6_det,SJ312,Services: engineering services,CRE,PH,AT,2018,MIO_EUR,1.0
bop_its6_det,SJ312,Services: engineering services,CRE,PH,AT,2019,MIO_EUR,2.0
bop_its6_det,SJ312,Services: engineering services,CRE,PH,AT,2020,MIO_EUR,2.0
bop_its6_det,SJ312,Services: engineering services,CRE,PH,AT,2021,MIO_EUR,5.0
bop_its6_det,SJ312,Services: engineering services,CRE,PH,AT,2022,MIO_EUR,3.0
bop_its6_det,SJ312,Services: engineering services,CRE,PH,AT,2023,MIO_EUR,4.0
bop_its6_det,SJ312,Services: engineering services,CRE,PH,AT,2024,MIO_EUR,1.0
bop_its6_det,SJ312,Services: engineering services,CRE,PH,BE,2017,MIO_EUR,1.0
bop_its6_det,SJ312,Services: engineering services,CRE,PH,BE,2019,MIO_EUR,0.0
bop_its6_det,SJ312,Services: engineering services,CRE,PH,BE,2020,MIO_EUR,0.0
bop_its6_det,SJ312,Services: engineering services,CRE,PH,BE,2023,MIO_EUR,1.0
bop_its6_det,SJ312,Services: engineering services,CRE,PH,BE,2024,MIO_EUR,1.0
bop_its6_det,SJ312,Services: engineering services,CRE,PH,CZ,2015,MIO_EUR,0.1
bop_its6_det,SJ312,Services: engineering services,CRE,PH,CZ,2016,MIO_EUR,0.1
bop_its6_det,SJ312,Services: engineering services,CRE,PH,CZ,2017,MIO_EUR,0.0
bop_its6_det,SJ312,Services: engineering services,CRE,PH,CZ,2018,MIO_EUR,0.0
bop_its6_det,SJ312,Services: engineering services,CRE,PH,CZ,2019,MIO_EUR,0.2
bop_its6_det,SJ312,Services: engineering services,CRE,PH,CZ,2020,MIO_EUR,0.2
bop_its6_det,SJ312,Services: engineering services,CRE,PH,CZ,2021,MIO_EUR,0.1
bop_its6_det,SJ312,Services: engineering services,CRE,PH,CZ,2022,MIO_EUR,0.1
bop_its6_det,SJ312,Services: engineering services,CRE,PH,CZ,2023,MIO_EUR,0.1
bop_its6_det,SJ312,Services: engineering services,CRE,PH,CZ,2024,MIO_EUR,0.2
bop_its6_det,SJ312,Services: engineering services,CRE,PH,DE,2015,MIO_EUR,11.0
bop_its6_det,SJ312,Services: engineering services,CRE,PH,DE,2016,MIO_EUR,12.0
bop_its6_det,SJ312,Services: engineering services,CRE,PH,DE,2018,MIO_EUR,12.0
bop_its6_det,SJ312,Services: engineering services,CRE,PH,DE,2019,MIO_EUR,24.0
bop_its6_det,SJ312,Services: engineering services,CRE,PH,DE,2022,MIO_EUR,18.0
bop_its6_det,SJ312,Services: engineering services,CRE,PH,DE,2023,MIO_EUR,10.0
bop_its6_det,SJ312,Services: engineering services,CRE,PH,DK,2015,MIO_EUR,2.3
bop_its6_det,SJ312,Services: engineering services,CRE,PH,DK,2016,MIO_EUR,4.3
bop_its6_det,SJ312,Services: engineering services,CRE,PH,DK,2017,MIO_EUR,5.5
bop_its6_det,SJ312,Services: engineering services,CRE,PH,DK,2018,MIO_EUR,17.0
bop_its6_det,SJ312,Services: engineering services,CRE,PH,DK,2019,MIO_EUR,3.6
bop_its6_det,SJ312,Services: engineering services,CRE,PH,DK,2020,MIO_EUR,3.5
bop_its6_det,SJ312,Services: engineering services,CRE,PH,DK,2021,MIO_EUR,4.7
bop_its6_det,SJ312,Services: engineering services,CRE,PH,DK,2022,MIO_EUR,6.0
bop_its6_det,SJ312,Services: engineering services,CRE,PH,DK,2023,MIO_EUR,3.9
bop_its6_det,SJ312,Services: engineering services,CRE,PH,DK,2024,MIO_EUR,9.5
bop_its6_det,SJ312,Services: engineering services,CRE,PH,EL,2015,MIO_EUR,0.1
bop_its6_det,SJ312,Services: engineering services,CRE,PH,EL,2016,MIO_EUR,0.1
bop_its6_det,SJ312,Services: engineering services,CRE,PH,EL,2017,MIO_EUR,0.1
bop_its6_det,SJ312,Services: engineering services,CRE,PH,EL,2018,MIO_EUR,0.1
bop_its6_det,SJ312,Services: engineering services,CRE,PH,EL,2019,MIO_EUR,0.1
bop_its6_det,SJ312,Services: engineering services,CRE,PH,EL,2020,MIO_EUR,0.0
bop_its6_det,SJ312,Services: engineering services,CRE,PH,EL,2021,MIO_EUR,0.0
bop_its6_det,SJ312,Services: engineering services,CRE,PH,EL,2022,MIO_EUR,0.0
bop_its6_det,SJ312,Services: engineering services,CRE,PH,EL,2023,MIO_EUR,0.1
bop_its6_det,SJ312,Services: engineering services,CRE,PH,EL,2024,MIO_EUR,0.0
bop_its6_det,SJ312,Services: engineering services,CRE,PH,ES,2016,MIO_EUR,7.0
bop_its6_det,SJ312,Services: engineering services,CRE,PH,ES,2021,MIO_EUR,3.0
bop_its6_det,SJ312,Services: engineering services,CRE,PH,ES,2022,MIO_EUR,1.0
bop_its6_det,SJ312,Services: engineering services,CRE,PH,ES,2023,MIO_EUR,4.0
bop_its6_det,SJ312,Services: engineering services,CRE,PH,ES,2024,MIO_EUR,15.0
bop_its6_det,SJ312,Services: engineering services,CRE,PH,EU27_2020,2015,MIO_EUR,38.6
bop_its6_det,SJ312,Services: engineering services,CRE,PH,EU27_2020,2016,MIO_EUR,38.2
bop_its6_det,SJ312,Services: engineering services,CRE,PH,EU27_2020,2017,MIO_EUR,40.1
bop_its6_det,SJ312,Services: engineering services,CRE,PH,EU27_2020,2018,MIO_EUR,57.0
bop_its6_det,SJ312,Services: engineering services,CRE,PH,EU27_2020,2019,MIO_EUR,48.7
bop_its6_det,SJ312,Services: engineering services,CRE,PH,EU27_2020,2020,MIO_EUR,49.6
bop_its6_det,SJ312,Services: engineering services,CRE,PH,EU27_2020,2021,MIO_EUR,45.4
bop_its6_det,SJ312,Services: engineering services,CRE,PH,EU27_2020,2022,MIO_EUR,90.3
bop_its6_det,SJ312,Services: engineering services,CRE,PH,EU27_2020,2023,MIO_EUR,38.0
bop_its6_det,SJ312,Services: engineering services,CRE,PH,EU27_2020,2024,MIO_EUR,52.6
bop_its6_det,SJ312,Services: engineering services,CRE,PH,FI,2015,MIO_EUR,3.0
bop_its6_det,SJ312,Services: engineering services,CRE,PH,FI,2016,MIO_EUR,7.0
bop_its6_det,SJ312,Services: engineering services,CRE,PH,FI,2017,MIO_EUR,3.0
bop_its6_det,SJ312,Services: engineering services,CRE,PH,FI,2018,MIO_EUR,2.0
bop_its6_det,SJ312,Services: engineering services,CRE,PH,FI,2019,MIO_EUR,0.0
bop_its6_det,SJ312,Services: engineering services,CRE,PH,FI,2020,MIO_EUR,1.0
bop_its6_det,SJ312,Services: engineering services,CRE,PH,FI,2021,MIO_EUR,4.0
bop_its6_det,SJ312,Services: engineering services,CRE,PH,FI,2022,MIO_EUR,3.0
bop_its6_det,SJ312,Services: engineering services,CRE,PH,FI,2023,MIO_EUR,6.0
bop_its6_det,SJ312,Services: engineering services,CRE,PH,FI,2024,MIO_EUR,4.0
bop_its6_det,SJ312,Services: engineering services,CRE,PH,HU,2015,MIO_EUR,0.0
bop_its6_det,SJ312,Services: engineering services,CRE,PH,HU,2016,MIO_EUR,0.0
bop_its6_det,SJ312,Services: engineering services,CRE,PH,HU,2017,MIO_EUR,0.0
bop_its6_det,SJ312,Services: engineering services,CRE,PH,HU,2019,MIO_EUR,0.0
bop_its6_det,SJ312,Services: engineering services,CRE,PH,HU,2021,MIO_EUR,0.3
bop_its6_det,SJ312,Services: engineering services,CRE,PH,HU,2022,MIO_EUR,0.2
bop_its6_det,SJ312,Services: engineering services,CRE,PH,HU,2023,MIO_EUR,0.3
bop_its6_det,SJ312,Services: engineering services,CRE,PH,HU,2024,MIO_EUR,0.4
bop_its6_det,SJ312,Services: engineering services,CRE,PH,IE,2015,MIO_EUR,1.0
bop_its6_det,SJ312,Services: engineering services,CRE,PH,IE,2016,MIO_EUR,1.0
bop_its6_det,SJ312,Services: engineering services,CRE,PH,IE,2017,MIO_EUR,1.0
bop_its6_det,SJ312,Services: engineering services,CRE,PH,IE,2018,MIO_EUR,0.0
bop_its6_det,SJ312,Services: engineering services,CRE,PH,IE,2019,MIO_EUR,0.0
bop_its6_det,SJ312,Services: engineering services,CRE,PH,IE,2020,MIO_EUR,0.0
bop_its6_det,SJ312,Services: engineering services,CRE,PH,IE,2021,MIO_EUR,0.0
bop_its6_det,SJ312,Services: engineering services,CRE,PH,IE,2022,MIO_EUR,0.0
bop_its6_det,SJ312,Services: engineering services,CRE,PH,IE,2023,MIO_EUR,0.0
bop_its6_det,SJ312,Services: engineering services,CRE,PH,IE,2024,MIO_EUR,0.0
bop_its6_det,SJ312,Services: engineering services,CRE,PH,IT,2015,MIO_EUR,0.0
bop_its6_det,SJ312,Services: engineering services,CRE,PH,IT,2016,MIO_EUR,0.1
bop_its6_det,SJ312,Services: engineering services,CRE,PH,IT,2017,MIO_EUR,0.1
bop_its6_det,SJ312,Services: engineering services,CRE,PH,IT,2018,MIO_EUR,0.2
bop_its6_det,SJ312,Services: engineering services,CRE,PH,IT,2019,MIO_EUR,0.0
bop_its6_det,SJ312,Services: engineering services,CRE,PH,IT,2020,MIO_EUR,0.1
bop_its6_det,SJ312,Services: engineering services,CRE,PH,IT,2021,MIO_EUR,0.0
bop_its6_det,SJ312,Services: engineering services,CRE,PH,IT,2022,MIO_EUR,0.1
bop_its6_det,SJ312,Services: engineering services,CRE,PH,IT,2023,MIO_EUR,0.0
bop_its6_det,SJ312,Services: engineering services,CRE,PH,IT,2024,MIO_EUR,0.0
bop_its6_det,SJ312,Services: engineering services,CRE,PH,NL,2015,MIO_EUR,0.3
bop_its6_det,SJ312,Services: engineering services,CRE,PH,NL,2021,MIO_EUR,1.0
bop_its6_det,SJ312,Services: engineering services,CRE,PH,NL,2022,MIO_EUR,9.4
bop_its6_det,SJ312,Services: engineering services,CRE,PH,NL,2023,MIO_EUR,5.2
bop_its6_det,SJ312,Services: engineering services,CRE,PH,NL,2024,MIO_EUR,3.5
bop_its6_det,SJ312,Services: engineering services,CRE,PH,PL,2015,MIO_EUR,0.2
bop_its6_det,SJ312,Services: engineering services,CRE,PH,PL,2016,MIO_EUR,0.2
bop_its6_det,SJ312,Services: engineering services,CRE,PH,PL,2017,MIO_EUR,0.2
bop_its6_det,SJ312,Services: engineering services,CRE,PH,PL,2018,MIO_EUR,0.2
bop_its6_det,SJ312,Services: engineering services,CRE,PH,PL,2019,MIO_EUR,0.0
bop_its6_det,SJ312,Services: engineering services,CRE,PH,PL,2020,MIO_EUR,0.2
bop_its6_det,SJ312,Services: engineering services,CRE,PH,PL,2021,MIO_EUR,0.0
bop_its6_det,SJ312,Services: engineering services,CRE,PH,PL,2022,MIO_EUR,0.4
bop_its6_det,SJ312,Services: engineering services,CRE,PH,PL,2023,MIO_EUR,0.2
bop_its6_det,SJ312,Services: engineering services,CRE,PH,PL,2024,MIO_EUR,0.5
bop_its6_det,SJ312,Services: engineering services,CRE,PH,SE,2015,MIO_EUR,0.9
bop_its6_det,SJ312,Services: engineering services,CRE,PH,SE,2016,MIO_EUR,1.3
bop_its6_det,SJ312,Services: engineering services,CRE,PH,SE,2017,MIO_EUR,0.9
bop_its6_det,SJ312,Services: engineering services,CRE,PH,SE,2018,MIO_EUR,1.1
bop_its6_det,SJ312,Services: engineering services,CRE,PH,SE,2019,MIO_EUR,1.0
bop_its6_det,SJ312,Services: engineering services,CRE,PH,SE,2020,MIO_EUR,0.0
bop_its6_det,SJ312,Services: engineering services,CRE,PH,SE,2021,MIO_EUR,0.2
bop_its6_det,SJ312,Services: engineering services,CRE,PH,SE,2022,MIO_EUR,0.7
bop_its6_det,SJ312,Services: engineering services,CRE,PH,SE,2023,MIO_EUR,1.0
bop_its6_det,SJ312,Services: engineering services,CRE,PH,SE,2024,MIO_EUR,0.3
bop_its6_det,SJ31,"Services: architectural, engineering, scientific, and other technical services",DEB,PH,AT,2015,MIO_EUR,1.0
bop_its6_det,SJ31,"Services: architectural, engineering, scientific, and other technical services",DEB,PH,AT,2016,MIO_EUR,1.0
bop_its6_det,SJ31,"Services: architectural, engineering, scientific, and other technical services",DEB,PH,AT,2017,MIO_EUR,1.0
bop_its6_det,SJ31,"Services: architectural, engineering, scientific, and other technical services",DEB,PH,AT,2018,MIO_EUR,1.0
bop_its6_det,SJ31,"Services: architectural, engineering, scientific, and other technical services",DEB,PH,AT,2019,MIO_EUR,1.0
bop_its6_det,SJ31,"Services: architectural, engineering, scientific, and other technical services",DEB,PH,AT,2020,MIO_EUR,1.0
bop_its6_det,SJ31,"Services: architectural, engineering, scientific, and other technical services",DEB,PH,AT,2021,MIO_EUR,0.0
bop_its6_det,SJ31,"Services: architectural, engineering, scientific, and other technical services",DEB,PH,AT,2022,MIO_EUR,0.0
bop_its6_det,SJ31,"Services: architectural, engineering, scientific, and other technical services",DEB,PH,AT,2023,MIO_EUR,0.0
bop_its6_det,SJ31,"Services: architectural, engineering, scientific, and other technical services",DEB,PH,AT,2024,MIO_EUR,0.0
bop_its6_det,SJ31,"Services: architectural, engineering, scientific, and other technical services",DEB,PH,BE,2017,MIO_EUR,0.0
bop_its6_det,SJ31,"Services: architectural, engineering, scientific, and other technical services",DEB,PH,BE,2018,MIO_EUR,1.0
bop_its6_det,SJ31,"Services: architectural, engineering, scientific, and other technical services",DEB,PH,BE,2019,MIO_EUR,1.0
bop_its6_det,SJ31,"Services: architectural, engineering, scientific, and other technical services",DEB,PH,BE,2021,MIO_EUR,1.0
bop_its6_det,SJ31,"Services: architectural, engineering, scientific, and other technical services",DEB,PH,BE,2022,MIO_EUR,1.0
bop_its6_det,SJ31,"Services: architectural, engineering, scientific, and other technical services",DEB,PH,BE,2023,MIO_EUR,1.0
bop_its6_det,SJ31,"Services: architectural, engineering, scientific, and other technical services",DEB,PH,BE,2024,MIO_EUR,0.0
bop_its6_det,SJ31,"Services: architectural, engineering, scientific, and other technical services",DEB,PH,CZ,2015,MIO_EUR,0.0
bop_its6_det,SJ31,"Services: architectural, engineering, scientific, and other technical services",DEB,PH,CZ,2016,MIO_EUR,0.0
bop_its6_det,SJ31,"Services: architectural, engineering, scientific, and other technical services",DEB,PH,CZ,2017,MIO_EUR,0.0
bop_its6_det,SJ31,"Services: architectural, engineering, scientific, and other technical services",DEB,PH,CZ,2018,MIO_EUR,0.0
bop_its6_det,SJ31,"Services: architectural, engineering, scientific, and other technical services",DEB,PH,CZ,2019,MIO_EUR,0.0
bop_its6_det,SJ31,"Services: architectural, engineering, scientific, and other technical services",DEB,PH,CZ,2020,MIO_EUR,0.1
bop_its6_det,SJ31,"Services: architectural, engineering, scientific, and other technical services",DEB,PH,CZ,2021,MIO_EUR,0.2
bop_its6_det,SJ31,"Services: architectural, engineering, scientific, and other technical services",DEB,PH,CZ,2022,MIO_EUR,0.1
bop_its6_det,SJ31,"Services: architectural, engineering, scientific, and other technical services",DEB,PH,CZ,2023,MIO_EUR,0.0
bop_its6_det,SJ31,"Services: architectural, engineering, scientific, and other technical services",DEB,PH,CZ,2024,MIO_EUR,0.0
bop_its6_det,SJ31,"Services: architectural, engineering, scientific, and other technical services",DEB,PH,DE,2023,MIO_EUR,6.0
bop_its6_det,SJ31,"Services: architectural, engineering, scientific, and other technical services",DEB,PH,DK,2015,MIO_EUR,1.3
bop_its6_det,SJ31,"Services: architectural, engineering, scientific, and other technical services",DEB,PH,DK,2016,MIO_EUR,0.7
bop_its6_det,SJ31,"Services: architectural, engineering, scientific, and other technical services",DEB,PH,DK,2017,MIO_EUR,1.9
bop_its6_det,SJ31,"Services: architectural, engineering, scientific, and other technical services",DEB,PH,DK,2018,MIO_EUR,1.3
bop_its6_det,SJ31,"Services: architectural, engineering, scientific, and other technical services",DEB,PH,DK,2019,MIO_EUR,2.3
bop_its6_det,SJ31,"Services: architectural, engineering, scientific, and other technical services",DEB,PH,DK,2020,MIO_EUR,0.5
bop_its6_det,SJ31,"Services: architectural, engineering, scientific, and other technical services",DEB,PH,DK,2021,MIO_EUR,4.8
bop_its6_det,SJ31,"Services: architectural, engineering, scientific, and other technical services",DEB,PH,DK,2022,MIO_EUR,3.5
bop_its6_det,SJ31,"Services: architectural, engineering, scientific, and other technical services",DEB,PH,DK,2023,MIO_EUR,3.5
bop_its6_det,SJ31,"Services: architectural, engineering, scientific, and other technical services",DEB,PH,DK,2024,MIO_EUR,8.0
bop_its6_det,SJ31,"Services: architectural, engineering, scientific, and other technical services",DEB,PH,EL,2015,MIO_EUR,0.1
bop_its6_det,SJ31,"Services: architectural, engineering, scientific, and other technical services",DEB,PH,EL,2016,MIO_EUR,0.1
bop_its6_det,SJ31,"Services: architectural, engineering, scientific, and other technical services",DEB,PH,EL,2017,MIO_EUR,0.0
bop_its6_det,SJ31,"Services: architectural, engineering, scientific, and other technical services",DEB,PH,EL,2018,MIO_EUR,0.0
bop_its6_det,SJ31,"Services: architectural, engineering, scientific, and other technical services",DEB,PH,EL,2019,MIO_EUR,0.1
bop_its6_det,SJ31,"Services: architectural, engineering, scientific, and other technical services",DEB,PH,EL,2020,MIO_EUR,0.0
bop_its6_det,SJ31,"Services: architectural, engineering, scientific, and other technical services",DEB,PH,EL,2021,MIO_EUR,0.0
bop_its6_det,SJ31,"Services: architectural, engineering, scientific, and other technical services",DEB,PH,EL,2022,MIO_EUR,0.1
bop_its6_det,SJ31,"Services: architectural, engineering, scientific, and other technical services",DEB,PH,EL,2023,MIO_EUR,0.0
bop_its6_det,SJ31,"Services: architectural, engineering, scientific, and other technical services",DEB,PH,EL,2024,MIO_EUR,0.0
bop_its6_det,SJ31,"Services: architectural, engineering, scientific, and other technical services",DEB,PH,ES,2017,MIO_EUR,1.0
bop_its6_det,SJ31,"Services: architectural, engineering, scientific, and other technical services",DEB,PH,ES,2018,MIO_EUR,1.0
bop_its6_det,SJ31,"Services: architectural, engineering, scientific, and other technical services",DEB,PH,ES,2020,MIO_EUR,0.0
bop_its6_det,SJ31,"Services: architectural, engineering, scientific, and other technical services",DEB,PH,ES,2021,MIO_EUR,1.0
bop_its6_det,SJ31,"Services: architectural, engineering, scientific, and other technical services",DEB,PH,EU27_2020,2015,MIO_EUR,13.4
bop_its6_det,SJ31,"Services: architectural, engineering, scientific, and other technical services",DEB,PH,EU27_2020,2016,MIO_EUR,37.9
bop_its6_det,SJ31,"Services: architectural, engineering, scientific, and other technical services",DEB,PH,EU27_2020,2017,MIO_EUR,24.4
bop_its6_det,SJ31,"Services: architectural, engineering, scientific, and other technical services",DEB,PH,EU27_2020,2018,MIO_EUR,25.3
bop_its6_det,SJ31,"Services: architectural, engineering, scientific, and other technical services",DEB,PH,EU27_2020,2019,MIO_EUR,38.9
bop_its6_det,SJ31,"Services: architectural, engineering, scientific, and other technical services",DEB,PH,EU27_2020,2020,MIO_EUR,40.0
bop_its6_det,SJ31,"Services: architectural, engineering, scientific, and other technical services",DEB,PH,EU27_2020,2021,MIO_EUR,26.5
bop_its6_det,SJ31,"Services: architectural, engineering, scientific, and other technical services",DEB,PH,EU27_2020,2022,MIO_EUR,31.4
bop_its6_det,SJ31,"Services: architectural, engineering, scientific, and other technical services",DEB,PH,EU27_2020,2023,MIO_EUR,29.5
bop_its6_det,SJ31,"Services: architectural, engineering, scientific, and other technical services",DEB,PH,EU27_2020,2024,MIO_EUR,32.3
bop_its6_det,SJ31,"Services: architectural, engineering, scientific, and other technical services",DEB,PH,FI,2015,MIO_EUR,0.0
bop_its6_det,SJ31,"Services: architectural, engineering, scientific, and other technical services",DEB,PH,FI,2016,MIO_EUR,0.0
bop_its6_det,SJ31,"Services: architectural, engineering, scientific, and other technical services",DEB,PH,FI,2017,MIO_EUR,2.0
bop_its6_det,SJ31,"Services: architectural, engineering, scientific, and other technical services",DEB,PH,FI,2018,MIO_EUR,0.0
bop_its6_det,SJ31,"Services: architectural, engineering, scientific, and other technical services",DEB,PH,FI,2019,MIO_EUR,0.0
bop_its6_det,SJ31,"Services: architectural, engineering, scientific, and other technical services",DEB,PH,FI,2020,MIO_EUR,0.0
bop_its6_det,SJ31,"Services: architectural, engineering, scientific, and other technical services",DEB,PH,FI,2021,MIO_EUR,0.0
bop_its6_det,SJ31,"Services: architectural, engineering, scientific, and other technical services",DEB,PH,FI,2022,MIO_EUR,0.0
bop_its6_det,SJ31,"Services: architectural, engineering, scientific, and other technical services",DEB,PH,FI,2023,MIO_EUR,0.0
bop_its6_det,SJ31,"Services: architectural, engineering, scientific, and other technical services",DEB,PH,FI,2024,MIO_EUR,0.0
bop_its6_det,SJ31,"Services: architectural, engineering, scientific, and other technical services",DEB,PH,HU,2024,MIO_EUR,0.0
bop_its6_det,SJ31,"Services: architectural, engineering, scientific, and other technical services",DEB,PH,IE,2015,MIO_EUR,0.0
bop_its6_det,SJ31,"Services: architectural, engineering, scientific, and other technical services",DEB,PH,IE,2016,MIO_EUR,0.0
bop_its6_det,SJ31,"Services: architectural, engineering, scientific, and other technical services",DEB,PH,IE,2017,MIO_EUR,0.0
bop_its6_det,SJ31,"Services: architectural, engineering, scientific, and other technical services",DEB,PH,IE,2022,MIO_EUR,0.0
bop_its6_det,SJ31,"Services: architectural, engineering, scientific, and other technical services",DEB,PH,IT,2015,MIO_EUR,0.0
bop_its6_det,SJ31,"Services: architectural, engineering, scientific, and other technical services",DEB,PH,IT,2016,MIO_EUR,11.4
bop_its6_det,SJ31,"Services: architectural, engineering, scientific, and other technical services",DEB,PH,IT,2017,MIO_EUR,1.1
bop_its6_det,SJ31,"Services: architectural, engineering, scientific, and other technical services",DEB,PH,IT,2018,MIO_EUR,2.5
bop_its6_det,SJ31,"Services: architectural, engineering, scientific, and other technical services",DEB,PH,IT,2019,MIO_EUR,4.9
bop_its6_det,SJ31,"Services: architectural, engineering, scientific, and other technical services",DEB,PH,IT,2020,MIO_EUR,8.0
bop_its6_det,SJ31,"Services: architectural, engineering, scientific, and other technical services",DEB,PH,IT,2021,MIO_EUR,0.8
bop_its6_det,SJ31,"Services: architectural, engineering, scientific, and other technical services",DEB,PH,IT,2022,MIO_EUR,6.8
bop_its6_det,SJ31,"Services: architectural, engineering, scientific, and other technical services",DEB,PH,IT,2023,MIO_EUR,4.4
bop_its6_det,SJ31,"Services: architectural, engineering, scientific, and other technical services",DEB,PH,IT,2024,MIO_EUR,1.7
bop_its6_det,SJ31,"Services: architectural, engineering, scientific, and other technical services",DEB,PH,NL,2021,MIO_EUR,3.8
bop_its6_det,SJ31,"Services: architectural, engineering, scientific, and other technical services",DEB,PH,PL,2015,MIO_EUR,0.2
bop_its6_det,SJ31,"Services: architectural, engineering, scientific, and other technical services",DEB,PH,PL,2016,MIO_EUR,0.2
bop_its6_det,SJ31,"Services: architectural, engineering, scientific, and other technical services",DEB,PH,PL,2017,MIO_EUR,0.2
bop_its6_det,SJ31,"Services: architectural, engineering, scientific, and other technical services",DEB,PH,PL,2018,MIO_EUR,0.0
bop_its6_det,SJ31,"Services: architectural, engineering, scientific, and other technical services",DEB,PH,PL,2019,MIO_EUR,0.0
bop_its6_det,SJ31,"Services: architectural, engineering, scientific, and other technical services",DEB,PH,PL,2020,MIO_EUR,0.0
bop_its6_det,SJ31,"Services: architectural, engineering, scientific, and other technical services",DEB,PH,PL,2021,MIO_EUR,0.0
bop_its6_det,SJ31,"Services: architectural, engineering, scientific, and other technical services",DEB,PH,PL,2022,MIO_EUR,0.0
bop_its6_det,SJ31,"Services: architectural, engineering, scientific, and other technical services",DEB,PH,PL,2023,MIO_EUR,0.2
bop_its6_det,SJ31,"Services: architectural, engineering, scientific, and other technical services",DEB,PH,PL,2024,MIO_EUR,0.5
bop_its6_det,SJ31,"Services: architectural, engineering, scientific, and other technical services",DEB,PH,PT,2015,MIO_EUR,0.0
bop_its6_det,SJ31,"Services: architectural, engineering, scientific, and other technical services",DEB,PH,PT,2016,MIO_EUR,0.0
bop_its6_det,SJ31,"Services: architectural, engineering, scientific, and other technical services",DEB,PH,PT,2017,MIO_EUR,0.0
bop_its6_det,SJ31,"Services: architectural, engineering, scientific, and other technical services",DEB,PH,PT,2018,MIO_EUR,0.0
bop_its6_det,SJ31,"Services: architectural, engineering, scientific, and other technical services",DEB,PH,PT,2019,MIO_EUR,0.0
bop_its6_det,SJ31,"Services: architectural, engineering, scientific, and other technical services",DEB,PH,PT,2020,MIO_EUR,0.0
bop_its6_det,SJ31,"Services: architectural, engineering, scientific, and other technical services",DEB,PH,PT,2021,MIO_EUR,0.0
bop_its6_det,SJ31,"Services: architectural, engineering, scientific, and other technical services",DEB,PH,PT,2022,MIO_EUR,0.0
bop_its6_det,SJ31,"Services: architectural, engineering, scientific, and other technical services",DEB,PH,PT,2023,MIO_EUR,1.0
bop_its6_det,SJ31,"Services: architectural, engineering, scientific, and other technical services",DEB,PH,PT,2024,MIO_EUR,0.0
bop_its6_det,SJ31,"Services: architectural, engineering, scientific, and other technical services",DEB,PH,RO,2018,MIO_EUR,0.0
bop_its6_det,SJ31,"Services: architectural, engineering, scientific, and other technical services",DEB,PH,RO,2022,MIO_EUR,0.2
bop_its6_det,SJ31,"Services: architectural, engineering, scientific, and other technical services",DEB,PH,RO,2023,MIO_EUR,0.0
bop_its6_det,SJ31,"Services: architectural, engineering, scientific, and other technical services",DEB,PH,RO,2024,MIO_EUR,0.0
bop_its6_det,SJ31,"Services: architectural, engineering, scientific, and other technical services",DEB,PH,SE,2015,MIO_EUR,0.0
bop_its6_det,SJ31,"Services: architectural, engineering, scientific, and other technical services",DEB,PH,SE,2016,MIO_EUR,0.0
bop_its6_det,SJ31,"Services: architectural, engineering, scientific, and other technical services",DEB,PH,SE,2017,MIO_EUR,0.1
bop_its6_det,SJ31,"Services: architectural, engineering, scientific, and other technical services",DEB,PH,SE,2018,MIO_EUR,0.0
bop_its6_det,SJ31,"Services: architectural, engineering, scientific, and other technical services",DEB,PH,SE,2019,MIO_EUR,0.1
bop_its6_det,SJ31,"Services: architectural, engineering, scientific, and other technical services",DEB,PH,SE,2020,MIO_EUR,1.9
bop_its6_det,SJ31,"Services: architectural, engineering, scientific, and other technical services",DEB,PH,SE,2021,MIO_EUR,0.7
bop_its6_det,SJ31,"Services: architectural, engineering, scientific, and other technical services",DEB,PH,SE,2022,MIO_EUR,0.5
bop_its6_det,SJ31,"Services: architectural, engineering, scientific, and other technical services",DEB,PH,SE,2023,MIO_EUR,1.0
bop_its6_det,SJ31,"Services: architectural, engineering, scientific, and other technical services",DEB,PH,SE,2024,MIO_EUR,0.8
bop_its6_det,SJ31,"Services: architectural, engineering, scientific, and other technical services",DEB,PH,UK,2016,MIO_EUR,0.0
bop_its6_det,SJ31,"Services: architectural, engineering, scientific, and other technical services",DEB,PH,UK,2017,MIO_EUR,0.0
bop_its6_det,SJ31,"Services: architectural, engineering, scientific, and other technical services",DEB,PH,UK,2018,MIO_EUR,2.3
bop_its6_det,SJ31,"Services: architectural, engineering, scientific, and other technical services",DEB,PH,UK,2019,MIO_EUR,0.0
bop_its6_det,SJ31,"Services: architectural, engineering, scientific, and other technical services",CRE,PH,AT,2015,MIO_EUR,2.0
bop_its6_det,SJ31,"Services: architectural, engineering, scientific, and other technical services",CRE,PH,AT,2016,MIO_EUR,1.0
bop_its6_det,SJ31,"Services: architectural, engineering, scientific, and other technical services",CRE,PH,AT,2017,MIO_EUR,2.0
bop_its6_det,SJ31,"Services: architectural, engineering, scientific, and other technical services",CRE,PH,AT,2018,MIO_EUR,1.0
bop_its6_det,SJ31,"Services: architectural, engineering, scientific, and other technical services",CRE,PH,AT,2019,MIO_EUR,2.0
bop_its6_det,SJ31,"Services: architectural, engineering, scientific, and other technical services",CRE,PH,AT,2020,MIO_EUR,2.0
bop_its6_det,SJ31,"Services: architectural, engineering, scientific, and other technical services",CRE,PH,AT,2021,MIO_EUR,5.0
bop_its6_det,SJ31,"Services: architectural, engineering, scientific, and other technical services",CRE,PH,AT,2022,MIO_EUR,3.0
bop_its6_det,SJ31,"Services: architectural, engineering, scientific, and other technical services",CRE,PH,AT,2023,MIO_EUR,4.0
bop_its6_det,SJ31,"Services: architectural, engineering, scientific, and other technical services",CRE,PH,AT,2024,MIO_EUR,1.0
bop_its6_det,SJ31,"Services: architectural, engineering, scientific, and other technical services",CRE,PH,BE,2015,MIO_EUR,2.0
bop_its6_det,SJ31,"Services: architectural, engineering, scientific, and other technical services",CRE,PH,BE,2016,MIO_EUR,1.0
bop_its6_det,SJ31,"Services: architectural, engineering, scientific, and other technical services",CRE,PH,BE,2017,MIO_EUR,1.0
bop_its6_det,SJ31,"Services: architectural, engineering, scientific, and other technical services",CRE,PH,BE,2018,MIO_EUR,3.0
bop_its6_det,SJ31,"Services: architectural, engineering, scientific, and other technical services",CRE,PH,BE,2020,MIO_EUR,1.0
bop_its6_det,SJ31,"Services: architectural, engineering, scientific, and other technical services",CRE,PH,BE,2021,MIO_EUR,0.0
bop_its6_det,SJ31,"Services: architectural, engineering, scientific, and other technical services",CRE,PH,BE,2022,MIO_EUR,6.0
bop_its6_det,SJ31,"Services: architectural, engineering, scientific, and other technical services",CRE,PH,CZ,2015,MIO_EUR,0.1
bop_its6_det,SJ31,"Services: architectural, engineering, scientific, and other technical services",CRE,PH,CZ,2016,MIO_EUR,0.1
bop_its6_det,SJ31,"Services: architectural, engineering, scientific, and other technical services",CRE,PH,CZ,2017,MIO_EUR,0.0
bop_its6_det,SJ31,"Services: architectural, engineering, scientific, and other technical services",CRE,PH,CZ,2018,MIO_EUR,0.0
bop_its6_det,SJ31,"Services: architectural, engineering, scientific, and other technical services",CRE,PH,CZ,2019,MIO_EUR,0.2
bop_its6_det,SJ31,"Services: architectural, engineering, scientific, and other technical services",CRE,PH,CZ,2020,MIO_EUR,0.3
bop_its6_det,SJ31,"Services: architectural, engineering, scientific, and other technical services",CRE,PH,CZ,2021,MIO_EUR,0.1
bop_its6_det,SJ31,"Services: architectural, engineering, scientific, and other technical services",CRE,PH,CZ,2022,MIO_EUR,0.1
bop_its6_det,SJ31,"Services: architectural, engineering, scientific, and other technical services",CRE,PH,CZ,2023,MIO_EUR,0.1
bop_its6_det,SJ31,"Services: architectural, engineering, scientific, and other technical services",CRE,PH,CZ,2024,MIO_EUR,0.2
bop_its6_det,SJ31,"Services: architectural, engineering, scientific, and other technical services",CRE,PH,DE,2015,MIO_EUR,15.0
bop_its6_det,SJ31,"Services: architectural, engineering, scientific, and other technical services",CRE,PH,DE,2016,MIO_EUR,20.0
bop_its6_det,SJ31,"Services: architectural, engineering, scientific, and other technical services",CRE,PH,DE,2017,MIO_EUR,20.0
bop_its6_det,SJ31,"Services: architectural, engineering, scientific, and other technical services",CRE,PH,DE,2019,MIO_EUR,28.0
bop_its6_det,SJ31,"Services: architectural, engineering, scientific, and other technical services",CRE,PH,DE,2021,MIO_EUR,13.0
bop_its6_det,SJ31,"Services: architectural, engineering, scientific, and other technical services",CRE,PH,DK,2015,MIO_EUR,2.3
bop_its6_det,SJ31,"Services: architectural, engineering, scientific, and other technical services",CRE,PH,DK,2016,MIO_EUR,4.4
bop_its6_det,SJ31,"Services: architectural, engineering, scientific, and other technical services",CRE,PH,DK,2017,MIO_EUR,5.5
bop_its6_det,SJ31,"Services: architectural, engineering, scientific, and other technical services",CRE,PH,DK,2018,MIO_EUR,17.0
bop_its6_det,SJ31,"Services: architectural, engineering, scientific, and other technical services",CRE,PH,DK,2019,MIO_EUR,3.9
bop_its6_det,SJ31,"Services: architectural, engineering, scientific, and other technical services",CRE,PH,DK,2020,MIO_EUR,4.2
bop_its6_det,SJ31,"Services: architectural, engineering, scientific, and other technical services",CRE,PH,DK,2021,MIO_EUR,4.8
bop_its6_det,SJ31,"Services: architectural, engineering, scientific, and other technical services",CRE,PH,DK,2022,MIO_EUR,6.3
bop_its6_det,SJ31,"Services: architectural, engineering, scientific, and other technical services",CRE,PH,DK,2023,MIO_EUR,4.7
bop_its6_det,SJ31,"Services: architectural, engineering, scientific, and other technical services",CRE,PH,DK,2024,MIO_EUR,10.3
bop_its6_det,SJ31,"Services: architectural, engineering, scientific, and other technical services",CRE,PH,EL,2015,MIO_EUR,0.3
bop_its6_det,SJ31,"Services: architectural, engineering, scientific, and other technical services",CRE,PH,EL,2016,MIO_EUR,0.3
bop_its6_det,SJ31,"Services: architectural, engineering, scientific, and other technical services",CRE,PH,EL,2017,MIO_EUR,0.3
bop_its6_det,SJ31,"Services: architectural, engineering, scientific, and other technical services",CRE,PH,EL,2018,MIO_EUR,0.3
bop_its6_det,SJ31,"Services: architectural, engineering, scientific, and other technical services",CRE,PH,EL,2019,MIO_EUR,0.3
bop_its6_det,SJ31,"Services: architectural, engineering, scientific, and other technical services",CRE,PH,EL,2020,MIO_EUR,0.2
bop_its6_det,SJ31,"Services: architectural, engineering, scientific, and other technical services",CRE,PH,EL,2021,MIO_EUR,0.1
bop_its6_det,SJ31,"Services: architectural, engineering, scientific, and other technical services",CRE,PH,EL,2022,MIO_EUR,0.0
bop_its6_det,SJ31,"Services: architectural, engineering, scientific, and other technical services",CRE,PH,EL,2023,MIO_EUR,0.5
bop_its6_det,SJ31,"Services: architectural, engineering, scientific, and other technical services",CRE,PH,EL,2024,MIO_EUR,0.0
bop_its6_det,SJ31,"Services: architectural, engineering, scientific, and other technical services",CRE,PH,ES,2015,MIO_EUR,7.0
bop_its6_det,SJ31,"Services: architectural, engineering, scientific, and other technical services",CRE,PH,ES,2016,MIO_EUR,7.0
bop_its6_det,SJ31,"Services: architectural, engineering, scientific, and other technical services",CRE,PH,ES,2017,MIO_EUR,6.0
bop_its6_det,SJ31,"Services: architectural, engineering, scientific, and other technical services",CRE,PH,ES,2018,MIO_EUR,11.0
bop_its6_det,SJ31,"Services: architectural, engineering, scientific, and other technical services",CRE,PH,ES,2019,MIO_EUR,5.0
bop_its6_det,SJ31,"Services: architectural, engineering, scientific, and other technical services",CRE,PH,ES,2020,MIO_EUR,2.0
bop_its6_det,SJ31,"Services: architectural, engineering, scientific, and other technical services",CRE,PH,ES,2021,MIO_EUR,3.0
bop_its6_det,SJ31,"Services: architectural, engineering, scientific, and other technical services",CRE,PH,ES,2022,MIO_EUR,1.0
bop_its6_det,SJ31,"Services: architectural, engineering, scientific, and other technical services",CRE,PH,ES,2023,MIO_EUR,4.0
bop_its6_det,SJ31,"Services: architectural, engineering, scientific, and other technical services",CRE,PH,ES,2024,MIO_EUR,15.0
bop_its6_det,SJ31,"Services: architectural, engineering, scientific, and other technical services",CRE,PH,EU27_2020,2015,MIO_EUR,92.0
bop_its6_det,SJ31,"Services: architectural, engineering, scientific, and other technical services",CRE,PH,EU27_2020,2016,MIO_EUR,50.6
bop_its6_det,SJ31,"Services: architectural, engineering, scientific, and other technical services",CRE,PH,EU27_2020,2017,MIO_EUR,52.6
bop_its6_det,SJ31,"Services: architectural, engineering, scientific, and other technical services",CRE,PH,EU27_2020,2018,MIO_EUR,72.6
bop_its6_det,SJ31,"Services: architectural, engineering, scientific, and other technical services",CRE,PH,EU27_2020,2019,MIO_EUR,58.7
bop_its6_det,SJ31,"Services: architectural, engineering, scientific, and other technical services",CRE,PH,EU27_2020,2020,MIO_EUR,61.2
bop_its6_det,SJ31,"Services: architectural, engineering, scientific, and other technical services",CRE,PH,EU27_2020,2021,MIO_EUR,53.2
bop_its6_det,SJ31,"Services: architectural, engineering, scientific, and other technical services",CRE,PH,EU27_2020,2022,MIO_EUR,97.3
bop_its6_det,SJ31,"Services: architectural, engineering, scientific, and other technical services",CRE,PH,EU27_2020,2023,MIO_EUR,44.1
bop_its6_det,SJ31,"Services: architectural, engineering, scientific, and other technical services",CRE,PH,EU27_2020,2024,MIO_EUR,58.7
bop_its6_det,SJ31,"Services: architectural, engineering, scientific, and other technical services",CRE,PH,FI,2015,MIO_EUR,3.0
bop_its6_det,SJ31,"Services: architectural, engineering, scientific, and other technical services",CRE,PH,FI,2016,MIO_EUR,7.0
bop_its6_det,SJ31,"Services: architectural, engineering, scientific, and other technical services",CRE,PH,FI,2017,MIO_EUR,4.0
bop_its6_det,SJ31,"Services: architectural, engineering, scientific, and other technical services",CRE,PH,FI,2018,MIO_EUR,2.0
bop_its6_det,SJ31,"Services: architectural, engineering, scientific, and other technical services",CRE,PH,FI,2019,MIO_EUR,0.0
bop_its6_det,SJ31,"Services: architectural, engineering, scientific, and other technical services",CRE,PH,FI,2020,MIO_EUR,1.0
bop_its6_det,SJ31,"Services: architectural, engineering, scientific, and other technical services",CRE,PH,FI,2021,MIO_EUR,4.0
bop_its6_det,SJ31,"Services: architectural, engineering, scientific, and other technical services",CRE,PH,FI,2022,MIO_EUR,3.0
bop_its6_det,SJ31,"Services: architectural, engineering, scientific, and other technical services",CRE,PH,FI,2023,MIO_EUR,6.0
bop_its6_det,SJ31,"Services: architectural, engineering, scientific, and other technical services",CRE,PH,FI,2024,MIO_EUR,4.0
bop_its6_det,SJ31,"Services: architectural, engineering, scientific, and other technical services",CRE,PH,HU,2019,MIO_EUR,0.0
bop_its6_det,SJ31,"Services: architectural, engineering, scientific, and other technical services",CRE,PH,HU,2022,MIO_EUR,0.2
bop_its6_det,SJ31,"Services: architectural, engineering, scientific, and other technical services",CRE,PH,HU,2023,MIO_EUR,0.3
bop_its6_det,SJ31,"Services: architectural, engineering, scientific, and other technical services",CRE,PH,HU,2024,MIO_EUR,0.4
bop_its6_det,SJ31,"Services: architectural, engineering, scientific, and other technical services",CRE,PH,IE,2015,MIO_EUR,1.0
bop_its6_det,SJ31,"Services: architectural, engineering, scientific, and other technical services",CRE,PH,IE,2018,MIO_EUR,0.0
bop_its6_det,SJ31,"Services: architectural, engineering, scientific, and other technical services",CRE,PH,IE,2020,MIO_EUR,0.0
bop_its6_det,SJ31,"Services: architectural, engineering, scientific, and other technical services",CRE,PH,IE,2021,MIO_EUR,0.0
bop_its6_det,SJ31,"Services: architectural, engineering, scientific, and other technical services",CRE,PH,IE,2022,MIO_EUR,0.0
bop_its6_det,SJ31,"Services: architectural, engineering, scientific, and other technical services",CRE,PH,IE,2023,MIO_EUR,0.0
bop_its6_det,SJ31,"Services: architectural, engineering, scientific, and other technical services",CRE,PH,IE,2024,MIO_EUR,0.0
bop_its6_det,SJ31,"Services: architectural, engineering, scientific, and other technical services",CRE,PH,IT,2015,MIO_EUR,0.0
bop_its6_det,SJ31,"Services: architectural, engineering, scientific, and other technical services",CRE,PH,IT,2016,MIO_EUR,0.2
bop_its6_det,SJ31,"Services: architectural, engineering, scientific, and other technical services",CRE,PH,IT,2017,MIO_EUR,0.2
bop_its6_det,SJ31,"Services: architectural, engineering, scientific, and other technical services",CRE,PH,IT,2018,MIO_EUR,0.3
bop_its6_det,SJ31,"Services: architectural, engineering, scientific, and other technical services",CRE,PH,IT,2019,MIO_EUR,0.5
bop_its6_det,SJ31,"Services: architectural, engineering, scientific, and other technical services",CRE,PH,IT,2020,MIO_EUR,1.5
bop_its6_det,SJ31,"Services: architectural, engineering, scientific, and other technical services",CRE,PH,IT,2021,MIO_EUR,0.9
bop_its6_det,SJ31,"Services: architectural, engineering, scientific, and other technical services",CRE,PH,IT,2022,MIO_EUR,0.1
bop_its6_det,SJ31,"Services: architectural, engineering, scientific, and other technical services",CRE,PH,IT,2023,MIO_EUR,0.0
bop_its6_det,SJ31,"Services: architectural, engineering, scientific, and other technical services",CRE,PH,IT,2024,MIO_EUR,0.0
bop_its6_det,SJ31,"Services: architectural, engineering, scientific, and other technical services",CRE,PH,NL,2021,MIO_EUR,2.1
bop_its6_det,SJ31,"Services: architectural, engineering, scientific, and other technical services",CRE,PH,PL,2015,MIO_EUR,0.2
bop_its6_det,SJ31,"Services: architectural, engineering, scientific, and other technical services",CRE,PH,PL,2016,MIO_EUR,0.2
bop_its6_det,SJ31,"Services: architectural, engineering, scientific, and other technical services",CRE,PH,PL,2017,MIO_EUR,0.2
bop_its6_det,SJ31,"Services: architectural, engineering, scientific, and other technical services",CRE,PH,PL,2018,MIO_EUR,0.2
bop_its6_det,SJ31,"Services: architectural, engineering, scientific, and other technical services",CRE,PH,PL,2019,MIO_EUR,0.0
bop_its6_det,SJ31,"Services: architectural, engineering, scientific, and other technical services",CRE,PH,PL,2020,MIO_EUR,0.2
bop_its6_det,SJ31,"Services: architectural, engineering, scientific, and other technical services",CRE,PH,PL,2021,MIO_EUR,0.0
bop_its6_det,SJ31,"Services: architectural, engineering, scientific, and other technical services",CRE,PH,PL,2022,MIO_EUR,0.4
bop_its6_det,SJ31,"Services: architectural, engineering, scientific, and other technical services",CRE,PH,PL,2023,MIO_EUR,0.2
bop_its6_det,SJ31,"Services: architectural, engineering, scientific, and other technical services",CRE,PH,PL,2024,MIO_EUR,0.5
bop_its6_det,SJ31,"Services: architectural, engineering, scientific, and other technical services",CRE,PH,RO,2015,MIO_EUR,0.4
bop_its6_det,SJ31,"Services: architectural, engineering, scientific, and other technical services",CRE,PH,RO,2016,MIO_EUR,0.9
bop_its6_det,SJ31,"Services: architectural, engineering, scientific, and other technical services",CRE,PH,RO,2018,MIO_EUR,0.0
bop_its6_det,SJ31,"Services: architectural, engineering, scientific, and other technical services",CRE,PH,RO,2022,MIO_EUR,0.8
bop_its6_det,SJ31,"Services: architectural, engineering, scientific, and other technical services",CRE,PH,RO,2023,MIO_EUR,0.8
bop_its6_det,SJ31,"Services: architectural, engineering, scientific, and other technical services",CRE,PH,RO,2024,MIO_EUR,1.6
bop_its6_det,SJ31,"Services: architectural, engineering, scientific, and other technical services",CRE,PH,SE,2015,MIO_EUR,0.9
bop_its6_det,SJ31,"Services: architectural, engineering, scientific, and other technical services",CRE,PH,SE,2016,MIO_EUR,1.3
bop_its6_det,SJ31,"Services: architectural, engineering, scientific, and other technical services",CRE,PH,SE,2017,MIO_EUR,0.9
bop_its6_det,SJ31,"Services: architectural, engineering, scientific, and other technical services",CRE,PH,SE,2018,MIO_EUR,1.1
bop_its6_det,SJ31,"Services: architectural, engineering, scientific, and other technical services",CRE,PH,SE,2019,MIO_EUR,1.0
bop_its6_det,SJ31,"Services: architectural, engineering, scientific, and other technical services",CRE,PH,SE,2020,MIO_EUR,0.1
bop_its6_det,SJ31,"Services: architectural, engineering, scientific, and other technical services",CRE,PH,SE,2021,MIO_EUR,0.5
bop_its6_det,SJ31,"Services: architectural, engineering, scientific, and other technical services",CRE,PH,SE,2022,MIO_EUR,0.8
bop_its6_det,SJ31,"Services: architectural, engineering, scientific, and other technical services",CRE,PH,SE,2023,MIO_EUR,1.0
bop_its6_det,SJ31,"Services: architectural, engineering, scientific, and other technical services",CRE,PH,SE,2024,MIO_EUR,0.4
bop_its6_det,SJ31,"Services: architectural, engineering, scientific, and other technical services",CRE,PH,UK,2016,MIO_EUR,14.6
bop_its6_det,SJ31,"Services: architectural, engineering, scientific, and other technical services",CRE,PH,UK,2017,MIO_EUR,12.5
bop_its6_det,SJ311,Services: architectural services,DEB,PH,AT,2015,MIO_EUR,0.0
bop_its6_det,SJ311,Services: architectural services,DEB,PH,AT,2016,MIO_EUR,0.0
bop_its6_det,SJ311,Services: architectural services,DEB,PH,AT,2017,MIO_EUR,0.0
bop_its6_det,SJ311,Services: architectural services,DEB,PH,AT,2018,MIO_EUR,0.0
bop_its6_det,SJ311,Services: architectural services,DEB,PH,AT,2019,MIO_EUR,0.0
bop_its6_det,SJ311,Services: architectural services,DEB,PH,AT,2020,MIO_EUR,0.0
bop_its6_det,SJ311,Services: architectural services,DEB,PH,AT,2021,MIO_EUR,0.0
bop_its6_det,SJ311,Services: architectural services,DEB,PH,AT,2022,MIO_EUR,0.0
bop_its6_det,SJ311,Services: architectural services,DEB,PH,AT,2023,MIO_EUR,0.0
bop_its6_det,SJ311,Services: architectural services,DEB,PH,AT,2024,MIO_EUR,0.0
bop_its6_det,SJ311,Services: architectural services,DEB,PH,BE,2018,MIO_EUR,0.0
bop_its6_det,SJ311,Services: architectural services,DEB,PH,BE,2019,MIO_EUR,0.0
bop_its6_det,SJ311,Services: architectural services,DEB,PH,BE,2022,MIO_EUR,0.0
bop_its6_det,SJ311,Services: architectural services,DEB,PH,BE,2023,MIO_EUR,0.0
bop_its6_det,SJ311,Services: architectural services,DEB,PH,BE,2024,MIO_EUR,0.0
bop_its6_det,SJ311,Services: architectural services,DEB,PH,CZ,2015,MIO_EUR,0.0
bop_its6_det,SJ311,Services: architectural services,DEB,PH,CZ,2016,MIO_EUR,0.0
bop_its6_det,SJ311,Services: architectural services,DEB,PH,CZ,2017,MIO_EUR,0.0
bop_its6_det,SJ311,Services: architectural services,DEB,PH,CZ,2018,MIO_EUR,0.0
bop_its6_det,SJ311,Services: architectural services,DEB,PH,CZ,2019,MIO_EUR,0.0
bop_its6_det,SJ311,Services: architectural services,DEB,PH,CZ,2020,MIO_EUR,0.0
bop_its6_det,SJ311,Services: architectural services,DEB,PH,CZ,2021,MIO_EUR,0.0
bop_its6_det,SJ311,Services: architectural services,DEB,PH,CZ,2022,MIO_EUR,0.0
bop_its6_det,SJ311,Services: architectural services,DEB,PH,CZ,2023,MIO_EUR,0.0
bop_its6_det,SJ311,Services: architectural services,DEB,PH,CZ,2024,MIO_EUR,0.0
bop_its6_det,SJ311,Services: architectural services,DEB,PH,DE,2016,MIO_EUR,0.0
bop_its6_det,SJ311,Services: architectural services,DEB,PH,DE,2017,MIO_EUR,0.0
bop_its6_det,SJ311,Services: architectural services,DEB,PH,DE,2018,MIO_EUR,0.0
bop_its6_det,SJ311,Services: architectural services,DEB,PH,DE,2019,MIO_EUR,0.0
bop_its6_det,SJ311,Services: architectural services,DEB,PH,DE,2021,MIO_EUR,0.0
bop_its6_det,SJ311,Services: architectural services,DEB,PH,DE,2022,MIO_EUR,0.0
bop_its6_det,SJ311,Services: architectural services,DEB,PH,DK,2015,MIO_EUR,0.0
bop_its6_det,SJ311,Services: architectural services,DEB,PH,DK,2016,MIO_EUR,0.0
bop_its6_det,SJ311,Services: architectural services,DEB,PH,DK,2017,MIO_EUR,0.0
bop_its6_det,SJ311,Services: architectural services,DEB,PH,DK,2018,MIO_EUR,0.0
bop_its6_det,SJ311,Services: architectural services,DEB,PH,DK,2019,MIO_EUR,0.0
bop_its6_det,SJ311,Services: architectural services,DEB,PH,DK,2020,MIO_EUR,0.0
bop_its6_det,SJ311,Services: architectural services,DEB,PH,DK,2021,MIO_EUR,0.0
bop_its6_det,SJ311,Services: architectural services,DEB,PH,DK,2022,MIO_EUR,0.0
bop_its6_det,SJ311,Services: architectural services,DEB,PH,DK,2023,MIO_EUR,0.0
bop_its6_det,SJ311,Services: architectural services,DEB,PH,DK,2024,MIO_EUR,0.0
bop_its6_det,SJ311,Services: architectural services,DEB,PH,EL,2015,MIO_EUR,0.0
bop_its6_det,SJ311,Services: architectural services,DEB,PH,EL,2016,MIO_EUR,0.0
bop_its6_det,SJ311,Services: architectural services,DEB,PH,EL,2017,MIO_EUR,0.0
bop_its6_det,SJ311,Services: architectural services,DEB,PH,EL,2018,MIO_EUR,0.0
bop_its6_det,SJ311,Services: architectural services,DEB,PH,EL,2019,MIO_EUR,0.0
bop_its6_det,SJ311,Services: architectural services,DEB,PH,EL,2020,MIO_EUR,0.0
bop_its6_det,SJ311,Services: architectural services,DEB,PH,EL,2021,MIO_EUR,0.0
bop_its6_det,SJ311,Services: architectural services,DEB,PH,EL,2022,MIO_EUR,0.0
bop_its6_det,SJ311,Services: architectural services,DEB,PH,EL,2023,MIO_EUR,0.0
bop_its6_det,SJ311,Services: architectural services,DEB,PH,EL,2024,MIO_EUR,0.0
bop_its6_det,SJ311,Services: architectural services,DEB,PH,ES,2015,MIO_EUR,0.0
bop_its6_det,SJ311,Services: architectural services,DEB,PH,ES,2016,MIO_EUR,0.0
bop_its6_det,SJ311,Services: architectural services,DEB,PH,ES,2017,MIO_EUR,0.0
bop_its6_det,SJ311,Services: architectural services,DEB,PH,ES,2018,MIO_EUR,0.0
bop_its6_det,SJ311,Services: architectural services,DEB,PH,ES,2019,MIO_EUR,0.0
bop_its6_det,SJ311,Services: architectural services,DEB,PH,ES,2020,MIO_EUR,0.0
bop_its6_det,SJ311,Services: architectural services,DEB,PH,ES,2021,MIO_EUR,0.0
bop_its6_det,SJ311,Services: architectural services,DEB,PH,ES,2022,MIO_EUR,0.0
bop_its6_det,SJ311,Services: architectural services,DEB,PH,ES,2023,MIO_EUR,0.0
bop_its6_det,SJ311,Services: architectural services,DEB,PH,ES,2024,MIO_EUR,0.0
bop_its6_det,SJ311,Services: architectural services,DEB,PH,EU27_2020,2015,MIO_EUR,0.0
bop_its6_det,SJ311,Services: architectural services,DEB,PH,EU27_2020,2016,MIO_EUR,0.0
bop_its6_det,SJ311,Services: architectural services,DEB,PH,EU27_2020,2017,MIO_EUR,0.0
bop_its6_det,SJ311,Services: architectural services,DEB,PH,EU27_2020,2018,MIO_EUR,0.0
bop_its6_det,SJ311,Services: architectural services,DEB,PH,EU27_2020,2019,MIO_EUR,0.0
bop_its6_det,SJ311,Services: architectural services,DEB,PH,EU27_2020,2020,MIO_EUR,0.0
bop_its6_det,SJ311,Services: architectural services,DEB,PH,EU27_2020,2021,MIO_EUR,0.0
bop_its6_det,SJ311,Services: architectural services,DEB,PH,EU27_2020,2022,MIO_EUR,0.1
bop_its6_det,SJ311,Services: architectural services,DEB,PH,EU27_2020,2023,MIO_EUR,1.0
bop_its6_det,SJ311,Services: architectural services,DEB,PH,EU27_2020,2024,MIO_EUR,0.0
bop_its6_det,SJ311,Services: architectural services,DEB,PH,FI,2015,MIO_EUR,0.0
bop_its6_det,SJ311,Services: architectural services,DEB,PH,FI,2016,MIO_EUR,0.0
bop_its6_det,SJ311,Services: architectural services,DEB,PH,FI,2017,MIO_EUR,0.0
bop_its6_det,SJ311,Services: architectural services,DEB,PH,FI,2018,MIO_EUR,0.0
bop_its6_det,SJ311,Services: architectural services,DEB,PH,FI,2019,MIO_EUR,0.0
bop_its6_det,SJ311,Services: architectural services,DEB,PH,FI,2020,MIO_EUR,0.0
bop_its6_det,SJ311,Services: architectural services,DEB,PH,FI,2021,MIO_EUR,0.0
bop_its6_det,SJ311,Services: architectural services,DEB,PH,FI,2022,MIO_EUR,0.0
bop_its6_det,SJ311,Services: architectural services,DEB,PH,FI,2023,MIO_EUR,0.0
bop_its6_det,SJ311,Services: architectural services,DEB,PH,FI,2024,MIO_EUR,0.0
bop_its6_det,SJ311,Services: architectural services,DEB,PH,HU,2015,MIO_EUR,0.0
bop_its6_det,SJ311,Services: architectural services,DEB,PH,HU,2018,MIO_EUR,0.0
bop_its6_det,SJ311,Services: architectural services,DEB,PH,HU,2019,MIO_EUR,0.0
bop_its6_det,SJ311,Services: architectural services,DEB,PH,HU,2020,MIO_EUR,0.0
bop_its6_det,SJ311,Services: architectural services,DEB,PH,HU,2021,MIO_EUR,0.0
bop_its6_det,SJ311,Services: architectural services,DEB,PH,HU,2022,MIO_EUR,0.0
bop_its6_det,SJ311,Services: architectural services,DEB,PH,HU,2023,MIO_EUR,0.0
bop_its6_det,SJ311,Services: architectural services,DEB,PH,IE,2015,MIO_EUR,0.0
bop_its6_det,SJ311,Services: architectural services,DEB,PH,IE,2016,MIO_EUR,0.0
bop_its6_det,SJ311,Services: architectural services,DEB,PH,IE,2017,MIO_EUR,0.0
bop_its6_det,SJ311,Services: architectural services,DEB,PH,IE,2022,MIO_EUR,0.0
bop_its6_det,SJ311,Services: architectural services,DEB,PH,IT,2015,MIO_EUR,0.0
bop_its6_det,SJ311,Services: architectural services,DEB,PH,IT,2016,MIO_EUR,0.0
bop_its6_det,SJ311,Services: architectural services,DEB,PH,IT,2017,MIO_EUR,0.0
bop_its6_det,SJ311,Services: architectural services,DEB,PH,IT,2018,MIO_EUR,0.0
bop_its6_det,SJ311,Services: architectural services,DEB,PH,IT,2019,MIO_EUR,0.0
bop_its6_det,SJ311,Services: architectural services,DEB,PH,IT,2020,MIO_EUR,0.0
bop_its6_det,SJ311,Services: architectural services,DEB,PH,IT,2021,MIO_EUR,0.0
bop_its6_det,SJ311,Services: architectural services,DEB,PH,IT,2022,MIO_EUR,0.0
bop_its6_det,SJ311,Services: architectural services,DEB,PH,IT,2023,MIO_EUR,0.0
bop_its6_det,SJ311,Services: architectural services,DEB,PH,IT,2024,MIO_EUR,0.0
bop_its6_det,SJ311,Services: architectural services,DEB,PH,NL,2015,MIO_EUR,0.0
bop_its6_det,SJ311,Services: architectural services,DEB,PH,NL,2016,MIO_EUR,0.0
bop_its6_det,SJ311,Services: architectural services,DEB,PH,NL,2017,MIO_EUR,0.0
bop_its6_det,SJ311,Services: architectural services,DEB,PH,NL,2018,MIO_EUR,0.0
bop_its6_det,SJ311,Services: architectural services,DEB,PH,NL,2019,MIO_EUR,0.0
bop_its6_det,SJ311,Services: architectural services,DEB,PH,NL,2020,MIO_EUR,0.0
bop_its6_det,SJ311,Services: architectural services,DEB,PH,NL,2022,MIO_EUR,0.0
bop_its6_det,SJ311,Services: architectural services,DEB,PH,NL,2024,MIO_EUR,0.0
bop_its6_det,SJ311,Services: architectural services,DEB,PH,PL,2015,MIO_EUR,0.0
bop_its6_det,SJ311,Services: architectural services,DEB,PH,PL,2016,MIO_EUR,0.0
bop_its6_det,SJ311,Services: architectural services,DEB,PH,PL,2017,MIO_EUR,0.0
bop_its6_det,SJ311,Services: architectural services,DEB,PH,PL,2018,MIO_EUR,0.0
bop_its6_det,SJ311,Services: architectural services,DEB,PH,PL,2019,MIO_EUR,0.0
bop_its6_det,SJ311,Services: architectural services,DEB,PH,PL,2020,MIO_EUR,0.0
bop_its6_det,SJ311,Services: architectural services,DEB,PH,PL,2021,MIO_EUR,0.0
bop_its6_det,SJ311,Services: architectural services,DEB,PH,PL,2022,MIO_EUR,0.0
bop_its6_det,SJ311,Services: architectural services,DEB,PH,PL,2023,MIO_EUR,0.0
bop_its6_det,SJ311,Services: architectural services,DEB,PH,PL,2024,MIO_EUR,0.0
bop_its6_det,SJ311,Services: architectural services,DEB,PH,PT,2015,MIO_EUR,0.0
bop_its6_det,SJ311,Services: architectural services,DEB,PH,PT,2016,MIO_EUR,0.0
bop_its6_det,SJ311,Services: architectural services,DEB,PH,PT,2017,MIO_EUR,0.0
bop_its6_det,SJ311,Services: architectural services,DEB,PH,PT,2018,MIO_EUR,0.0
bop_its6_det,SJ311,Services: architectural services,DEB,PH,PT,2019,MIO_EUR,0.0
bop_its6_det,SJ311,Services: architectural services,DEB,PH,PT,2020,MIO_EUR,0.0
bop_its6_det,SJ311,Services: architectural services,DEB,PH,PT,2021,MIO_EUR,0.0
bop_its6_det,SJ311,Services: architectural services,DEB,PH,PT,2022,MIO_EUR,0.0
bop_its6_det,SJ311,Services: architectural services,DEB,PH,PT,2023,MIO_EUR,0.0
bop_its6_det,SJ311,Services: architectural services,DEB,PH,PT,2024,MIO_EUR,0.0
bop_its6_det,SJ311,Services: architectural services,DEB,PH,RO,2015,MIO_EUR,0.0
bop_its6_det,SJ311,Services: architectural services,DEB,PH,RO,2017,MIO_EUR,0.0
bop_its6_det,SJ311,Services: architectural services,DEB,PH,RO,2018,MIO_EUR,0.0
bop_its6_det,SJ311,Services: architectural services,DEB,PH,RO,2019,MIO_EUR,0.0
bop_its6_det,SJ311,Services: architectural services,DEB,PH,RO,2020,MIO_EUR,0.0
bop_its6_det,SJ311,Services: architectural services,DEB,PH,RO,2021,MIO_EUR,0.0
bop_its6_det,SJ311,Services: architectural services,DEB,PH,RO,2023,MIO_EUR,0.0
bop_its6_det,SJ311,Services: architectural services,DEB,PH,RO,2024,MIO_EUR,0.0
bop_its6_det,SJ311,Services: architectural services,DEB,PH,SE,2015,MIO_EUR,0.0
bop_its6_det,SJ311,Services: architectural services,DEB,PH,SE,2016,MIO_EUR,0.0
bop_its6_det,SJ311,Services: architectural services,DEB,PH,SE,2017,MIO_EUR,0.0
bop_its6_det,SJ311,Services: architectural services,DEB,PH,SE,2018,MIO_EUR,0.0
bop_its6_det,SJ311,Services: architectural services,DEB,PH,SE,2019,MIO_EUR,0.0
bop_its6_det,SJ311,Services: architectural services,DEB,PH,SE,2020,MIO_EUR,0.0
bop_its6_det,SJ311,Services: architectural services,DEB,PH,SE,2021,MIO_EUR,0.0
bop_its6_det,SJ311,Services: architectural services,DEB,PH,SE,2022,MIO_EUR,0.0
bop_its6_det,SJ311,Services: architectural services,DEB,PH,SE,2023,MIO_EUR,0.0
bop_its6_det,SJ311,Services: architectural services,DEB,PH,SE,2024,MIO_EUR,0.0
bop_its6_det,SJ311,Services: architectural services,CRE,PH,AT,2015,MIO_EUR,0.0
bop_its6_det,SJ311,Services: architectural services,CRE,PH,AT,2016,MIO_EUR,0.0
bop_its6_det,SJ311,Services: architectural services,CRE,PH,AT,2017,MIO_EUR,0.0
bop_its6_det,SJ311,Services: architectural services,CRE,PH,AT,2018,MIO_EUR,0.0
bop_its6_det,SJ311,Services: architectural services,CRE,PH,AT,2019,MIO_EUR,0.0
bop_its6_det,SJ311,Services: architectural services,CRE,PH,AT,2020,MIO_EUR,0.0
bop_its6_det,SJ311,Services: architectural services,CRE,PH,AT,2021,MIO_EUR,0.0
bop_its6_det,SJ311,Services: architectural services,CRE,PH,AT,2022,MIO_EUR,0.0
bop_its6_det,SJ311,Services: architectural services,CRE,PH,AT,2023,MIO_EUR,0.0
bop_its6_det,SJ311,Services: architectural services,CRE,PH,AT,2024,MIO_EUR,0.0
bop_its6_det,SJ311,Services: architectural services,CRE,PH,BE,2017,MIO_EUR,0.0
bop_its6_det,SJ311,Services: architectural services,CRE,PH,BE,2020,MIO_EUR,0.0
bop_its6_det,SJ311,Services: architectural services,CRE,PH,CZ,2015,MIO_EUR,0.0
bop_its6_det,SJ311,Services: architectural services,CRE,PH,CZ,2016,MIO_EUR,0.0
bop_its6_det,SJ311,Services: architectural services,CRE,PH,CZ,2017,MIO_EUR,0.0
bop_its6_det,SJ311,Services: architectural services,CRE,PH,CZ,2018,MIO_EUR,0.0
bop_its6_det,SJ311,Services: architectural services,CRE,PH,CZ,2019,MIO_EUR,0.0
bop_its6_det,SJ311,Services: architectural services,CRE,PH,CZ,2020,MIO_EUR,0.0
bop_its6_det,SJ311,Services: architectural services,CRE,PH,CZ,2021,MIO_EUR,0.0
bop_its6_det,SJ311,Services: architectural services,CRE,PH,CZ,2022,MIO_EUR,0.0
bop_its6_det,SJ311,Services: architectural services,CRE,PH,CZ,2023,MIO_EUR,0.0
bop_its6_det,SJ311,Services: architectural services,CRE,PH,CZ,2024,MIO_EUR,0.0
bop_its6_det,SJ311,Services: architectural services,CRE,PH,DK,2015,MIO_EUR,0.0
bop_its6_det,SJ311,Services: architectural services,CRE,PH,DK,2016,MIO_EUR,0.1
bop_its6_det,SJ311,Services: architectural services,CRE,PH,DK,2017,MIO_EUR,0.0
bop_its6_det,SJ311,Services: architectural services,CRE,PH,DK,2018,MIO_EUR,0.0
bop_its6_det,SJ311,Services: architectural services,CRE,PH,DK,2019,MIO_EUR,0.0
bop_its6_det,SJ311,Services: architectural services,CRE,PH,DK,2020,MIO_EUR,0.0
bop_its6_det,SJ311,Services: architectural services,CRE,PH,DK,2021,MIO_EUR,0.0
bop_its6_det,SJ311,Services: architectural services,CRE,PH,DK,2022,MIO_EUR,0.0
bop_its6_det,SJ311,Services: architectural services,CRE,PH,DK,2023,MIO_EUR,0.0
bop_its6_det,SJ311,Services: architectural services,CRE,PH,DK,2024,MIO_EUR,0.0
bop_its6_det,SJ311,Services: architectural services,CRE,PH,EL,2015,MIO_EUR,0.0
bop_its6_det,SJ311,Services: architectural services,CRE,PH,EL,2016,MIO_EUR,0.0
bop_its6_det,SJ311,Services: architectural services,CRE,PH,EL,2017,MIO_EUR,0.0
bop_its6_det,SJ311,Services: architectural services,CRE,PH,EL,2018,MIO_EUR,0.0
bop_its6_det,SJ311,Services: architectural services,CRE,PH,EL,2019,MIO_EUR,0.0
bop_its6_det,SJ311,Services: architectural services,CRE,PH,EL,2020,MIO_EUR,0.0
bop_its6_det,SJ311,Services: architectural services,CRE,PH,EL,2021,MIO_EUR,0.0
bop_its6_det,SJ311,Services: architectural services,CRE,PH,EL,2022,MIO_EUR,0.0
bop_its6_det,SJ311,Services: architectural services,CRE,PH,EL,2023,MIO_EUR,0.0
bop_its6_det,SJ311,Services: architectural services,CRE,PH,EL,2024,MIO_EUR,0.0
bop_its6_det,SJ311,Services: architectural services,CRE,PH,ES,2015,MIO_EUR,0.0
bop_its6_det,SJ311,Services: architectural services,CRE,PH,ES,2016,MIO_EUR,0.0
bop_its6_det,SJ311,Services: architectural services,CRE,PH,ES,2017,MIO_EUR,0.0
bop_its6_det,SJ311,Services: architectural services,CRE,PH,ES,2018,MIO_EUR,0.0
bop_its6_det,SJ311,Services: architectural services,CRE,PH,ES,2019,MIO_EUR,0.0
bop_its6_det,SJ311,Services: architectural services,CRE,PH,ES,2020,MIO_EUR,0.0
bop_its6_det,SJ311,Services: architectural services,CRE,PH,ES,2021,MIO_EUR,0.0
bop_its6_det,SJ311,Services: architectural services,CRE,PH,ES,2022,MIO_EUR,0.0
bop_its6_det,SJ311,Services: architectural services,CRE,PH,ES,2023,MIO_EUR,0.0
bop_its6_det,SJ311,Services: architectural services,CRE,PH,ES,2024,MIO_EUR,0.0
bop_its6_det,SJ311,Services: architectural services,CRE,PH,EU27_2020,2015,MIO_EUR,0.0
bop_its6_det,SJ311,Services: architectural services,CRE,PH,EU27_2020,2016,MIO_EUR,0.2
bop_its6_det,SJ311,Services: architectural services,CRE,PH,EU27_2020,2017,MIO_EUR,0.0
bop_its6_det,SJ311,Services: architectural services,CRE,PH,EU27_2020,2018,MIO_EUR,0.2
bop_its6_det,SJ311,Services: architectural services,CRE,PH,EU27_2020,2019,MIO_EUR,0.2
bop_its6_det,SJ311,Services: architectural services,CRE,PH,EU27_2020,2020,MIO_EUR,0.1
bop_its6_det,SJ311,Services: architectural services,CRE,PH,EU27_2020,2021,MIO_EUR,0.0
bop_its6_det,SJ311,Services: architectural services,CRE,PH,EU27_2020,2022,MIO_EUR,0.0
bop_its6_det,SJ311,Services: architectural services,CRE,PH,EU27_2020,2023,MIO_EUR,0.0
bop_its6_det,SJ311,Services: architectural services,CRE,PH,EU27_2020,2024,MIO_EUR,0.1
bop_its6_det,SJ311,Services: architectural services,CRE,PH,FI,2015,MIO_EUR,0.0
bop_its6_det,SJ311,Services: architectural services,CRE,PH,FI,2016,MIO_EUR,0.0
bop_its6_det,SJ311,Services: architectural services,CRE,PH,FI,2017,MIO_EUR,0.0
bop_its6_det,SJ311,Services: architectural services,CRE,PH,FI,2018,MIO_EUR,0.0
bop_its6_det,SJ311,Services: architectural services,CRE,PH,FI,2019,MIO_EUR,0.0
bop_its6_det,SJ311,Services: architectural services,CRE,PH,FI,2020,MIO_EUR,0.0
bop_its6_det,SJ311,Services: architectural services,CRE,PH,FI,2021,MIO_EUR,0.0
bop_its6_det,SJ311,Services: architectural services,CRE,PH,FI,2022,MIO_EUR,0.0
bop_its6_det,SJ311,Services: architectural services,CRE,PH,FI,2023,MIO_EUR,0.0
bop_its6_det,SJ311,Services: architectural services,CRE,PH,FI,2024,MIO_EUR,0.0
bop_its6_det,SJ311,Services: architectural services,CRE,PH,HU,2018,MIO_EUR,0.0
bop_its6_det,SJ311,Services: architectural services,CRE,PH,HU,2019,MIO_EUR,0.0
bop_its6_det,SJ311,Services: architectural services,CRE,PH,HU,2020,MIO_EUR,0.0
bop_its6_det,SJ311,Services: architectural services,CRE,PH,HU,2023,MIO_EUR,0.0
bop_its6_det,SJ311,Services: architectural services,CRE,PH,IE,2015,MIO_EUR,0.0
bop_its6_det,SJ311,Services: architectural services,CRE,PH,IE,2018,MIO_EUR,0.0
bop_its6_det,SJ311,Services: architectural services,CRE,PH,IE,2020,MIO_EUR,0.0
bop_its6_det,SJ311,Services: architectural services,CRE,PH,IE,2021,MIO_EUR,0.0
bop_its6_det,SJ311,Services: architectural services,CRE,PH,IE,2022,MIO_EUR,0.0
bop_its6_det,SJ311,Services: architectural services,CRE,PH,IE,2023,MIO_EUR,0.0
bop_its6_det,SJ311,Services: architectural services,CRE,PH,IE,2024,MIO_EUR,0.0
bop_its6_det,SJ311,Services: architectural services,CRE,PH,IT,2015,MIO_EUR,0.0
bop_its6_det,SJ311,Services: architectural services,CRE,PH,IT,2016,MIO_EUR,0.1
bop_its6_det,SJ311,Services: architectural services,CRE,PH,IT,2017,MIO_EUR,0.0
bop_its6_det,SJ311,Services: architectural services,CRE,PH,IT,2018,MIO_EUR,0.0
bop_its6_det,SJ311,Services: architectural services,CRE,PH,IT,2019,MIO_EUR,0.0
bop_its6_det,SJ311,Services: architectural services,CRE,PH,IT,2020,MIO_EUR,0.0
bop_its6_det,SJ311,Services: architectural services,CRE,PH,IT,2021,MIO_EUR,0.0
bop_its6_det,SJ311,Services: architectural services,CRE,PH,IT,2022,MIO_EUR,0.0
bop_its6_det,SJ311,Services: architectural services,CRE,PH,IT,2023,MIO_EUR,0.0
bop_its6_det,SJ311,Services: architectural services,CRE,PH,IT,2024,MIO_EUR,0.0
bop_its6_det,SJ311,Services: architectural services,CRE,PH,NL,2015,MIO_EUR,0.0
bop_its6_det,SJ311,Services: architectural services,CRE,PH,NL,2016,MIO_EUR,0.0
bop_its6_det,SJ311,Services: architectural services,CRE,PH,NL,2017,MIO_EUR,0.0
bop_its6_det,SJ311,Services: architectural services,CRE,PH,NL,2018,MIO_EUR,0.0
bop_its6_det,SJ311,Services: architectural services,CRE,PH,NL,2019,MIO_EUR,0.0
bop_its6_det,SJ311,Services: architectural services,CRE,PH,NL,2020,MIO_EUR,0.0
bop_its6_det,SJ311,Services: architectural services,CRE,PH,NL,2021,MIO_EUR,0.0
bop_its6_det,SJ311,Services: architectural services,CRE,PH,NL,2022,MIO_EUR,0.0
bop_its6_det,SJ311,Services: architectural services,CRE,PH,NL,2023,MIO_EUR,0.0
bop_its6_det,SJ311,Services: architectural services,CRE,PH,NL,2024,MIO_EUR,0.0
bop_its6_det,SJ311,Services: architectural services,CRE,PH,PL,2015,MIO_EUR,0.0
bop_its6_det,SJ311,Services: architectural services,CRE,PH,PL,2016,MIO_EUR,0.0
bop_its6_det,SJ311,Services: architectural services,CRE,PH,PL,2017,MIO_EUR,0.0
bop_its6_det,SJ311,Services: architectural services,CRE,PH,PL,2018,MIO_EUR,0.0
bop_its6_det,SJ311,Services: architectural services,CRE,PH,PL,2019,MIO_EUR,0.0
bop_its6_det,SJ311,Services: architectural services,CRE,PH,PL,2020,MIO_EUR,0.0
bop_its6_det,SJ311,Services: architectural services,CRE,PH,PL,2021,MIO_EUR,0.0
bop_its6_det,SJ311,Services: architectural services,CRE,PH,PL,2022,MIO_EUR,0.0
bop_its6_det,SJ311,Services: architectural services,CRE,PH,PL,2023,MIO_EUR,0.0
bop_its6_det,SJ311,Services: architectural services,CRE,PH,PL,2024,MIO_EUR,0.0
bop_its6_det,SJ311,Services: architectural services,CRE,PH,PT,2015,MIO_EUR,0.0
bop_its6_det,SJ311,Services: architectural services,CRE,PH,PT,2016,MIO_EUR,0.0
bop_its6_det,SJ311,Services: architectural services,CRE,PH,PT,2017,MIO_EUR,0.0
bop_its6_det,SJ311,Services: architectural services,CRE,PH,PT,2018,MIO_EUR,0.0
bop_its6_det,SJ311,Services: architectural services,CRE,PH,PT,2019,MIO_EUR,0.0
bop_its6_det,SJ311,Services: architectural services,CRE,PH,PT,2020,MIO_EUR,0.0
bop_its6_det,SJ311,Services: architectural services,CRE,PH,PT,2021,MIO_EUR,0.0
bop_its6_det,SJ311,Services: architectural services,CRE,PH,PT,2022,MIO_EUR,0.0
bop_its6_det,SJ311,Services: architectural services,CRE,PH,PT,2023,MIO_EUR,0.0
bop_its6_det,SJ311,Services: architectural services,CRE,PH,PT,2024,MIO_EUR,0.0
bop_its6_det,SJ311,Services: architectural services,CRE,PH,RO,2017,MIO_EUR,0.0
bop_its6_det,SJ311,Services: architectural services,CRE,PH,RO,2018,MIO_EUR,0.0
bop_its6_det,SJ311,Services: architectural services,CRE,PH,RO,2019,MIO_EUR,0.0
bop_its6_det,SJ311,Services: architectural services,CRE,PH,RO,2020,MIO_EUR,0.0
bop_its6_det,SJ311,Services: architectural services,CRE,PH,RO,2021,MIO_EUR,0.0
bop_its6_det,SJ311,Services: architectural services,CRE,PH,RO,2023,MIO_EUR,0.0
bop_its6_det,SJ311,Services: architectural services,CRE,PH,RO,2024,MIO_EUR,0.0
bop_its6_det,SJ311,Services: architectural services,CRE,PH,SE,2015,MIO_EUR,0.0
bop_its6_det,SJ311,Services: architectural services,CRE,PH,SE,2016,MIO_EUR,0.0
bop_its6_det,SJ311,Services: architectural services,CRE,PH,SE,2017,MIO_EUR,0.0
bop_its6_det,SJ311,Services: architectural services,CRE,PH,SE,2018,MIO_EUR,0.0
bop_its6_det,SJ311,Services: architectural services,CRE,PH,SE,2019,MIO_EUR,0.0
bop_its6_det,SJ311,Services: architectural services,CRE,PH,SE,2020,MIO_EUR,0.0
bop_its6_det,SJ311,Services: architectural services,CRE,PH,SE,2021,MIO_EUR,0.0
bop_its6_det,SJ311,Services: architectural services,CRE,PH,SE,2022,MIO_EUR,0.0
bop_its6_det,SJ311,Services: architectural services,CRE,PH,SE,2023,MIO_EUR,0.0
bop_its6_det,SJ311,Services: architectural services,CRE,PH,SE,2024,MIO_EUR,0.0
bop_its6_det,SJ313,Services: scientific and other technical services,DEB,PH,BE,2015,MIO_EUR,0.0
bop_its6_det,SJ313,Services: scientific and other technical services,DEB,PH,BE,2016,MIO_EUR,0.0
bop_its6_det,SJ313,Services: scientific and other technical services,DEB,PH,BE,2018,MIO_EUR,0.0
bop_its6_det,SJ313,Services: scientific and other technical services,DEB,PH,BE,2019,MIO_EUR,0.0
bop_its6_det,SJ313,Services: scientific and other technical services,DEB,PH,BE,2020,MIO_EUR,0.0
bop_its6_det,SJ313,Services: scientific and other technical services,DEB,PH,BE,2021,MIO_EUR,0.0
bop_its6_det,SJ313,Services: scientific and other technical services,DEB,PH,BE,2022,MIO_EUR,0.0
bop_its6_det,SJ313,Services: scientific and other technical services,DEB,PH,BE,2023,MIO_EUR,0.0
bop_its6_det,SJ313,Services: scientific and other technical services,DEB,PH,BE,2024,MIO_EUR,0.0
bop_its6_det,SJ313,Services: scientific and other technical services,DEB,PH,CZ,2015,MIO_EUR,0.0
bop_its6_det,SJ313,Services: scientific and other technical services,DEB,PH,CZ,2016,MIO_EUR,0.0
bop_its6_det,SJ313,Services: scientific and other technical services,DEB,PH,CZ,2017,MIO_EUR,0.0
bop_its6_det,SJ313,Services: scientific and other technical services,DEB,PH,CZ,2018,MIO_EUR,0.0
bop_its6_det,SJ313,Services: scientific and other technical services,DEB,PH,CZ,2019,MIO_EUR,0.0
bop_its6_det,SJ313,Services: scientific and other technical services,DEB,PH,CZ,2020,MIO_EUR,0.1
bop_its6_det,SJ313,Services: scientific and other technical services,DEB,PH,CZ,2021,MIO_EUR,0.0
bop_its6_det,SJ313,Services: scientific and other technical services,DEB,PH,CZ,2022,MIO_EUR,0.0
bop_its6_det,SJ313,Services: scientific and other technical services,DEB,PH,CZ,2023,MIO_EUR,0.0
bop_its6_det,SJ313,Services: scientific and other technical services,DEB,PH,CZ,2024,MIO_EUR,0.0
bop_its6_det,SJ313,Services: scientific and other technical services,DEB,PH,DE,2015,MIO_EUR,2.0
bop_its6_det,SJ313,Services: scientific and other technical services,DEB,PH,DE,2022,MIO_EUR,1.0
bop_its6_det,SJ313,Services: scientific and other technical services,DEB,PH,DE,2023,MIO_EUR,1.0
bop_its6_det,SJ313,Services: scientific and other technical services,DEB,PH,DK,2015,MIO_EUR,0.0
bop_its6_det,SJ313,Services: scientific and other technical services,DEB,PH,DK,2016,MIO_EUR,0.0
bop_its6_det,SJ313,Services: scientific and other technical services,DEB,PH,DK,2017,MIO_EUR,0.0
bop_its6_det,SJ313,Services: scientific and other technical services,DEB,PH,DK,2018,MIO_EUR,0.3
bop_its6_det,SJ313,Services: scientific and other technical services,DEB,PH,DK,2019,MIO_EUR,0.3
bop_its6_det,SJ313,Services: scientific and other technical services,DEB,PH,DK,2020,MIO_EUR,0.3
bop_its6_det,SJ313,Services: scientific and other technical services,DEB,PH,DK,2021,MIO_EUR,0.0
bop_its6_det,SJ313,Services: scientific and other technical services,DEB,PH,DK,2022,MIO_EUR,0.3
bop_its6_det,SJ313,Services: scientific and other technical services,DEB,PH,DK,2023,MIO_EUR,1.2
bop_its6_det,SJ313,Services: scientific and other technical services,DEB,PH,DK,2024,MIO_EUR,4.3
bop_its6_det,SJ313,Services: scientific and other technical services,DEB,PH,EL,2015,MIO_EUR,0.0
bop_its6_det,SJ313,Services: scientific and other technical services,DEB,PH,EL,2016,MIO_EUR,0.1
bop_its6_det,SJ313,Services: scientific and other technical services,DEB,PH,EL,2017,MIO_EUR,0.0
bop_its6_det,SJ313,Services: scientific and other technical services,DEB,PH,EL,2018,MIO_EUR,0.0
bop_its6_det,SJ313,Services: scientific and other technical services,DEB,PH,EL,2019,MIO_EUR,0.0
bop_its6_det,SJ313,Services: scientific and other technical services,DEB,PH,EL,2020,MIO_EUR,0.0
bop_its6_det,SJ313,Services: scientific and other technical services,DEB,PH,EL,2021,MIO_EUR,0.0
bop_its6_det,SJ313,Services: scientific and other technical services,DEB,PH,EL,2022,MIO_EUR,0.0
bop_its6_det,SJ313,Services: scientific and other technical services,DEB,PH,EL,2023,MIO_EUR,0.0
bop_its6_det,SJ313,Services: scientific and other technical services,DEB,PH,EL,2024,MIO_EUR,0.0
bop_its6_det,SJ313,Services: scientific and other technical services,DEB,PH,ES,2021,MIO_EUR,0.0
bop_its6_det,SJ313,Services: scientific and other technical services,DEB,PH,EU27_2020,2015,MIO_EUR,3.4
bop_its6_det,SJ313,Services: scientific and other technical services,DEB,PH,EU27_2020,2016,MIO_EUR,18.7
bop_its6_det,SJ313,Services: scientific and other technical services,DEB,PH,EU27_2020,2017,MIO_EUR,17.1
bop_its6_det,SJ313,Services: scientific and other technical services,DEB,PH,EU27_2020,2018,MIO_EUR,16.9
bop_its6_det,SJ313,Services: scientific and other technical services,DEB,PH,EU27_2020,2019,MIO_EUR,27.7
bop_its6_det,SJ313,Services: scientific and other technical services,DEB,PH,EU27_2020,2020,MIO_EUR,14.5
bop_its6_det,SJ313,Services: scientific and other technical services,DEB,PH,EU27_2020,2021,MIO_EUR,5.3
bop_its6_det,SJ313,Services: scientific and other technical services,DEB,PH,EU27_2020,2022,MIO_EUR,16.3
bop_its6_det,SJ313,Services: scientific and other technical services,DEB,PH,EU27_2020,2023,MIO_EUR,16.0
bop_its6_det,SJ313,Services: scientific and other technical services,DEB,PH,EU27_2020,2024,MIO_EUR,13.0
bop_its6_det,SJ313,Services: scientific and other technical services,DEB,PH,FI,2015,MIO_EUR,0.0
bop_its6_det,SJ313,Services: scientific and other technical services,DEB,PH,FI,2016,MIO_EUR,0.0
bop_its6_det,SJ313,Services: scientific and other technical services,DEB,PH,FI,2017,MIO_EUR,2.0
bop_its6_det,SJ313,Services: scientific and other technical services,DEB,PH,FI,2018,MIO_EUR,0.0
bop_its6_det,SJ313,Services: scientific and other technical services,DEB,PH,FI,2019,MIO_EUR,0.0
bop_its6_det,SJ313,Services: scientific and other technical services,DEB,PH,FI,2020,MIO_EUR,0.0
bop_its6_det,SJ313,Services: scientific and other technical services,DEB,PH,FI,2021,MIO_EUR,0.0
bop_its6_det,SJ313,Services: scientific and other technical services,DEB,PH,FI,2022,MIO_EUR,0.0
bop_its6_det,SJ313,Services: scientific and other technical services,DEB,PH,FI,2023,MIO_EUR,0.0
bop_its6_det,SJ313,Services: scientific and other technical services,DEB,PH,FI,2024,MIO_EUR,0.0
bop_its6_det,SJ313,Services: scientific and other technical services,DEB,PH,HU,2015,MIO_EUR,0.0
bop_its6_det,SJ313,Services: scientific and other technical services,DEB,PH,HU,2016,MIO_EUR,0.0
bop_its6_det,SJ313,Services: scientific and other technical services,DEB,PH,HU,2017,MIO_EUR,0.0
bop_its6_det,SJ313,Services: scientific and other technical services,DEB,PH,HU,2018,MIO_EUR,0.0
bop_its6_det,SJ313,Services: scientific and other technical services,DEB,PH,HU,2019,MIO_EUR,0.0
bop_its6_det,SJ313,Services: scientific and other technical services,DEB,PH,HU,2020,MIO_EUR,0.0
bop_its6_det,SJ313,Services: scientific and other technical services,DEB,PH,HU,2021,MIO_EUR,0.0
bop_its6_det,SJ313,Services: scientific and other technical services,DEB,PH,IE,2015,MIO_EUR,0.0
bop_its6_det,SJ313,Services: scientific and other technical services,DEB,PH,IE,2016,MIO_EUR,0.0
bop_its6_det,SJ313,Services: scientific and other technical services,DEB,PH,IE,2017,MIO_EUR,0.0
bop_its6_det,SJ313,Services: scientific and other technical services,DEB,PH,IE,2018,MIO_EUR,0.0
bop_its6_det,SJ313,Services: scientific and other technical services,DEB,PH,IE,2019,MIO_EUR,0.0
bop_its6_det,SJ313,Services: scientific and other technical services,DEB,PH,IE,2020,MIO_EUR,0.0
bop_its6_det,SJ313,Services: scientific and other technical services,DEB,PH,IE,2021,MIO_EUR,0.0
bop_its6_det,SJ313,Services: scientific and other technical services,DEB,PH,IE,2022,MIO_EUR,0.0
bop_its6_det,SJ313,Services: scientific and other technical services,DEB,PH,IE,2023,MIO_EUR,0.0
bop_its6_det,SJ313,Services: scientific and other technical services,DEB,PH,IE,2024,MIO_EUR,0.0
bop_its6_det,SJ313,Services: scientific and other technical services,DEB,PH,IT,2015,MIO_EUR,0.0
bop_its6_det,SJ313,Services: scientific and other technical services,DEB,PH,IT,2016,MIO_EUR,11.4
bop_its6_det,SJ313,Services: scientific and other technical services,DEB,PH,IT,2017,MIO_EUR,1.0
bop_its6_det,SJ313,Services: scientific and other technical services,DEB,PH,IT,2018,MIO_EUR,2.5
bop_its6_det,SJ313,Services: scientific and other technical services,DEB,PH,IT,2019,MIO_EUR,4.9
bop_its6_det,SJ313,Services: scientific and other technical services,DEB,PH,IT,2020,MIO_EUR,6.1
bop_its6_det,SJ313,Services: scientific and other technical services,DEB,PH,IT,2021,MIO_EUR,0.7
bop_its6_det,SJ313,Services: scientific and other technical services,DEB,PH,IT,2022,MIO_EUR,6.8
bop_its6_det,SJ313,Services: scientific and other technical services,DEB,PH,IT,2023,MIO_EUR,4.3
bop_its6_det,SJ313,Services: scientific and other technical services,DEB,PH,IT,2024,MIO_EUR,1.2
bop_its6_det,SJ313,Services: scientific and other technical services,DEB,PH,PL,2015,MIO_EUR,0.0
bop_its6_det,SJ313,Services: scientific and other technical services,DEB,PH,PL,2016,MIO_EUR,0.0
bop_its6_det,SJ313,Services: scientific and other technical services,DEB,PH,PL,2017,MIO_EUR,0.2
bop_its6_det,SJ313,Services: scientific and other technical services,DEB,PH,PL,2018,MIO_EUR,0.0
bop_its6_det,SJ313,Services: scientific and other technical services,DEB,PH,PL,2019,MIO_EUR,0.0
bop_its6_det,SJ313,Services: scientific and other technical services,DEB,PH,PL,2020,MIO_EUR,0.0
bop_its6_det,SJ313,Services: scientific and other technical services,DEB,PH,PL,2021,MIO_EUR,0.0
bop_its6_det,SJ313,Services: scientific and other technical services,DEB,PH,PL,2022,MIO_EUR,0.0
bop_its6_det,SJ313,Services: scientific and other technical services,DEB,PH,PL,2023,MIO_EUR,0.0
bop_its6_det,SJ313,Services: scientific and other technical services,DEB,PH,PL,2024,MIO_EUR,0.0
bop_its6_det,SJ313,Services: scientific and other technical services,DEB,PH,PT,2015,MIO_EUR,0.0
bop_its6_det,SJ313,Services: scientific and other technical services,DEB,PH,PT,2016,MIO_EUR,0.0
bop_its6_det,SJ313,Services: scientific and other technical services,DEB,PH,PT,2017,MIO_EUR,0.0
bop_its6_det,SJ313,Services: scientific and other technical services,DEB,PH,PT,2018,MIO_EUR,0.0
bop_its6_det,SJ313,Services: scientific and other technical services,DEB,PH,PT,2019,MIO_EUR,0.0
bop_its6_det,SJ313,Services: scientific and other technical services,DEB,PH,PT,2020,MIO_EUR,0.0
bop_its6_det,SJ313,Services: scientific and other technical services,DEB,PH,PT,2021,MIO_EUR,0.0
bop_its6_det,SJ313,Services: scientific and other technical services,DEB,PH,PT,2022,MIO_EUR,0.0
bop_its6_det,SJ313,Services: scientific and other technical services,DEB,PH,PT,2023,MIO_EUR,1.0
bop_its6_det,SJ313,Services: scientific and other technical services,DEB,PH,PT,2024,MIO_EUR,0.0
bop_its6_det,SJ313,Services: scientific and other technical services,DEB,PH,RO,2015,MIO_EUR,0.0
bop_its6_det,SJ313,Services: scientific and other technical services,DEB,PH,RO,2016,MIO_EUR,0.0
bop_its6_det,SJ313,Services: scientific and other technical services,DEB,PH,RO,2022,MIO_EUR,0.2
bop_its6_det,SJ313,Services: scientific and other technical services,DEB,PH,SE,2015,MIO_EUR,0.0
bop_its6_det,SJ313,Services: scientific and other technical services,DEB,PH,SE,2016,MIO_EUR,0.0
bop_its6_det,SJ313,Services: scientific and other technical services,DEB,PH,SE,2017,MIO_EUR,0.0
bop_its6_det,SJ313,Services: scientific and other technical services,DEB,PH,SE,2018,MIO_EUR,0.0
bop_its6_det,SJ313,Services: scientific and other technical services,DEB,PH,SE,2019,MIO_EUR,0.0
bop_its6_det,SJ313,Services: scientific and other technical services,DEB,PH,SE,2020,MIO_EUR,0.0
bop_its6_det,SJ313,Services: scientific and other technical services,DEB,PH,SE,2021,MIO_EUR,0.0
bop_its6_det,SJ313,Services: scientific and other technical services,DEB,PH,SE,2022,MIO_EUR,0.0
bop_its6_det,SJ313,Services: scientific and other technical services,DEB,PH,SE,2023,MIO_EUR,0.0
bop_its6_det,SJ313,Services: scientific and other technical services,DEB,PH,SE,2024,MIO_EUR,0.0
bop_its6_det,SJ313,Services: scientific and other technical services,CRE,PH,BE,2015,MIO_EUR,0.0
bop_its6_det,SJ313,Services: scientific and other technical services,CRE,PH,BE,2016,MIO_EUR,0.0
bop_its6_det,SJ313,Services: scientific and other technical services,CRE,PH,BE,2017,MIO_EUR,0.0
bop_its6_det,SJ313,Services: scientific and other technical services,CRE,PH,BE,2018,MIO_EUR,0.0
bop_its6_det,SJ313,Services: scientific and other technical services,CRE,PH,BE,2019,MIO_EUR,0.0
bop_its6_det,SJ313,Services: scientific and other technical services,CRE,PH,BE,2020,MIO_EUR,0.0
bop_its6_det,SJ313,Services: scientific and other technical services,CRE,PH,BE,2021,MIO_EUR,0.0
bop_its6_det,SJ313,Services: scientific and other technical services,CRE,PH,BE,2022,MIO_EUR,1.0
bop_its6_det,SJ313,Services: scientific and other technical services,CRE,PH,BE,2023,MIO_EUR,1.0
bop_its6_det,SJ313,Services: scientific and other technical services,CRE,PH,BE,2024,MIO_EUR,1.0
bop_its6_det,SJ313,Services: scientific and other technical services,CRE,PH,CZ,2015,MIO_EUR,0.0
bop_its6_det,SJ313,Services: scientific and other technical services,CRE,PH,CZ,2016,MIO_EUR,0.0
bop_its6_det,SJ313,Services: scientific and other technical services,CRE,PH,CZ,2017,MIO_EUR,0.0
bop_its6_det,SJ313,Services: scientific and other technical services,CRE,PH,CZ,2018,MIO_EUR,0.0
bop_its6_det,SJ313,Services: scientific and other technical services,CRE,PH,CZ,2019,MIO_EUR,0.0
bop_its6_det,SJ313,Services: scientific and other technical services,CRE,PH,CZ,2020,MIO_EUR,0.2
bop_its6_det,SJ313,Services: scientific and other technical services,CRE,PH,CZ,2021,MIO_EUR,0.0
bop_its6_det,SJ313,Services: scientific and other technical services,CRE,PH,CZ,2022,MIO_EUR,0.0
bop_its6_det,SJ313,Services: scientific and other technical services,CRE,PH,CZ,2023,MIO_EUR,0.0
bop_its6_det,SJ313,Services: scientific and other technical services,CRE,PH,CZ,2024,MIO_EUR,0.0
bop_its6_det,SJ313,Services: scientific and other technical services,CRE,PH,DE,2021,MIO_EUR,1.0
bop_its6_det,SJ313,Services: scientific and other technical services,CRE,PH,DE,2022,MIO_EUR,1.0
bop_its6_det,SJ313,Services: scientific and other technical services,CRE,PH,DK,2015,MIO_EUR,0.0
bop_its6_det,SJ313,Services: scientific and other technical services,CRE,PH,DK,2016,MIO_EUR,0.0
bop_its6_det,SJ313,Services: scientific and other technical services,CRE,PH,DK,2017,MIO_EUR,0.0
bop_its6_det,SJ313,Services: scientific and other technical services,CRE,PH,DK,2018,MIO_EUR,0.0
bop_its6_det,SJ313,Services: scientific and other technical services,CRE,PH,DK,2019,MIO_EUR,0.3
bop_its6_det,SJ313,Services: scientific and other technical services,CRE,PH,DK,2020,MIO_EUR,0.7
bop_its6_det,SJ313,Services: scientific and other technical services,CRE,PH,DK,2021,MIO_EUR,0.0
bop_its6_det,SJ313,Services: scientific and other technical services,CRE,PH,DK,2022,MIO_EUR,0.3
bop_its6_det,SJ313,Services: scientific and other technical services,CRE,PH,DK,2023,MIO_EUR,0.8
bop_its6_det,SJ313,Services: scientific and other technical services,CRE,PH,DK,2024,MIO_EUR,0.7
bop_its6_det,SJ313,Services: scientific and other technical services,CRE,PH,EL,2015,MIO_EUR,0.2
bop_its6_det,SJ313,Services: scientific and other technical services,CRE,PH,EL,2016,MIO_EUR,0.2
bop_its6_det,SJ313,Services: scientific and other technical services,CRE,PH,EL,2017,MIO_EUR,0.3
bop_its6_det,SJ313,Services: scientific and other technical services,CRE,PH,EL,2018,MIO_EUR,0.2
bop_its6_det,SJ313,Services: scientific and other technical services,CRE,PH,EL,2019,MIO_EUR,0.2
bop_its6_det,SJ313,Services: scientific and other technical services,CRE,PH,EL,2020,MIO_EUR,0.1
bop_its6_det,SJ313,Services: scientific and other technical services,CRE,PH,EL,2021,MIO_EUR,0.1
bop_its6_det,SJ313,Services: scientific and other technical services,CRE,PH,EL,2022,MIO_EUR,0.0
bop_its6_det,SJ313,Services: scientific and other technical services,CRE,PH,EL,2023,MIO_EUR,0.4
bop_its6_det,SJ313,Services: scientific and other technical services,CRE,PH,EL,2024,MIO_EUR,0.0
bop_its6_det,SJ313,Services: scientific and other technical services,CRE,PH,ES,2016,MIO_EUR,0.0
bop_its6_det,SJ313,Services: scientific and other technical services,CRE,PH,ES,2021,MIO_EUR,0.0
bop_its6_det,SJ313,Services: scientific and other technical services,CRE,PH,ES,2022,MIO_EUR,0.0
bop_its6_det,SJ313,Services: scientific and other technical services,CRE,PH,ES,2023,MIO_EUR,0.0
bop_its6_det,SJ313,Services: scientific and other technical services,CRE,PH,ES,2024,MIO_EUR,0.0
bop_its6_det,SJ313,Services: scientific and other technical services,CRE,PH,EU27_2020,2015,MIO_EUR,53.3
bop_its6_det,SJ313,Services: scientific and other technical services,CRE,PH,EU27_2020,2016,MIO_EUR,11.2
bop_its6_det,SJ313,Services: scientific and other technical services,CRE,PH,EU27_2020,2017,MIO_EUR,11.4
bop_its6_det,SJ313,Services: scientific and other technical services,CRE,PH,EU27_2020,2018,MIO_EUR,15.3
bop_its6_det,SJ313,Services: scientific and other technical services,CRE,PH,EU27_2020,2019,MIO_EUR,8.8
bop_its6_det,SJ313,Services: scientific and other technical services,CRE,PH,EU27_2020,2020,MIO_EUR,10.4
bop_its6_det,SJ313,Services: scientific and other technical services,CRE,PH,EU27_2020,2021,MIO_EUR,6.7
bop_its6_det,SJ313,Services: scientific and other technical services,CRE,PH,EU27_2020,2022,MIO_EUR,7.1
bop_its6_det,SJ313,Services: scientific and other technical services,CRE,PH,EU27_2020,2023,MIO_EUR,7.2
bop_its6_det,SJ313,Services: scientific and other technical services,CRE,PH,EU27_2020,2024,MIO_EUR,5.8
bop_its6_det,SJ313,Services: scientific and other technical services,CRE,PH,FI,2015,MIO_EUR,0.0
bop_its6_det,SJ313,Services: scientific and other technical services,CRE,PH,FI,2016,MIO_EUR,0.0
bop_its6_det,SJ313,Services: scientific and other technical services,CRE,PH,FI,2017,MIO_EUR,1.0
bop_its6_det,SJ313,Services: scientific and other technical services,CRE,PH,FI,2018,MIO_EUR,0.0
bop_its6_det,SJ313,Services: scientific and other technical services,CRE,PH,FI,2019,MIO_EUR,0.0
bop_its6_det,SJ313,Services: scientific and other technical services,CRE,PH,FI,2020,MIO_EUR,0.0
bop_its6_det,SJ313,Services: scientific and other technical services,CRE,PH,FI,2021,MIO_EUR,0.0
bop_its6_det,SJ313,Services: scientific and other technical services,CRE,PH,FI,2022,MIO_EUR,0.0
bop_its6_det,SJ313,Services: scientific and other technical services,CRE,PH,FI,2023,MIO_EUR,0.0
bop_its6_det,SJ313,Services: scientific and other technical services,CRE,PH,FI,2024,MIO_EUR,0.0
bop_its6_det,SJ313,Services: scientific and other technical services,CRE,PH,HU,2015,MIO_EUR,0.0
bop_its6_det,SJ313,Services: scientific and other technical services,CRE,PH,HU,2016,MIO_EUR,0.0
bop_its6_det,SJ313,Services: scientific and other technical services,CRE,PH,HU,2017,MIO_EUR,0.0
bop_its6_det,SJ313,Services: scientific and other technical services,CRE,PH,HU,2018,MIO_EUR,0.0
bop_its6_det,SJ313,Services: scientific and other technical services,CRE,PH,HU,2019,MIO_EUR,0.0
bop_its6_det,SJ313,Services: scientific and other technical services,CRE,PH,HU,2020,MIO_EUR,0.0
bop_its6_det,SJ313,Services: scientific and other technical services,CRE,PH,HU,2021,MIO_EUR,0.0
bop_its6_det,SJ313,Services: scientific and other technical services,CRE,PH,HU,2023,MIO_EUR,0.0
bop_its6_det,SJ313,Services: scientific and other technical services,CRE,PH,IE,2015,MIO_EUR,0.0
bop_its6_det,SJ313,Services: scientific and other technical services,CRE,PH,IE,2016,MIO_EUR,0.0
bop_its6_det,SJ313,Services: scientific and other technical services,CRE,PH,IE,2017,MIO_EUR,0.0
bop_its6_det,SJ313,Services: scientific and other technical services,CRE,PH,IE,2018,MIO_EUR,0.0
bop_its6_det,SJ313,Services: scientific and other technical services,CRE,PH,IE,2019,MIO_EUR,0.0
bop_its6_det,SJ313,Services: scientific and other technical services,CRE,PH,IE,2020,MIO_EUR,0.0
bop_its6_det,SJ313,Services: scientific and other technical services,CRE,PH,IE,2021,MIO_EUR,0.0
bop_its6_det,SJ313,Services: scientific and other technical services,CRE,PH,IE,2022,MIO_EUR,0.0
bop_its6_det,SJ313,Services: scientific and other technical services,CRE,PH,IE,2023,MIO_EUR,0.0
bop_its6_det,SJ313,Services: scientific and other technical services,CRE,PH,IE,2024,MIO_EUR,0.0
bop_its6_det,SJ313,Services: scientific and other technical services,CRE,PH,IT,2015,MIO_EUR,0.0
bop_its6_det,SJ313,Services: scientific and other technical services,CRE,PH,IT,2016,MIO_EUR,0.0
bop_its6_det,SJ313,Services: scientific and other technical services,CRE,PH,IT,2017,MIO_EUR,0.1
bop_its6_det,SJ313,Services: scientific and other technical services,CRE,PH,IT,2018,MIO_EUR,0.0
bop_its6_det,SJ313,Services: scientific and other technical services,CRE,PH,IT,2019,MIO_EUR,0.5
bop_its6_det,SJ313,Services: scientific and other technical services,CRE,PH,IT,2020,MIO_EUR,1.4
bop_its6_det,SJ313,Services: scientific and other technical services,CRE,PH,IT,2021,MIO_EUR,0.9
bop_its6_det,SJ313,Services: scientific and other technical services,CRE,PH,IT,2022,MIO_EUR,0.0
bop_its6_det,SJ313,Services: scientific and other technical services,CRE,PH,IT,2023,MIO_EUR,0.0
bop_its6_det,SJ313,Services: scientific and other technical services,CRE,PH,IT,2024,MIO_EUR,0.0
bop_its6_det,SJ313,Services: scientific and other technical services,CRE,PH,NL,2021,MIO_EUR,1.1
bop_its6_det,SJ313,Services: scientific and other technical services,CRE,PH,PL,2015,MIO_EUR,0.0
bop_its6_det,SJ313,Services: scientific and other technical services,CRE,PH,PL,2016,MIO_EUR,0.0
bop_its6_det,SJ313,Services: scientific and other technical services,CRE,PH,PL,2017,MIO_EUR,0.0
bop_its6_det,SJ313,Services: scientific and other technical services,CRE,PH,PL,2018,MIO_EUR,0.0
bop_its6_det,SJ313,Services: scientific and other technical services,CRE,PH,PL,2019,MIO_EUR,0.0
bop_its6_det,SJ313,Services: scientific and other technical services,CRE,PH,PL,2020,MIO_EUR,0.0
bop_its6_det,SJ313,Services: scientific and other technical services,CRE,PH,PL,2021,MIO_EUR,0.0
bop_its6_det,SJ313,Services: scientific and other technical services,CRE,PH,PL,2022,MIO_EUR,0.0
bop_its6_det,SJ313,Services: scientific and other technical services,CRE,PH,PL,2023,MIO_EUR,0.0
bop_its6_det,SJ313,Services: scientific and other technical services,CRE,PH,PL,2024,MIO_EUR,0.0
bop_its6_det,SJ313,Services: scientific and other technical services,CRE,PH,RO,2015,MIO_EUR,0.2
bop_its6_det,SJ313,Services: scientific and other technical services,CRE,PH,RO,2016,MIO_EUR,0.7
bop_its6_det,SJ313,Services: scientific and other technical services,CRE,PH,RO,2017,MIO_EUR,0.0
bop_its6_det,SJ313,Services: scientific and other technical services,CRE,PH,RO,2022,MIO_EUR,0.6
bop_its6_det,SJ313,Services: scientific and other technical services,CRE,PH,SE,2015,MIO_EUR,0.0
bop_its6_det,SJ313,Services: scientific and other technical services,CRE,PH,SE,2016,MIO_EUR,0.0
bop_its6_det,SJ313,Services: scientific and other technical services,CRE,PH,SE,2017,MIO_EUR,0.0
bop_its6_det,SJ313,Services: scientific and other technical services,CRE,PH,SE,2018,MIO_EUR,0.0
bop_its6_det,SJ313,Services: scientific and other technical services,CRE,PH,SE,2019,MIO_EUR,0.0
bop_its6_det,SJ313,Services: scientific and other technical services,CRE,PH,SE,2020,MIO_EUR,0.0
bop_its6_det,SJ313,Services: scientific and other technical services,CRE,PH,SE,2021,MIO_EUR,0.3
bop_its6_det,SJ313,Services: scientific and other technical services,CRE,PH,SE,2022,MIO_EUR,0.1
bop_its6_det,SJ313,Services: scientific and other technical services,CRE,PH,SE,2023,MIO_EUR,0.1
bop_its6_det,SJ313,Services: scientific and other technical services,CRE,PH,SE,2024,MIO_EUR,0.1
bop_its6_det,SJ3,"Services: technical, trade-related, and other business services",DEB,PH,AT,2015,MIO_EUR,1.0
bop_its6_det,SJ3,"Services: technical, trade-related, and other business services",DEB,PH,AT,2016,MIO_EUR,2.0
bop_its6_det,SJ3,"Services: technical, trade-related, and other business services",DEB,PH,AT,2017,MIO_EUR,2.0
bop_its6_det,SJ3,"Services: technical, trade-related, and other business services",DEB,PH,AT,2018,MIO_EUR,3.0
bop_its6_det,SJ3,"Services: technical, trade-related, and other business services",DEB,PH,AT,2019,MIO_EUR,3.0
bop_its6_det,SJ3,"Services: technical, trade-related, and other business services",DEB,PH,AT,2020,MIO_EUR,2.0
bop_its6_det,SJ3,"Services: technical, trade-related, and other business services",DEB,PH,AT,2021,MIO_EUR,1.0
bop_its6_det,SJ3,"Services: technical, trade-related, and other business services",DEB,PH,AT,2022,MIO_EUR,2.0
bop_its6_det,SJ3,"Services: technical, trade-related, and other business services",DEB,PH,AT,2023,MIO_EUR,2.0
bop_its6_det,SJ3,"Services: technical, trade-related, and other business services",DEB,PH,AT,2024,MIO_EUR,4.0
bop_its6_det,SJ3,"Services: technical, trade-related, and other business services",DEB,PH,BE,2015,MIO_EUR,3.0
bop_its6_det,SJ3,"Services: technical, trade-related, and other business services",DEB,PH,BE,2016,MIO_EUR,2.0
bop_its6_det,SJ3,"Services: technical, trade-related, and other business services",DEB,PH,BE,2017,MIO_EUR,1.0
bop_its6_det,SJ3,"Services: technical, trade-related, and other business services",DEB,PH,BE,2018,MIO_EUR,4.0
bop_its6_det,SJ3,"Services: technical, trade-related, and other business services",DEB,PH,BE,2019,MIO_EUR,1.0
bop_its6_det,SJ3,"Services: technical, trade-related, and other business services",DEB,PH,BE,2020,MIO_EUR,1.0
bop_its6_det,SJ3,"Services: technical, trade-related, and other business services",DEB,PH,BE,2021,MIO_EUR,1.0
bop_its6_det,SJ3,"Services: technical, trade-related, and other business services",DEB,PH,BE,2022,MIO_EUR,4.0
bop_its6_det,SJ3,"Services: technical, trade-related, and other business services",DEB,PH,BE,2023,MIO_EUR,3.0
bop_its6_det,SJ3,"Services: technical, trade-related, and other business services",DEB,PH,BE,2024,MIO_EUR,3.0
bop_its6_det,SJ3,"Services: technical, trade-related, and other business services",DEB,PH,CZ,2015,MIO_EUR,0.0
bop_its6_det,SJ3,"Services: technical, trade-related, and other business services",DEB,PH,CZ,2016,MIO_EUR,0.0
bop_its6_det,SJ3,"Services: technical, trade-related, and other business services",DEB,PH,CZ,2017,MIO_EUR,0.1
bop_its6_det,SJ3,"Services: technical, trade-related, and other business services",DEB,PH,CZ,2018,MIO_EUR,0.2
bop_its6_det,SJ3,"Services: technical, trade-related, and other business services",DEB,PH,CZ,2019,MIO_EUR,0.2
bop_its6_det,SJ3,"Services: technical, trade-related, and other business services",DEB,PH,CZ,2020,MIO_EUR,0.2
bop_its6_det,SJ3,"Services: technical, trade-related, and other business services",DEB,PH,CZ,2021,MIO_EUR,0.3
bop_its6_det,SJ3,"Services: technical, trade-related, and other business services",DEB,PH,CZ,2022,MIO_EUR,0.2
bop_its6_det,SJ3,"Services: technical, trade-related, and other business services",DEB,PH,CZ,2023,MIO_EUR,0.2
bop_its6_det,SJ3,"Services: technical, trade-related, and other business services",DEB,PH,CZ,2024,MIO_EUR,0.7
bop_its6_det,SJ3,"Services: technical, trade-related, and other business services",DEB,PH,DE,2018,MIO_EUR,134.0
bop_its6_det,SJ3,"Services: technical, trade-related, and other business services",DEB,PH,DE,2019,MIO_EUR,144.0
bop_its6_det,SJ3,"Services: technical, trade-related, and other business services",DEB,PH,DE,2020,MIO_EUR,121.0
bop_its6_det,SJ3,"Services: technical, trade-related, and other business services",DEB,PH,DE,2023,MIO_EUR,115.0
bop_its6_det,SJ3,"Services: technical, trade-related, and other business services",DEB,PH,DK,2015,MIO_EUR,2.4
bop_its6_det,SJ3,"Services: technical, trade-related, and other business services",DEB,PH,DK,2016,MIO_EUR,3.1
bop_its6_det,SJ3,"Services: technical, trade-related, and other business services",DEB,PH,DK,2017,MIO_EUR,3.5
bop_its6_det,SJ3,"Services: technical, trade-related, and other business services",DEB,PH,DK,2018,MIO_EUR,3.1
bop_its6_det,SJ3,"Services: technical, trade-related, and other business services",DEB,PH,DK,2019,MIO_EUR,3.8
bop_its6_det,SJ3,"Services: technical, trade-related, and other business services",DEB,PH,DK,2020,MIO_EUR,3.1
bop_its6_det,SJ3,"Services: technical, trade-related, and other business services",DEB,PH,DK,2021,MIO_EUR,8.1
bop_its6_det,SJ3,"Services: technical, trade-related, and other business services",DEB,PH,DK,2022,MIO_EUR,7.1
bop_its6_det,SJ3,"Services: technical, trade-related, and other business services",DEB,PH,DK,2023,MIO_EUR,8.2
bop_its6_det,SJ3,"Services: technical, trade-related, and other business services",DEB,PH,DK,2024,MIO_EUR,14.7
bop_its6_det,SJ3,"Services: technical, trade-related, and other business services",DEB,PH,EL,2015,MIO_EUR,0.1
bop_its6_det,SJ3,"Services: technical, trade-related, and other business services",DEB,PH,EL,2016,MIO_EUR,0.3
bop_its6_det,SJ3,"Services: technical, trade-related, and other business services",DEB,PH,EL,2017,MIO_EUR,0.4
bop_its6_det,SJ3,"Services: technical, trade-related, and other business services",DEB,PH,EL,2018,MIO_EUR,0.5
bop_its6_det,SJ3,"Services: technical, trade-related, and other business services",DEB,PH,EL,2019,MIO_EUR,0.5
bop_its6_det,SJ3,"Services: technical, trade-related, and other business services",DEB,PH,EL,2020,MIO_EUR,0.1
bop_its6_det,SJ3,"Services: technical, trade-related, and other business services",DEB,PH,EL,2021,MIO_EUR,0.1
bop_its6_det,SJ3,"Services: technical, trade-related, and other business services",DEB,PH,EL,2022,MIO_EUR,0.2
bop_its6_det,SJ3,"Services: technical, trade-related, and other business services",DEB,PH,EL,2023,MIO_EUR,0.0
bop_its6_det,SJ3,"Services: technical, trade-related, and other business services",DEB,PH,EL,2024,MIO_EUR,0.0
bop_its6_det,SJ3,"Services: technical, trade-related, and other business services",DEB,PH,ES,2015,MIO_EUR,17.0
bop_its6_det,SJ3,"Services: technical, trade-related, and other business services",DEB,PH,ES,2016,MIO_EUR,16.0
bop_its6_det,SJ3,"Services: technical, trade-related, and other business services",DEB,PH,ES,2017,MIO_EUR,19.0
bop_its6_det,SJ3,"Services: technical, trade-related, and other business services",DEB,PH,ES,2018,MIO_EUR,14.0
bop_its6_det,SJ3,"Services: technical, trade-related, and other business services",DEB,PH,ES,2019,MIO_EUR,25.0
bop_its6_det,SJ3,"Services: technical, trade-related, and other business services",DEB,PH,ES,2020,MIO_EUR,17.0
bop_its6_det,SJ3,"Services: technical, trade-related, and other business services",DEB,PH,ES,2021,MIO_EUR,19.0
bop_its6_det,SJ3,"Services: technical, trade-related, and other business services",DEB,PH,ES,2022,MIO_EUR,35.0
bop_its6_det,SJ3,"Services: technical, trade-related, and other business services",DEB,PH,ES,2023,MIO_EUR,17.0
bop_its6_det,SJ3,"Services: technical, trade-related, and other business services",DEB,PH,EU27_2020,2015,MIO_EUR,199.9
bop_its6_det,SJ3,"Services: technical, trade-related, and other business services",DEB,PH,EU27_2020,2016,MIO_EUR,240.0
bop_its6_det,SJ3,"Services: technical, trade-related, and other business services",DEB,PH,EU27_2020,2017,MIO_EUR,263.8
bop_its6_det,SJ3,"Services: technical, trade-related, and other business services",DEB,PH,EU27_2020,2018,MIO_EUR,535.7
bop_its6_det,SJ3,"Services: technical, trade-related, and other business services",DEB,PH,EU27_2020,2019,MIO_EUR,616.3
bop_its6_det,SJ3,"Services: technical, trade-related, and other business services",DEB,PH,EU27_2020,2020,MIO_EUR,599.1
bop_its6_det,SJ3,"Services: technical, trade-related, and other business services",DEB,PH,EU27_2020,2021,MIO_EUR,824.1
bop_its6_det,SJ3,"Services: technical, trade-related, and other business services",DEB,PH,EU27_2020,2022,MIO_EUR,578.7
bop_its6_det,SJ3,"Services: technical, trade-related, and other business services",DEB,PH,EU27_2020,2023,MIO_EUR,477.4
bop_its6_det,SJ3,"Services: technical, trade-related, and other business services",DEB,PH,EU27_2020,2024,MIO_EUR,485.4
bop_its6_det,SJ3,"Services: technical, trade-related, and other business services",DEB,PH,FI,2022,MIO_EUR,1.0
bop_its6_det,SJ3,"Services: technical, trade-related, and other business services",DEB,PH,FI,2023,MIO_EUR,5.0
bop_its6_det,SJ3,"Services: technical, trade-related, and other business services",DEB,PH,FI,2024,MIO_EUR,1.0
bop_its6_det,SJ3,"Services: technical, trade-related, and other business services",DEB,PH,FR,2015,MIO_EUR,20.0
bop_its6_det,SJ3,"Services: technical, trade-related, and other business services",DEB,PH,FR,2016,MIO_EUR,12.0
bop_its6_det,SJ3,"Services: technical, trade-related, and other business services",DEB,PH,FR,2017,MIO_EUR,22.0
bop_its6_det,SJ3,"Services: technical, trade-related, and other business services",DEB,PH,FR,2018,MIO_EUR,17.0
bop_its6_det,SJ3,"Services: technical, trade-related, and other business services",DEB,PH,FR,2019,MIO_EUR,79.0
bop_its6_det,SJ3,"Services: technical, trade-related, and other business services",DEB,PH,FR,2020,MIO_EUR,8.0
bop_its6_det,SJ3,"Services: technical, trade-related, and other business services",DEB,PH,FR,2021,MIO_EUR,36.0
bop_its6_det,SJ3,"Services: technical, trade-related, and other business services",DEB,PH,FR,2022,MIO_EUR,14.0
bop_its6_det,SJ3,"Services: technical, trade-related, and other business services",DEB,PH,FR,2023,MIO_EUR,12.0
bop_its6_det,SJ3,"Services: technical, trade-related, and other business services",DEB,PH,FR,2024,MIO_EUR,18.0
bop_its6_det,SJ3,"Services: technical, trade-related, and other business services",DEB,PH,HU,2015,MIO_EUR,0.2
bop_its6_det,SJ3,"Services: technical, trade-related, and other business services",DEB,PH,HU,2016,MIO_EUR,0.1
bop_its6_det,SJ3,"Services: technical, trade-related, and other business services",DEB,PH,HU,2017,MIO_EUR,0.1
bop_its6_det,SJ3,"Services: technical, trade-related, and other business services",DEB,PH,HU,2018,MIO_EUR,0.1
bop_its6_det,SJ3,"Services: technical, trade-related, and other business services",DEB,PH,HU,2019,MIO_EUR,1.2
bop_its6_det,SJ3,"Services: technical, trade-related, and other business services",DEB,PH,HU,2020,MIO_EUR,2.4
bop_its6_det,SJ3,"Services: technical, trade-related, and other business services",DEB,PH,HU,2021,MIO_EUR,2.7
bop_its6_det,SJ3,"Services: technical, trade-related, and other business services",DEB,PH,HU,2022,MIO_EUR,3.3
bop_its6_det,SJ3,"Services: technical, trade-related, and other business services",DEB,PH,HU,2023,MIO_EUR,4.1
bop_its6_det,SJ3,"Services: technical, trade-related, and other business services",DEB,PH,HU,2024,MIO_EUR,5.6
bop_its6_det,SJ3,"Services: technical, trade-related, and other business services",DEB,PH,IE,2017,MIO_EUR,36.0
bop_its6_det,SJ3,"Services: technical, trade-related, and other business services",DEB,PH,IE,2018,MIO_EUR,10.0
bop_its6_det,SJ3,"Services: technical, trade-related, and other business services",DEB,PH,IE,2019,MIO_EUR,24.0
bop_its6_det,SJ3,"Services: technical, trade-related, and other business services",DEB,PH,IE,2020,MIO_EUR,30.0
bop_its6_det,SJ3,"Services: technical, trade-related, and other business services",DEB,PH,IE,2021,MIO_EUR,50.0
bop_its6_det,SJ3,"Services: technical, trade-related, and other business services",DEB,PH,IE,2023,MIO_EUR,26.0
bop_its6_det,SJ3,"Services: technical, trade-related, and other business services",DEB,PH,IE,2024,MIO_EUR,29.0
bop_its6_det,SJ3,"Services: technical, trade-related, and other business services",DEB,PH,IT,2015,MIO_EUR,40.6
bop_its6_det,SJ3,"Services: technical, trade-related, and other business services",DEB,PH,IT,2016,MIO_EUR,63.8
bop_its6_det,SJ3,"Services: technical, trade-related, and other business services",DEB,PH,IT,2017,MIO_EUR,27.7
bop_its6_det,SJ3,"Services: technical, trade-related, and other business services",DEB,PH,IT,2018,MIO_EUR,62.5
bop_its6_det,SJ3,"Services: technical, trade-related, and other business services",DEB,PH,IT,2019,MIO_EUR,36.0
bop_its6_det,SJ3,"Services: technical, trade-related, and other business services",DEB,PH,IT,2020,MIO_EUR,16.4
bop_its6_det,SJ3,"Services: technical, trade-related, and other business services",DEB,PH,IT,2021,MIO_EUR,42.1
bop_its6_det,SJ3,"Services: technical, trade-related, and other business services",DEB,PH,IT,2022,MIO_EUR,70.1
bop_its6_det,SJ3,"Services: technical, trade-related, and other business services",DEB,PH,IT,2023,MIO_EUR,37.9
bop_its6_det,SJ3,"Services: technical, trade-related, and other business services",DEB,PH,IT,2024,MIO_EUR,46.5
bop_its6_det,SJ3,"Services: technical, trade-related, and other business services",DEB,PH,NL,2015,MIO_EUR,39.5
bop_its6_det,SJ3,"Services: technical, trade-related, and other business services",DEB,PH,NL,2016,MIO_EUR,40.6
bop_its6_det,SJ3,"Services: technical, trade-related, and other business services",DEB,PH,NL,2017,MIO_EUR,40.4
bop_its6_det,SJ3,"Services: technical, trade-related, and other business services",DEB,PH,NL,2018,MIO_EUR,60.2
bop_its6_det,SJ3,"Services: technical, trade-related, and other business services",DEB,PH,NL,2019,MIO_EUR,99.4
bop_its6_det,SJ3,"Services: technical, trade-related, and other business services",DEB,PH,NL,2020,MIO_EUR,157.1
bop_its6_det,SJ3,"Services: technical, trade-related, and other business services",DEB,PH,NL,2021,MIO_EUR,161.3
bop_its6_det,SJ3,"Services: technical, trade-related, and other business services",DEB,PH,NL,2022,MIO_EUR,282.7
bop_its6_det,SJ3,"Services: technical, trade-related, and other business services",DEB,PH,NL,2023,MIO_EUR,224.9
bop_its6_det,SJ3,"Services: technical, trade-related, and other business services",DEB,PH,NL,2024,MIO_EUR,195.5
bop_its6_det,SJ3,"Services: technical, trade-related, and other business services",DEB,PH,PL,2015,MIO_EUR,1.0
bop_its6_det,SJ3,"Services: technical, trade-related, and other business services",DEB,PH,PL,2016,MIO_EUR,0.7
bop_its6_det,SJ3,"Services: technical, trade-related, and other business services",DEB,PH,PL,2017,MIO_EUR,0.9
bop_its6_det,SJ3,"Services: technical, trade-related, and other business services",DEB,PH,PL,2018,MIO_EUR,2.1
bop_its6_det,SJ3,"Services: technical, trade-related, and other business services",DEB,PH,PL,2019,MIO_EUR,1.4
bop_its6_det,SJ3,"Services: technical, trade-related, and other business services",DEB,PH,PL,2020,MIO_EUR,1.6
bop_its6_det,SJ3,"Services: technical, trade-related, and other business services",DEB,PH,PL,2021,MIO_EUR,1.3
bop_its6_det,SJ3,"Services: technical, trade-related, and other business services",DEB,PH,PL,2022,MIO_EUR,1.1
bop_its6_det,SJ3,"Services: technical, trade-related, and other business services",DEB,PH,PL,2023,MIO_EUR,1.3
bop_its6_det,SJ3,"Services: technical, trade-related, and other business services",DEB,PH,PL,2024,MIO_EUR,3.3
bop_its6_det,SJ3,"Services: technical, trade-related, and other business services",DEB,PH,PT,2015,MIO_EUR,0.0
bop_its6_det,SJ3,"Services: technical, trade-related, and other business services",DEB,PH,PT,2016,MIO_EUR,0.0
bop_its6_det,SJ3,"Services: technical, trade-related, and other business services",DEB,PH,PT,2017,MIO_EUR,0.0
bop_its6_det,SJ3,"Services: technical, trade-related, and other business services",DEB,PH,PT,2018,MIO_EUR,0.0
bop_its6_det,SJ3,"Services: technical, trade-related, and other business services",DEB,PH,PT,2019,MIO_EUR,0.0
bop_its6_det,SJ3,"Services: technical, trade-related, and other business services",DEB,PH,PT,2020,MIO_EUR,0.0
bop_its6_det,SJ3,"Services: technical, trade-related, and other business services",DEB,PH,PT,2021,MIO_EUR,1.0
bop_its6_det,SJ3,"Services: technical, trade-related, and other business services",DEB,PH,PT,2022,MIO_EUR,2.0
bop_its6_det,SJ3,"Services: technical, trade-related, and other business services",DEB,PH,PT,2023,MIO_EUR,1.0
bop_its6_det,SJ3,"Services: technical, trade-related, and other business services",DEB,PH,PT,2024,MIO_EUR,0.0
bop_its6_det,SJ3,"Services: technical, trade-related, and other business services",DEB,PH,RO,2015,MIO_EUR,0.2
bop_its6_det,SJ3,"Services: technical, trade-related, and other business services",DEB,PH,RO,2016,MIO_EUR,0.2
bop_its6_det,SJ3,"Services: technical, trade-related, and other business services",DEB,PH,RO,2017,MIO_EUR,0.2
bop_its6_det,SJ3,"Services: technical, trade-related, and other business services",DEB,PH,RO,2018,MIO_EUR,0.0
bop_its6_det,SJ3,"Services: technical, trade-related, and other business services",DEB,PH,RO,2019,MIO_EUR,0.2
bop_its6_det,SJ3,"Services: technical, trade-related, and other business services",DEB,PH,RO,2020,MIO_EUR,0.2
bop_its6_det,SJ3,"Services: technical, trade-related, and other business services",DEB,PH,RO,2021,MIO_EUR,0.4
bop_its6_det,SJ3,"Services: technical, trade-related, and other business services",DEB,PH,RO,2022,MIO_EUR,0.8
bop_its6_det,SJ3,"Services: technical, trade-related, and other business services",DEB,PH,RO,2023,MIO_EUR,0.2
bop_its6_det,SJ3,"Services: technical, trade-related, and other business services",DEB,PH,RO,2024,MIO_EUR,0.4
bop_its6_det,SJ3,"Services: technical, trade-related, and other business services",DEB,PH,SE,2015,MIO_EUR,21.7
bop_its6_det,SJ3,"Services: technical, trade-related, and other business services",DEB,PH,SE,2016,MIO_EUR,13.2
bop_its6_det,SJ3,"Services: technical, trade-related, and other business services",DEB,PH,SE,2017,MIO_EUR,8.1
bop_its6_det,SJ3,"Services: technical, trade-related, and other business services",DEB,PH,SE,2018,MIO_EUR,215.9
bop_its6_det,SJ3,"Services: technical, trade-related, and other business services",DEB,PH,SE,2019,MIO_EUR,188.2
bop_its6_det,SJ3,"Services: technical, trade-related, and other business services",DEB,PH,SE,2020,MIO_EUR,231.9
bop_its6_det,SJ3,"Services: technical, trade-related, and other business services",DEB,PH,SE,2021,MIO_EUR,385.9
bop_its6_det,SJ3,"Services: technical, trade-related, and other business services",DEB,PH,SE,2022,MIO_EUR,17.2
bop_its6_det,SJ3,"Services: technical, trade-related, and other business services",DEB,PH,SE,2023,MIO_EUR,16.1
bop_its6_det,SJ3,"Services: technical, trade-related, and other business services",DEB,PH,SE,2024,MIO_EUR,8.2
bop_its6_det,SJ3,"Services: technical, trade-related, and other business services",DEB,PH,UK,2016,MIO_EUR,92.7
bop_its6_det,SJ3,"Services: technical, trade-related, and other business services",DEB,PH,UK,2017,MIO_EUR,78.7
bop_its6_det,SJ3,"Services: technical, trade-related, and other business services",CRE,PH,AT,2015,MIO_EUR,3.0
bop_its6_det,SJ3,"Services: technical, trade-related, and other business services",CRE,PH,AT,2016,MIO_EUR,2.0
bop_its6_det,SJ3,"Services: technical, trade-related, and other business services",CRE,PH,AT,2017,MIO_EUR,3.0
bop_its6_det,SJ3,"Services: technical, trade-related, and other business services",CRE,PH,AT,2018,MIO_EUR,3.0
bop_its6_det,SJ3,"Services: technical, trade-related, and other business services",CRE,PH,AT,2019,MIO_EUR,4.0
bop_its6_det,SJ3,"Services: technical, trade-related, and other business services",CRE,PH,AT,2020,MIO_EUR,3.0
bop_its6_det,SJ3,"Services: technical, trade-related, and other business services",CRE,PH,AT,2021,MIO_EUR,6.0
bop_its6_det,SJ3,"Services: technical, trade-related, and other business services",CRE,PH,AT,2022,MIO_EUR,3.0
bop_its6_det,SJ3,"Services: technical, trade-related, and other business services",CRE,PH,AT,2023,MIO_EUR,4.0
bop_its6_det,SJ3,"Services: technical, trade-related, and other business services",CRE,PH,AT,2024,MIO_EUR,7.0
bop_its6_det,SJ3,"Services: technical, trade-related, and other business services",CRE,PH,BE,2015,MIO_EUR,3.0
bop_its6_det,SJ3,"Services: technical, trade-related, and other business services",CRE,PH,BE,2016,MIO_EUR,1.0
bop_its6_det,SJ3,"Services: technical, trade-related, and other business services",CRE,PH,BE,2017,MIO_EUR,2.0
bop_its6_det,SJ3,"Services: technical, trade-related, and other business services",CRE,PH,BE,2018,MIO_EUR,5.0
bop_its6_det,SJ3,"Services: technical, trade-related, and other business services",CRE,PH,BE,2019,MIO_EUR,3.0
bop_its6_det,SJ3,"Services: technical, trade-related, and other business services",CRE,PH,BE,2020,MIO_EUR,1.0
bop_its6_det,SJ3,"Services: technical, trade-related, and other business services",CRE,PH,BE,2021,MIO_EUR,1.0
bop_its6_det,SJ3,"Services: technical, trade-related, and other business services",CRE,PH,BE,2022,MIO_EUR,7.0
bop_its6_det,SJ3,"Services: technical, trade-related, and other business services",CRE,PH,BE,2023,MIO_EUR,3.0
bop_its6_det,SJ3,"Services: technical, trade-related, and other business services",CRE,PH,BE,2024,MIO_EUR,3.0
bop_its6_det,SJ3,"Services: technical, trade-related, and other business services",CRE,PH,CZ,2015,MIO_EUR,0.1
bop_its6_det,SJ3,"Services: technical, trade-related, and other business services",CRE,PH,CZ,2016,MIO_EUR,0.1
bop_its6_det,SJ3,"Services: technical, trade-related, and other business services",CRE,PH,CZ,2017,MIO_EUR,0.1
bop_its6_det,SJ3,"Services: technical, trade-related, and other business services",CRE,PH,CZ,2018,MIO_EUR,0.0
bop_its6_det,SJ3,"Services: technical, trade-related, and other business services",CRE,PH,CZ,2019,MIO_EUR,0.2
bop_its6_det,SJ3,"Services: technical, trade-related, and other business services",CRE,PH,CZ,2020,MIO_EUR,0.3
bop_its6_det,SJ3,"Services: technical, trade-related, and other business services",CRE,PH,CZ,2021,MIO_EUR,0.1
bop_its6_det,SJ3,"Services: technical, trade-related, and other business services",CRE,PH,CZ,2022,MIO_EUR,0.2
bop_its6_det,SJ3,"Services: technical, trade-related, and other business services",CRE,PH,CZ,2023,MIO_EUR,0.3
bop_its6_det,SJ3,"Services: technical, trade-related, and other business services",CRE,PH,CZ,2024,MIO_EUR,0.4
bop_its6_det,SJ3,"Services: technical, trade-related, and other business services",CRE,PH,DE,2019,MIO_EUR,236.0
bop_its6_det,SJ3,"Services: technical, trade-related, and other business services",CRE,PH,DE,2020,MIO_EUR,32.0
bop_its6_det,SJ3,"Services: technical, trade-related, and other business services",CRE,PH,DE,2023,MIO_EUR,31.0
bop_its6_det,SJ3,"Services: technical, trade-related, and other business services",CRE,PH,DK,2015,MIO_EUR,3.1
bop_its6_det,SJ3,"Services: technical, trade-related, and other business services",CRE,PH,DK,2016,MIO_EUR,5.0
bop_its6_det,SJ3,"Services: technical, trade-related, and other business services",CRE,PH,DK,2017,MIO_EUR,6.7
bop_its6_det,SJ3,"Services: technical, trade-related, and other business services",CRE,PH,DK,2018,MIO_EUR,17.7
bop_its6_det,SJ3,"Services: technical, trade-related, and other business services",CRE,PH,DK,2019,MIO_EUR,4.0
bop_its6_det,SJ3,"Services: technical, trade-related, and other business services",CRE,PH,DK,2020,MIO_EUR,4.4
bop_its6_det,SJ3,"Services: technical, trade-related, and other business services",CRE,PH,DK,2021,MIO_EUR,5.2
bop_its6_det,SJ3,"Services: technical, trade-related, and other business services",CRE,PH,DK,2022,MIO_EUR,6.7
bop_its6_det,SJ3,"Services: technical, trade-related, and other business services",CRE,PH,DK,2023,MIO_EUR,4.8
bop_its6_det,SJ3,"Services: technical, trade-related, and other business services",CRE,PH,DK,2024,MIO_EUR,10.5
bop_its6_det,SJ3,"Services: technical, trade-related, and other business services",CRE,PH,EL,2015,MIO_EUR,0.4
bop_its6_det,SJ3,"Services: technical, trade-related, and other business services",CRE,PH,EL,2016,MIO_EUR,0.5
bop_its6_det,SJ3,"Services: technical, trade-related, and other business services",CRE,PH,EL,2017,MIO_EUR,0.5
bop_its6_det,SJ3,"Services: technical, trade-related, and other business services",CRE,PH,EL,2018,MIO_EUR,0.5
bop_its6_det,SJ3,"Services: technical, trade-related, and other business services",CRE,PH,EL,2019,MIO_EUR,0.4
bop_its6_det,SJ3,"Services: technical, trade-related, and other business services",CRE,PH,EL,2020,MIO_EUR,0.3
bop_its6_det,SJ3,"Services: technical, trade-related, and other business services",CRE,PH,EL,2021,MIO_EUR,0.2
bop_its6_det,SJ3,"Services: technical, trade-related, and other business services",CRE,PH,EL,2022,MIO_EUR,0.0
bop_its6_det,SJ3,"Services: technical, trade-related, and other business services",CRE,PH,EL,2023,MIO_EUR,0.8
bop_its6_det,SJ3,"Services: technical, trade-related, and other business services",CRE,PH,EL,2024,MIO_EUR,0.0
bop_its6_det,SJ3,"Services: technical, trade-related, and other business services",CRE,PH,ES,2015,MIO_EUR,7.0
bop_its6_det,SJ3,"Services: technical, trade-related, and other business services",CRE,PH,ES,2016,MIO_EUR,8.0
bop_its6_det,SJ3,"Services: technical, trade-related, and other business services",CRE,PH,ES,2017,MIO_EUR,6.0
bop_its6_det,SJ3,"Services: technical, trade-related, and other business services",CRE,PH,ES,2018,MIO_EUR,11.0
bop_its6_det,SJ3,"Services: technical, trade-related, and other business services",CRE,PH,ES,2019,MIO_EUR,9.0
bop_its6_det,SJ3,"Services: technical, trade-related, and other business services",CRE,PH,ES,2020,MIO_EUR,4.0
bop_its6_det,SJ3,"Services: technical, trade-related, and other business services",CRE,PH,ES,2021,MIO_EUR,3.0
bop_its6_det,SJ3,"Services: technical, trade-related, and other business services",CRE,PH,ES,2022,MIO_EUR,12.0
bop_its6_det,SJ3,"Services: technical, trade-related, and other business services",CRE,PH,ES,2023,MIO_EUR,12.0
bop_its6_det,SJ3,"Services: technical, trade-related, and other business services",CRE,PH,ES,2024,MIO_EUR,18.0
bop_its6_det,SJ3,"Services: technical, trade-related, and other business services",CRE,PH,EU27_2020,2015,MIO_EUR,617.1
bop_its6_det,SJ3,"Services: technical, trade-related, and other business services",CRE,PH,EU27_2020,2016,MIO_EUR,599.0
bop_its6_det,SJ3,"Services: technical, trade-related, and other business services",CRE,PH,EU27_2020,2017,MIO_EUR,515.1
bop_its6_det,SJ3,"Services: technical, trade-related, and other business services",CRE,PH,EU27_2020,2018,MIO_EUR,672.2
bop_its6_det,SJ3,"Services: technical, trade-related, and other business services",CRE,PH,EU27_2020,2019,MIO_EUR,792.3
bop_its6_det,SJ3,"Services: technical, trade-related, and other business services",CRE,PH,EU27_2020,2020,MIO_EUR,473.3
bop_its6_det,SJ3,"Services: technical, trade-related, and other business services",CRE,PH,EU27_2020,2021,MIO_EUR,347.4
bop_its6_det,SJ3,"Services: technical, trade-related, and other business services",CRE,PH,EU27_2020,2022,MIO_EUR,557.5
bop_its6_det,SJ3,"Services: technical, trade-related, and other business services",CRE,PH,EU27_2020,2023,MIO_EUR,529.0
bop_its6_det,SJ3,"Services: technical, trade-related, and other business services",CRE,PH,EU27_2020,2024,MIO_EUR,493.6
bop_its6_det,SJ3,"Services: technical, trade-related, and other business services",CRE,PH,FI,2015,MIO_EUR,3.0
bop_its6_det,SJ3,"Services: technical, trade-related, and other business services",CRE,PH,FI,2016,MIO_EUR,9.0
bop_its6_det,SJ3,"Services: technical, trade-related, and other business services",CRE,PH,FI,2017,MIO_EUR,4.0
bop_its6_det,SJ3,"Services: technical, trade-related, and other business services",CRE,PH,FI,2018,MIO_EUR,3.0
bop_its6_det,SJ3,"Services: technical, trade-related, and other business services",CRE,PH,FI,2019,MIO_EUR,0.0
bop_its6_det,SJ3,"Services: technical, trade-related, and other business services",CRE,PH,FI,2020,MIO_EUR,1.0
bop_its6_det,SJ3,"Services: technical, trade-related, and other business services",CRE,PH,FI,2021,MIO_EUR,4.0
bop_its6_det,SJ3,"Services: technical, trade-related, and other business services",CRE,PH,FI,2022,MIO_EUR,3.0
bop_its6_det,SJ3,"Services: technical, trade-related, and other business services",CRE,PH,FI,2023,MIO_EUR,6.0
bop_its6_det,SJ3,"Services: technical, trade-related, and other business services",CRE,PH,FI,2024,MIO_EUR,5.0
bop_its6_det,SJ3,"Services: technical, trade-related, and other business services",CRE,PH,FR,2015,MIO_EUR,199.0
bop_its6_det,SJ3,"Services: technical, trade-related, and other business services",CRE,PH,FR,2016,MIO_EUR,97.0
bop_its6_det,SJ3,"Services: technical, trade-related, and other business services",CRE,PH,FR,2017,MIO_EUR,16.0
bop_its6_det,SJ3,"Services: technical, trade-related, and other business services",CRE,PH,FR,2018,MIO_EUR,25.0
bop_its6_det,SJ3,"Services: technical, trade-related, and other business services",CRE,PH,FR,2019,MIO_EUR,24.0
bop_its6_det,SJ3,"Services: technical, trade-related, and other business services",CRE,PH,FR,2020,MIO_EUR,38.0
bop_its6_det,SJ3,"Services: technical, trade-related, and other business services",CRE,PH,FR,2021,MIO_EUR,29.0
bop_its6_det,SJ3,"Services: technical, trade-related, and other business services",CRE,PH,FR,2022,MIO_EUR,62.0
bop_its6_det,SJ3,"Services: technical, trade-related, and other business services",CRE,PH,FR,2023,MIO_EUR,23.0
bop_its6_det,SJ3,"Services: technical, trade-related, and other business services",CRE,PH,FR,2024,MIO_EUR,27.0
bop_its6_det,SJ3,"Services: technical, trade-related, and other business services",CRE,PH,HU,2015,MIO_EUR,0.2
bop_its6_det,SJ3,"Services: technical, trade-related, and other business services",CRE,PH,HU,2016,MIO_EUR,0.1
bop_its6_det,SJ3,"Services: technical, trade-related, and other business services",CRE,PH,HU,2017,MIO_EUR,0.1
bop_its6_det,SJ3,"Services: technical, trade-related, and other business services",CRE,PH,HU,2018,MIO_EUR,0.4
bop_its6_det,SJ3,"Services: technical, trade-related, and other business services",CRE,PH,HU,2019,MIO_EUR,0.3
bop_its6_det,SJ3,"Services: technical, trade-related, and other business services",CRE,PH,HU,2020,MIO_EUR,0.6
bop_its6_det,SJ3,"Services: technical, trade-related, and other business services",CRE,PH,HU,2021,MIO_EUR,0.5
bop_its6_det,SJ3,"Services: technical, trade-related, and other business services",CRE,PH,HU,2022,MIO_EUR,0.4
bop_its6_det,SJ3,"Services: technical, trade-related, and other business services",CRE,PH,HU,2023,MIO_EUR,0.4
bop_its6_det,SJ3,"Services: technical, trade-related, and other business services",CRE,PH,HU,2024,MIO_EUR,0.6
bop_its6_det,SJ3,"Services: technical, trade-related, and other business services",CRE,PH,IE,2015,MIO_EUR,216.0
bop_its6_det,SJ3,"Services: technical, trade-related, and other business services",CRE,PH,IE,2016,MIO_EUR,279.0
bop_its6_det,SJ3,"Services: technical, trade-related, and other business services",CRE,PH,IE,2017,MIO_EUR,278.0
bop_its6_det,SJ3,"Services: technical, trade-related, and other business services",CRE,PH,IE,2018,MIO_EUR,285.0
bop_its6_det,SJ3,"Services: technical, trade-related, and other business services",CRE,PH,IE,2019,MIO_EUR,359.0
bop_its6_det,SJ3,"Services: technical, trade-related, and other business services",CRE,PH,IE,2020,MIO_EUR,287.0
bop_its6_det,SJ3,"Services: technical, trade-related, and other business services",CRE,PH,IE,2021,MIO_EUR,198.0
bop_its6_det,SJ3,"Services: technical, trade-related, and other business services",CRE,PH,IE,2022,MIO_EUR,325.0
bop_its6_det,SJ3,"Services: technical, trade-related, and other business services",CRE,PH,IE,2023,MIO_EUR,346.0
bop_its6_det,SJ3,"Services: technical, trade-related, and other business services",CRE,PH,IE,2024,MIO_EUR,281.0
bop_its6_det,SJ3,"Services: technical, trade-related, and other business services",CRE,PH,IT,2015,MIO_EUR,2.0
bop_its6_det,SJ3,"Services: technical, trade-related, and other business services",CRE,PH,IT,2016,MIO_EUR,2.3
bop_its6_det,SJ3,"Services: technical, trade-related, and other business services",CRE,PH,IT,2017,MIO_EUR,4.2
bop_its6_det,SJ3,"Services: technical, trade-related, and other business services",CRE,PH,IT,2018,MIO_EUR,7.4
bop_its6_det,SJ3,"Services: technical, trade-related, and other business services",CRE,PH,IT,2019,MIO_EUR,2.0
bop_its6_det,SJ3,"Services: technical, trade-related, and other business services",CRE,PH,IT,2020,MIO_EUR,3.6
bop_its6_det,SJ3,"Services: technical, trade-related, and other business services",CRE,PH,IT,2021,MIO_EUR,3.2
bop_its6_det,SJ3,"Services: technical, trade-related, and other business services",CRE,PH,IT,2022,MIO_EUR,1.9
bop_its6_det,SJ3,"Services: technical, trade-related, and other business services",CRE,PH,IT,2023,MIO_EUR,4.7
bop_its6_det,SJ3,"Services: technical, trade-related, and other business services",CRE,PH,IT,2024,MIO_EUR,0.9
bop_its6_det,SJ3,"Services: technical, trade-related, and other business services",CRE,PH,NL,2015,MIO_EUR,51.3
bop_its6_det,SJ3,"Services: technical, trade-related, and other business services",CRE,PH,NL,2016,MIO_EUR,54.4
bop_its6_det,SJ3,"Services: technical, trade-related, and other business services",CRE,PH,NL,2017,MIO_EUR,58.9
bop_its6_det,SJ3,"Services: technical, trade-related, and other business services",CRE,PH,NL,2018,MIO_EUR,68.4
bop_its6_det,SJ3,"Services: technical, trade-related, and other business services",CRE,PH,NL,2019,MIO_EUR,76.8
bop_its6_det,SJ3,"Services: technical, trade-related, and other business services",CRE,PH,NL,2020,MIO_EUR,60.2
bop_its6_det,SJ3,"Services: technical, trade-related, and other business services",CRE,PH,NL,2021,MIO_EUR,58.2
bop_its6_det,SJ3,"Services: technical, trade-related, and other business services",CRE,PH,NL,2022,MIO_EUR,93.3
bop_its6_det,SJ3,"Services: technical, trade-related, and other business services",CRE,PH,NL,2023,MIO_EUR,88.0
bop_its6_det,SJ3,"Services: technical, trade-related, and other business services",CRE,PH,NL,2024,MIO_EUR,88.7
bop_its6_det,SJ3,"Services: technical, trade-related, and other business services",CRE,PH,PL,2015,MIO_EUR,1.4
bop_its6_det,SJ3,"Services: technical, trade-related, and other business services",CRE,PH,PL,2016,MIO_EUR,0.9
bop_its6_det,SJ3,"Services: technical, trade-related, and other business services",CRE,PH,PL,2017,MIO_EUR,0.9
bop_its6_det,SJ3,"Services: technical, trade-related, and other business services",CRE,PH,PL,2018,MIO_EUR,0.9
bop_its6_det,SJ3,"Services: technical, trade-related, and other business services",CRE,PH,PL,2019,MIO_EUR,0.9
bop_its6_det,SJ3,"Services: technical, trade-related, and other business services",CRE,PH,PL,2020,MIO_EUR,0.5
bop_its6_det,SJ3,"Services: technical, trade-related, and other business services",CRE,PH,PL,2021,MIO_EUR,0.4
bop_its6_det,SJ3,"Services: technical, trade-related, and other business services",CRE,PH,PL,2022,MIO_EUR,0.4
bop_its6_det,SJ3,"Services: technical, trade-related, and other business services",CRE,PH,PL,2023,MIO_EUR,0.7
bop_its6_det,SJ3,"Services: technical, trade-related, and other business services",CRE,PH,PL,2024,MIO_EUR,1.2
bop_its6_det,SJ3,"Services: technical, trade-related, and other business services",CRE,PH,PT,2015,MIO_EUR,1.0
bop_its6_det,SJ3,"Services: technical, trade-related, and other business services",CRE,PH,PT,2016,MIO_EUR,0.0
bop_its6_det,SJ3,"Services: technical, trade-related, and other business services",CRE,PH,PT,2017,MIO_EUR,0.0
bop_its6_det,SJ3,"Services: technical, trade-related, and other business services",CRE,PH,PT,2018,MIO_EUR,0.0
bop_its6_det,SJ3,"Services: technical, trade-related, and other business services",CRE,PH,PT,2019,MIO_EUR,0.0
bop_its6_det,SJ3,"Services: technical, trade-related, and other business services",CRE,PH,PT,2020,MIO_EUR,0.0
bop_its6_det,SJ3,"Services: technical, trade-related, and other business services",CRE,PH,PT,2021,MIO_EUR,0.0
bop_its6_det,SJ3,"Services: technical, trade-related, and other business services",CRE,PH,PT,2022,MIO_EUR,0.0
bop_its6_det,SJ3,"Services: technical, trade-related, and other business services",CRE,PH,PT,2023,MIO_EUR,0.0
bop_its6_det,SJ3,"Services: technical, trade-related, and other business services",CRE,PH,PT,2024,MIO_EUR,0.0
bop_its6_det,SJ3,"Services: technical, trade-related, and other business services",CRE,PH,RO,2015,MIO_EUR,0.7
bop_its6_det,SJ3,"Services: technical, trade-related, and other business services",CRE,PH,RO,2016,MIO_EUR,1.3
bop_its6_det,SJ3,"Services: technical, trade-related, and other business services",CRE,PH,RO,2017,MIO_EUR,0.7
bop_its6_det,SJ3,"Services: technical, trade-related, and other business services",CRE,PH,RO,2018,MIO_EUR,1.3
bop_its6_det,SJ3,"Services: technical, trade-related, and other business services",CRE,PH,RO,2019,MIO_EUR,1.3
bop_its6_det,SJ3,"Services: technical, trade-related, and other business services",CRE,PH,RO,2020,MIO_EUR,1.9
bop_its6_det,SJ3,"Services: technical, trade-related, and other business services",CRE,PH,RO,2021,MIO_EUR,1.6
bop_its6_det,SJ3,"Services: technical, trade-related, and other business services",CRE,PH,RO,2022,MIO_EUR,1.2
bop_its6_det,SJ3,"Services: technical, trade-related, and other business services",CRE,PH,RO,2023,MIO_EUR,1.2
bop_its6_det,SJ3,"Services: technical, trade-related, and other business services",CRE,PH,RO,2024,MIO_EUR,1.6
bop_its6_det,SJ3,"Services: technical, trade-related, and other business services",CRE,PH,SE,2015,MIO_EUR,3.5
bop_its6_det,SJ3,"Services: technical, trade-related, and other business services",CRE,PH,SE,2016,MIO_EUR,7.2
bop_its6_det,SJ3,"Services: technical, trade-related, and other business services",CRE,PH,SE,2017,MIO_EUR,5.8
bop_its6_det,SJ3,"Services: technical, trade-related, and other business services",CRE,PH,SE,2018,MIO_EUR,5.8
bop_its6_det,SJ3,"Services: technical, trade-related, and other business services",CRE,PH,SE,2019,MIO_EUR,2.3
bop_its6_det,SJ3,"Services: technical, trade-related, and other business services",CRE,PH,SE,2020,MIO_EUR,1.0
bop_its6_det,SJ3,"Services: technical, trade-related, and other business services",CRE,PH,SE,2021,MIO_EUR,1.4
bop_its6_det,SJ3,"Services: technical, trade-related, and other business services",CRE,PH,SE,2022,MIO_EUR,2.1
bop_its6_det,SJ3,"Services: technical, trade-related, and other business services",CRE,PH,SE,2023,MIO_EUR,1.3
bop_its6_det,SJ3,"Services: technical, trade-related, and other business services",CRE,PH,SE,2024,MIO_EUR,0.8
bop_its6_det,SJ3,"Services: technical, trade-related, and other business services",CRE,PH,UK,2016,MIO_EUR,43.9
bop_its6_det,SJ3,"Services: technical, trade-related, and other business services",CRE,PH,UK,2017,MIO_EUR,44.5
bop_its6_det,SJ3,"Services: technical, trade-related, and other business services",CRE,PH,UK,2018,MIO_EUR,56.5
bop_its6_det,SJ3,"Services: technical, trade-related, and other business services",CRE,PH,UK,2019,MIO_EUR,93.4
bop_its6_det,SE,Services: construction,DEB,PH,AT,2015,MIO_EUR,0.0
bop_its6_det,SE,Services: construction,DEB,PH,AT,2016,MIO_EUR,0.0
bop_its6_det,SE,Services: construction,DEB,PH,AT,2017,MIO_EUR,0.0
bop_its6_det,SE,Services: construction,DEB,PH,AT,2018,MIO_EUR,0.0
bop_its6_det,SE,Services: construction,DEB,PH,AT,2019,MIO_EUR,0.0
bop_its6_det,SE,Services: construction,DEB,PH,AT,2020,MIO_EUR,0.0
bop_its6_det,SE,Services: construction,DEB,PH,AT,2021,MIO_EUR,0.0
bop_its6_det,SE,Services: construction,DEB,PH,AT,2022,MIO_EUR,0.0
bop_its6_det,SE,Services: construction,DEB,PH,AT,2023,MIO_EUR,0.0
bop_its6_det,SE,Services: construction,DEB,PH,AT,2024,MIO_EUR,0.0
bop_its6_det,SE,Services: construction,DEB,PH,BE,2019,MIO_EUR,0.0
bop_its6_det,SE,Services: construction,DEB,PH,BE,2020,MIO_EUR,0.0
bop_its6_det,SE,Services: construction,DEB,PH,BE,2022,MIO_EUR,1.0
bop_its6_det,SE,Services: construction,DEB,PH,BE,2023,MIO_EUR,1.0
bop_its6_det,SE,Services: construction,DEB,PH,BE,2024,MIO_EUR,1.0
bop_its6_det,SE,Services: construction,DEB,PH,CZ,2015,MIO_EUR,0.0
bop_its6_det,SE,Services: construction,DEB,PH,CZ,2016,MIO_EUR,0.0
bop_its6_det,SE,Services: construction,DEB,PH,CZ,2017,MIO_EUR,0.0
bop_its6_det,SE,Services: construction,DEB,PH,CZ,2018,MIO_EUR,0.0
bop_its6_det,SE,Services: construction,DEB,PH,CZ,2019,MIO_EUR,0.0
bop_its6_det,SE,Services: construction,DEB,PH,CZ,2020,MIO_EUR,0.0
bop_its6_det,SE,Services: construction,DEB,PH,CZ,2021,MIO_EUR,0.0
bop_its6_det,SE,Services: construction,DEB,PH,CZ,2022,MIO_EUR,0.0
bop_its6_det,SE,Services: construction,DEB,PH,CZ,2023,MIO_EUR,0.0
bop_its6_det,SE,Services: construction,DEB,PH,CZ,2024,MIO_EUR,0.0
bop_its6_det,SE,Services: construction,DEB,PH,DE,2016,MIO_EUR,2.0
bop_its6_det,SE,Services: construction,DEB,PH,DE,2018,MIO_EUR,1.0
bop_its6_det,SE,Services: construction,DEB,PH,DE,2020,MIO_EUR,0.0
bop_its6_det,SE,Services: construction,DEB,PH,DK,2015,MIO_EUR,0.5
bop_its6_det,SE,Services: construction,DEB,PH,DK,2016,MIO_EUR,1.7
bop_its6_det,SE,Services: construction,DEB,PH,DK,2017,MIO_EUR,1.3
bop_its6_det,SE,Services: construction,DEB,PH,DK,2018,MIO_EUR,2.7
bop_its6_det,SE,Services: construction,DEB,PH,DK,2019,MIO_EUR,2.1
bop_its6_det,SE,Services: construction,DEB,PH,DK,2020,MIO_EUR,2.1
bop_its6_det,SE,Services: construction,DEB,PH,DK,2021,MIO_EUR,0.7
bop_its6_det,SE,Services: construction,DEB,PH,DK,2022,MIO_EUR,4.8
bop_its6_det,SE,Services: construction,DEB,PH,DK,2023,MIO_EUR,5.4
bop_its6_det,SE,Services: construction,DEB,PH,DK,2024,MIO_EUR,8.0
bop_its6_det,SE,Services: construction,DEB,PH,EL,2015,MIO_EUR,0.0
bop_its6_det,SE,Services: construction,DEB,PH,EL,2016,MIO_EUR,0.0
bop_its6_det,SE,Services: construction,DEB,PH,EL,2017,MIO_EUR,0.0
bop_its6_det,SE,Services: construction,DEB,PH,EL,2018,MIO_EUR,0.0
bop_its6_det,SE,Services: construction,DEB,PH,EL,2019,MIO_EUR,0.0
bop_its6_det,SE,Services: construction,DEB,PH,EL,2020,MIO_EUR,0.0
bop_its6_det,SE,Services: construction,DEB,PH,EL,2021,MIO_EUR,0.0
bop_its6_det,SE,Services: construction,DEB,PH,EL,2022,MIO_EUR,0.0
bop_its6_det,SE,Services: construction,DEB,PH,EL,2023,MIO_EUR,0.0
bop_its6_det,SE,Services: construction,DEB,PH,EL,2024,MIO_EUR,0.1
bop_its6_det,SE,Services: construction,DEB,PH,ES,2015,MIO_EUR,0.0
bop_its6_det,SE,Services: construction,DEB,PH,ES,2016,MIO_EUR,0.0
bop_its6_det,SE,Services: construction,DEB,PH,ES,2017,MIO_EUR,0.0
bop_its6_det,SE,Services: construction,DEB,PH,ES,2018,MIO_EUR,0.0
bop_its6_det,SE,Services: construction,DEB,PH,ES,2019,MIO_EUR,0.0
bop_its6_det,SE,Services: construction,DEB,PH,ES,2020,MIO_EUR,0.0
bop_its6_det,SE,Services: construction,DEB,PH,ES,2021,MIO_EUR,0.0
bop_its6_det,SE,Services: construction,DEB,PH,ES,2022,MIO_EUR,0.0
bop_its6_det,SE,Services: construction,DEB,PH,ES,2023,MIO_EUR,0.0
bop_its6_det,SE,Services: construction,DEB,PH,ES,2024,MIO_EUR,0.0
bop_its6_det,SE,Services: construction,DEB,PH,EU27_2020,2015,MIO_EUR,27.8
bop_its6_det,SE,Services: construction,DEB,PH,EU27_2020,2016,MIO_EUR,11.0
bop_its6_det,SE,Services: construction,DEB,PH,EU27_2020,2017,MIO_EUR,17.9
bop_its6_det,SE,Services: construction,DEB,PH,EU27_2020,2018,MIO_EUR,26.3
bop_its6_det,SE,Services: construction,DEB,PH,EU27_2020,2019,MIO_EUR,31.9
bop_its6_det,SE,Services: construction,DEB,PH,EU27_2020,2020,MIO_EUR,43.7
bop_its6_det,SE,Services: construction,DEB,PH,EU27_2020,2021,MIO_EUR,100.4
bop_its6_det,SE,Services: construction,DEB,PH,EU27_2020,2022,MIO_EUR,269.9
bop_its6_det,SE,Services: construction,DEB,PH,EU27_2020,2023,MIO_EUR,240.0
bop_its6_det,SE,Services: construction,DEB,PH,EU27_2020,2024,MIO_EUR,119.1
bop_its6_det,SE,Services: construction,DEB,PH,FI,2015,MIO_EUR,0.0
bop_its6_det,SE,Services: construction,DEB,PH,FI,2016,MIO_EUR,0.0
bop_its6_det,SE,Services: construction,DEB,PH,FI,2017,MIO_EUR,0.0
bop_its6_det,SE,Services: construction,DEB,PH,FI,2018,MIO_EUR,0.0
bop_its6_det,SE,Services: construction,DEB,PH,FI,2019,MIO_EUR,0.0
bop_its6_det,SE,Services: construction,DEB,PH,FI,2020,MIO_EUR,0.0
bop_its6_det,SE,Services: construction,DEB,PH,FI,2021,MIO_EUR,0.0
bop_its6_det,SE,Services: construction,DEB,PH,FI,2022,MIO_EUR,0.0
bop_its6_det,SE,Services: construction,DEB,PH,FI,2023,MIO_EUR,0.0
bop_its6_det,SE,Services: construction,DEB,PH,FI,2024,MIO_EUR,0.0
bop_its6_det,SE,Services: construction,DEB,PH,FR,2015,MIO_EUR,1.0
bop_its6_det,SE,Services: construction,DEB,PH,FR,2016,MIO_EUR,1.0
bop_its6_det,SE,Services: construction,DEB,PH,FR,2017,MIO_EUR,0.0
bop_its6_det,SE,Services: construction,DEB,PH,FR,2018,MIO_EUR,0.0
bop_its6_det,SE,Services: construction,DEB,PH,FR,2019,MIO_EUR,0.0
bop_its6_det,SE,Services: construction,DEB,PH,FR,2020,MIO_EUR,0.0
bop_its6_det,SE,Services: construction,DEB,PH,FR,2021,MIO_EUR,0.0
bop_its6_det,SE,Services: construction,DEB,PH,FR,2022,MIO_EUR,0.0
bop_its6_det,SE,Services: construction,DEB,PH,FR,2023,MIO_EUR,0.0
bop_its6_det,SE,Services: construction,DEB,PH,FR,2024,MIO_EUR,0.0
bop_its6_det,SE,Services: construction,DEB,PH,HU,2015,MIO_EUR,0.0
bop_its6_det,SE,Services: construction,DEB,PH,HU,2018,MIO_EUR,0.0
bop_its6_det,SE,Services: construction,DEB,PH,HU,2019,MIO_EUR,0.0
bop_its6_det,SE,Services: construction,DEB,PH,HU,2020,MIO_EUR,0.0
bop_its6_det,SE,Services: construction,DEB,PH,HU,2021,MIO_EUR,0.0
bop_its6_det,SE,Services: construction,DEB,PH,HU,2023,MIO_EUR,0.0
bop_its6_det,SE,Services: construction,DEB,PH,HU,2024,MIO_EUR,0.0
bop_its6_det,SE,Services: construction,DEB,PH,IE,2015,MIO_EUR,0.0
bop_its6_det,SE,Services: construction,DEB,PH,IE,2016,MIO_EUR,0.0
bop_its6_det,SE,Services: construction,DEB,PH,IE,2017,MIO_EUR,0.0
bop_its6_det,SE,Services: construction,DEB,PH,IE,2018,MIO_EUR,0.0
bop_its6_det,SE,Services: construction,DEB,PH,IE,2019,MIO_EUR,0.0
bop_its6_det,SE,Services: construction,DEB,PH,IE,2020,MIO_EUR,0.0
bop_its6_det,SE,Services: construction,DEB,PH,IE,2021,MIO_EUR,0.0
bop_its6_det,SE,Services: construction,DEB,PH,IE,2022,MIO_EUR,0.0
bop_its6_det,SE,Services: construction,DEB,PH,IE,2023,MIO_EUR,0.0
bop_its6_det,SE,Services: construction,DEB,PH,IE,2024,MIO_EUR,0.0
bop_its6_det,SE,Services: construction,DEB,PH,IT,2015,MIO_EUR,0.0
bop_its6_det,SE,Services: construction,DEB,PH,IT,2016,MIO_EUR,0.0
bop_its6_det,SE,Services: construction,DEB,PH,IT,2017,MIO_EUR,0.0
bop_its6_det,SE,Services: construction,DEB,PH,IT,2018,MIO_EUR,0.0
bop_its6_det,SE,Services: construction,DEB,PH,IT,2019,MIO_EUR,0.0
bop_its6_det,SE,Services: construction,DEB,PH,IT,2020,MIO_EUR,0.0
bop_its6_det,SE,Services: construction,DEB,PH,IT,2021,MIO_EUR,0.0
bop_its6_det,SE,Services: construction,DEB,PH,IT,2022,MIO_EUR,0.0
bop_its6_det,SE,Services: construction,DEB,PH,IT,2023,MIO_EUR,0.0
bop_its6_det,SE,Services: construction,DEB,PH,IT,2024,MIO_EUR,0.0
bop_its6_det,SE,Services: construction,DEB,PH,NL,2015,MIO_EUR,22.9
bop_its6_det,SE,Services: construction,DEB,PH,NL,2016,MIO_EUR,5.9
bop_its6_det,SE,Services: construction,DEB,PH,NL,2017,MIO_EUR,13.5
bop_its6_det,SE,Services: construction,DEB,PH,NL,2020,MIO_EUR,41.3
bop_its6_det,SE,Services: construction,DEB,PH,NL,2021,MIO_EUR,95.6
bop_its6_det,SE,Services: construction,DEB,PH,NL,2022,MIO_EUR,262.1
bop_its6_det,SE,Services: construction,DEB,PH,NL,2023,MIO_EUR,233.6
bop_its6_det,SE,Services: construction,DEB,PH,NL,2024,MIO_EUR,109.7
bop_its6_det,SE,Services: construction,DEB,PH,PL,2015,MIO_EUR,0.0
bop_its6_det,SE,Services: construction,DEB,PH,PL,2016,MIO_EUR,0.0
bop_its6_det,SE,Services: construction,DEB,PH,PL,2017,MIO_EUR,0.0
bop_its6_det,SE,Services: construction,DEB,PH,PL,2018,MIO_EUR,0.0
bop_its6_det,SE,Services: construction,DEB,PH,PL,2019,MIO_EUR,0.0
bop_its6_det,SE,Services: construction,DEB,PH,PL,2020,MIO_EUR,0.0
bop_its6_det,SE,Services: construction,DEB,PH,PL,2021,MIO_EUR,0.0
bop_its6_det,SE,Services: construction,DEB,PH,PL,2022,MIO_EUR,0.0
bop_its6_det,SE,Services: construction,DEB,PH,PL,2023,MIO_EUR,0.0
bop_its6_det,SE,Services: construction,DEB,PH,RO,2015,MIO_EUR,0.0
bop_its6_det,SE,Services: construction,DEB,PH,RO,2016,MIO_EUR,0.0
bop_its6_det,SE,Services: construction,DEB,PH,RO,2017,MIO_EUR,0.0
bop_its6_det,SE,Services: construction,DEB,PH,RO,2019,MIO_EUR,0.0
bop_its6_det,SE,Services: construction,DEB,PH,RO,2020,MIO_EUR,0.0
bop_its6_det,SE,Services: construction,DEB,PH,RO,2021,MIO_EUR,0.0
bop_its6_det,SE,Services: construction,DEB,PH,RO,2022,MIO_EUR,0.0
bop_its6_det,SE,Services: construction,DEB,PH,RO,2023,MIO_EUR,0.0
bop_its6_det,SE,Services: construction,DEB,PH,RO,2024,MIO_EUR,0.0
bop_its6_det,SE,Services: construction,DEB,PH,SE,2015,MIO_EUR,0.3
bop_its6_det,SE,Services: construction,DEB,PH,SE,2016,MIO_EUR,0.1
bop_its6_det,SE,Services: construction,DEB,PH,SE,2017,MIO_EUR,0.0
bop_its6_det,SE,Services: construction,DEB,PH,SE,2018,MIO_EUR,0.6
bop_its6_det,SE,Services: construction,DEB,PH,SE,2019,MIO_EUR,0.1
bop_its6_det,SE,Services: construction,DEB,PH,SE,2020,MIO_EUR,0.3
bop_its6_det,SE,Services: construction,DEB,PH,SE,2021,MIO_EUR,0.1
bop_its6_det,SE,Services: construction,DEB,PH,SE,2022,MIO_EUR,0.0
bop_its6_det,SE,Services: construction,DEB,PH,SE,2023,MIO_EUR,0.0
bop_its6_det,SE,Services: construction,DEB,PH,SE,2024,MIO_EUR,0.2
bop_its6_det,SE,Services: construction,DEB,PH,UK,2016,MIO_EUR,0.0
bop_its6_det,SE,Services: construction,DEB,PH,UK,2017,MIO_EUR,0.0
bop_its6_det,SE,Services: construction,DEB,PH,UK,2018,MIO_EUR,0.0
bop_its6_det,SE,Services: construction,DEB,PH,UK,2019,MIO_EUR,0.0
bop_its6_det,SE,Services: construction,CRE,PH,AT,2015,MIO_EUR,0.0
bop_its6_det,SE,Services: construction,CRE,PH,AT,2016,MIO_EUR,0.0
bop_its6_det,SE,Services: construction,CRE,PH,AT,2017,MIO_EUR,0.0
bop_its6_det,SE,Services: construction,CRE,PH,AT,2018,MIO_EUR,0.0
bop_its6_det,SE,Services: construction,CRE,PH,AT,2019,MIO_EUR,0.0
bop_its6_det,SE,Services: construction,CRE,PH,AT,2020,MIO_EUR,0.0
bop_its6_det,SE,Services: construction,CRE,PH,AT,2021,MIO_EUR,0.0
bop_its6_det,SE,Services: construction,CRE,PH,AT,2022,MIO_EUR,0.0
bop_its6_det,SE,Services: construction,CRE,PH,AT,2023,MIO_EUR,0.0
bop_its6_det,SE,Services: construction,CRE,PH,AT,2024,MIO_EUR,0.0
bop_its6_det,SE,Services: construction,CRE,PH,BE,2015,MIO_EUR,0.0
bop_its6_det,SE,Services: construction,CRE,PH,BE,2019,MIO_EUR,1.0
bop_its6_det,SE,Services: construction,CRE,PH,BE,2020,MIO_EUR,0.0
bop_its6_det,SE,Services: construction,CRE,PH,BE,2021,MIO_EUR,4.0
bop_its6_det,SE,Services: construction,CRE,PH,BE,2022,MIO_EUR,1.0
bop_its6_det,SE,Services: construction,CRE,PH,BE,2023,MIO_EUR,0.0
bop_its6_det,SE,Services: construction,CRE,PH,BE,2024,MIO_EUR,0.0
bop_its6_det,SE,Services: construction,CRE,PH,CZ,2015,MIO_EUR,0.0
bop_its6_det,SE,Services: construction,CRE,PH,CZ,2016,MIO_EUR,0.6
bop_its6_det,SE,Services: construction,CRE,PH,CZ,2017,MIO_EUR,0.0
bop_its6_det,SE,Services: construction,CRE,PH,CZ,2018,MIO_EUR,0.0
bop_its6_det,SE,Services: construction,CRE,PH,CZ,2019,MIO_EUR,0.0
bop_its6_det,SE,Services: construction,CRE,PH,CZ,2020,MIO_EUR,0.0
bop_its6_det,SE,Services: construction,CRE,PH,CZ,2021,MIO_EUR,0.0
bop_its6_det,SE,Services: construction,CRE,PH,CZ,2022,MIO_EUR,0.0
bop_its6_det,SE,Services: construction,CRE,PH,CZ,2023,MIO_EUR,0.0
bop_its6_det,SE,Services: construction,CRE,PH,CZ,2024,MIO_EUR,0.0
bop_its6_det,SE,Services: construction,CRE,PH,DE,2017,MIO_EUR,3.0
bop_its6_det,SE,Services: construction,CRE,PH,DE,2018,MIO_EUR,1.0
bop_its6_det,SE,Services: construction,CRE,PH,DE,2019,MIO_EUR,1.0
bop_its6_det,SE,Services: construction,CRE,PH,DE,2020,MIO_EUR,1.0
bop_its6_det,SE,Services: construction,CRE,PH,DK,2015,MIO_EUR,15.0
bop_its6_det,SE,Services: construction,CRE,PH,DK,2016,MIO_EUR,5.2
bop_its6_det,SE,Services: construction,CRE,PH,DK,2017,MIO_EUR,17.3
bop_its6_det,SE,Services: construction,CRE,PH,DK,2018,MIO_EUR,27.2
bop_its6_det,SE,Services: construction,CRE,PH,DK,2019,MIO_EUR,33.9
bop_its6_det,SE,Services: construction,CRE,PH,DK,2020,MIO_EUR,8.6
bop_its6_det,SE,Services: construction,CRE,PH,DK,2021,MIO_EUR,0.8
bop_its6_det,SE,Services: construction,CRE,PH,DK,2022,MIO_EUR,5.9
bop_its6_det,SE,Services: construction,CRE,PH,DK,2023,MIO_EUR,30.6
bop_its6_det,SE,Services: construction,CRE,PH,DK,2024,MIO_EUR,31.5
bop_its6_det,SE,Services: construction,CRE,PH,EL,2015,MIO_EUR,0.0
bop_its6_det,SE,Services: construction,CRE,PH,EL,2016,MIO_EUR,0.0
bop_its6_det,SE,Services: construction,CRE,PH,EL,2017,MIO_EUR,0.0
bop_its6_det,SE,Services: construction,CRE,PH,EL,2018,MIO_EUR,0.0
bop_its6_det,SE,Services: construction,CRE,PH,EL,2019,MIO_EUR,0.0
bop_its6_det,SE,Services: construction,CRE,PH,EL,2020,MIO_EUR,0.0
bop_its6_det,SE,Services: construction,CRE,PH,EL,2021,MIO_EUR,0.0
bop_its6_det,SE,Services: construction,CRE,PH,EL,2022,MIO_EUR,0.0
bop_its6_det,SE,Services: construction,CRE,PH,EL,2023,MIO_EUR,0.1
bop_its6_det,SE,Services: construction,CRE,PH,EL,2024,MIO_EUR,0.0
bop_its6_det,SE,Services: construction,CRE,PH,ES,2015,MIO_EUR,0.0
bop_its6_det,SE,Services: construction,CRE,PH,ES,2016,MIO_EUR,0.0
bop_its6_det,SE,Services: construction,CRE,PH,ES,2017,MIO_EUR,0.0
bop_its6_det,SE,Services: construction,CRE,PH,ES,2018,MIO_EUR,0.0
bop_its6_det,SE,Services: construction,CRE,PH,ES,2019,MIO_EUR,0.0
bop_its6_det,SE,Services: construction,CRE,PH,ES,2020,MIO_EUR,0.0
bop_its6_det,SE,Services: construction,CRE,PH,ES,2021,MIO_EUR,0.0
bop_its6_det,SE,Services: construction,CRE,PH,ES,2022,MIO_EUR,0.0
bop_its6_det,SE,Services: construction,CRE,PH,EU27_2020,2015,MIO_EUR,54.6
bop_its6_det,SE,Services: construction,CRE,PH,EU27_2020,2016,MIO_EUR,35.1
bop_its6_det,SE,Services: construction,CRE,PH,EU27_2020,2017,MIO_EUR,63.0
bop_its6_det,SE,Services: construction,CRE,PH,EU27_2020,2018,MIO_EUR,42.3
bop_its6_det,SE,Services: construction,CRE,PH,EU27_2020,2019,MIO_EUR,44.3
bop_its6_det,SE,Services: construction,CRE,PH,EU27_2020,2020,MIO_EUR,11.0
bop_its6_det,SE,Services: construction,CRE,PH,EU27_2020,2021,MIO_EUR,133.4
bop_its6_det,SE,Services: construction,CRE,PH,EU27_2020,2022,MIO_EUR,425.5
bop_its6_det,SE,Services: construction,CRE,PH,EU27_2020,2023,MIO_EUR,414.1
bop_its6_det,SE,Services: construction,CRE,PH,EU27_2020,2024,MIO_EUR,236.3
bop_its6_det,SE,Services: construction,CRE,PH,FI,2015,MIO_EUR,0.0
bop_its6_det,SE,Services: construction,CRE,PH,FI,2016,MIO_EUR,0.0
bop_its6_det,SE,Services: construction,CRE,PH,FI,2017,MIO_EUR,0.0
bop_its6_det,SE,Services: construction,CRE,PH,FI,2018,MIO_EUR,0.0
bop_its6_det,SE,Services: construction,CRE,PH,FI,2019,MIO_EUR,0.0
bop_its6_det,SE,Services: construction,CRE,PH,FI,2020,MIO_EUR,0.0
bop_its6_det,SE,Services: construction,CRE,PH,FI,2021,MIO_EUR,0.0
bop_its6_det,SE,Services: construction,CRE,PH,FI,2022,MIO_EUR,0.0
bop_its6_det,SE,Services: construction,CRE,PH,FI,2023,MIO_EUR,0.0
bop_its6_det,SE,Services: construction,CRE,PH,FI,2024,MIO_EUR,0.0
bop_its6_det,SE,Services: construction,CRE,PH,FR,2015,MIO_EUR,5.0
bop_its6_det,SE,Services: construction,CRE,PH,FR,2016,MIO_EUR,9.0
bop_its6_det,SE,Services: construction,CRE,PH,FR,2017,MIO_EUR,33.0
bop_its6_det,SE,Services: construction,CRE,PH,FR,2018,MIO_EUR,12.0
bop_its6_det,SE,Services: construction,CRE,PH,FR,2019,MIO_EUR,8.0
bop_its6_det,SE,Services: construction,CRE,PH,FR,2020,MIO_EUR,1.0
bop_its6_det,SE,Services: construction,CRE,PH,FR,2021,MIO_EUR,1.0
bop_its6_det,SE,Services: construction,CRE,PH,FR,2022,MIO_EUR,3.0
bop_its6_det,SE,Services: construction,CRE,PH,FR,2023,MIO_EUR,0.0
bop_its6_det,SE,Services: construction,CRE,PH,FR,2024,MIO_EUR,3.0
bop_its6_det,SE,Services: construction,CRE,PH,HU,2015,MIO_EUR,0.0
bop_its6_det,SE,Services: construction,CRE,PH,HU,2018,MIO_EUR,0.0
bop_its6_det,SE,Services: construction,CRE,PH,HU,2019,MIO_EUR,0.0
bop_its6_det,SE,Services: construction,CRE,PH,HU,2020,MIO_EUR,0.0
bop_its6_det,SE,Services: construction,CRE,PH,HU,2021,MIO_EUR,0.0
bop_its6_det,SE,Services: construction,CRE,PH,HU,2022,MIO_EUR,0.0
bop_its6_det,SE,Services: construction,CRE,PH,HU,2023,MIO_EUR,0.0
bop_its6_det,SE,Services: construction,CRE,PH,HU,2024,MIO_EUR,0.0
bop_its6_det,SE,Services: construction,CRE,PH,IE,2015,MIO_EUR,0.0
bop_its6_det,SE,Services: construction,CRE,PH,IE,2016,MIO_EUR,0.0
bop_its6_det,SE,Services: construction,CRE,PH,IE,2017,MIO_EUR,0.0
bop_its6_det,SE,Services: construction,CRE,PH,IE,2018,MIO_EUR,0.0
bop_its6_det,SE,Services: construction,CRE,PH,IE,2019,MIO_EUR,0.0
bop_its6_det,SE,Services: construction,CRE,PH,IE,2020,MIO_EUR,0.0
bop_its6_det,SE,Services: construction,CRE,PH,IE,2021,MIO_EUR,0.0
bop_its6_det,SE,Services: construction,CRE,PH,IE,2022,MIO_EUR,0.0
bop_its6_det,SE,Services: construction,CRE,PH,IE,2023,MIO_EUR,0.0
bop_its6_det,SE,Services: construction,CRE,PH,IE,2024,MIO_EUR,0.0
bop_its6_det,SE,Services: construction,CRE,PH,IT,2015,MIO_EUR,0.3
bop_its6_det,SE,Services: construction,CRE,PH,IT,2016,MIO_EUR,0.0
bop_its6_det,SE,Services: construction,CRE,PH,IT,2017,MIO_EUR,0.0
bop_its6_det,SE,Services: construction,CRE,PH,IT,2018,MIO_EUR,0.1
bop_its6_det,SE,Services: construction,CRE,PH,IT,2019,MIO_EUR,0.1
bop_its6_det,SE,Services: construction,CRE,PH,IT,2020,MIO_EUR,0.3
bop_its6_det,SE,Services: construction,CRE,PH,IT,2021,MIO_EUR,0.2
bop_its6_det,SE,Services: construction,CRE,PH,IT,2022,MIO_EUR,0.2
bop_its6_det,SE,Services: construction,CRE,PH,IT,2023,MIO_EUR,0.1
bop_its6_det,SE,Services: construction,CRE,PH,IT,2024,MIO_EUR,0.0
bop_its6_det,SE,Services: construction,CRE,PH,NL,2015,MIO_EUR,25.9
bop_its6_det,SE,Services: construction,CRE,PH,NL,2016,MIO_EUR,5.0
bop_its6_det,SE,Services: construction,CRE,PH,NL,2017,MIO_EUR,2.7
bop_its6_det,SE,Services: construction,CRE,PH,NL,2020,MIO_EUR,0.0
bop_its6_det,SE,Services: construction,CRE,PH,NL,2021,MIO_EUR,127.3
bop_its6_det,SE,Services: construction,CRE,PH,NL,2022,MIO_EUR,415.4
bop_its6_det,SE,Services: construction,CRE,PH,NL,2023,MIO_EUR,381.4
bop_its6_det,SE,Services: construction,CRE,PH,NL,2024,MIO_EUR,200.3
bop_its6_det,SE,Services: construction,CRE,PH,PL,2015,MIO_EUR,0.0
bop_its6_det,SE,Services: construction,CRE,PH,PL,2016,MIO_EUR,0.0
bop_its6_det,SE,Services: construction,CRE,PH,PL,2017,MIO_EUR,0.0
bop_its6_det,SE,Services: construction,CRE,PH,PL,2018,MIO_EUR,0.0
bop_its6_det,SE,Services: construction,CRE,PH,PL,2019,MIO_EUR,0.0
bop_its6_det,SE,Services: construction,CRE,PH,PL,2020,MIO_EUR,0.0
bop_its6_det,SE,Services: construction,CRE,PH,PL,2021,MIO_EUR,0.0
bop_its6_det,SE,Services: construction,CRE,PH,PL,2022,MIO_EUR,0.0
bop_its6_det,SE,Services: construction,CRE,PH,PL,2023,MIO_EUR,0.0
bop_its6_det,SE,Services: construction,CRE,PH,PL,2024,MIO_EUR,0.0
bop_its6_det,SE,Services: construction,CRE,PH,RO,2015,MIO_EUR,0.0
bop_its6_det,SE,Services: construction,CRE,PH,RO,2019,MIO_EUR,0.0
bop_its6_det,SE,Services: construction,CRE,PH,RO,2020,MIO_EUR,0.0
bop_its6_det,SE,Services: construction,CRE,PH,RO,2021,MIO_EUR,0.0
bop_its6_det,SE,Services: construction,CRE,PH,RO,2022,MIO_EUR,0.0
bop_its6_det,SE,Services: construction,CRE,PH,RO,2023,MIO_EUR,0.0
bop_its6_det,SE,Services: construction,CRE,PH,RO,2024,MIO_EUR,0.0
bop_its6_det,SE,Services: construction,CRE,PH,SE,2015,MIO_EUR,0.4
bop_its6_det,SE,Services: construction,CRE,PH,SE,2016,MIO_EUR,0.3
bop_its6_det,SE,Services: construction,CRE,PH,SE,2017,MIO_EUR,0.1
bop_its6_det,SE,Services: construction,CRE,PH,SE,2018,MIO_EUR,0.7
bop_its6_det,SE,Services: construction,CRE,PH,SE,2019,MIO_EUR,0.0
bop_its6_det,SE,Services: construction,CRE,PH,SE,2020,MIO_EUR,0.1
bop_its6_det,SE,Services: construction,CRE,PH,SE,2021,MIO_EUR,0.0
bop_its6_det,SE,Services: construction,CRE,PH,SE,2022,MIO_EUR,0.0
bop_its6_det,SE,Services: construction,CRE,PH,SE,2023,MIO_EUR,0.0
bop_its6_det,SE,Services: construction,CRE,PH,SE,2024,MIO_EUR,0.4
bop_its6_det,SE,Services: construction,CRE,PH,UK,2016,MIO_EUR,0.0
bop_its6_det,SE,Services: construction,CRE,PH,UK,2017,MIO_EUR,0.0
bop_its6_det,SE,Services: construction,CRE,PH,UK,2018,MIO_EUR,0.0
bop_its6_det,SI,"Services: telecommunications, computer, and information services",DEB,PH,AT,2015,MIO_EUR,0.0
bop_its6_det,SI,"Services: telecommunications, computer, and information services",DEB,PH,AT,2016,MIO_EUR,0.0
bop_its6_det,SI,"Services: telecommunications, computer, and information services",DEB,PH,AT,2017,MIO_EUR,0.0
bop_its6_det,SI,"Services: telecommunications, computer, and information services",DEB,PH,AT,2018,MIO_EUR,0.0
bop_its6_det,SI,"Services: telecommunications, computer, and information services",DEB,PH,AT,2019,MIO_EUR,0.0
bop_its6_det,SI,"Services: telecommunications, computer, and information services",DEB,PH,AT,2020,MIO_EUR,0.0
bop_its6_det,SI,"Services: telecommunications, computer, and information services",DEB,PH,AT,2021,MIO_EUR,0.0
bop_its6_det,SI,"Services: telecommunications, computer, and information services",DEB,PH,AT,2022,MIO_EUR,1.0
bop_its6_det,SI,"Services: telecommunications, computer, and information services",DEB,PH,AT,2023,MIO_EUR,2.0
bop_its6_det,SI,"Services: telecommunications, computer, and information services",DEB,PH,AT,2024,MIO_EUR,3.0
bop_its6_det,SI,"Services: telecommunications, computer, and information services",DEB,PH,BE,2017,MIO_EUR,4.0
bop_its6_det,SI,"Services: telecommunications, computer, and information services",DEB,PH,BE,2018,MIO_EUR,6.0
bop_its6_det,SI,"Services: telecommunications, computer, and information services",DEB,PH,BE,2019,MIO_EUR,5.0
bop_its6_det,SI,"Services: telecommunications, computer, and information services",DEB,PH,BE,2020,MIO_EUR,5.0
bop_its6_det,SI,"Services: telecommunications, computer, and information services",DEB,PH,BE,2021,MIO_EUR,7.0
bop_its6_det,SI,"Services: telecommunications, computer, and information services",DEB,PH,BE,2022,MIO_EUR,10.0
bop_its6_det,SI,"Services: telecommunications, computer, and information services",DEB,PH,BE,2023,MIO_EUR,11.0
bop_its6_det,SI,"Services: telecommunications, computer, and information services",DEB,PH,BE,2024,MIO_EUR,6.0
bop_its6_det,SI,"Services: telecommunications, computer, and information services",DEB,PH,CZ,2015,MIO_EUR,0.0
bop_its6_det,SI,"Services: telecommunications, computer, and information services",DEB,PH,CZ,2016,MIO_EUR,0.1
bop_its6_det,SI,"Services: telecommunications, computer, and information services",DEB,PH,CZ,2017,MIO_EUR,0.0
bop_its6_det,SI,"Services: telecommunications, computer, and information services",DEB,PH,CZ,2018,MIO_EUR,0.0
bop_its6_det,SI,"Services: telecommunications, computer, and information services",DEB,PH,CZ,2019,MIO_EUR,0.2
bop_its6_det,SI,"Services: telecommunications, computer, and information services",DEB,PH,CZ,2020,MIO_EUR,0.2
bop_its6_det,SI,"Services: telecommunications, computer, and information services",DEB,PH,CZ,2021,MIO_EUR,0.3
bop_its6_det,SI,"Services: telecommunications, computer, and information services",DEB,PH,CZ,2022,MIO_EUR,0.7
bop_its6_det,SI,"Services: telecommunications, computer, and information services",DEB,PH,CZ,2023,MIO_EUR,1.0
bop_its6_det,SI,"Services: telecommunications, computer, and information services",DEB,PH,CZ,2024,MIO_EUR,2.3
bop_its6_det,SI,"Services: telecommunications, computer, and information services",DEB,PH,DE,2015,MIO_EUR,23.0
bop_its6_det,SI,"Services: telecommunications, computer, and information services",DEB,PH,DE,2016,MIO_EUR,28.0
bop_its6_det,SI,"Services: telecommunications, computer, and information services",DEB,PH,DE,2017,MIO_EUR,19.0
bop_its6_det,SI,"Services: telecommunications, computer, and information services",DEB,PH,DE,2018,MIO_EUR,29.0
bop_its6_det,SI,"Services: telecommunications, computer, and information services",DEB,PH,DE,2020,MIO_EUR,44.0
bop_its6_det,SI,"Services: telecommunications, computer, and information services",DEB,PH,DE,2021,MIO_EUR,55.0
bop_its6_det,SI,"Services: telecommunications, computer, and information services",DEB,PH,DE,2022,MIO_EUR,65.0
bop_its6_det,SI,"Services: telecommunications, computer, and information services",DEB,PH,DE,2023,MIO_EUR,57.0
bop_its6_det,SI,"Services: telecommunications, computer, and information services",DEB,PH,DE,2024,MIO_EUR,88.0
bop_its6_det,SI,"Services: telecommunications, computer, and information services",DEB,PH,DK,2015,MIO_EUR,3.8
bop_its6_det,SI,"Services: telecommunications, computer, and information services",DEB,PH,DK,2016,MIO_EUR,8.6
bop_its6_det,SI,"Services: telecommunications, computer, and information services",DEB,PH,DK,2017,MIO_EUR,10.1
bop_its6_det,SI,"Services: telecommunications, computer, and information services",DEB,PH,DK,2018,MIO_EUR,11.4
bop_its6_det,SI,"Services: telecommunications, computer, and information services",DEB,PH,DK,2019,MIO_EUR,14.9
bop_its6_det,SI,"Services: telecommunications, computer, and information services",DEB,PH,DK,2020,MIO_EUR,15.8
bop_its6_det,SI,"Services: telecommunications, computer, and information services",DEB,PH,DK,2021,MIO_EUR,17.5
bop_its6_det,SI,"Services: telecommunications, computer, and information services",DEB,PH,DK,2022,MIO_EUR,25.4
bop_its6_det,SI,"Services: telecommunications, computer, and information services",DEB,PH,DK,2023,MIO_EUR,25.8
bop_its6_det,SI,"Services: telecommunications, computer, and information services",DEB,PH,DK,2024,MIO_EUR,28.8
bop_its6_det,SI,"Services: telecommunications, computer, and information services",DEB,PH,EL,2015,MIO_EUR,0.0
bop_its6_det,SI,"Services: telecommunications, computer, and information services",DEB,PH,EL,2016,MIO_EUR,0.0
bop_its6_det,SI,"Services: telecommunications, computer, and information services",DEB,PH,EL,2017,MIO_EUR,0.0
bop_its6_det,SI,"Services: telecommunications, computer, and information services",DEB,PH,EL,2018,MIO_EUR,0.0
bop_its6_det,SI,"Services: telecommunications, computer, and information services",DEB,PH,EL,2019,MIO_EUR,0.0
bop_its6_det,SI,"Services: telecommunications, computer, and information services",DEB,PH,EL,2020,MIO_EUR,0.0
bop_its6_det,SI,"Services: telecommunications, computer, and information services",DEB,PH,EL,2021,MIO_EUR,0.0
bop_its6_det,SI,"Services: telecommunications, computer, and information services",DEB,PH,EL,2022,MIO_EUR,0.0
bop_its6_det,SI,"Services: telecommunications, computer, and information services",DEB,PH,EL,2023,MIO_EUR,0.0
bop_its6_det,SI,"Services: telecommunications, computer, and information services",DEB,PH,EL,2024,MIO_EUR,0.0
bop_its6_det,SI,"Services: telecommunications, computer, and information services",DEB,PH,ES,2015,MIO_EUR,3.0
bop_its6_det,SI,"Services: telecommunications, computer, and information services",DEB,PH,ES,2016,MIO_EUR,4.0
bop_its6_det,SI,"Services: telecommunications, computer, and information services",DEB,PH,ES,2017,MIO_EUR,4.0
bop_its6_det,SI,"Services: telecommunications, computer, and information services",DEB,PH,ES,2018,MIO_EUR,6.0
bop_its6_det,SI,"Services: telecommunications, computer, and information services",DEB,PH,ES,2019,MIO_EUR,4.0
bop_its6_det,SI,"Services: telecommunications, computer, and information services",DEB,PH,ES,2020,MIO_EUR,6.0
bop_its6_det,SI,"Services: telecommunications, computer, and information services",DEB,PH,ES,2021,MIO_EUR,5.0
bop_its6_det,SI,"Services: telecommunications, computer, and information services",DEB,PH,ES,2022,MIO_EUR,5.0
bop_its6_det,SI,"Services: telecommunications, computer, and information services",DEB,PH,ES,2023,MIO_EUR,7.0
bop_its6_det,SI,"Services: telecommunications, computer, and information services",DEB,PH,ES,2024,MIO_EUR,9.0
bop_its6_det,SI,"Services: telecommunications, computer, and information services",DEB,PH,EU27_2020,2015,MIO_EUR,126.6
bop_its6_det,SI,"Services: telecommunications, computer, and information services",DEB,PH,EU27_2020,2016,MIO_EUR,142.5
bop_its6_det,SI,"Services: telecommunications, computer, and information services",DEB,PH,EU27_2020,2017,MIO_EUR,145.1
bop_its6_det,SI,"Services: telecommunications, computer, and information services",DEB,PH,EU27_2020,2018,MIO_EUR,136.0
bop_its6_det,SI,"Services: telecommunications, computer, and information services",DEB,PH,EU27_2020,2019,MIO_EUR,178.9
bop_its6_det,SI,"Services: telecommunications, computer, and information services",DEB,PH,EU27_2020,2020,MIO_EUR,234.5
bop_its6_det,SI,"Services: telecommunications, computer, and information services",DEB,PH,EU27_2020,2021,MIO_EUR,255.5
bop_its6_det,SI,"Services: telecommunications, computer, and information services",DEB,PH,EU27_2020,2022,MIO_EUR,268.9
bop_its6_det,SI,"Services: telecommunications, computer, and information services",DEB,PH,EU27_2020,2023,MIO_EUR,322.6
bop_its6_det,SI,"Services: telecommunications, computer, and information services",DEB,PH,EU27_2020,2024,MIO_EUR,382.5
bop_its6_det,SI,"Services: telecommunications, computer, and information services",DEB,PH,FI,2015,MIO_EUR,1.0
bop_its6_det,SI,"Services: telecommunications, computer, and information services",DEB,PH,FI,2016,MIO_EUR,1.0
bop_its6_det,SI,"Services: telecommunications, computer, and information services",DEB,PH,FI,2017,MIO_EUR,0.0
bop_its6_det,SI,"Services: telecommunications, computer, and information services",DEB,PH,FI,2018,MIO_EUR,0.0
bop_its6_det,SI,"Services: telecommunications, computer, and information services",DEB,PH,FI,2019,MIO_EUR,1.0
bop_its6_det,SI,"Services: telecommunications, computer, and information services",DEB,PH,FI,2020,MIO_EUR,1.0
bop_its6_det,SI,"Services: telecommunications, computer, and information services",DEB,PH,FI,2021,MIO_EUR,1.0
bop_its6_det,SI,"Services: telecommunications, computer, and information services",DEB,PH,FI,2022,MIO_EUR,2.0
bop_its6_det,SI,"Services: telecommunications, computer, and information services",DEB,PH,FI,2023,MIO_EUR,3.0
bop_its6_det,SI,"Services: telecommunications, computer, and information services",DEB,PH,FI,2024,MIO_EUR,3.0
bop_its6_det,SI,"Services: telecommunications, computer, and information services",DEB,PH,FR,2015,MIO_EUR,40.0
bop_its6_det,SI,"Services: telecommunications, computer, and information services",DEB,PH,FR,2016,MIO_EUR,36.0
bop_its6_det,SI,"Services: telecommunications, computer, and information services",DEB,PH,FR,2017,MIO_EUR,49.0
bop_its6_det,SI,"Services: telecommunications, computer, and information services",DEB,PH,FR,2018,MIO_EUR,22.0
bop_its6_det,SI,"Services: telecommunications, computer, and information services",DEB,PH,FR,2019,MIO_EUR,11.0
bop_its6_det,SI,"Services: telecommunications, computer, and information services",DEB,PH,FR,2020,MIO_EUR,56.0
bop_its6_det,SI,"Services: telecommunications, computer, and information services",DEB,PH,FR,2021,MIO_EUR,59.0
bop_its6_det,SI,"Services: telecommunications, computer, and information services",DEB,PH,FR,2022,MIO_EUR,40.0
bop_its6_det,SI,"Services: telecommunications, computer, and information services",DEB,PH,FR,2023,MIO_EUR,38.0
bop_its6_det,SI,"Services: telecommunications, computer, and information services",DEB,PH,FR,2024,MIO_EUR,30.0
bop_its6_det,SI,"Services: telecommunications, computer, and information services",DEB,PH,HU,2015,MIO_EUR,0.0
bop_its6_det,SI,"Services: telecommunications, computer, and information services",DEB,PH,HU,2016,MIO_EUR,0.2
bop_its6_det,SI,"Services: telecommunications, computer, and information services",DEB,PH,HU,2017,MIO_EUR,0.4
bop_its6_det,SI,"Services: telecommunications, computer, and information services",DEB,PH,HU,2018,MIO_EUR,0.2
bop_its6_det,SI,"Services: telecommunications, computer, and information services",DEB,PH,HU,2019,MIO_EUR,0.9
bop_its6_det,SI,"Services: telecommunications, computer, and information services",DEB,PH,HU,2020,MIO_EUR,1.4
bop_its6_det,SI,"Services: telecommunications, computer, and information services",DEB,PH,HU,2021,MIO_EUR,1.2
bop_its6_det,SI,"Services: telecommunications, computer, and information services",DEB,PH,HU,2022,MIO_EUR,1.7
bop_its6_det,SI,"Services: telecommunications, computer, and information services",DEB,PH,HU,2023,MIO_EUR,2.5
bop_its6_det,SI,"Services: telecommunications, computer, and information services",DEB,PH,HU,2024,MIO_EUR,2.8
bop_its6_det,SI,"Services: telecommunications, computer, and information services",DEB,PH,IE,2015,MIO_EUR,0.0
bop_its6_det,SI,"Services: telecommunications, computer, and information services",DEB,PH,IE,2016,MIO_EUR,0.0
bop_its6_det,SI,"Services: telecommunications, computer, and information services",DEB,PH,IT,2015,MIO_EUR,10.2
bop_its6_det,SI,"Services: telecommunications, computer, and information services",DEB,PH,IT,2016,MIO_EUR,8.2
bop_its6_det,SI,"Services: telecommunications, computer, and information services",DEB,PH,IT,2017,MIO_EUR,5.7
bop_its6_det,SI,"Services: telecommunications, computer, and information services",DEB,PH,IT,2018,MIO_EUR,0.2
bop_its6_det,SI,"Services: telecommunications, computer, and information services",DEB,PH,IT,2019,MIO_EUR,20.9
bop_its6_det,SI,"Services: telecommunications, computer, and information services",DEB,PH,IT,2020,MIO_EUR,23.6
bop_its6_det,SI,"Services: telecommunications, computer, and information services",DEB,PH,IT,2021,MIO_EUR,8.0
bop_its6_det,SI,"Services: telecommunications, computer, and information services",DEB,PH,IT,2022,MIO_EUR,0.6
bop_its6_det,SI,"Services: telecommunications, computer, and information services",DEB,PH,IT,2023,MIO_EUR,6.7
bop_its6_det,SI,"Services: telecommunications, computer, and information services",DEB,PH,IT,2024,MIO_EUR,6.5
bop_its6_det,SI,"Services: telecommunications, computer, and information services",DEB,PH,NL,2015,MIO_EUR,22.6
bop_its6_det,SI,"Services: telecommunications, computer, and information services",DEB,PH,NL,2016,MIO_EUR,22.6
bop_its6_det,SI,"Services: telecommunications, computer, and information services",DEB,PH,NL,2017,MIO_EUR,23.8
bop_its6_det,SI,"Services: telecommunications, computer, and information services",DEB,PH,NL,2018,MIO_EUR,25.4
bop_its6_det,SI,"Services: telecommunications, computer, and information services",DEB,PH,NL,2019,MIO_EUR,26.3
bop_its6_det,SI,"Services: telecommunications, computer, and information services",DEB,PH,NL,2020,MIO_EUR,20.7
bop_its6_det,SI,"Services: telecommunications, computer, and information services",DEB,PH,NL,2021,MIO_EUR,22.4
bop_its6_det,SI,"Services: telecommunications, computer, and information services",DEB,PH,NL,2022,MIO_EUR,22.5
bop_its6_det,SI,"Services: telecommunications, computer, and information services",DEB,PH,NL,2023,MIO_EUR,87.2
bop_its6_det,SI,"Services: telecommunications, computer, and information services",DEB,PH,NL,2024,MIO_EUR,117.9
bop_its6_det,SI,"Services: telecommunications, computer, and information services",DEB,PH,PL,2015,MIO_EUR,2.2
bop_its6_det,SI,"Services: telecommunications, computer, and information services",DEB,PH,PL,2016,MIO_EUR,1.6
bop_its6_det,SI,"Services: telecommunications, computer, and information services",DEB,PH,PL,2017,MIO_EUR,0.9
bop_its6_det,SI,"Services: telecommunications, computer, and information services",DEB,PH,PL,2018,MIO_EUR,1.2
bop_its6_det,SI,"Services: telecommunications, computer, and information services",DEB,PH,PL,2019,MIO_EUR,4.4
bop_its6_det,SI,"Services: telecommunications, computer, and information services",DEB,PH,PL,2020,MIO_EUR,7.7
bop_its6_det,SI,"Services: telecommunications, computer, and information services",DEB,PH,PL,2021,MIO_EUR,12.7
bop_its6_det,SI,"Services: telecommunications, computer, and information services",DEB,PH,PL,2022,MIO_EUR,19.2
bop_its6_det,SI,"Services: telecommunications, computer, and information services",DEB,PH,PL,2023,MIO_EUR,20.3
bop_its6_det,SI,"Services: telecommunications, computer, and information services",DEB,PH,PL,2024,MIO_EUR,20.2
bop_its6_det,SI,"Services: telecommunications, computer, and information services",DEB,PH,PT,2015,MIO_EUR,0.0
bop_its6_det,SI,"Services: telecommunications, computer, and information services",DEB,PH,PT,2016,MIO_EUR,0.0
bop_its6_det,SI,"Services: telecommunications, computer, and information services",DEB,PH,PT,2017,MIO_EUR,0.0
bop_its6_det,SI,"Services: telecommunications, computer, and information services",DEB,PH,PT,2018,MIO_EUR,0.0
bop_its6_det,SI,"Services: telecommunications, computer, and information services",DEB,PH,PT,2019,MIO_EUR,0.0
bop_its6_det,SI,"Services: telecommunications, computer, and information services",DEB,PH,PT,2020,MIO_EUR,0.0
bop_its6_det,SI,"Services: telecommunications, computer, and information services",DEB,PH,PT,2021,MIO_EUR,0.0
bop_its6_det,SI,"Services: telecommunications, computer, and information services",DEB,PH,PT,2022,MIO_EUR,0.0
bop_its6_det,SI,"Services: telecommunications, computer, and information services",DEB,PH,PT,2023,MIO_EUR,0.0
bop_its6_det,SI,"Services: telecommunications, computer, and information services",DEB,PH,PT,2024,MIO_EUR,0.0
bop_its6_det,SI,"Services: telecommunications, computer, and information services",DEB,PH,RO,2015,MIO_EUR,0.0
bop_its6_det,SI,"Services: telecommunications, computer, and information services",DEB,PH,RO,2016,MIO_EUR,0.0
bop_its6_det,SI,"Services: telecommunications, computer, and information services",DEB,PH,RO,2017,MIO_EUR,0.2
bop_its6_det,SI,"Services: telecommunications, computer, and information services",DEB,PH,RO,2018,MIO_EUR,0.2
bop_its6_det,SI,"Services: telecommunications, computer, and information services",DEB,PH,RO,2019,MIO_EUR,1.3
bop_its6_det,SI,"Services: telecommunications, computer, and information services",DEB,PH,RO,2020,MIO_EUR,0.4
bop_its6_det,SI,"Services: telecommunications, computer, and information services",DEB,PH,RO,2021,MIO_EUR,0.2
bop_its6_det,SI,"Services: telecommunications, computer, and information services",DEB,PH,RO,2022,MIO_EUR,0.6
bop_its6_det,SI,"Services: telecommunications, computer, and information services",DEB,PH,RO,2023,MIO_EUR,1.4
bop_its6_det,SI,"Services: telecommunications, computer, and information services",DEB,PH,RO,2024,MIO_EUR,0.6
bop_its6_det,SI,"Services: telecommunications, computer, and information services",DEB,PH,SE,2015,MIO_EUR,1.4
bop_its6_det,SI,"Services: telecommunications, computer, and information services",DEB,PH,SE,2016,MIO_EUR,10.9
bop_its6_det,SI,"Services: telecommunications, computer, and information services",DEB,PH,SE,2017,MIO_EUR,11.2
bop_its6_det,SI,"Services: telecommunications, computer, and information services",DEB,PH,SE,2018,MIO_EUR,18.9
bop_its6_det,SI,"Services: telecommunications, computer, and information services",DEB,PH,SE,2019,MIO_EUR,26.2
bop_its6_det,SI,"Services: telecommunications, computer, and information services",DEB,PH,SE,2020,MIO_EUR,33.6
bop_its6_det,SI,"Services: telecommunications, computer, and information services",DEB,PH,SE,2021,MIO_EUR,39.6
bop_its6_det,SI,"Services: telecommunications, computer, and information services",DEB,PH,SE,2022,MIO_EUR,50.1
bop_its6_det,SI,"Services: telecommunications, computer, and information services",DEB,PH,SE,2023,MIO_EUR,33.2
bop_its6_det,SI,"Services: telecommunications, computer, and information services",DEB,PH,SE,2024,MIO_EUR,31.5
bop_its6_det,SI,"Services: telecommunications, computer, and information services",DEB,PH,UK,2016,MIO_EUR,34.2
bop_its6_det,SI,"Services: telecommunications, computer, and information services",DEB,PH,UK,2017,MIO_EUR,16.0
bop_its6_det,SI,"Services: telecommunications, computer, and information services",DEB,PH,UK,2018,MIO_EUR,24.9
bop_its6_det,SI,"Services: telecommunications, computer, and information services",CRE,PH,AT,2015,MIO_EUR,0.0
bop_its6_det,SI,"Services: telecommunications, computer, and information services",CRE,PH,AT,2016,MIO_EUR,1.0
bop_its6_det,SI,"Services: telecommunications, computer, and information services",CRE,PH,AT,2017,MIO_EUR,1.0
bop_its6_det,SI,"Services: telecommunications, computer, and information services",CRE,PH,AT,2018,MIO_EUR,0.0
bop_its6_det,SI,"Services: telecommunications, computer, and information services",CRE,PH,AT,2019,MIO_EUR,0.0
bop_its6_det,SI,"Services: telecommunications, computer, and information services",CRE,PH,AT,2020,MIO_EUR,0.0
bop_its6_det,SI,"Services: telecommunications, computer, and information services",CRE,PH,AT,2021,MIO_EUR,1.0
bop_its6_det,SI,"Services: telecommunications, computer, and information services",CRE,PH,AT,2022,MIO_EUR,1.0
bop_its6_det,SI,"Services: telecommunications, computer, and information services",CRE,PH,AT,2023,MIO_EUR,1.0
bop_its6_det,SI,"Services: telecommunications, computer, and information services",CRE,PH,AT,2024,MIO_EUR,1.0
bop_its6_det,SI,"Services: telecommunications, computer, and information services",CRE,PH,BE,2015,MIO_EUR,8.0
bop_its6_det,SI,"Services: telecommunications, computer, and information services",CRE,PH,BE,2016,MIO_EUR,8.0
bop_its6_det,SI,"Services: telecommunications, computer, and information services",CRE,PH,BE,2017,MIO_EUR,7.0
bop_its6_det,SI,"Services: telecommunications, computer, and information services",CRE,PH,BE,2018,MIO_EUR,8.0
bop_its6_det,SI,"Services: telecommunications, computer, and information services",CRE,PH,BE,2019,MIO_EUR,7.0
bop_its6_det,SI,"Services: telecommunications, computer, and information services",CRE,PH,BE,2020,MIO_EUR,9.0
bop_its6_det,SI,"Services: telecommunications, computer, and information services",CRE,PH,BE,2021,MIO_EUR,8.0
bop_its6_det,SI,"Services: telecommunications, computer, and information services",CRE,PH,BE,2022,MIO_EUR,15.0
bop_its6_det,SI,"Services: telecommunications, computer, and information services",CRE,PH,BE,2023,MIO_EUR,16.0
bop_its6_det,SI,"Services: telecommunications, computer, and information services",CRE,PH,BE,2024,MIO_EUR,10.0
bop_its6_det,SI,"Services: telecommunications, computer, and information services",CRE,PH,CZ,2015,MIO_EUR,1.7
bop_its6_det,SI,"Services: telecommunications, computer, and information services",CRE,PH,CZ,2016,MIO_EUR,5.7
bop_its6_det,SI,"Services: telecommunications, computer, and information services",CRE,PH,CZ,2017,MIO_EUR,5.4
bop_its6_det,SI,"Services: telecommunications, computer, and information services",CRE,PH,CZ,2018,MIO_EUR,6.1
bop_its6_det,SI,"Services: telecommunications, computer, and information services",CRE,PH,CZ,2019,MIO_EUR,6.8
bop_its6_det,SI,"Services: telecommunications, computer, and information services",CRE,PH,CZ,2020,MIO_EUR,7.9
bop_its6_det,SI,"Services: telecommunications, computer, and information services",CRE,PH,CZ,2021,MIO_EUR,13.2
bop_its6_det,SI,"Services: telecommunications, computer, and information services",CRE,PH,CZ,2022,MIO_EUR,11.8
bop_its6_det,SI,"Services: telecommunications, computer, and information services",CRE,PH,CZ,2023,MIO_EUR,3.9
bop_its6_det,SI,"Services: telecommunications, computer, and information services",CRE,PH,CZ,2024,MIO_EUR,3.9
bop_its6_det,SI,"Services: telecommunications, computer, and information services",CRE,PH,DE,2015,MIO_EUR,20.0
bop_its6_det,SI,"Services: telecommunications, computer, and information services",CRE,PH,DE,2016,MIO_EUR,27.0
bop_its6_det,SI,"Services: telecommunications, computer, and information services",CRE,PH,DE,2017,MIO_EUR,33.0
bop_its6_det,SI,"Services: telecommunications, computer, and information services",CRE,PH,DE,2018,MIO_EUR,44.0
bop_its6_det,SI,"Services: telecommunications, computer, and information services",CRE,PH,DE,2020,MIO_EUR,52.0
bop_its6_det,SI,"Services: telecommunications, computer, and information services",CRE,PH,DE,2021,MIO_EUR,65.0
bop_its6_det,SI,"Services: telecommunications, computer, and information services",CRE,PH,DE,2022,MIO_EUR,70.0
bop_its6_det,SI,"Services: telecommunications, computer, and information services",CRE,PH,DE,2023,MIO_EUR,80.0
bop_its6_det,SI,"Services: telecommunications, computer, and information services",CRE,PH,DE,2024,MIO_EUR,85.0
bop_its6_det,SI,"Services: telecommunications, computer, and information services",CRE,PH,DK,2015,MIO_EUR,2.3
bop_its6_det,SI,"Services: telecommunications, computer, and information services",CRE,PH,DK,2016,MIO_EUR,4.7
bop_its6_det,SI,"Services: telecommunications, computer, and information services",CRE,PH,DK,2017,MIO_EUR,4.0
bop_its6_det,SI,"Services: telecommunications, computer, and information services",CRE,PH,DK,2018,MIO_EUR,6.8
bop_its6_det,SI,"Services: telecommunications, computer, and information services",CRE,PH,DK,2019,MIO_EUR,5.0
bop_its6_det,SI,"Services: telecommunications, computer, and information services",CRE,PH,DK,2020,MIO_EUR,5.6
bop_its6_det,SI,"Services: telecommunications, computer, and information services",CRE,PH,DK,2021,MIO_EUR,5.5
bop_its6_det,SI,"Services: telecommunications, computer, and information services",CRE,PH,DK,2022,MIO_EUR,7.9
bop_its6_det,SI,"Services: telecommunications, computer, and information services",CRE,PH,DK,2023,MIO_EUR,9.0
bop_its6_det,SI,"Services: telecommunications, computer, and information services",CRE,PH,DK,2024,MIO_EUR,7.9
bop_its6_det,SI,"Services: telecommunications, computer, and information services",CRE,PH,EL,2015,MIO_EUR,0.2
bop_its6_det,SI,"Services: telecommunications, computer, and information services",CRE,PH,EL,2016,MIO_EUR,0.2
bop_its6_det,SI,"Services: telecommunications, computer, and information services",CRE,PH,EL,2017,MIO_EUR,0.3
bop_its6_det,SI,"Services: telecommunications, computer, and information services",CRE,PH,EL,2018,MIO_EUR,0.2
bop_its6_det,SI,"Services: telecommunications, computer, and information services",CRE,PH,EL,2019,MIO_EUR,0.2
bop_its6_det,SI,"Services: telecommunications, computer, and information services",CRE,PH,EL,2020,MIO_EUR,0.2
bop_its6_det,SI,"Services: telecommunications, computer, and information services",CRE,PH,EL,2021,MIO_EUR,0.1
bop_its6_det,SI,"Services: telecommunications, computer, and information services",CRE,PH,EL,2022,MIO_EUR,0.0
bop_its6_det,SI,"Services: telecommunications, computer, and information services",CRE,PH,EL,2023,MIO_EUR,0.2
bop_its6_det,SI,"Services: telecommunications, computer, and information services",CRE,PH,EL,2024,MIO_EUR,0.3
bop_its6_det,SI,"Services: telecommunications, computer, and information services",CRE,PH,ES,2017,MIO_EUR,31.0
bop_its6_det,SI,"Services: telecommunications, computer, and information services",CRE,PH,ES,2018,MIO_EUR,32.0
bop_its6_det,SI,"Services: telecommunications, computer, and information services",CRE,PH,ES,2020,MIO_EUR,13.0
bop_its6_det,SI,"Services: telecommunications, computer, and information services",CRE,PH,ES,2021,MIO_EUR,16.0
bop_its6_det,SI,"Services: telecommunications, computer, and information services",CRE,PH,ES,2022,MIO_EUR,43.0
bop_its6_det,SI,"Services: telecommunications, computer, and information services",CRE,PH,ES,2023,MIO_EUR,53.0
bop_its6_det,SI,"Services: telecommunications, computer, and information services",CRE,PH,ES,2024,MIO_EUR,37.0
bop_its6_det,SI,"Services: telecommunications, computer, and information services",CRE,PH,EU27_2020,2015,MIO_EUR,306.0
bop_its6_det,SI,"Services: telecommunications, computer, and information services",CRE,PH,EU27_2020,2016,MIO_EUR,346.2
bop_its6_det,SI,"Services: telecommunications, computer, and information services",CRE,PH,EU27_2020,2017,MIO_EUR,338.2
bop_its6_det,SI,"Services: telecommunications, computer, and information services",CRE,PH,EU27_2020,2018,MIO_EUR,300.4
bop_its6_det,SI,"Services: telecommunications, computer, and information services",CRE,PH,EU27_2020,2019,MIO_EUR,330.5
bop_its6_det,SI,"Services: telecommunications, computer, and information services",CRE,PH,EU27_2020,2020,MIO_EUR,735.6
bop_its6_det,SI,"Services: telecommunications, computer, and information services",CRE,PH,EU27_2020,2021,MIO_EUR,898.2
bop_its6_det,SI,"Services: telecommunications, computer, and information services",CRE,PH,EU27_2020,2022,MIO_EUR,1070.3
bop_its6_det,SI,"Services: telecommunications, computer, and information services",CRE,PH,EU27_2020,2023,MIO_EUR,1378.1
bop_its6_det,SI,"Services: telecommunications, computer, and information services",CRE,PH,EU27_2020,2024,MIO_EUR,2678.7
bop_its6_det,SI,"Services: telecommunications, computer, and information services",CRE,PH,FI,2015,MIO_EUR,72.0
bop_its6_det,SI,"Services: telecommunications, computer, and information services",CRE,PH,FI,2016,MIO_EUR,102.0
bop_its6_det,SI,"Services: telecommunications, computer, and information services",CRE,PH,FI,2017,MIO_EUR,54.0
bop_its6_det,SI,"Services: telecommunications, computer, and information services",CRE,PH,FI,2018,MIO_EUR,20.0
bop_its6_det,SI,"Services: telecommunications, computer, and information services",CRE,PH,FI,2019,MIO_EUR,15.0
bop_its6_det,SI,"Services: telecommunications, computer, and information services",CRE,PH,FI,2020,MIO_EUR,11.0
bop_its6_det,SI,"Services: telecommunications, computer, and information services",CRE,PH,FI,2021,MIO_EUR,10.0
bop_its6_det,SI,"Services: telecommunications, computer, and information services",CRE,PH,FI,2022,MIO_EUR,14.0
bop_its6_det,SI,"Services: telecommunications, computer, and information services",CRE,PH,FI,2023,MIO_EUR,13.0
bop_its6_det,SI,"Services: telecommunications, computer, and information services",CRE,PH,FI,2024,MIO_EUR,12.0
bop_its6_det,SI,"Services: telecommunications, computer, and information services",CRE,PH,FR,2015,MIO_EUR,6.0
bop_its6_det,SI,"Services: telecommunications, computer, and information services",CRE,PH,FR,2016,MIO_EUR,5.0
bop_its6_det,SI,"Services: telecommunications, computer, and information services",CRE,PH,FR,2017,MIO_EUR,6.0
bop_its6_det,SI,"Services: telecommunications, computer, and information services",CRE,PH,FR,2018,MIO_EUR,8.0
bop_its6_det,SI,"Services: telecommunications, computer, and information services",CRE,PH,FR,2019,MIO_EUR,11.0
bop_its6_det,SI,"Services: telecommunications, computer, and information services",CRE,PH,FR,2020,MIO_EUR,11.0
bop_its6_det,SI,"Services: telecommunications, computer, and information services",CRE,PH,FR,2021,MIO_EUR,27.0
bop_its6_det,SI,"Services: telecommunications, computer, and information services",CRE,PH,FR,2022,MIO_EUR,20.0
bop_its6_det,SI,"Services: telecommunications, computer, and information services",CRE,PH,FR,2023,MIO_EUR,17.0
bop_its6_det,SI,"Services: telecommunications, computer, and information services",CRE,PH,FR,2024,MIO_EUR,17.0
bop_its6_det,SI,"Services: telecommunications, computer, and information services",CRE,PH,HU,2015,MIO_EUR,37.0
bop_its6_det,SI,"Services: telecommunications, computer, and information services",CRE,PH,HU,2016,MIO_EUR,34.5
bop_its6_det,SI,"Services: telecommunications, computer, and information services",CRE,PH,HU,2017,MIO_EUR,46.8
bop_its6_det,SI,"Services: telecommunications, computer, and information services",CRE,PH,HU,2018,MIO_EUR,46.6
bop_its6_det,SI,"Services: telecommunications, computer, and information services",CRE,PH,HU,2019,MIO_EUR,75.6
bop_its6_det,SI,"Services: telecommunications, computer, and information services",CRE,PH,HU,2020,MIO_EUR,100.6
bop_its6_det,SI,"Services: telecommunications, computer, and information services",CRE,PH,HU,2021,MIO_EUR,86.9
bop_its6_det,SI,"Services: telecommunications, computer, and information services",CRE,PH,HU,2022,MIO_EUR,83.5
bop_its6_det,SI,"Services: telecommunications, computer, and information services",CRE,PH,HU,2023,MIO_EUR,81.9
bop_its6_det,SI,"Services: telecommunications, computer, and information services",CRE,PH,HU,2024,MIO_EUR,127.2
bop_its6_det,SI,"Services: telecommunications, computer, and information services",CRE,PH,IE,2015,MIO_EUR,4.0
bop_its6_det,SI,"Services: telecommunications, computer, and information services",CRE,PH,IE,2016,MIO_EUR,2.0
bop_its6_det,SI,"Services: telecommunications, computer, and information services",CRE,PH,IE,2019,MIO_EUR,10.0
bop_its6_det,SI,"Services: telecommunications, computer, and information services",CRE,PH,IT,2015,MIO_EUR,3.7
bop_its6_det,SI,"Services: telecommunications, computer, and information services",CRE,PH,IT,2016,MIO_EUR,1.3
bop_its6_det,SI,"Services: telecommunications, computer, and information services",CRE,PH,IT,2017,MIO_EUR,2.8
bop_its6_det,SI,"Services: telecommunications, computer, and information services",CRE,PH,IT,2018,MIO_EUR,1.8
bop_its6_det,SI,"Services: telecommunications, computer, and information services",CRE,PH,IT,2019,MIO_EUR,1.2
bop_its6_det,SI,"Services: telecommunications, computer, and information services",CRE,PH,IT,2020,MIO_EUR,1.0
bop_its6_det,SI,"Services: telecommunications, computer, and information services",CRE,PH,IT,2021,MIO_EUR,1.1
bop_its6_det,SI,"Services: telecommunications, computer, and information services",CRE,PH,IT,2022,MIO_EUR,1.9
bop_its6_det,SI,"Services: telecommunications, computer, and information services",CRE,PH,IT,2023,MIO_EUR,11.0
bop_its6_det,SI,"Services: telecommunications, computer, and information services",CRE,PH,IT,2024,MIO_EUR,5.0
bop_its6_det,SI,"Services: telecommunications, computer, and information services",CRE,PH,NL,2015,MIO_EUR,58.6
bop_its6_det,SI,"Services: telecommunications, computer, and information services",CRE,PH,NL,2016,MIO_EUR,51.3
bop_its6_det,SI,"Services: telecommunications, computer, and information services",CRE,PH,NL,2017,MIO_EUR,79.3
bop_its6_det,SI,"Services: telecommunications, computer, and information services",CRE,PH,NL,2018,MIO_EUR,43.8
bop_its6_det,SI,"Services: telecommunications, computer, and information services",CRE,PH,NL,2019,MIO_EUR,29.4
bop_its6_det,SI,"Services: telecommunications, computer, and information services",CRE,PH,NL,2020,MIO_EUR,48.6
bop_its6_det,SI,"Services: telecommunications, computer, and information services",CRE,PH,NL,2021,MIO_EUR,66.1
bop_its6_det,SI,"Services: telecommunications, computer, and information services",CRE,PH,NL,2022,MIO_EUR,115.0
bop_its6_det,SI,"Services: telecommunications, computer, and information services",CRE,PH,NL,2023,MIO_EUR,114.8
bop_its6_det,SI,"Services: telecommunications, computer, and information services",CRE,PH,NL,2024,MIO_EUR,128.4
bop_its6_det,SI,"Services: telecommunications, computer, and information services",CRE,PH,PL,2015,MIO_EUR,0.5
bop_its6_det,SI,"Services: telecommunications, computer, and information services",CRE,PH,PL,2016,MIO_EUR,0.9
bop_its6_det,SI,"Services: telecommunications, computer, and information services",CRE,PH,PL,2017,MIO_EUR,0.9
bop_its6_det,SI,"Services: telecommunications, computer, and information services",CRE,PH,PL,2018,MIO_EUR,1.2
bop_its6_det,SI,"Services: telecommunications, computer, and information services",CRE,PH,PL,2019,MIO_EUR,3.0
bop_its6_det,SI,"Services: telecommunications, computer, and information services",CRE,PH,PL,2020,MIO_EUR,4.7
bop_its6_det,SI,"Services: telecommunications, computer, and information services",CRE,PH,PL,2021,MIO_EUR,5.5
bop_its6_det,SI,"Services: telecommunications, computer, and information services",CRE,PH,PL,2022,MIO_EUR,7.7
bop_its6_det,SI,"Services: telecommunications, computer, and information services",CRE,PH,PL,2023,MIO_EUR,5.5
bop_its6_det,SI,"Services: telecommunications, computer, and information services",CRE,PH,PL,2024,MIO_EUR,6.3
bop_its6_det,SI,"Services: telecommunications, computer, and information services",CRE,PH,PT,2015,MIO_EUR,0.0
bop_its6_det,SI,"Services: telecommunications, computer, and information services",CRE,PH,PT,2016,MIO_EUR,1.0
bop_its6_det,SI,"Services: telecommunications, computer, and information services",CRE,PH,PT,2017,MIO_EUR,1.0
bop_its6_det,SI,"Services: telecommunications, computer, and information services",CRE,PH,PT,2018,MIO_EUR,1.0
bop_its6_det,SI,"Services: telecommunications, computer, and information services",CRE,PH,PT,2019,MIO_EUR,1.0
bop_its6_det,SI,"Services: telecommunications, computer, and information services",CRE,PH,PT,2020,MIO_EUR,1.0
bop_its6_det,SI,"Services: telecommunications, computer, and information services",CRE,PH,PT,2021,MIO_EUR,2.0
bop_its6_det,SI,"Services: telecommunications, computer, and information services",CRE,PH,PT,2022,MIO_EUR,4.0
bop_its6_det,SI,"Services: telecommunications, computer, and information services",CRE,PH,PT,2023,MIO_EUR,7.0
bop_its6_det,SI,"Services: telecommunications, computer, and information services",CRE,PH,PT,2024,MIO_EUR,5.0
bop_its6_det,SI,"Services: telecommunications, computer, and information services",CRE,PH,RO,2015,MIO_EUR,0.2
bop_its6_det,SI,"Services: telecommunications, computer, and information services",CRE,PH,RO,2016,MIO_EUR,0.4
bop_its6_det,SI,"Services: telecommunications, computer, and information services",CRE,PH,RO,2017,MIO_EUR,0.4
bop_its6_det,SI,"Services: telecommunications, computer, and information services",CRE,PH,RO,2018,MIO_EUR,1.5
bop_its6_det,SI,"Services: telecommunications, computer, and information services",CRE,PH,RO,2019,MIO_EUR,1.3
bop_its6_det,SI,"Services: telecommunications, computer, and information services",CRE,PH,RO,2020,MIO_EUR,3.7
bop_its6_det,SI,"Services: telecommunications, computer, and information services",CRE,PH,RO,2021,MIO_EUR,5.5
bop_its6_det,SI,"Services: telecommunications, computer, and information services",CRE,PH,RO,2022,MIO_EUR,8.3
bop_its6_det,SI,"Services: telecommunications, computer, and information services",CRE,PH,RO,2023,MIO_EUR,7.7
bop_its6_det,SI,"Services: telecommunications, computer, and information services",CRE,PH,RO,2024,MIO_EUR,8.2
bop_its6_det,SI,"Services: telecommunications, computer, and information services",CRE,PH,SE,2015,MIO_EUR,60.3
bop_its6_det,SI,"Services: telecommunications, computer, and information services",CRE,PH,SE,2016,MIO_EUR,59.6
bop_its6_det,SI,"Services: telecommunications, computer, and information services",CRE,PH,SE,2017,MIO_EUR,45.7
bop_its6_det,SI,"Services: telecommunications, computer, and information services",CRE,PH,SE,2018,MIO_EUR,59.6
bop_its6_det,SI,"Services: telecommunications, computer, and information services",CRE,PH,SE,2019,MIO_EUR,52.0
bop_its6_det,SI,"Services: telecommunications, computer, and information services",CRE,PH,SE,2020,MIO_EUR,115.4
bop_its6_det,SI,"Services: telecommunications, computer, and information services",CRE,PH,SE,2021,MIO_EUR,128.1
bop_its6_det,SI,"Services: telecommunications, computer, and information services",CRE,PH,SE,2022,MIO_EUR,85.7
bop_its6_det,SI,"Services: telecommunications, computer, and information services",CRE,PH,SE,2023,MIO_EUR,132.9
bop_its6_det,SI,"Services: telecommunications, computer, and information services",CRE,PH,SE,2024,MIO_EUR,146.9
bop_its6_det,SI,"Services: telecommunications, computer, and information services",CRE,PH,UK,2016,MIO_EUR,24.4
bop_its6_det,SI,"Services: telecommunications, computer, and information services",CRE,PH,UK,2017,MIO_EUR,28.5
bop_its6_det,SI,"Services: telecommunications, computer, and information services",CRE,PH,UK,2018,MIO_EUR,41.8
bop_its6_det,SI,"Services: telecommunications, computer, and information services",CRE,PH,UK,2019,MIO_EUR,35.3
bop_its6_det,SJ312,Services: engineering services,DEB,CN_X_HK,AT,2015,MIO_EUR,24.0
bop_its6_det,SJ312,Services: engineering services,DEB,CN_X_HK,AT,2016,MIO_EUR,30.0
bop_its6_det,SJ312,Services: engineering services,DEB,CN_X_HK,AT,2017,MIO_EUR,33.0
bop_its6_det,SJ312,Services: engineering services,DEB,CN_X_HK,AT,2018,MIO_EUR,23.0
bop_its6_det,SJ312,Services: engineering services,DEB,CN_X_HK,AT,2019,MIO_EUR,130.0
bop_its6_det,SJ312,Services: engineering services,DEB,CN_X_HK,AT,2020,MIO_EUR,34.0
bop_its6_det,SJ312,Services: engineering services,DEB,CN_X_HK,AT,2021,MIO_EUR,39.0
bop_its6_det,SJ312,Services: engineering services,DEB,CN_X_HK,AT,2022,MIO_EUR,25.0
bop_its6_det,SJ312,Services: engineering services,DEB,CN_X_HK,AT,2023,MIO_EUR,56.0
bop_its6_det,SJ312,Services: engineering services,DEB,CN_X_HK,AT,2024,MIO_EUR,25.0
bop_its6_det,SJ312,Services: engineering services,DEB,CN_X_HK,BE,2015,MIO_EUR,3.0
bop_its6_det,SJ312,Services: engineering services,DEB,CN_X_HK,BE,2016,MIO_EUR,10.0
bop_its6_det,SJ312,Services: engineering services,DEB,CN_X_HK,BE,2018,MIO_EUR,1.0
bop_its6_det,SJ312,Services: engineering services,DEB,CN_X_HK,BE,2019,MIO_EUR,2.0
bop_its6_det,SJ312,Services: engineering services,DEB,CN_X_HK,BE,2020,MIO_EUR,6.0
bop_its6_det,SJ312,Services: engineering services,DEB,CN_X_HK,BE,2023,MIO_EUR,13.0
bop_its6_det,SJ312,Services: engineering services,DEB,CN_X_HK,BE,2024,MIO_EUR,4.0
bop_its6_det,SJ312,Services: engineering services,DEB,CN_X_HK,CZ,2015,MIO_EUR,0.1
bop_its6_det,SJ312,Services: engineering services,DEB,CN_X_HK,CZ,2016,MIO_EUR,1.0
bop_its6_det,SJ312,Services: engineering services,DEB,CN_X_HK,CZ,2017,MIO_EUR,0.3
bop_its6_det,SJ312,Services: engineering services,DEB,CN_X_HK,CZ,2018,MIO_EUR,0.7
bop_its6_det,SJ312,Services: engineering services,DEB,CN_X_HK,CZ,2019,MIO_EUR,0.8
bop_its6_det,SJ312,Services: engineering services,DEB,CN_X_HK,CZ,2020,MIO_EUR,0.8
bop_its6_det,SJ312,Services: engineering services,DEB,CN_X_HK,CZ,2021,MIO_EUR,0.9
bop_its6_det,SJ312,Services: engineering services,DEB,CN_X_HK,CZ,2022,MIO_EUR,1.6
bop_its6_det,SJ312,Services: engineering services,DEB,CN_X_HK,CZ,2023,MIO_EUR,1.1
bop_its6_det,SJ312,Services: engineering services,DEB,CN_X_HK,CZ,2024,MIO_EUR,1.7
bop_its6_det,SJ312,Services: engineering services,DEB,CN_X_HK,DE,2015,MIO_EUR,433.0
bop_its6_det,SJ312,Services: engineering services,DEB,CN_X_HK,DE,2017,MIO_EUR,311.0
bop_its6_det,SJ312,Services: engineering services,DEB,CN_X_HK,DE,2019,MIO_EUR,401.0
bop_its6_det,SJ312,Services: engineering services,DEB,CN_X_HK,DE,2021,MIO_EUR,336.0
bop_its6_det,SJ312,Services: engineering services,DEB,CN_X_HK,DE,2022,MIO_EUR,391.0
bop_its6_det,SJ312,Services: engineering services,DEB,CN_X_HK,DK,2015,MIO_EUR,41.7
bop_its6_det,SJ312,Services: engineering services,DEB,CN_X_HK,DK,2016,MIO_EUR,39.9
bop_its6_det,SJ312,Services: engineering services,DEB,CN_X_HK,DK,2017,MIO_EUR,36.4
bop_its6_det,SJ312,Services: engineering services,DEB,CN_X_HK,DK,2018,MIO_EUR,27.4
bop_its6_det,SJ312,Services: engineering services,DEB,CN_X_HK,DK,2019,MIO_EUR,40.0
bop_its6_det,SJ312,Services: engineering services,DEB,CN_X_HK,DK,2020,MIO_EUR,28.3
bop_its6_det,SJ312,Services: engineering services,DEB,CN_X_HK,DK,2021,MIO_EUR,29.4
bop_its6_det,SJ312,Services: engineering services,DEB,CN_X_HK,DK,2022,MIO_EUR,25.8
bop_its6_det,SJ312,Services: engineering services,DEB,CN_X_HK,DK,2023,MIO_EUR,27.0
bop_its6_det,SJ312,Services: engineering services,DEB,CN_X_HK,DK,2024,MIO_EUR,22.3
bop_its6_det,SJ312,Services: engineering services,DEB,CN_X_HK,EL,2015,MIO_EUR,0.3
bop_its6_det,SJ312,Services: engineering services,DEB,CN_X_HK,EL,2016,MIO_EUR,0.4
bop_its6_det,SJ312,Services: engineering services,DEB,CN_X_HK,EL,2017,MIO_EUR,0.5
bop_its6_det,SJ312,Services: engineering services,DEB,CN_X_HK,EL,2018,MIO_EUR,2.0
bop_its6_det,SJ312,Services: engineering services,DEB,CN_X_HK,EL,2019,MIO_EUR,1.0
bop_its6_det,SJ312,Services: engineering services,DEB,CN_X_HK,EL,2020,MIO_EUR,1.0
bop_its6_det,SJ312,Services: engineering services,DEB,CN_X_HK,EL,2021,MIO_EUR,1.1
bop_its6_det,SJ312,Services: engineering services,DEB,CN_X_HK,EL,2022,MIO_EUR,1.0
bop_its6_det,SJ312,Services: engineering services,DEB,CN_X_HK,EL,2023,MIO_EUR,2.5
bop_its6_det,SJ312,Services: engineering services,DEB,CN_X_HK,EL,2024,MIO_EUR,3.4
bop_its6_det,SJ312,Services: engineering services,DEB,CN_X_HK,ES,2016,MIO_EUR,3.0
bop_its6_det,SJ312,Services: engineering services,DEB,CN_X_HK,ES,2017,MIO_EUR,2.0
bop_its6_det,SJ312,Services: engineering services,DEB,CN_X_HK,ES,2020,MIO_EUR,20.0
bop_its6_det,SJ312,Services: engineering services,DEB,CN_X_HK,ES,2021,MIO_EUR,24.0
bop_its6_det,SJ312,Services: engineering services,DEB,CN_X_HK,ES,2024,MIO_EUR,36.0
bop_its6_det,SJ312,Services: engineering services,DEB,CN_X_HK,EU27_2020,2015,MIO_EUR,575.0
bop_its6_det,SJ312,Services: engineering services,DEB,CN_X_HK,EU27_2020,2016,MIO_EUR,596.4
bop_its6_det,SJ312,Services: engineering services,DEB,CN_X_HK,EU27_2020,2017,MIO_EUR,507.3
bop_its6_det,SJ312,Services: engineering services,DEB,CN_X_HK,EU27_2020,2018,MIO_EUR,511.6
bop_its6_det,SJ312,Services: engineering services,DEB,CN_X_HK,EU27_2020,2019,MIO_EUR,695.3
bop_its6_det,SJ312,Services: engineering services,DEB,CN_X_HK,EU27_2020,2020,MIO_EUR,663.4
bop_its6_det,SJ312,Services: engineering services,DEB,CN_X_HK,EU27_2020,2021,MIO_EUR,802.7
bop_its6_det,SJ312,Services: engineering services,DEB,CN_X_HK,EU27_2020,2022,MIO_EUR,963.6
bop_its6_det,SJ312,Services: engineering services,DEB,CN_X_HK,EU27_2020,2023,MIO_EUR,776.7
bop_its6_det,SJ312,Services: engineering services,DEB,CN_X_HK,EU27_2020,2024,MIO_EUR,859.5
bop_its6_det,SJ312,Services: engineering services,DEB,CN_X_HK,FI,2015,MIO_EUR,8.0
bop_its6_det,SJ312,Services: engineering services,DEB,CN_X_HK,FI,2016,MIO_EUR,7.0
bop_its6_det,SJ312,Services: engineering services,DEB,CN_X_HK,FI,2017,MIO_EUR,15.0
bop_its6_det,SJ312,Services: engineering services,DEB,CN_X_HK,FI,2018,MIO_EUR,15.0
bop_its6_det,SJ312,Services: engineering services,DEB,CN_X_HK,FI,2019,MIO_EUR,17.0
bop_its6_det,SJ312,Services: engineering services,DEB,CN_X_HK,FI,2020,MIO_EUR,13.0
bop_its6_det,SJ312,Services: engineering services,DEB,CN_X_HK,FI,2021,MIO_EUR,31.0
bop_its6_det,SJ312,Services: engineering services,DEB,CN_X_HK,FI,2022,MIO_EUR,9.0
bop_its6_det,SJ312,Services: engineering services,DEB,CN_X_HK,FI,2023,MIO_EUR,9.0
bop_its6_det,SJ312,Services: engineering services,DEB,CN_X_HK,FI,2024,MIO_EUR,12.0
bop_its6_det,SJ312,Services: engineering services,DEB,CN_X_HK,HU,2015,MIO_EUR,0.0
bop_its6_det,SJ312,Services: engineering services,DEB,CN_X_HK,HU,2016,MIO_EUR,0.4
bop_its6_det,SJ312,Services: engineering services,DEB,CN_X_HK,HU,2017,MIO_EUR,0.7
bop_its6_det,SJ312,Services: engineering services,DEB,CN_X_HK,HU,2018,MIO_EUR,0.1
bop_its6_det,SJ312,Services: engineering services,DEB,CN_X_HK,HU,2019,MIO_EUR,0.4
bop_its6_det,SJ312,Services: engineering services,DEB,CN_X_HK,HU,2020,MIO_EUR,0.1
bop_its6_det,SJ312,Services: engineering services,DEB,CN_X_HK,HU,2021,MIO_EUR,0.5
bop_its6_det,SJ312,Services: engineering services,DEB,CN_X_HK,HU,2022,MIO_EUR,0.6
bop_its6_det,SJ312,Services: engineering services,DEB,CN_X_HK,HU,2023,MIO_EUR,5.5
bop_its6_det,SJ312,Services: engineering services,DEB,CN_X_HK,HU,2024,MIO_EUR,3.6
bop_its6_det,SJ312,Services: engineering services,DEB,CN_X_HK,IE,2015,MIO_EUR,0.0
bop_its6_det,SJ312,Services: engineering services,DEB,CN_X_HK,IE,2016,MIO_EUR,0.0
bop_its6_det,SJ312,Services: engineering services,DEB,CN_X_HK,IE,2017,MIO_EUR,0.0
bop_its6_det,SJ312,Services: engineering services,DEB,CN_X_HK,IE,2018,MIO_EUR,0.0
bop_its6_det,SJ312,Services: engineering services,DEB,CN_X_HK,IE,2019,MIO_EUR,0.0
bop_its6_det,SJ312,Services: engineering services,DEB,CN_X_HK,IE,2022,MIO_EUR,0.0
bop_its6_det,SJ312,Services: engineering services,DEB,CN_X_HK,IE,2024,MIO_EUR,0.0
bop_its6_det,SJ312,Services: engineering services,DEB,CN_X_HK,IT,2015,MIO_EUR,9.3
bop_its6_det,SJ312,Services: engineering services,DEB,CN_X_HK,IT,2016,MIO_EUR,22.6
bop_its6_det,SJ312,Services: engineering services,DEB,CN_X_HK,IT,2017,MIO_EUR,19.6
bop_its6_det,SJ312,Services: engineering services,DEB,CN_X_HK,IT,2018,MIO_EUR,9.2
bop_its6_det,SJ312,Services: engineering services,DEB,CN_X_HK,IT,2019,MIO_EUR,11.8
bop_its6_det,SJ312,Services: engineering services,DEB,CN_X_HK,IT,2020,MIO_EUR,91.6
bop_its6_det,SJ312,Services: engineering services,DEB,CN_X_HK,IT,2021,MIO_EUR,104.6
bop_its6_det,SJ312,Services: engineering services,DEB,CN_X_HK,IT,2022,MIO_EUR,175.1
bop_its6_det,SJ312,Services: engineering services,DEB,CN_X_HK,IT,2023,MIO_EUR,81.3
bop_its6_det,SJ312,Services: engineering services,DEB,CN_X_HK,IT,2024,MIO_EUR,35.2
bop_its6_det,SJ312,Services: engineering services,DEB,CN_X_HK,NL,2018,MIO_EUR,17.8
bop_its6_det,SJ312,Services: engineering services,DEB,CN_X_HK,NL,2020,MIO_EUR,16.6
bop_its6_det,SJ312,Services: engineering services,DEB,CN_X_HK,NL,2021,MIO_EUR,16.5
bop_its6_det,SJ312,Services: engineering services,DEB,CN_X_HK,NL,2022,MIO_EUR,149.8
bop_its6_det,SJ312,Services: engineering services,DEB,CN_X_HK,NL,2023,MIO_EUR,122.3
bop_its6_det,SJ312,Services: engineering services,DEB,CN_X_HK,NL,2024,MIO_EUR,108.5
bop_its6_det,SJ312,Services: engineering services,DEB,CN_X_HK,PL,2015,MIO_EUR,1.9
bop_its6_det,SJ312,Services: engineering services,DEB,CN_X_HK,PL,2016,MIO_EUR,1.8
bop_its6_det,SJ312,Services: engineering services,DEB,CN_X_HK,PL,2017,MIO_EUR,1.9
bop_its6_det,SJ312,Services: engineering services,DEB,CN_X_HK,PL,2018,MIO_EUR,4.0
bop_its6_det,SJ312,Services: engineering services,DEB,CN_X_HK,PL,2019,MIO_EUR,2.6
bop_its6_det,SJ312,Services: engineering services,DEB,CN_X_HK,PL,2020,MIO_EUR,4.7
bop_its6_det,SJ312,Services: engineering services,DEB,CN_X_HK,PL,2021,MIO_EUR,6.6
bop_its6_det,SJ312,Services: engineering services,DEB,CN_X_HK,PL,2022,MIO_EUR,9.2
bop_its6_det,SJ312,Services: engineering services,DEB,CN_X_HK,PL,2023,MIO_EUR,3.3
bop_its6_det,SJ312,Services: engineering services,DEB,CN_X_HK,PL,2024,MIO_EUR,4.6
bop_its6_det,SJ312,Services: engineering services,DEB,CN_X_HK,PT,2015,MIO_EUR,0.0
bop_its6_det,SJ312,Services: engineering services,DEB,CN_X_HK,PT,2016,MIO_EUR,1.0
bop_its6_det,SJ312,Services: engineering services,DEB,CN_X_HK,PT,2017,MIO_EUR,0.0
bop_its6_det,SJ312,Services: engineering services,DEB,CN_X_HK,PT,2018,MIO_EUR,0.0
bop_its6_det,SJ312,Services: engineering services,DEB,CN_X_HK,PT,2019,MIO_EUR,0.0
bop_its6_det,SJ312,Services: engineering services,DEB,CN_X_HK,PT,2020,MIO_EUR,0.0
bop_its6_det,SJ312,Services: engineering services,DEB,CN_X_HK,PT,2021,MIO_EUR,0.0
bop_its6_det,SJ312,Services: engineering services,DEB,CN_X_HK,PT,2022,MIO_EUR,0.0
bop_its6_det,SJ312,Services: engineering services,DEB,CN_X_HK,PT,2023,MIO_EUR,3.0
bop_its6_det,SJ312,Services: engineering services,DEB,CN_X_HK,PT,2024,MIO_EUR,0.0
bop_its6_det,SJ312,Services: engineering services,DEB,CN_X_HK,RO,2015,MIO_EUR,0.2
bop_its6_det,SJ312,Services: engineering services,DEB,CN_X_HK,RO,2017,MIO_EUR,0.2
bop_its6_det,SJ312,Services: engineering services,DEB,CN_X_HK,RO,2018,MIO_EUR,0.2
bop_its6_det,SJ312,Services: engineering services,DEB,CN_X_HK,RO,2019,MIO_EUR,0.2
bop_its6_det,SJ312,Services: engineering services,DEB,CN_X_HK,RO,2020,MIO_EUR,1.7
bop_its6_det,SJ312,Services: engineering services,DEB,CN_X_HK,RO,2021,MIO_EUR,1.6
bop_its6_det,SJ312,Services: engineering services,DEB,CN_X_HK,RO,2023,MIO_EUR,2.6
bop_its6_det,SJ312,Services: engineering services,DEB,CN_X_HK,RO,2024,MIO_EUR,1.2
bop_its6_det,SJ312,Services: engineering services,DEB,CN_X_HK,SE,2015,MIO_EUR,4.4
bop_its6_det,SJ312,Services: engineering services,DEB,CN_X_HK,SE,2016,MIO_EUR,30.2
bop_its6_det,SJ312,Services: engineering services,DEB,CN_X_HK,SE,2017,MIO_EUR,25.1
bop_its6_det,SJ312,Services: engineering services,DEB,CN_X_HK,SE,2018,MIO_EUR,19.8
bop_its6_det,SJ312,Services: engineering services,DEB,CN_X_HK,SE,2019,MIO_EUR,7.9
bop_its6_det,SJ312,Services: engineering services,DEB,CN_X_HK,SE,2020,MIO_EUR,17.3
bop_its6_det,SJ312,Services: engineering services,DEB,CN_X_HK,SE,2021,MIO_EUR,18.9
bop_its6_det,SJ312,Services: engineering services,DEB,CN_X_HK,SE,2022,MIO_EUR,29.2
bop_its6_det,SJ312,Services: engineering services,DEB,CN_X_HK,SE,2023,MIO_EUR,15.9
bop_its6_det,SJ312,Services: engineering services,DEB,CN_X_HK,SE,2024,MIO_EUR,22.5
bop_its6_det,SJ312,Services: engineering services,CRE,CN_X_HK,AT,2015,MIO_EUR,153.0
bop_its6_det,SJ312,Services: engineering services,CRE,CN_X_HK,AT,2016,MIO_EUR,190.0
bop_its6_det,SJ312,Services: engineering services,CRE,CN_X_HK,AT,2017,MIO_EUR,103.0
bop_its6_det,SJ312,Services: engineering services,CRE,CN_X_HK,AT,2018,MIO_EUR,157.0
bop_its6_det,SJ312,Services: engineering services,CRE,CN_X_HK,AT,2019,MIO_EUR,138.0
bop_its6_det,SJ312,Services: engineering services,CRE,CN_X_HK,AT,2020,MIO_EUR,165.0
bop_its6_det,SJ312,Services: engineering services,CRE,CN_X_HK,AT,2021,MIO_EUR,286.0
bop_its6_det,SJ312,Services: engineering services,CRE,CN_X_HK,AT,2022,MIO_EUR,249.0
bop_its6_det,SJ312,Services: engineering services,CRE,CN_X_HK,AT,2023,MIO_EUR,124.0
bop_its6_det,SJ312,Services: engineering services,CRE,CN_X_HK,AT,2024,MIO_EUR,111.0
bop_its6_det,SJ312,Services: engineering services,CRE,CN_X_HK,BE,2015,MIO_EUR,11.0
bop_its6_det,SJ312,Services: engineering services,CRE,CN_X_HK,BE,2018,MIO_EUR,11.0
bop_its6_det,SJ312,Services: engineering services,CRE,CN_X_HK,BE,2019,MIO_EUR,10.0
bop_its6_det,SJ312,Services: engineering services,CRE,CN_X_HK,BE,2020,MIO_EUR,5.0
bop_its6_det,SJ312,Services: engineering services,CRE,CN_X_HK,BE,2022,MIO_EUR,7.0
bop_its6_det,SJ312,Services: engineering services,CRE,CN_X_HK,BE,2023,MIO_EUR,10.0
bop_its6_det,SJ312,Services: engineering services,CRE,CN_X_HK,BE,2024,MIO_EUR,10.0
bop_its6_det,SJ312,Services: engineering services,CRE,CN_X_HK,CZ,2015,MIO_EUR,3.1
bop_its6_det,SJ312,Services: engineering services,CRE,CN_X_HK,CZ,2016,MIO_EUR,3.3
bop_its6_det,SJ312,Services: engineering services,CRE,CN_X_HK,CZ,2017,MIO_EUR,4.7
bop_its6_det,SJ312,Services: engineering services,CRE,CN_X_HK,CZ,2018,MIO_EUR,4.8
bop_its6_det,SJ312,Services: engineering services,CRE,CN_X_HK,CZ,2019,MIO_EUR,4.1
bop_its6_det,SJ312,Services: engineering services,CRE,CN_X_HK,CZ,2020,MIO_EUR,5.2
bop_its6_det,SJ312,Services: engineering services,CRE,CN_X_HK,CZ,2021,MIO_EUR,4.1
bop_its6_det,SJ312,Services: engineering services,CRE,CN_X_HK,CZ,2022,MIO_EUR,4.6
bop_its6_det,SJ312,Services: engineering services,CRE,CN_X_HK,CZ,2023,MIO_EUR,2.6
bop_its6_det,SJ312,Services: engineering services,CRE,CN_X_HK,CZ,2024,MIO_EUR,0.3
bop_its6_det,SJ312,Services: engineering services,CRE,CN_X_HK,DE,2018,MIO_EUR,1314.0
bop_its6_det,SJ312,Services: engineering services,CRE,CN_X_HK,DE,2020,MIO_EUR,1281.0
bop_its6_det,SJ312,Services: engineering services,CRE,CN_X_HK,DE,2022,MIO_EUR,1167.0
bop_its6_det,SJ312,Services: engineering services,CRE,CN_X_HK,DE,2024,MIO_EUR,933.0
bop_its6_det,SJ312,Services: engineering services,CRE,CN_X_HK,DK,2015,MIO_EUR,22.9
bop_its6_det,SJ312,Services: engineering services,CRE,CN_X_HK,DK,2016,MIO_EUR,52.5
bop_its6_det,SJ312,Services: engineering services,CRE,CN_X_HK,DK,2017,MIO_EUR,133.9
bop_its6_det,SJ312,Services: engineering services,CRE,CN_X_HK,DK,2018,MIO_EUR,104.0
bop_its6_det,SJ312,Services: engineering services,CRE,CN_X_HK,DK,2019,MIO_EUR,51.7
bop_its6_det,SJ312,Services: engineering services,CRE,CN_X_HK,DK,2020,MIO_EUR,35.0
bop_its6_det,SJ312,Services: engineering services,CRE,CN_X_HK,DK,2021,MIO_EUR,39.7
bop_its6_det,SJ312,Services: engineering services,CRE,CN_X_HK,DK,2022,MIO_EUR,23.3
bop_its6_det,SJ312,Services: engineering services,CRE,CN_X_HK,DK,2023,MIO_EUR,24.4
bop_its6_det,SJ312,Services: engineering services,CRE,CN_X_HK,DK,2024,MIO_EUR,43.2
bop_its6_det,SJ312,Services: engineering services,CRE,CN_X_HK,EL,2015,MIO_EUR,0.2
bop_its6_det,SJ312,Services: engineering services,CRE,CN_X_HK,EL,2016,MIO_EUR,0.1
bop_its6_det,SJ312,Services: engineering services,CRE,CN_X_HK,EL,2017,MIO_EUR,0.2
bop_its6_det,SJ312,Services: engineering services,CRE,CN_X_HK,EL,2018,MIO_EUR,0.4
bop_its6_det,SJ312,Services: engineering services,CRE,CN_X_HK,EL,2019,MIO_EUR,0.3
bop_its6_det,SJ312,Services: engineering services,CRE,CN_X_HK,EL,2020,MIO_EUR,0.2
bop_its6_det,SJ312,Services: engineering services,CRE,CN_X_HK,EL,2021,MIO_EUR,0.3
bop_its6_det,SJ312,Services: engineering services,CRE,CN_X_HK,EL,2022,MIO_EUR,0.5
bop_its6_det,SJ312,Services: engineering services,CRE,CN_X_HK,EL,2023,MIO_EUR,0.5
bop_its6_det,SJ312,Services: engineering services,CRE,CN_X_HK,EL,2024,MIO_EUR,0.6
bop_its6_det,SJ312,Services: engineering services,CRE,CN_X_HK,ES,2019,MIO_EUR,22.0
bop_its6_det,SJ312,Services: engineering services,CRE,CN_X_HK,ES,2020,MIO_EUR,17.0
bop_its6_det,SJ312,Services: engineering services,CRE,CN_X_HK,ES,2021,MIO_EUR,22.0
bop_its6_det,SJ312,Services: engineering services,CRE,CN_X_HK,EU27_2020,2015,MIO_EUR,1431.7
bop_its6_det,SJ312,Services: engineering services,CRE,CN_X_HK,EU27_2020,2016,MIO_EUR,1545.8
bop_its6_det,SJ312,Services: engineering services,CRE,CN_X_HK,EU27_2020,2017,MIO_EUR,1763.2
bop_its6_det,SJ312,Services: engineering services,CRE,CN_X_HK,EU27_2020,2018,MIO_EUR,1956.5
bop_its6_det,SJ312,Services: engineering services,CRE,CN_X_HK,EU27_2020,2019,MIO_EUR,2229.1
bop_its6_det,SJ312,Services: engineering services,CRE,CN_X_HK,EU27_2020,2020,MIO_EUR,1833.4
bop_its6_det,SJ312,Services: engineering services,CRE,CN_X_HK,EU27_2020,2021,MIO_EUR,1961.7
bop_its6_det,SJ312,Services: engineering services,CRE,CN_X_HK,EU27_2020,2022,MIO_EUR,1748.0
bop_its6_det,SJ312,Services: engineering services,CRE,CN_X_HK,EU27_2020,2023,MIO_EUR,1548.5
bop_its6_det,SJ312,Services: engineering services,CRE,CN_X_HK,EU27_2020,2024,MIO_EUR,1576.0
bop_its6_det,SJ312,Services: engineering services,CRE,CN_X_HK,FI,2015,MIO_EUR,31.0
bop_its6_det,SJ312,Services: engineering services,CRE,CN_X_HK,FI,2016,MIO_EUR,84.0
bop_its6_det,SJ312,Services: engineering services,CRE,CN_X_HK,FI,2017,MIO_EUR,83.0
bop_its6_det,SJ312,Services: engineering services,CRE,CN_X_HK,FI,2018,MIO_EUR,87.0
bop_its6_det,SJ312,Services: engineering services,CRE,CN_X_HK,FI,2019,MIO_EUR,104.0
bop_its6_det,SJ312,Services: engineering services,CRE,CN_X_HK,FI,2020,MIO_EUR,84.0
bop_its6_det,SJ312,Services: engineering services,CRE,CN_X_HK,FI,2021,MIO_EUR,63.0
bop_its6_det,SJ312,Services: engineering services,CRE,CN_X_HK,FI,2022,MIO_EUR,50.0
bop_its6_det,SJ312,Services: engineering services,CRE,CN_X_HK,FI,2023,MIO_EUR,71.0
bop_its6_det,SJ312,Services: engineering services,CRE,CN_X_HK,FI,2024,MIO_EUR,118.0
bop_its6_det,SJ312,Services: engineering services,CRE,CN_X_HK,HU,2015,MIO_EUR,1.1
bop_its6_det,SJ312,Services: engineering services,CRE,CN_X_HK,HU,2016,MIO_EUR,1.6
bop_its6_det,SJ312,Services: engineering services,CRE,CN_X_HK,HU,2017,MIO_EUR,3.4
bop_its6_det,SJ312,Services: engineering services,CRE,CN_X_HK,HU,2018,MIO_EUR,6.9
bop_its6_det,SJ312,Services: engineering services,CRE,CN_X_HK,HU,2019,MIO_EUR,9.7
bop_its6_det,SJ312,Services: engineering services,CRE,CN_X_HK,HU,2020,MIO_EUR,7.1
bop_its6_det,SJ312,Services: engineering services,CRE,CN_X_HK,HU,2021,MIO_EUR,7.2
bop_its6_det,SJ312,Services: engineering services,CRE,CN_X_HK,HU,2022,MIO_EUR,9.2
bop_its6_det,SJ312,Services: engineering services,CRE,CN_X_HK,HU,2023,MIO_EUR,9.5
bop_its6_det,SJ312,Services: engineering services,CRE,CN_X_HK,HU,2024,MIO_EUR,7.8
bop_its6_det,SJ312,Services: engineering services,CRE,CN_X_HK,IE,2015,MIO_EUR,0.0
bop_its6_det,SJ312,Services: engineering services,CRE,CN_X_HK,IE,2016,MIO_EUR,2.0
bop_its6_det,SJ312,Services: engineering services,CRE,CN_X_HK,IE,2017,MIO_EUR,0.0
bop_its6_det,SJ312,Services: engineering services,CRE,CN_X_HK,IE,2018,MIO_EUR,0.0
bop_its6_det,SJ312,Services: engineering services,CRE,CN_X_HK,IE,2019,MIO_EUR,0.0
bop_its6_det,SJ312,Services: engineering services,CRE,CN_X_HK,IE,2020,MIO_EUR,7.0
bop_its6_det,SJ312,Services: engineering services,CRE,CN_X_HK,IE,2021,MIO_EUR,7.0
bop_its6_det,SJ312,Services: engineering services,CRE,CN_X_HK,IE,2022,MIO_EUR,7.0
bop_its6_det,SJ312,Services: engineering services,CRE,CN_X_HK,IE,2023,MIO_EUR,7.0
bop_its6_det,SJ312,Services: engineering services,CRE,CN_X_HK,IE,2024,MIO_EUR,7.0
bop_its6_det,SJ312,Services: engineering services,CRE,CN_X_HK,IT,2015,MIO_EUR,23.8
bop_its6_det,SJ312,Services: engineering services,CRE,CN_X_HK,IT,2016,MIO_EUR,27.0
bop_its6_det,SJ312,Services: engineering services,CRE,CN_X_HK,IT,2017,MIO_EUR,37.0
bop_its6_det,SJ312,Services: engineering services,CRE,CN_X_HK,IT,2018,MIO_EUR,22.3
bop_its6_det,SJ312,Services: engineering services,CRE,CN_X_HK,IT,2019,MIO_EUR,25.9
bop_its6_det,SJ312,Services: engineering services,CRE,CN_X_HK,IT,2020,MIO_EUR,40.5
bop_its6_det,SJ312,Services: engineering services,CRE,CN_X_HK,IT,2021,MIO_EUR,22.2
bop_its6_det,SJ312,Services: engineering services,CRE,CN_X_HK,IT,2022,MIO_EUR,31.3
bop_its6_det,SJ312,Services: engineering services,CRE,CN_X_HK,IT,2023,MIO_EUR,46.7
bop_its6_det,SJ312,Services: engineering services,CRE,CN_X_HK,IT,2024,MIO_EUR,22.3
bop_its6_det,SJ312,Services: engineering services,CRE,CN_X_HK,NL,2018,MIO_EUR,12.3
bop_its6_det,SJ312,Services: engineering services,CRE,CN_X_HK,NL,2020,MIO_EUR,7.7
bop_its6_det,SJ312,Services: engineering services,CRE,CN_X_HK,NL,2021,MIO_EUR,12.6
bop_its6_det,SJ312,Services: engineering services,CRE,CN_X_HK,NL,2022,MIO_EUR,14.6
bop_its6_det,SJ312,Services: engineering services,CRE,CN_X_HK,NL,2023,MIO_EUR,17.7
bop_its6_det,SJ312,Services: engineering services,CRE,CN_X_HK,NL,2024,MIO_EUR,10.5
bop_its6_det,SJ312,Services: engineering services,CRE,CN_X_HK,PL,2015,MIO_EUR,3.8
bop_its6_det,SJ312,Services: engineering services,CRE,CN_X_HK,PL,2016,MIO_EUR,4.4
bop_its6_det,SJ312,Services: engineering services,CRE,CN_X_HK,PL,2017,MIO_EUR,5.4
bop_its6_det,SJ312,Services: engineering services,CRE,CN_X_HK,PL,2018,MIO_EUR,10.1
bop_its6_det,SJ312,Services: engineering services,CRE,CN_X_HK,PL,2019,MIO_EUR,6.0
bop_its6_det,SJ312,Services: engineering services,CRE,CN_X_HK,PL,2020,MIO_EUR,5.9
bop_its6_det,SJ312,Services: engineering services,CRE,CN_X_HK,PL,2021,MIO_EUR,12.5
bop_its6_det,SJ312,Services: engineering services,CRE,CN_X_HK,PL,2022,MIO_EUR,17.5
bop_its6_det,SJ312,Services: engineering services,CRE,CN_X_HK,PL,2023,MIO_EUR,12.1
bop_its6_det,SJ312,Services: engineering services,CRE,CN_X_HK,PL,2024,MIO_EUR,24.6
bop_its6_det,SJ312,Services: engineering services,CRE,CN_X_HK,PT,2015,MIO_EUR,0.0
bop_its6_det,SJ312,Services: engineering services,CRE,CN_X_HK,PT,2016,MIO_EUR,1.0
bop_its6_det,SJ312,Services: engineering services,CRE,CN_X_HK,PT,2017,MIO_EUR,1.0
bop_its6_det,SJ312,Services: engineering services,CRE,CN_X_HK,PT,2018,MIO_EUR,1.0
bop_its6_det,SJ312,Services: engineering services,CRE,CN_X_HK,PT,2019,MIO_EUR,0.0
bop_its6_det,SJ312,Services: engineering services,CRE,CN_X_HK,PT,2020,MIO_EUR,1.0
bop_its6_det,SJ312,Services: engineering services,CRE,CN_X_HK,PT,2021,MIO_EUR,1.0
bop_its6_det,SJ312,Services: engineering services,CRE,CN_X_HK,PT,2022,MIO_EUR,1.0
bop_its6_det,SJ312,Services: engineering services,CRE,CN_X_HK,PT,2023,MIO_EUR,0.0
bop_its6_det,SJ312,Services: engineering services,CRE,CN_X_HK,PT,2024,MIO_EUR,1.0
bop_its6_det,SJ312,Services: engineering services,CRE,CN_X_HK,RO,2015,MIO_EUR,2.5
bop_its6_det,SJ312,Services: engineering services,CRE,CN_X_HK,RO,2016,MIO_EUR,0.2
bop_its6_det,SJ312,Services: engineering services,CRE,CN_X_HK,RO,2018,MIO_EUR,0.4
bop_its6_det,SJ312,Services: engineering services,CRE,CN_X_HK,RO,2019,MIO_EUR,0.6
bop_its6_det,SJ312,Services: engineering services,CRE,CN_X_HK,RO,2020,MIO_EUR,0.8
bop_its6_det,SJ312,Services: engineering services,CRE,CN_X_HK,RO,2021,MIO_EUR,0.6
bop_its6_det,SJ312,Services: engineering services,CRE,CN_X_HK,RO,2023,MIO_EUR,1.4
bop_its6_det,SJ312,Services: engineering services,CRE,CN_X_HK,RO,2024,MIO_EUR,0.6
bop_its6_det,SJ312,Services: engineering services,CRE,CN_X_HK,SE,2015,MIO_EUR,201.2
bop_its6_det,SJ312,Services: engineering services,CRE,CN_X_HK,SE,2016,MIO_EUR,198.7
bop_its6_det,SJ312,Services: engineering services,CRE,CN_X_HK,SE,2017,MIO_EUR,177.3
bop_its6_det,SJ312,Services: engineering services,CRE,CN_X_HK,SE,2018,MIO_EUR,48.9
bop_its6_det,SJ312,Services: engineering services,CRE,CN_X_HK,SE,2019,MIO_EUR,89.5
bop_its6_det,SJ312,Services: engineering services,CRE,CN_X_HK,SE,2020,MIO_EUR,19.1
bop_its6_det,SJ312,Services: engineering services,CRE,CN_X_HK,SE,2021,MIO_EUR,71.9
bop_its6_det,SJ312,Services: engineering services,CRE,CN_X_HK,SE,2022,MIO_EUR,60.5
bop_its6_det,SJ312,Services: engineering services,CRE,CN_X_HK,SE,2023,MIO_EUR,39.2
bop_its6_det,SJ312,Services: engineering services,CRE,CN_X_HK,SE,2024,MIO_EUR,114.0
bop_its6_det,SJ31,"Services: architectural, engineering, scientific, and other technical services",DEB,CN_X_HK,AT,2015,MIO_EUR,25.0
bop_its6_det,SJ31,"Services: architectural, engineering, scientific, and other technical services",DEB,CN_X_HK,AT,2016,MIO_EUR,31.0
bop_its6_det,SJ31,"Services: architectural, engineering, scientific, and other technical services",DEB,CN_X_HK,AT,2017,MIO_EUR,35.0
bop_its6_det,SJ31,"Services: architectural, engineering, scientific, and other technical services",DEB,CN_X_HK,AT,2018,MIO_EUR,25.0
bop_its6_det,SJ31,"Services: architectural, engineering, scientific, and other technical services",DEB,CN_X_HK,AT,2019,MIO_EUR,133.0
bop_its6_det,SJ31,"Services: architectural, engineering, scientific, and other technical services",DEB,CN_X_HK,AT,2020,MIO_EUR,37.0
bop_its6_det,SJ31,"Services: architectural, engineering, scientific, and other technical services",DEB,CN_X_HK,AT,2021,MIO_EUR,43.0
bop_its6_det,SJ31,"Services: architectural, engineering, scientific, and other technical services",DEB,CN_X_HK,AT,2022,MIO_EUR,35.0
bop_its6_det,SJ31,"Services: architectural, engineering, scientific, and other technical services",DEB,CN_X_HK,AT,2023,MIO_EUR,61.0
bop_its6_det,SJ31,"Services: architectural, engineering, scientific, and other technical services",DEB,CN_X_HK,AT,2024,MIO_EUR,35.0
bop_its6_det,SJ31,"Services: architectural, engineering, scientific, and other technical services",DEB,CN_X_HK,BE,2015,MIO_EUR,9.0
bop_its6_det,SJ31,"Services: architectural, engineering, scientific, and other technical services",DEB,CN_X_HK,BE,2017,MIO_EUR,14.0
bop_its6_det,SJ31,"Services: architectural, engineering, scientific, and other technical services",DEB,CN_X_HK,BE,2019,MIO_EUR,10.0
bop_its6_det,SJ31,"Services: architectural, engineering, scientific, and other technical services",DEB,CN_X_HK,BE,2020,MIO_EUR,16.0
bop_its6_det,SJ31,"Services: architectural, engineering, scientific, and other technical services",DEB,CN_X_HK,BE,2021,MIO_EUR,33.0
bop_its6_det,SJ31,"Services: architectural, engineering, scientific, and other technical services",DEB,CN_X_HK,BE,2022,MIO_EUR,22.0
bop_its6_det,SJ31,"Services: architectural, engineering, scientific, and other technical services",DEB,CN_X_HK,BE,2023,MIO_EUR,26.0
bop_its6_det,SJ31,"Services: architectural, engineering, scientific, and other technical services",DEB,CN_X_HK,BE,2024,MIO_EUR,21.0
bop_its6_det,SJ31,"Services: architectural, engineering, scientific, and other technical services",DEB,CN_X_HK,CZ,2015,MIO_EUR,0.9
bop_its6_det,SJ31,"Services: architectural, engineering, scientific, and other technical services",DEB,CN_X_HK,CZ,2016,MIO_EUR,5.8
bop_its6_det,SJ31,"Services: architectural, engineering, scientific, and other technical services",DEB,CN_X_HK,CZ,2017,MIO_EUR,7.8
bop_its6_det,SJ31,"Services: architectural, engineering, scientific, and other technical services",DEB,CN_X_HK,CZ,2018,MIO_EUR,28.5
bop_its6_det,SJ31,"Services: architectural, engineering, scientific, and other technical services",DEB,CN_X_HK,CZ,2019,MIO_EUR,24.1
bop_its6_det,SJ31,"Services: architectural, engineering, scientific, and other technical services",DEB,CN_X_HK,CZ,2020,MIO_EUR,15.9
bop_its6_det,SJ31,"Services: architectural, engineering, scientific, and other technical services",DEB,CN_X_HK,CZ,2021,MIO_EUR,14.2
bop_its6_det,SJ31,"Services: architectural, engineering, scientific, and other technical services",DEB,CN_X_HK,CZ,2022,MIO_EUR,38.4
bop_its6_det,SJ31,"Services: architectural, engineering, scientific, and other technical services",DEB,CN_X_HK,CZ,2023,MIO_EUR,1.9
bop_its6_det,SJ31,"Services: architectural, engineering, scientific, and other technical services",DEB,CN_X_HK,CZ,2024,MIO_EUR,3.5
bop_its6_det,SJ31,"Services: architectural, engineering, scientific, and other technical services",DEB,CN_X_HK,DE,2019,MIO_EUR,516.0
bop_its6_det,SJ31,"Services: architectural, engineering, scientific, and other technical services",DEB,CN_X_HK,DE,2020,MIO_EUR,437.0
bop_its6_det,SJ31,"Services: architectural, engineering, scientific, and other technical services",DEB,CN_X_HK,DE,2022,MIO_EUR,519.0
bop_its6_det,SJ31,"Services: architectural, engineering, scientific, and other technical services",DEB,CN_X_HK,DK,2015,MIO_EUR,67.7
bop_its6_det,SJ31,"Services: architectural, engineering, scientific, and other technical services",DEB,CN_X_HK,DK,2016,MIO_EUR,67.0
bop_its6_det,SJ31,"Services: architectural, engineering, scientific, and other technical services",DEB,CN_X_HK,DK,2017,MIO_EUR,37.4
bop_its6_det,SJ31,"Services: architectural, engineering, scientific, and other technical services",DEB,CN_X_HK,DK,2018,MIO_EUR,28.4
bop_its6_det,SJ31,"Services: architectural, engineering, scientific, and other technical services",DEB,CN_X_HK,DK,2019,MIO_EUR,45.8
bop_its6_det,SJ31,"Services: architectural, engineering, scientific, and other technical services",DEB,CN_X_HK,DK,2020,MIO_EUR,35.7
bop_its6_det,SJ31,"Services: architectural, engineering, scientific, and other technical services",DEB,CN_X_HK,DK,2021,MIO_EUR,33.3
bop_its6_det,SJ31,"Services: architectural, engineering, scientific, and other technical services",DEB,CN_X_HK,DK,2022,MIO_EUR,34.5
bop_its6_det,SJ31,"Services: architectural, engineering, scientific, and other technical services",DEB,CN_X_HK,DK,2023,MIO_EUR,32.7
bop_its6_det,SJ31,"Services: architectural, engineering, scientific, and other technical services",DEB,CN_X_HK,DK,2024,MIO_EUR,30.6
bop_its6_det,SJ31,"Services: architectural, engineering, scientific, and other technical services",DEB,CN_X_HK,EL,2015,MIO_EUR,0.5
bop_its6_det,SJ31,"Services: architectural, engineering, scientific, and other technical services",DEB,CN_X_HK,EL,2016,MIO_EUR,0.8
bop_its6_det,SJ31,"Services: architectural, engineering, scientific, and other technical services",DEB,CN_X_HK,EL,2017,MIO_EUR,0.9
bop_its6_det,SJ31,"Services: architectural, engineering, scientific, and other technical services",DEB,CN_X_HK,EL,2018,MIO_EUR,4.0
bop_its6_det,SJ31,"Services: architectural, engineering, scientific, and other technical services",DEB,CN_X_HK,EL,2019,MIO_EUR,2.0
bop_its6_det,SJ31,"Services: architectural, engineering, scientific, and other technical services",DEB,CN_X_HK,EL,2020,MIO_EUR,2.0
bop_its6_det,SJ31,"Services: architectural, engineering, scientific, and other technical services",DEB,CN_X_HK,EL,2021,MIO_EUR,2.1
bop_its6_det,SJ31,"Services: architectural, engineering, scientific, and other technical services",DEB,CN_X_HK,EL,2022,MIO_EUR,2.1
bop_its6_det,SJ31,"Services: architectural, engineering, scientific, and other technical services",DEB,CN_X_HK,EL,2023,MIO_EUR,4.9
bop_its6_det,SJ31,"Services: architectural, engineering, scientific, and other technical services",DEB,CN_X_HK,EL,2024,MIO_EUR,6.6
bop_its6_det,SJ31,"Services: architectural, engineering, scientific, and other technical services",DEB,CN_X_HK,ES,2015,MIO_EUR,13.0
bop_its6_det,SJ31,"Services: architectural, engineering, scientific, and other technical services",DEB,CN_X_HK,ES,2018,MIO_EUR,20.0
bop_its6_det,SJ31,"Services: architectural, engineering, scientific, and other technical services",DEB,CN_X_HK,ES,2019,MIO_EUR,14.0
bop_its6_det,SJ31,"Services: architectural, engineering, scientific, and other technical services",DEB,CN_X_HK,ES,2021,MIO_EUR,43.0
bop_its6_det,SJ31,"Services: architectural, engineering, scientific, and other technical services",DEB,CN_X_HK,ES,2022,MIO_EUR,17.0
bop_its6_det,SJ31,"Services: architectural, engineering, scientific, and other technical services",DEB,CN_X_HK,ES,2023,MIO_EUR,41.0
bop_its6_det,SJ31,"Services: architectural, engineering, scientific, and other technical services",DEB,CN_X_HK,EU27_2020,2015,MIO_EUR,1626.8
bop_its6_det,SJ31,"Services: architectural, engineering, scientific, and other technical services",DEB,CN_X_HK,EU27_2020,2016,MIO_EUR,1683.9
bop_its6_det,SJ31,"Services: architectural, engineering, scientific, and other technical services",DEB,CN_X_HK,EU27_2020,2017,MIO_EUR,1928.7
bop_its6_det,SJ31,"Services: architectural, engineering, scientific, and other technical services",DEB,CN_X_HK,EU27_2020,2018,MIO_EUR,1450.6
bop_its6_det,SJ31,"Services: architectural, engineering, scientific, and other technical services",DEB,CN_X_HK,EU27_2020,2019,MIO_EUR,1136.5
bop_its6_det,SJ31,"Services: architectural, engineering, scientific, and other technical services",DEB,CN_X_HK,EU27_2020,2020,MIO_EUR,1147.0
bop_its6_det,SJ31,"Services: architectural, engineering, scientific, and other technical services",DEB,CN_X_HK,EU27_2020,2021,MIO_EUR,1252.8
bop_its6_det,SJ31,"Services: architectural, engineering, scientific, and other technical services",DEB,CN_X_HK,EU27_2020,2022,MIO_EUR,1498.6
bop_its6_det,SJ31,"Services: architectural, engineering, scientific, and other technical services",DEB,CN_X_HK,EU27_2020,2023,MIO_EUR,1509.1
bop_its6_det,SJ31,"Services: architectural, engineering, scientific, and other technical services",DEB,CN_X_HK,EU27_2020,2024,MIO_EUR,1577.5
bop_its6_det,SJ31,"Services: architectural, engineering, scientific, and other technical services",DEB,CN_X_HK,FI,2015,MIO_EUR,8.0
bop_its6_det,SJ31,"Services: architectural, engineering, scientific, and other technical services",DEB,CN_X_HK,FI,2016,MIO_EUR,8.0
bop_its6_det,SJ31,"Services: architectural, engineering, scientific, and other technical services",DEB,CN_X_HK,FI,2017,MIO_EUR,16.0
bop_its6_det,SJ31,"Services: architectural, engineering, scientific, and other technical services",DEB,CN_X_HK,FI,2018,MIO_EUR,16.0
bop_its6_det,SJ31,"Services: architectural, engineering, scientific, and other technical services",DEB,CN_X_HK,FI,2019,MIO_EUR,17.0
bop_its6_det,SJ31,"Services: architectural, engineering, scientific, and other technical services",DEB,CN_X_HK,FI,2020,MIO_EUR,15.0
bop_its6_det,SJ31,"Services: architectural, engineering, scientific, and other technical services",DEB,CN_X_HK,FI,2021,MIO_EUR,32.0
bop_its6_det,SJ31,"Services: architectural, engineering, scientific, and other technical services",DEB,CN_X_HK,FI,2022,MIO_EUR,11.0
bop_its6_det,SJ31,"Services: architectural, engineering, scientific, and other technical services",DEB,CN_X_HK,FI,2023,MIO_EUR,10.0
bop_its6_det,SJ31,"Services: architectural, engineering, scientific, and other technical services",DEB,CN_X_HK,FI,2024,MIO_EUR,13.0
bop_its6_det,SJ31,"Services: architectural, engineering, scientific, and other technical services",DEB,CN_X_HK,HU,2018,MIO_EUR,0.5
bop_its6_det,SJ31,"Services: architectural, engineering, scientific, and other technical services",DEB,CN_X_HK,HU,2019,MIO_EUR,0.9
bop_its6_det,SJ31,"Services: architectural, engineering, scientific, and other technical services",DEB,CN_X_HK,HU,2023,MIO_EUR,5.9
bop_its6_det,SJ31,"Services: architectural, engineering, scientific, and other technical services",DEB,CN_X_HK,HU,2024,MIO_EUR,4.1
bop_its6_det,SJ31,"Services: architectural, engineering, scientific, and other technical services",DEB,CN_X_HK,IE,2015,MIO_EUR,0.0
bop_its6_det,SJ31,"Services: architectural, engineering, scientific, and other technical services",DEB,CN_X_HK,IE,2016,MIO_EUR,0.0
bop_its6_det,SJ31,"Services: architectural, engineering, scientific, and other technical services",DEB,CN_X_HK,IE,2017,MIO_EUR,0.0
bop_its6_det,SJ31,"Services: architectural, engineering, scientific, and other technical services",DEB,CN_X_HK,IE,2018,MIO_EUR,0.0
bop_its6_det,SJ31,"Services: architectural, engineering, scientific, and other technical services",DEB,CN_X_HK,IE,2022,MIO_EUR,0.0
bop_its6_det,SJ31,"Services: architectural, engineering, scientific, and other technical services",DEB,CN_X_HK,IE,2024,MIO_EUR,0.0
bop_its6_det,SJ31,"Services: architectural, engineering, scientific, and other technical services",DEB,CN_X_HK,IT,2015,MIO_EUR,14.8
bop_its6_det,SJ31,"Services: architectural, engineering, scientific, and other technical services",DEB,CN_X_HK,IT,2016,MIO_EUR,26.4
bop_its6_det,SJ31,"Services: architectural, engineering, scientific, and other technical services",DEB,CN_X_HK,IT,2017,MIO_EUR,25.1
bop_its6_det,SJ31,"Services: architectural, engineering, scientific, and other technical services",DEB,CN_X_HK,IT,2018,MIO_EUR,20.5
bop_its6_det,SJ31,"Services: architectural, engineering, scientific, and other technical services",DEB,CN_X_HK,IT,2019,MIO_EUR,20.5
bop_its6_det,SJ31,"Services: architectural, engineering, scientific, and other technical services",DEB,CN_X_HK,IT,2020,MIO_EUR,102.1
bop_its6_det,SJ31,"Services: architectural, engineering, scientific, and other technical services",DEB,CN_X_HK,IT,2021,MIO_EUR,108.5
bop_its6_det,SJ31,"Services: architectural, engineering, scientific, and other technical services",DEB,CN_X_HK,IT,2022,MIO_EUR,179.2
bop_its6_det,SJ31,"Services: architectural, engineering, scientific, and other technical services",DEB,CN_X_HK,IT,2023,MIO_EUR,253.1
bop_its6_det,SJ31,"Services: architectural, engineering, scientific, and other technical services",DEB,CN_X_HK,IT,2024,MIO_EUR,151.2
bop_its6_det,SJ31,"Services: architectural, engineering, scientific, and other technical services",DEB,CN_X_HK,NL,2019,MIO_EUR,127.3
bop_its6_det,SJ31,"Services: architectural, engineering, scientific, and other technical services",DEB,CN_X_HK,NL,2020,MIO_EUR,164.4
bop_its6_det,SJ31,"Services: architectural, engineering, scientific, and other technical services",DEB,CN_X_HK,NL,2022,MIO_EUR,222.3
bop_its6_det,SJ31,"Services: architectural, engineering, scientific, and other technical services",DEB,CN_X_HK,NL,2023,MIO_EUR,198.4
bop_its6_det,SJ31,"Services: architectural, engineering, scientific, and other technical services",DEB,CN_X_HK,NL,2024,MIO_EUR,256.8
bop_its6_det,SJ31,"Services: architectural, engineering, scientific, and other technical services",DEB,CN_X_HK,PL,2015,MIO_EUR,6.0
bop_its6_det,SJ31,"Services: architectural, engineering, scientific, and other technical services",DEB,CN_X_HK,PL,2016,MIO_EUR,8.7
bop_its6_det,SJ31,"Services: architectural, engineering, scientific, and other technical services",DEB,CN_X_HK,PL,2017,MIO_EUR,8.0
bop_its6_det,SJ31,"Services: architectural, engineering, scientific, and other technical services",DEB,CN_X_HK,PL,2018,MIO_EUR,8.4
bop_its6_det,SJ31,"Services: architectural, engineering, scientific, and other technical services",DEB,CN_X_HK,PL,2019,MIO_EUR,7.2
bop_its6_det,SJ31,"Services: architectural, engineering, scientific, and other technical services",DEB,CN_X_HK,PL,2020,MIO_EUR,8.3
bop_its6_det,SJ31,"Services: architectural, engineering, scientific, and other technical services",DEB,CN_X_HK,PL,2021,MIO_EUR,12.5
bop_its6_det,SJ31,"Services: architectural, engineering, scientific, and other technical services",DEB,CN_X_HK,PL,2022,MIO_EUR,22.6
bop_its6_det,SJ31,"Services: architectural, engineering, scientific, and other technical services",DEB,CN_X_HK,PL,2023,MIO_EUR,25.8
bop_its6_det,SJ31,"Services: architectural, engineering, scientific, and other technical services",DEB,CN_X_HK,PL,2024,MIO_EUR,13.7
bop_its6_det,SJ31,"Services: architectural, engineering, scientific, and other technical services",DEB,CN_X_HK,PT,2015,MIO_EUR,1.0
bop_its6_det,SJ31,"Services: architectural, engineering, scientific, and other technical services",DEB,CN_X_HK,PT,2016,MIO_EUR,3.0
bop_its6_det,SJ31,"Services: architectural, engineering, scientific, and other technical services",DEB,CN_X_HK,PT,2017,MIO_EUR,6.0
bop_its6_det,SJ31,"Services: architectural, engineering, scientific, and other technical services",DEB,CN_X_HK,PT,2018,MIO_EUR,3.0
bop_its6_det,SJ31,"Services: architectural, engineering, scientific, and other technical services",DEB,CN_X_HK,PT,2019,MIO_EUR,15.0
bop_its6_det,SJ31,"Services: architectural, engineering, scientific, and other technical services",DEB,CN_X_HK,PT,2020,MIO_EUR,10.0
bop_its6_det,SJ31,"Services: architectural, engineering, scientific, and other technical services",DEB,CN_X_HK,PT,2021,MIO_EUR,2.0
bop_its6_det,SJ31,"Services: architectural, engineering, scientific, and other technical services",DEB,CN_X_HK,PT,2022,MIO_EUR,2.0
bop_its6_det,SJ31,"Services: architectural, engineering, scientific, and other technical services",DEB,CN_X_HK,PT,2023,MIO_EUR,11.0
bop_its6_det,SJ31,"Services: architectural, engineering, scientific, and other technical services",DEB,CN_X_HK,PT,2024,MIO_EUR,9.0
bop_its6_det,SJ31,"Services: architectural, engineering, scientific, and other technical services",DEB,CN_X_HK,RO,2017,MIO_EUR,1.5
bop_its6_det,SJ31,"Services: architectural, engineering, scientific, and other technical services",DEB,CN_X_HK,RO,2019,MIO_EUR,4.0
bop_its6_det,SJ31,"Services: architectural, engineering, scientific, and other technical services",DEB,CN_X_HK,RO,2020,MIO_EUR,4.8
bop_its6_det,SJ31,"Services: architectural, engineering, scientific, and other technical services",DEB,CN_X_HK,RO,2022,MIO_EUR,2.8
bop_its6_det,SJ31,"Services: architectural, engineering, scientific, and other technical services",DEB,CN_X_HK,RO,2023,MIO_EUR,3.8
bop_its6_det,SJ31,"Services: architectural, engineering, scientific, and other technical services",DEB,CN_X_HK,RO,2024,MIO_EUR,4.8
bop_its6_det,SJ31,"Services: architectural, engineering, scientific, and other technical services",DEB,CN_X_HK,SE,2015,MIO_EUR,4.9
bop_its6_det,SJ31,"Services: architectural, engineering, scientific, and other technical services",DEB,CN_X_HK,SE,2016,MIO_EUR,30.9
bop_its6_det,SJ31,"Services: architectural, engineering, scientific, and other technical services",DEB,CN_X_HK,SE,2017,MIO_EUR,26.5
bop_its6_det,SJ31,"Services: architectural, engineering, scientific, and other technical services",DEB,CN_X_HK,SE,2018,MIO_EUR,33.6
bop_its6_det,SJ31,"Services: architectural, engineering, scientific, and other technical services",DEB,CN_X_HK,SE,2019,MIO_EUR,9.1
bop_its6_det,SJ31,"Services: architectural, engineering, scientific, and other technical services",DEB,CN_X_HK,SE,2020,MIO_EUR,20.1
bop_its6_det,SJ31,"Services: architectural, engineering, scientific, and other technical services",DEB,CN_X_HK,SE,2021,MIO_EUR,20.7
bop_its6_det,SJ31,"Services: architectural, engineering, scientific, and other technical services",DEB,CN_X_HK,SE,2022,MIO_EUR,31.6
bop_its6_det,SJ31,"Services: architectural, engineering, scientific, and other technical services",DEB,CN_X_HK,SE,2023,MIO_EUR,18.3
bop_its6_det,SJ31,"Services: architectural, engineering, scientific, and other technical services",DEB,CN_X_HK,SE,2024,MIO_EUR,28.0
bop_its6_det,SJ31,"Services: architectural, engineering, scientific, and other technical services",DEB,CN_X_HK,UK,2016,MIO_EUR,19.5
bop_its6_det,SJ31,"Services: architectural, engineering, scientific, and other technical services",DEB,CN_X_HK,UK,2017,MIO_EUR,26.2
bop_its6_det,SJ31,"Services: architectural, engineering, scientific, and other technical services",DEB,CN_X_HK,UK,2018,MIO_EUR,70.1
bop_its6_det,SJ31,"Services: architectural, engineering, scientific, and other technical services",CRE,CN_X_HK,AT,2015,MIO_EUR,171.0
bop_its6_det,SJ31,"Services: architectural, engineering, scientific, and other technical services",CRE,CN_X_HK,AT,2016,MIO_EUR,207.0
bop_its6_det,SJ31,"Services: architectural, engineering, scientific, and other technical services",CRE,CN_X_HK,AT,2017,MIO_EUR,126.0
bop_its6_det,SJ31,"Services: architectural, engineering, scientific, and other technical services",CRE,CN_X_HK,AT,2018,MIO_EUR,161.0
bop_its6_det,SJ31,"Services: architectural, engineering, scientific, and other technical services",CRE,CN_X_HK,AT,2019,MIO_EUR,142.0
bop_its6_det,SJ31,"Services: architectural, engineering, scientific, and other technical services",CRE,CN_X_HK,AT,2020,MIO_EUR,171.0
bop_its6_det,SJ31,"Services: architectural, engineering, scientific, and other technical services",CRE,CN_X_HK,AT,2021,MIO_EUR,293.0
bop_its6_det,SJ31,"Services: architectural, engineering, scientific, and other technical services",CRE,CN_X_HK,AT,2022,MIO_EUR,252.0
bop_its6_det,SJ31,"Services: architectural, engineering, scientific, and other technical services",CRE,CN_X_HK,AT,2023,MIO_EUR,125.0
bop_its6_det,SJ31,"Services: architectural, engineering, scientific, and other technical services",CRE,CN_X_HK,AT,2024,MIO_EUR,115.0
bop_its6_det,SJ31,"Services: architectural, engineering, scientific, and other technical services",CRE,CN_X_HK,BE,2015,MIO_EUR,15.0
bop_its6_det,SJ31,"Services: architectural, engineering, scientific, and other technical services",CRE,CN_X_HK,BE,2016,MIO_EUR,11.0
bop_its6_det,SJ31,"Services: architectural, engineering, scientific, and other technical services",CRE,CN_X_HK,BE,2017,MIO_EUR,21.0
bop_its6_det,SJ31,"Services: architectural, engineering, scientific, and other technical services",CRE,CN_X_HK,BE,2018,MIO_EUR,16.0
bop_its6_det,SJ31,"Services: architectural, engineering, scientific, and other technical services",CRE,CN_X_HK,BE,2019,MIO_EUR,15.0
bop_its6_det,SJ31,"Services: architectural, engineering, scientific, and other technical services",CRE,CN_X_HK,BE,2020,MIO_EUR,59.0
bop_its6_det,SJ31,"Services: architectural, engineering, scientific, and other technical services",CRE,CN_X_HK,BE,2021,MIO_EUR,9.0
bop_its6_det,SJ31,"Services: architectural, engineering, scientific, and other technical services",CRE,CN_X_HK,BE,2022,MIO_EUR,20.0
bop_its6_det,SJ31,"Services: architectural, engineering, scientific, and other technical services",CRE,CN_X_HK,BE,2023,MIO_EUR,42.0
bop_its6_det,SJ31,"Services: architectural, engineering, scientific, and other technical services",CRE,CN_X_HK,BE,2024,MIO_EUR,38.0
bop_its6_det,SJ31,"Services: architectural, engineering, scientific, and other technical services",CRE,CN_X_HK,CZ,2015,MIO_EUR,5.8
bop_its6_det,SJ31,"Services: architectural, engineering, scientific, and other technical services",CRE,CN_X_HK,CZ,2016,MIO_EUR,4.8
bop_its6_det,SJ31,"Services: architectural, engineering, scientific, and other technical services",CRE,CN_X_HK,CZ,2017,MIO_EUR,7.0
bop_its6_det,SJ31,"Services: architectural, engineering, scientific, and other technical services",CRE,CN_X_HK,CZ,2018,MIO_EUR,10.6
bop_its6_det,SJ31,"Services: architectural, engineering, scientific, and other technical services",CRE,CN_X_HK,CZ,2019,MIO_EUR,13.1
bop_its6_det,SJ31,"Services: architectural, engineering, scientific, and other technical services",CRE,CN_X_HK,CZ,2020,MIO_EUR,9.8
bop_its6_det,SJ31,"Services: architectural, engineering, scientific, and other technical services",CRE,CN_X_HK,CZ,2021,MIO_EUR,9.0
bop_its6_det,SJ31,"Services: architectural, engineering, scientific, and other technical services",CRE,CN_X_HK,CZ,2022,MIO_EUR,14.7
bop_its6_det,SJ31,"Services: architectural, engineering, scientific, and other technical services",CRE,CN_X_HK,CZ,2023,MIO_EUR,11.8
bop_its6_det,SJ31,"Services: architectural, engineering, scientific, and other technical services",CRE,CN_X_HK,CZ,2024,MIO_EUR,8.9
bop_its6_det,SJ31,"Services: architectural, engineering, scientific, and other technical services",CRE,CN_X_HK,DE,2019,MIO_EUR,1576.0
bop_its6_det,SJ31,"Services: architectural, engineering, scientific, and other technical services",CRE,CN_X_HK,DE,2022,MIO_EUR,1427.0
bop_its6_det,SJ31,"Services: architectural, engineering, scientific, and other technical services",CRE,CN_X_HK,DE,2023,MIO_EUR,1332.0
bop_its6_det,SJ31,"Services: architectural, engineering, scientific, and other technical services",CRE,CN_X_HK,DK,2015,MIO_EUR,27.2
bop_its6_det,SJ31,"Services: architectural, engineering, scientific, and other technical services",CRE,CN_X_HK,DK,2016,MIO_EUR,55.7
bop_its6_det,SJ31,"Services: architectural, engineering, scientific, and other technical services",CRE,CN_X_HK,DK,2017,MIO_EUR,138.1
bop_its6_det,SJ31,"Services: architectural, engineering, scientific, and other technical services",CRE,CN_X_HK,DK,2018,MIO_EUR,112.4
bop_its6_det,SJ31,"Services: architectural, engineering, scientific, and other technical services",CRE,CN_X_HK,DK,2019,MIO_EUR,56.3
bop_its6_det,SJ31,"Services: architectural, engineering, scientific, and other technical services",CRE,CN_X_HK,DK,2020,MIO_EUR,48.8
bop_its6_det,SJ31,"Services: architectural, engineering, scientific, and other technical services",CRE,CN_X_HK,DK,2021,MIO_EUR,52.4
bop_its6_det,SJ31,"Services: architectural, engineering, scientific, and other technical services",CRE,CN_X_HK,DK,2022,MIO_EUR,37.2
bop_its6_det,SJ31,"Services: architectural, engineering, scientific, and other technical services",CRE,CN_X_HK,DK,2023,MIO_EUR,52.2
bop_its6_det,SJ31,"Services: architectural, engineering, scientific, and other technical services",CRE,CN_X_HK,DK,2024,MIO_EUR,56.7
bop_its6_det,SJ31,"Services: architectural, engineering, scientific, and other technical services",CRE,CN_X_HK,EL,2015,MIO_EUR,0.8
bop_its6_det,SJ31,"Services: architectural, engineering, scientific, and other technical services",CRE,CN_X_HK,EL,2016,MIO_EUR,0.6
bop_its6_det,SJ31,"Services: architectural, engineering, scientific, and other technical services",CRE,CN_X_HK,EL,2017,MIO_EUR,1.2
bop_its6_det,SJ31,"Services: architectural, engineering, scientific, and other technical services",CRE,CN_X_HK,EL,2018,MIO_EUR,2.1
bop_its6_det,SJ31,"Services: architectural, engineering, scientific, and other technical services",CRE,CN_X_HK,EL,2019,MIO_EUR,1.5
bop_its6_det,SJ31,"Services: architectural, engineering, scientific, and other technical services",CRE,CN_X_HK,EL,2020,MIO_EUR,1.1
bop_its6_det,SJ31,"Services: architectural, engineering, scientific, and other technical services",CRE,CN_X_HK,EL,2021,MIO_EUR,1.4
bop_its6_det,SJ31,"Services: architectural, engineering, scientific, and other technical services",CRE,CN_X_HK,EL,2022,MIO_EUR,2.4
bop_its6_det,SJ31,"Services: architectural, engineering, scientific, and other technical services",CRE,CN_X_HK,EL,2023,MIO_EUR,2.4
bop_its6_det,SJ31,"Services: architectural, engineering, scientific, and other technical services",CRE,CN_X_HK,EL,2024,MIO_EUR,3.0
bop_its6_det,SJ31,"Services: architectural, engineering, scientific, and other technical services",CRE,CN_X_HK,ES,2015,MIO_EUR,49.0
bop_its6_det,SJ31,"Services: architectural, engineering, scientific, and other technical services",CRE,CN_X_HK,ES,2016,MIO_EUR,61.0
bop_its6_det,SJ31,"Services: architectural, engineering, scientific, and other technical services",CRE,CN_X_HK,ES,2017,MIO_EUR,48.0
bop_its6_det,SJ31,"Services: architectural, engineering, scientific, and other technical services",CRE,CN_X_HK,ES,2018,MIO_EUR,57.0
bop_its6_det,SJ31,"Services: architectural, engineering, scientific, and other technical services",CRE,CN_X_HK,ES,2019,MIO_EUR,53.0
bop_its6_det,SJ31,"Services: architectural, engineering, scientific, and other technical services",CRE,CN_X_HK,ES,2020,MIO_EUR,71.0
bop_its6_det,SJ31,"Services: architectural, engineering, scientific, and other technical services",CRE,CN_X_HK,ES,2021,MIO_EUR,93.0
bop_its6_det,SJ31,"Services: architectural, engineering, scientific, and other technical services",CRE,CN_X_HK,ES,2022,MIO_EUR,73.0
bop_its6_det,SJ31,"Services: architectural, engineering, scientific, and other technical services",CRE,CN_X_HK,ES,2023,MIO_EUR,72.0
bop_its6_det,SJ31,"Services: architectural, engineering, scientific, and other technical services",CRE,CN_X_HK,ES,2024,MIO_EUR,70.0
bop_its6_det,SJ31,"Services: architectural, engineering, scientific, and other technical services",CRE,CN_X_HK,EU27_2020,2015,MIO_EUR,2097.5
bop_its6_det,SJ31,"Services: architectural, engineering, scientific, and other technical services",CRE,CN_X_HK,EU27_2020,2016,MIO_EUR,2143.1
bop_its6_det,SJ31,"Services: architectural, engineering, scientific, and other technical services",CRE,CN_X_HK,EU27_2020,2017,MIO_EUR,2284.4
bop_its6_det,SJ31,"Services: architectural, engineering, scientific, and other technical services",CRE,CN_X_HK,EU27_2020,2018,MIO_EUR,2328.5
bop_its6_det,SJ31,"Services: architectural, engineering, scientific, and other technical services",CRE,CN_X_HK,EU27_2020,2019,MIO_EUR,2648.3
bop_its6_det,SJ31,"Services: architectural, engineering, scientific, and other technical services",CRE,CN_X_HK,EU27_2020,2020,MIO_EUR,2285.5
bop_its6_det,SJ31,"Services: architectural, engineering, scientific, and other technical services",CRE,CN_X_HK,EU27_2020,2021,MIO_EUR,2417.9
bop_its6_det,SJ31,"Services: architectural, engineering, scientific, and other technical services",CRE,CN_X_HK,EU27_2020,2022,MIO_EUR,2204.3
bop_its6_det,SJ31,"Services: architectural, engineering, scientific, and other technical services",CRE,CN_X_HK,EU27_2020,2023,MIO_EUR,2073.1
bop_its6_det,SJ31,"Services: architectural, engineering, scientific, and other technical services",CRE,CN_X_HK,EU27_2020,2024,MIO_EUR,2059.1
bop_its6_det,SJ31,"Services: architectural, engineering, scientific, and other technical services",CRE,CN_X_HK,FI,2015,MIO_EUR,32.0
bop_its6_det,SJ31,"Services: architectural, engineering, scientific, and other technical services",CRE,CN_X_HK,FI,2016,MIO_EUR,86.0
bop_its6_det,SJ31,"Services: architectural, engineering, scientific, and other technical services",CRE,CN_X_HK,FI,2017,MIO_EUR,84.0
bop_its6_det,SJ31,"Services: architectural, engineering, scientific, and other technical services",CRE,CN_X_HK,FI,2018,MIO_EUR,90.0
bop_its6_det,SJ31,"Services: architectural, engineering, scientific, and other technical services",CRE,CN_X_HK,FI,2019,MIO_EUR,108.0
bop_its6_det,SJ31,"Services: architectural, engineering, scientific, and other technical services",CRE,CN_X_HK,FI,2020,MIO_EUR,86.0
bop_its6_det,SJ31,"Services: architectural, engineering, scientific, and other technical services",CRE,CN_X_HK,FI,2021,MIO_EUR,65.0
bop_its6_det,SJ31,"Services: architectural, engineering, scientific, and other technical services",CRE,CN_X_HK,FI,2022,MIO_EUR,53.0
bop_its6_det,SJ31,"Services: architectural, engineering, scientific, and other technical services",CRE,CN_X_HK,FI,2023,MIO_EUR,74.0
bop_its6_det,SJ31,"Services: architectural, engineering, scientific, and other technical services",CRE,CN_X_HK,FI,2024,MIO_EUR,125.0
bop_its6_det,SJ31,"Services: architectural, engineering, scientific, and other technical services",CRE,CN_X_HK,HU,2015,MIO_EUR,3.1
bop_its6_det,SJ31,"Services: architectural, engineering, scientific, and other technical services",CRE,CN_X_HK,HU,2018,MIO_EUR,10.3
bop_its6_det,SJ31,"Services: architectural, engineering, scientific, and other technical services",CRE,CN_X_HK,HU,2019,MIO_EUR,12.5
bop_its6_det,SJ31,"Services: architectural, engineering, scientific, and other technical services",CRE,CN_X_HK,HU,2020,MIO_EUR,11.3
bop_its6_det,SJ31,"Services: architectural, engineering, scientific, and other technical services",CRE,CN_X_HK,HU,2023,MIO_EUR,12.4
bop_its6_det,SJ31,"Services: architectural, engineering, scientific, and other technical services",CRE,CN_X_HK,HU,2024,MIO_EUR,11.4
bop_its6_det,SJ31,"Services: architectural, engineering, scientific, and other technical services",CRE,CN_X_HK,IE,2015,MIO_EUR,0.0
bop_its6_det,SJ31,"Services: architectural, engineering, scientific, and other technical services",CRE,CN_X_HK,IE,2016,MIO_EUR,2.0
bop_its6_det,SJ31,"Services: architectural, engineering, scientific, and other technical services",CRE,CN_X_HK,IE,2017,MIO_EUR,0.0
bop_its6_det,SJ31,"Services: architectural, engineering, scientific, and other technical services",CRE,CN_X_HK,IE,2018,MIO_EUR,0.0
bop_its6_det,SJ31,"Services: architectural, engineering, scientific, and other technical services",CRE,CN_X_HK,IE,2019,MIO_EUR,0.0
bop_its6_det,SJ31,"Services: architectural, engineering, scientific, and other technical services",CRE,CN_X_HK,IE,2020,MIO_EUR,7.0
bop_its6_det,SJ31,"Services: architectural, engineering, scientific, and other technical services",CRE,CN_X_HK,IE,2021,MIO_EUR,7.0
bop_its6_det,SJ31,"Services: architectural, engineering, scientific, and other technical services",CRE,CN_X_HK,IE,2022,MIO_EUR,7.0
bop_its6_det,SJ31,"Services: architectural, engineering, scientific, and other technical services",CRE,CN_X_HK,IE,2023,MIO_EUR,7.0
bop_its6_det,SJ31,"Services: architectural, engineering, scientific, and other technical services",CRE,CN_X_HK,IT,2015,MIO_EUR,34.4
bop_its6_det,SJ31,"Services: architectural, engineering, scientific, and other technical services",CRE,CN_X_HK,IT,2016,MIO_EUR,40.8
bop_its6_det,SJ31,"Services: architectural, engineering, scientific, and other technical services",CRE,CN_X_HK,IT,2017,MIO_EUR,50.6
bop_its6_det,SJ31,"Services: architectural, engineering, scientific, and other technical services",CRE,CN_X_HK,IT,2018,MIO_EUR,35.1
bop_its6_det,SJ31,"Services: architectural, engineering, scientific, and other technical services",CRE,CN_X_HK,IT,2019,MIO_EUR,40.9
bop_its6_det,SJ31,"Services: architectural, engineering, scientific, and other technical services",CRE,CN_X_HK,IT,2020,MIO_EUR,57.8
bop_its6_det,SJ31,"Services: architectural, engineering, scientific, and other technical services",CRE,CN_X_HK,IT,2021,MIO_EUR,44.1
bop_its6_det,SJ31,"Services: architectural, engineering, scientific, and other technical services",CRE,CN_X_HK,IT,2022,MIO_EUR,53.0
bop_its6_det,SJ31,"Services: architectural, engineering, scientific, and other technical services",CRE,CN_X_HK,IT,2023,MIO_EUR,65.7
bop_its6_det,SJ31,"Services: architectural, engineering, scientific, and other technical services",CRE,CN_X_HK,IT,2024,MIO_EUR,30.8
bop_its6_det,SJ31,"Services: architectural, engineering, scientific, and other technical services",CRE,CN_X_HK,NL,2019,MIO_EUR,23.3
bop_its6_det,SJ31,"Services: architectural, engineering, scientific, and other technical services",CRE,CN_X_HK,NL,2020,MIO_EUR,23.8
bop_its6_det,SJ31,"Services: architectural, engineering, scientific, and other technical services",CRE,CN_X_HK,NL,2023,MIO_EUR,39.2
bop_its6_det,SJ31,"Services: architectural, engineering, scientific, and other technical services",CRE,CN_X_HK,NL,2024,MIO_EUR,16.8
bop_its6_det,SJ31,"Services: architectural, engineering, scientific, and other technical services",CRE,CN_X_HK,PL,2015,MIO_EUR,5.0
bop_its6_det,SJ31,"Services: architectural, engineering, scientific, and other technical services",CRE,CN_X_HK,PL,2016,MIO_EUR,6.0
bop_its6_det,SJ31,"Services: architectural, engineering, scientific, and other technical services",CRE,CN_X_HK,PL,2017,MIO_EUR,7.0
bop_its6_det,SJ31,"Services: architectural, engineering, scientific, and other technical services",CRE,CN_X_HK,PL,2018,MIO_EUR,11.5
bop_its6_det,SJ31,"Services: architectural, engineering, scientific, and other technical services",CRE,CN_X_HK,PL,2019,MIO_EUR,8.6
bop_its6_det,SJ31,"Services: architectural, engineering, scientific, and other technical services",CRE,CN_X_HK,PL,2020,MIO_EUR,10.1
bop_its6_det,SJ31,"Services: architectural, engineering, scientific, and other technical services",CRE,CN_X_HK,PL,2021,MIO_EUR,15.6
bop_its6_det,SJ31,"Services: architectural, engineering, scientific, and other technical services",CRE,CN_X_HK,PL,2022,MIO_EUR,21.8
bop_its6_det,SJ31,"Services: architectural, engineering, scientific, and other technical services",CRE,CN_X_HK,PL,2023,MIO_EUR,16.7
bop_its6_det,SJ31,"Services: architectural, engineering, scientific, and other technical services",CRE,CN_X_HK,PL,2024,MIO_EUR,30.2
bop_its6_det,SJ31,"Services: architectural, engineering, scientific, and other technical services",CRE,CN_X_HK,PT,2015,MIO_EUR,3.0
bop_its6_det,SJ31,"Services: architectural, engineering, scientific, and other technical services",CRE,CN_X_HK,PT,2016,MIO_EUR,2.0
bop_its6_det,SJ31,"Services: architectural, engineering, scientific, and other technical services",CRE,CN_X_HK,PT,2017,MIO_EUR,4.0
bop_its6_det,SJ31,"Services: architectural, engineering, scientific, and other technical services",CRE,CN_X_HK,PT,2018,MIO_EUR,5.0
bop_its6_det,SJ31,"Services: architectural, engineering, scientific, and other technical services",CRE,CN_X_HK,PT,2019,MIO_EUR,3.0
bop_its6_det,SJ31,"Services: architectural, engineering, scientific, and other technical services",CRE,CN_X_HK,PT,2020,MIO_EUR,3.0
bop_its6_det,SJ31,"Services: architectural, engineering, scientific, and other technical services",CRE,CN_X_HK,PT,2021,MIO_EUR,3.0
bop_its6_det,SJ31,"Services: architectural, engineering, scientific, and other technical services",CRE,CN_X_HK,PT,2022,MIO_EUR,2.0
bop_its6_det,SJ31,"Services: architectural, engineering, scientific, and other technical services",CRE,CN_X_HK,PT,2023,MIO_EUR,3.0
bop_its6_det,SJ31,"Services: architectural, engineering, scientific, and other technical services",CRE,CN_X_HK,PT,2024,MIO_EUR,4.0
bop_its6_det,SJ31,"Services: architectural, engineering, scientific, and other technical services",CRE,CN_X_HK,RO,2017,MIO_EUR,3.5
bop_its6_det,SJ31,"Services: architectural, engineering, scientific, and other technical services",CRE,CN_X_HK,RO,2019,MIO_EUR,3.8
bop_its6_det,SJ31,"Services: architectural, engineering, scientific, and other technical services",CRE,CN_X_HK,RO,2020,MIO_EUR,3.9
bop_its6_det,SJ31,"Services: architectural, engineering, scientific, and other technical services",CRE,CN_X_HK,RO,2022,MIO_EUR,5.5
bop_its6_det,SJ31,"Services: architectural, engineering, scientific, and other technical services",CRE,CN_X_HK,RO,2023,MIO_EUR,6.7
bop_its6_det,SJ31,"Services: architectural, engineering, scientific, and other technical services",CRE,CN_X_HK,RO,2024,MIO_EUR,5.6
bop_its6_det,SJ31,"Services: architectural, engineering, scientific, and other technical services",CRE,CN_X_HK,SE,2015,MIO_EUR,202.3
bop_its6_det,SJ31,"Services: architectural, engineering, scientific, and other technical services",CRE,CN_X_HK,SE,2016,MIO_EUR,203.7
bop_its6_det,SJ31,"Services: architectural, engineering, scientific, and other technical services",CRE,CN_X_HK,SE,2017,MIO_EUR,180.8
bop_its6_det,SJ31,"Services: architectural, engineering, scientific, and other technical services",CRE,CN_X_HK,SE,2018,MIO_EUR,50.8
bop_its6_det,SJ31,"Services: architectural, engineering, scientific, and other technical services",CRE,CN_X_HK,SE,2019,MIO_EUR,90.7
bop_its6_det,SJ31,"Services: architectural, engineering, scientific, and other technical services",CRE,CN_X_HK,SE,2020,MIO_EUR,20.5
bop_its6_det,SJ31,"Services: architectural, engineering, scientific, and other technical services",CRE,CN_X_HK,SE,2021,MIO_EUR,74.0
bop_its6_det,SJ31,"Services: architectural, engineering, scientific, and other technical services",CRE,CN_X_HK,SE,2022,MIO_EUR,61.3
bop_its6_det,SJ31,"Services: architectural, engineering, scientific, and other technical services",CRE,CN_X_HK,SE,2023,MIO_EUR,44.1
bop_its6_det,SJ31,"Services: architectural, engineering, scientific, and other technical services",CRE,CN_X_HK,SE,2024,MIO_EUR,118.7
bop_its6_det,SJ31,"Services: architectural, engineering, scientific, and other technical services",CRE,CN_X_HK,UK,2016,MIO_EUR,235.5
bop_its6_det,SJ31,"Services: architectural, engineering, scientific, and other technical services",CRE,CN_X_HK,UK,2017,MIO_EUR,297.7
bop_its6_det,SJ31,"Services: architectural, engineering, scientific, and other technical services",CRE,CN_X_HK,UK,2018,MIO_EUR,404.7
bop_its6_det,SJ311,Services: architectural services,DEB,CN_X_HK,AT,2015,MIO_EUR,0.0
bop_its6_det,SJ311,Services: architectural services,DEB,CN_X_HK,AT,2016,MIO_EUR,0.0
bop_its6_det,SJ311,Services: architectural services,DEB,CN_X_HK,AT,2017,MIO_EUR,1.0
bop_its6_det,SJ311,Services: architectural services,DEB,CN_X_HK,AT,2018,MIO_EUR,0.0
bop_its6_det,SJ311,Services: architectural services,DEB,CN_X_HK,AT,2019,MIO_EUR,1.0
bop_its6_det,SJ311,Services: architectural services,DEB,CN_X_HK,AT,2020,MIO_EUR,1.0
bop_its6_det,SJ311,Services: architectural services,DEB,CN_X_HK,AT,2021,MIO_EUR,1.0
bop_its6_det,SJ311,Services: architectural services,DEB,CN_X_HK,AT,2022,MIO_EUR,0.0
bop_its6_det,SJ311,Services: architectural services,DEB,CN_X_HK,AT,2023,MIO_EUR,0.0
bop_its6_det,SJ311,Services: architectural services,DEB,CN_X_HK,AT,2024,MIO_EUR,0.0
bop_its6_det,SJ311,Services: architectural services,DEB,CN_X_HK,BE,2015,MIO_EUR,0.0
bop_its6_det,SJ311,Services: architectural services,DEB,CN_X_HK,BE,2019,MIO_EUR,0.0
bop_its6_det,SJ311,Services: architectural services,DEB,CN_X_HK,BE,2020,MIO_EUR,0.0
bop_its6_det,SJ311,Services: architectural services,DEB,CN_X_HK,BE,2023,MIO_EUR,0.0
bop_its6_det,SJ311,Services: architectural services,DEB,CN_X_HK,BE,2024,MIO_EUR,0.0
bop_its6_det,SJ311,Services: architectural services,DEB,CN_X_HK,CZ,2015,MIO_EUR,0.0
bop_its6_det,SJ311,Services: architectural services,DEB,CN_X_HK,CZ,2016,MIO_EUR,0.0
bop_its6_det,SJ311,Services: architectural services,DEB,CN_X_HK,CZ,2017,MIO_EUR,0.0
bop_its6_det,SJ311,Services: architectural services,DEB,CN_X_HK,CZ,2018,MIO_EUR,0.0
bop_its6_det,SJ311,Services: architectural services,DEB,CN_X_HK,CZ,2019,MIO_EUR,0.0
bop_its6_det,SJ311,Services: architectural services,DEB,CN_X_HK,CZ,2020,MIO_EUR,0.0
bop_its6_det,SJ311,Services: architectural services,DEB,CN_X_HK,CZ,2021,MIO_EUR,0.0
bop_its6_det,SJ311,Services: architectural services,DEB,CN_X_HK,CZ,2022,MIO_EUR,0.0
bop_its6_det,SJ311,Services: architectural services,DEB,CN_X_HK,CZ,2023,MIO_EUR,0.0
bop_its6_det,SJ311,Services: architectural services,DEB,CN_X_HK,CZ,2024,MIO_EUR,0.0
bop_its6_det,SJ311,Services: architectural services,DEB,CN_X_HK,DE,2016,MIO_EUR,1.0
bop_its6_det,SJ311,Services: architectural services,DEB,CN_X_HK,DE,2019,MIO_EUR,2.0
bop_its6_det,SJ311,Services: architectural services,DEB,CN_X_HK,DE,2020,MIO_EUR,4.0
bop_its6_det,SJ311,Services: architectural services,DEB,CN_X_HK,DE,2023,MIO_EUR,4.0
bop_its6_det,SJ311,Services: architectural services,DEB,CN_X_HK,DK,2015,MIO_EUR,0.0
bop_its6_det,SJ311,Services: architectural services,DEB,CN_X_HK,DK,2016,MIO_EUR,0.0
bop_its6_det,SJ311,Services: architectural services,DEB,CN_X_HK,DK,2017,MIO_EUR,0.1
bop_its6_det,SJ311,Services: architectural services,DEB,CN_X_HK,DK,2018,MIO_EUR,0.0
bop_its6_det,SJ311,Services: architectural services,DEB,CN_X_HK,DK,2019,MIO_EUR,0.0
bop_its6_det,SJ311,Services: architectural services,DEB,CN_X_HK,DK,2020,MIO_EUR,0.0
bop_its6_det,SJ311,Services: architectural services,DEB,CN_X_HK,DK,2021,MIO_EUR,0.3
bop_its6_det,SJ311,Services: architectural services,DEB,CN_X_HK,DK,2022,MIO_EUR,0.4
bop_its6_det,SJ311,Services: architectural services,DEB,CN_X_HK,DK,2023,MIO_EUR,1.6
bop_its6_det,SJ311,Services: architectural services,DEB,CN_X_HK,DK,2024,MIO_EUR,1.5
bop_its6_det,SJ311,Services: architectural services,DEB,CN_X_HK,EL,2015,MIO_EUR,0.0
bop_its6_det,SJ311,Services: architectural services,DEB,CN_X_HK,EL,2016,MIO_EUR,0.0
bop_its6_det,SJ311,Services: architectural services,DEB,CN_X_HK,EL,2017,MIO_EUR,0.0
bop_its6_det,SJ311,Services: architectural services,DEB,CN_X_HK,EL,2018,MIO_EUR,0.0
bop_its6_det,SJ311,Services: architectural services,DEB,CN_X_HK,EL,2019,MIO_EUR,0.0
bop_its6_det,SJ311,Services: architectural services,DEB,CN_X_HK,EL,2020,MIO_EUR,0.0
bop_its6_det,SJ311,Services: architectural services,DEB,CN_X_HK,EL,2021,MIO_EUR,0.0
bop_its6_det,SJ311,Services: architectural services,DEB,CN_X_HK,EL,2022,MIO_EUR,0.0
bop_its6_det,SJ311,Services: architectural services,DEB,CN_X_HK,EL,2023,MIO_EUR,0.0
bop_its6_det,SJ311,Services: architectural services,DEB,CN_X_HK,EL,2024,MIO_EUR,0.0
bop_its6_det,SJ311,Services: architectural services,DEB,CN_X_HK,EU27_2020,2015,MIO_EUR,3.2
bop_its6_det,SJ311,Services: architectural services,DEB,CN_X_HK,EU27_2020,2016,MIO_EUR,4.5
bop_its6_det,SJ311,Services: architectural services,DEB,CN_X_HK,EU27_2020,2017,MIO_EUR,3.5
bop_its6_det,SJ311,Services: architectural services,DEB,CN_X_HK,EU27_2020,2018,MIO_EUR,16.7
bop_its6_det,SJ311,Services: architectural services,DEB,CN_X_HK,EU27_2020,2019,MIO_EUR,13.0
bop_its6_det,SJ311,Services: architectural services,DEB,CN_X_HK,EU27_2020,2020,MIO_EUR,18.1
bop_its6_det,SJ311,Services: architectural services,DEB,CN_X_HK,EU27_2020,2021,MIO_EUR,7.8
bop_its6_det,SJ311,Services: architectural services,DEB,CN_X_HK,EU27_2020,2022,MIO_EUR,7.7
bop_its6_det,SJ311,Services: architectural services,DEB,CN_X_HK,EU27_2020,2023,MIO_EUR,14.5
bop_its6_det,SJ311,Services: architectural services,DEB,CN_X_HK,EU27_2020,2024,MIO_EUR,14.4
bop_its6_det,SJ311,Services: architectural services,DEB,CN_X_HK,FI,2015,MIO_EUR,0.0
bop_its6_det,SJ311,Services: architectural services,DEB,CN_X_HK,FI,2016,MIO_EUR,0.0
bop_its6_det,SJ311,Services: architectural services,DEB,CN_X_HK,FI,2017,MIO_EUR,0.0
bop_its6_det,SJ311,Services: architectural services,DEB,CN_X_HK,FI,2018,MIO_EUR,0.0
bop_its6_det,SJ311,Services: architectural services,DEB,CN_X_HK,FI,2019,MIO_EUR,0.0
bop_its6_det,SJ311,Services: architectural services,DEB,CN_X_HK,FI,2020,MIO_EUR,0.0
bop_its6_det,SJ311,Services: architectural services,DEB,CN_X_HK,FI,2021,MIO_EUR,0.0
bop_its6_det,SJ311,Services: architectural services,DEB,CN_X_HK,FI,2022,MIO_EUR,0.0
bop_its6_det,SJ311,Services: architectural services,DEB,CN_X_HK,FI,2023,MIO_EUR,0.0
bop_its6_det,SJ311,Services: architectural services,DEB,CN_X_HK,FI,2024,MIO_EUR,0.0
bop_its6_det,SJ311,Services: architectural services,DEB,CN_X_HK,HU,2018,MIO_EUR,0.0
bop_its6_det,SJ311,Services: architectural services,DEB,CN_X_HK,HU,2019,MIO_EUR,0.0
bop_its6_det,SJ311,Services: architectural services,DEB,CN_X_HK,HU,2023,MIO_EUR,0.0
bop_its6_det,SJ311,Services: architectural services,DEB,CN_X_HK,HU,2024,MIO_EUR,0.0
bop_its6_det,SJ311,Services: architectural services,DEB,CN_X_HK,IE,2015,MIO_EUR,0.0
bop_its6_det,SJ311,Services: architectural services,DEB,CN_X_HK,IE,2016,MIO_EUR,0.0
bop_its6_det,SJ311,Services: architectural services,DEB,CN_X_HK,IE,2017,MIO_EUR,0.0
bop_its6_det,SJ311,Services: architectural services,DEB,CN_X_HK,IE,2018,MIO_EUR,0.0
bop_its6_det,SJ311,Services: architectural services,DEB,CN_X_HK,IE,2020,MIO_EUR,0.0
bop_its6_det,SJ311,Services: architectural services,DEB,CN_X_HK,IE,2021,MIO_EUR,0.0
bop_its6_det,SJ311,Services: architectural services,DEB,CN_X_HK,IE,2022,MIO_EUR,0.0
bop_its6_det,SJ311,Services: architectural services,DEB,CN_X_HK,IE,2023,MIO_EUR,0.0
bop_its6_det,SJ311,Services: architectural services,DEB,CN_X_HK,IE,2024,MIO_EUR,0.0
bop_its6_det,SJ311,Services: architectural services,DEB,CN_X_HK,IT,2015,MIO_EUR,0.0
bop_its6_det,SJ311,Services: architectural services,DEB,CN_X_HK,IT,2016,MIO_EUR,0.3
bop_its6_det,SJ311,Services: architectural services,DEB,CN_X_HK,IT,2017,MIO_EUR,0.1
bop_its6_det,SJ311,Services: architectural services,DEB,CN_X_HK,IT,2018,MIO_EUR,0.0
bop_its6_det,SJ311,Services: architectural services,DEB,CN_X_HK,IT,2019,MIO_EUR,0.0
bop_its6_det,SJ311,Services: architectural services,DEB,CN_X_HK,IT,2020,MIO_EUR,0.0
bop_its6_det,SJ311,Services: architectural services,DEB,CN_X_HK,IT,2021,MIO_EUR,0.0
bop_its6_det,SJ311,Services: architectural services,DEB,CN_X_HK,IT,2022,MIO_EUR,0.0
bop_its6_det,SJ311,Services: architectural services,DEB,CN_X_HK,IT,2023,MIO_EUR,0.0
bop_its6_det,SJ311,Services: architectural services,DEB,CN_X_HK,IT,2024,MIO_EUR,0.0
bop_its6_det,SJ311,Services: architectural services,DEB,CN_X_HK,NL,2016,MIO_EUR,0.9
bop_its6_det,SJ311,Services: architectural services,DEB,CN_X_HK,NL,2018,MIO_EUR,0.6
bop_its6_det,SJ311,Services: architectural services,DEB,CN_X_HK,PL,2015,MIO_EUR,0.0
bop_its6_det,SJ311,Services: architectural services,DEB,CN_X_HK,PL,2016,MIO_EUR,0.0
bop_its6_det,SJ311,Services: architectural services,DEB,CN_X_HK,PL,2017,MIO_EUR,0.0
bop_its6_det,SJ311,Services: architectural services,DEB,CN_X_HK,PL,2018,MIO_EUR,0.0
bop_its6_det,SJ311,Services: architectural services,DEB,CN_X_HK,PL,2019,MIO_EUR,0.0
bop_its6_det,SJ311,Services: architectural services,DEB,CN_X_HK,PL,2020,MIO_EUR,0.0
bop_its6_det,SJ311,Services: architectural services,DEB,CN_X_HK,PL,2021,MIO_EUR,0.2
bop_its6_det,SJ311,Services: architectural services,DEB,CN_X_HK,PL,2022,MIO_EUR,0.0
bop_its6_det,SJ311,Services: architectural services,DEB,CN_X_HK,PL,2023,MIO_EUR,0.2
bop_its6_det,SJ311,Services: architectural services,DEB,CN_X_HK,PL,2024,MIO_EUR,0.0
bop_its6_det,SJ311,Services: architectural services,DEB,CN_X_HK,RO,2016,MIO_EUR,0.0
bop_its6_det,SJ311,Services: architectural services,DEB,CN_X_HK,RO,2017,MIO_EUR,0.0
bop_its6_det,SJ311,Services: architectural services,DEB,CN_X_HK,RO,2019,MIO_EUR,0.0
bop_its6_det,SJ311,Services: architectural services,DEB,CN_X_HK,RO,2020,MIO_EUR,0.0
bop_its6_det,SJ311,Services: architectural services,DEB,CN_X_HK,RO,2023,MIO_EUR,0.0
bop_its6_det,SJ311,Services: architectural services,DEB,CN_X_HK,RO,2024,MIO_EUR,0.0
bop_its6_det,SJ311,Services: architectural services,DEB,CN_X_HK,SE,2015,MIO_EUR,0.1
bop_its6_det,SJ311,Services: architectural services,DEB,CN_X_HK,SE,2016,MIO_EUR,0.2
bop_its6_det,SJ311,Services: architectural services,DEB,CN_X_HK,SE,2017,MIO_EUR,0.5
bop_its6_det,SJ311,Services: architectural services,DEB,CN_X_HK,SE,2018,MIO_EUR,0.8
bop_its6_det,SJ311,Services: architectural services,DEB,CN_X_HK,SE,2019,MIO_EUR,0.0
bop_its6_det,SJ311,Services: architectural services,DEB,CN_X_HK,SE,2020,MIO_EUR,0.2
bop_its6_det,SJ311,Services: architectural services,DEB,CN_X_HK,SE,2021,MIO_EUR,0.3
bop_its6_det,SJ311,Services: architectural services,DEB,CN_X_HK,SE,2022,MIO_EUR,0.0
bop_its6_det,SJ311,Services: architectural services,DEB,CN_X_HK,SE,2023,MIO_EUR,0.0
bop_its6_det,SJ311,Services: architectural services,DEB,CN_X_HK,SE,2024,MIO_EUR,0.3
bop_its6_det,SJ311,Services: architectural services,CRE,CN_X_HK,AT,2015,MIO_EUR,0.0
bop_its6_det,SJ311,Services: architectural services,CRE,CN_X_HK,AT,2016,MIO_EUR,0.0
bop_its6_det,SJ311,Services: architectural services,CRE,CN_X_HK,AT,2017,MIO_EUR,3.0
bop_its6_det,SJ311,Services: architectural services,CRE,CN_X_HK,AT,2018,MIO_EUR,1.0
bop_its6_det,SJ311,Services: architectural services,CRE,CN_X_HK,AT,2019,MIO_EUR,2.0
bop_its6_det,SJ311,Services: architectural services,CRE,CN_X_HK,AT,2020,MIO_EUR,3.0
bop_its6_det,SJ311,Services: architectural services,CRE,CN_X_HK,AT,2021,MIO_EUR,2.0
bop_its6_det,SJ311,Services: architectural services,CRE,CN_X_HK,AT,2022,MIO_EUR,0.0
bop_its6_det,SJ311,Services: architectural services,CRE,CN_X_HK,AT,2023,MIO_EUR,0.0
bop_its6_det,SJ311,Services: architectural services,CRE,CN_X_HK,AT,2024,MIO_EUR,0.0
bop_its6_det,SJ311,Services: architectural services,CRE,CN_X_HK,BE,2015,MIO_EUR,1.0
bop_its6_det,SJ311,Services: architectural services,CRE,CN_X_HK,BE,2018,MIO_EUR,0.0
bop_its6_det,SJ311,Services: architectural services,CRE,CN_X_HK,BE,2019,MIO_EUR,0.0
bop_its6_det,SJ311,Services: architectural services,CRE,CN_X_HK,BE,2022,MIO_EUR,0.0
bop_its6_det,SJ311,Services: architectural services,CRE,CN_X_HK,BE,2023,MIO_EUR,0.0
bop_its6_det,SJ311,Services: architectural services,CRE,CN_X_HK,BE,2024,MIO_EUR,0.0
bop_its6_det,SJ311,Services: architectural services,CRE,CN_X_HK,CZ,2015,MIO_EUR,0.0
bop_its6_det,SJ311,Services: architectural services,CRE,CN_X_HK,CZ,2016,MIO_EUR,0.0
bop_its6_det,SJ311,Services: architectural services,CRE,CN_X_HK,CZ,2017,MIO_EUR,0.0
bop_its6_det,SJ311,Services: architectural services,CRE,CN_X_HK,CZ,2018,MIO_EUR,0.1
bop_its6_det,SJ311,Services: architectural services,CRE,CN_X_HK,CZ,2019,MIO_EUR,0.1
bop_its6_det,SJ311,Services: architectural services,CRE,CN_X_HK,CZ,2020,MIO_EUR,0.0
bop_its6_det,SJ311,Services: architectural services,CRE,CN_X_HK,CZ,2021,MIO_EUR,0.0
bop_its6_det,SJ311,Services: architectural services,CRE,CN_X_HK,CZ,2022,MIO_EUR,0.0
bop_its6_det,SJ311,Services: architectural services,CRE,CN_X_HK,CZ,2023,MIO_EUR,0.0
bop_its6_det,SJ311,Services: architectural services,CRE,CN_X_HK,CZ,2024,MIO_EUR,0.0
bop_its6_det,SJ311,Services: architectural services,CRE,CN_X_HK,DE,2020,MIO_EUR,43.0
bop_its6_det,SJ311,Services: architectural services,CRE,CN_X_HK,DK,2015,MIO_EUR,2.4
bop_its6_det,SJ311,Services: architectural services,CRE,CN_X_HK,DK,2016,MIO_EUR,1.2
bop_its6_det,SJ311,Services: architectural services,CRE,CN_X_HK,DK,2017,MIO_EUR,0.9
bop_its6_det,SJ311,Services: architectural services,CRE,CN_X_HK,DK,2018,MIO_EUR,1.5
bop_its6_det,SJ311,Services: architectural services,CRE,CN_X_HK,DK,2019,MIO_EUR,0.9
bop_its6_det,SJ311,Services: architectural services,CRE,CN_X_HK,DK,2020,MIO_EUR,9.5
bop_its6_det,SJ311,Services: architectural services,CRE,CN_X_HK,DK,2021,MIO_EUR,8.9
bop_its6_det,SJ311,Services: architectural services,CRE,CN_X_HK,DK,2022,MIO_EUR,8.7
bop_its6_det,SJ311,Services: architectural services,CRE,CN_X_HK,DK,2023,MIO_EUR,6.7
bop_its6_det,SJ311,Services: architectural services,CRE,CN_X_HK,DK,2024,MIO_EUR,5.8
bop_its6_det,SJ311,Services: architectural services,CRE,CN_X_HK,EL,2015,MIO_EUR,0.0
bop_its6_det,SJ311,Services: architectural services,CRE,CN_X_HK,EL,2016,MIO_EUR,0.0
bop_its6_det,SJ311,Services: architectural services,CRE,CN_X_HK,EL,2017,MIO_EUR,0.0
bop_its6_det,SJ311,Services: architectural services,CRE,CN_X_HK,EL,2018,MIO_EUR,0.0
bop_its6_det,SJ311,Services: architectural services,CRE,CN_X_HK,EL,2019,MIO_EUR,0.0
bop_its6_det,SJ311,Services: architectural services,CRE,CN_X_HK,EL,2020,MIO_EUR,0.0
bop_its6_det,SJ311,Services: architectural services,CRE,CN_X_HK,EL,2021,MIO_EUR,0.0
bop_its6_det,SJ311,Services: architectural services,CRE,CN_X_HK,EL,2022,MIO_EUR,0.0
bop_its6_det,SJ311,Services: architectural services,CRE,CN_X_HK,EL,2023,MIO_EUR,0.0
bop_its6_det,SJ311,Services: architectural services,CRE,CN_X_HK,EL,2024,MIO_EUR,0.0
bop_its6_det,SJ311,Services: architectural services,CRE,CN_X_HK,ES,2019,MIO_EUR,11.0
bop_its6_det,SJ311,Services: architectural services,CRE,CN_X_HK,ES,2020,MIO_EUR,4.0
bop_its6_det,SJ311,Services: architectural services,CRE,CN_X_HK,ES,2021,MIO_EUR,4.0
bop_its6_det,SJ311,Services: architectural services,CRE,CN_X_HK,EU27_2020,2015,MIO_EUR,51.7
bop_its6_det,SJ311,Services: architectural services,CRE,CN_X_HK,EU27_2020,2016,MIO_EUR,80.8
bop_its6_det,SJ311,Services: architectural services,CRE,CN_X_HK,EU27_2020,2017,MIO_EUR,129.9
bop_its6_det,SJ311,Services: architectural services,CRE,CN_X_HK,EU27_2020,2018,MIO_EUR,67.4
bop_its6_det,SJ311,Services: architectural services,CRE,CN_X_HK,EU27_2020,2019,MIO_EUR,67.8
bop_its6_det,SJ311,Services: architectural services,CRE,CN_X_HK,EU27_2020,2020,MIO_EUR,71.9
bop_its6_det,SJ311,Services: architectural services,CRE,CN_X_HK,EU27_2020,2021,MIO_EUR,67.4
bop_its6_det,SJ311,Services: architectural services,CRE,CN_X_HK,EU27_2020,2022,MIO_EUR,71.8
bop_its6_det,SJ311,Services: architectural services,CRE,CN_X_HK,EU27_2020,2023,MIO_EUR,70.9
bop_its6_det,SJ311,Services: architectural services,CRE,CN_X_HK,EU27_2020,2024,MIO_EUR,47.3
bop_its6_det,SJ311,Services: architectural services,CRE,CN_X_HK,FI,2015,MIO_EUR,0.0
bop_its6_det,SJ311,Services: architectural services,CRE,CN_X_HK,FI,2016,MIO_EUR,0.0
bop_its6_det,SJ311,Services: architectural services,CRE,CN_X_HK,FI,2017,MIO_EUR,0.0
bop_its6_det,SJ311,Services: architectural services,CRE,CN_X_HK,FI,2018,MIO_EUR,0.0
bop_its6_det,SJ311,Services: architectural services,CRE,CN_X_HK,FI,2019,MIO_EUR,1.0
bop_its6_det,SJ311,Services: architectural services,CRE,CN_X_HK,FI,2020,MIO_EUR,0.0
bop_its6_det,SJ311,Services: architectural services,CRE,CN_X_HK,FI,2021,MIO_EUR,0.0
bop_its6_det,SJ311,Services: architectural services,CRE,CN_X_HK,FI,2022,MIO_EUR,0.0
bop_its6_det,SJ311,Services: architectural services,CRE,CN_X_HK,FI,2023,MIO_EUR,0.0
bop_its6_det,SJ311,Services: architectural services,CRE,CN_X_HK,FI,2024,MIO_EUR,0.0
bop_its6_det,SJ311,Services: architectural services,CRE,CN_X_HK,HU,2015,MIO_EUR,0.0
bop_its6_det,SJ311,Services: architectural services,CRE,CN_X_HK,HU,2018,MIO_EUR,0.0
bop_its6_det,SJ311,Services: architectural services,CRE,CN_X_HK,HU,2019,MIO_EUR,0.0
bop_its6_det,SJ311,Services: architectural services,CRE,CN_X_HK,HU,2020,MIO_EUR,0.0
bop_its6_det,SJ311,Services: architectural services,CRE,CN_X_HK,HU,2023,MIO_EUR,0.0
bop_its6_det,SJ311,Services: architectural services,CRE,CN_X_HK,HU,2024,MIO_EUR,0.0
bop_its6_det,SJ311,Services: architectural services,CRE,CN_X_HK,IE,2015,MIO_EUR,0.0
bop_its6_det,SJ311,Services: architectural services,CRE,CN_X_HK,IE,2016,MIO_EUR,0.0
bop_its6_det,SJ311,Services: architectural services,CRE,CN_X_HK,IE,2017,MIO_EUR,0.0
bop_its6_det,SJ311,Services: architectural services,CRE,CN_X_HK,IE,2018,MIO_EUR,0.0
bop_its6_det,SJ311,Services: architectural services,CRE,CN_X_HK,IE,2019,MIO_EUR,0.0
bop_its6_det,SJ311,Services: architectural services,CRE,CN_X_HK,IE,2020,MIO_EUR,0.0
bop_its6_det,SJ311,Services: architectural services,CRE,CN_X_HK,IE,2021,MIO_EUR,0.0
bop_its6_det,SJ311,Services: architectural services,CRE,CN_X_HK,IE,2022,MIO_EUR,0.0
bop_its6_det,SJ311,Services: architectural services,CRE,CN_X_HK,IE,2023,MIO_EUR,0.0
bop_its6_det,SJ311,Services: architectural services,CRE,CN_X_HK,IT,2015,MIO_EUR,3.1
bop_its6_det,SJ311,Services: architectural services,CRE,CN_X_HK,IT,2016,MIO_EUR,1.0
bop_its6_det,SJ311,Services: architectural services,CRE,CN_X_HK,IT,2017,MIO_EUR,1.8
bop_its6_det,SJ311,Services: architectural services,CRE,CN_X_HK,IT,2018,MIO_EUR,0.1
bop_its6_det,SJ311,Services: architectural services,CRE,CN_X_HK,IT,2019,MIO_EUR,0.1
bop_its6_det,SJ311,Services: architectural services,CRE,CN_X_HK,IT,2020,MIO_EUR,1.1
bop_its6_det,SJ311,Services: architectural services,CRE,CN_X_HK,IT,2021,MIO_EUR,0.0
bop_its6_det,SJ311,Services: architectural services,CRE,CN_X_HK,IT,2022,MIO_EUR,0.0
bop_its6_det,SJ311,Services: architectural services,CRE,CN_X_HK,IT,2023,MIO_EUR,0.0
bop_its6_det,SJ311,Services: architectural services,CRE,CN_X_HK,IT,2024,MIO_EUR,0.0
bop_its6_det,SJ311,Services: architectural services,CRE,CN_X_HK,NL,2016,MIO_EUR,1.7
bop_its6_det,SJ311,Services: architectural services,CRE,CN_X_HK,NL,2018,MIO_EUR,5.0
bop_its6_det,SJ311,Services: architectural services,CRE,CN_X_HK,PL,2015,MIO_EUR,0.0
bop_its6_det,SJ311,Services: architectural services,CRE,CN_X_HK,PL,2016,MIO_EUR,0.2
bop_its6_det,SJ311,Services: architectural services,CRE,CN_X_HK,PL,2017,MIO_EUR,0.0
bop_its6_det,SJ311,Services: architectural services,CRE,CN_X_HK,PL,2018,MIO_EUR,0.0
bop_its6_det,SJ311,Services: architectural services,CRE,CN_X_HK,PL,2019,MIO_EUR,0.0
bop_its6_det,SJ311,Services: architectural services,CRE,CN_X_HK,PL,2020,MIO_EUR,0.0
bop_its6_det,SJ311,Services: architectural services,CRE,CN_X_HK,PL,2021,MIO_EUR,0.2
bop_its6_det,SJ311,Services: architectural services,CRE,CN_X_HK,PL,2022,MIO_EUR,0.4
bop_its6_det,SJ311,Services: architectural services,CRE,CN_X_HK,PL,2023,MIO_EUR,0.0
bop_its6_det,SJ311,Services: architectural services,CRE,CN_X_HK,PL,2024,MIO_EUR,0.0
bop_its6_det,SJ311,Services: architectural services,CRE,CN_X_HK,RO,2019,MIO_EUR,0.0
bop_its6_det,SJ311,Services: architectural services,CRE,CN_X_HK,RO,2020,MIO_EUR,0.0
bop_its6_det,SJ311,Services: architectural services,CRE,CN_X_HK,RO,2023,MIO_EUR,0.0
bop_its6_det,SJ311,Services: architectural services,CRE,CN_X_HK,RO,2024,MIO_EUR,0.0
bop_its6_det,SJ311,Services: architectural services,CRE,CN_X_HK,SE,2015,MIO_EUR,0.9
bop_its6_det,SJ311,Services: architectural services,CRE,CN_X_HK,SE,2016,MIO_EUR,4.8
bop_its6_det,SJ311,Services: architectural services,CRE,CN_X_HK,SE,2017,MIO_EUR,2.6
bop_its6_det,SJ311,Services: architectural services,CRE,CN_X_HK,SE,2018,MIO_EUR,1.6
bop_its6_det,SJ311,Services: architectural services,CRE,CN_X_HK,SE,2019,MIO_EUR,0.0
bop_its6_det,SJ311,Services: architectural services,CRE,CN_X_HK,SE,2020,MIO_EUR,0.5
bop_its6_det,SJ311,Services: architectural services,CRE,CN_X_HK,SE,2021,MIO_EUR,0.1
bop_its6_det,SJ311,Services: architectural services,CRE,CN_X_HK,SE,2022,MIO_EUR,0.0
bop_its6_det,SJ311,Services: architectural services,CRE,CN_X_HK,SE,2023,MIO_EUR,0.0
bop_its6_det,SJ311,Services: architectural services,CRE,CN_X_HK,SE,2024,MIO_EUR,0.0
bop_its6_det,SJ313,Services: scientific and other technical services,DEB,CN_X_HK,BE,2015,MIO_EUR,6.0
bop_its6_det,SJ313,Services: scientific and other technical services,DEB,CN_X_HK,BE,2016,MIO_EUR,8.0
bop_its6_det,SJ313,Services: scientific and other technical services,DEB,CN_X_HK,BE,2017,MIO_EUR,11.0
bop_its6_det,SJ313,Services: scientific and other technical services,DEB,CN_X_HK,BE,2018,MIO_EUR,11.0
bop_its6_det,SJ313,Services: scientific and other technical services,DEB,CN_X_HK,BE,2019,MIO_EUR,8.0
bop_its6_det,SJ313,Services: scientific and other technical services,DEB,CN_X_HK,BE,2020,MIO_EUR,10.0
bop_its6_det,SJ313,Services: scientific and other technical services,DEB,CN_X_HK,BE,2021,MIO_EUR,25.0
bop_its6_det,SJ313,Services: scientific and other technical services,DEB,CN_X_HK,BE,2022,MIO_EUR,13.0
bop_its6_det,SJ313,Services: scientific and other technical services,DEB,CN_X_HK,BE,2023,MIO_EUR,13.0
bop_its6_det,SJ313,Services: scientific and other technical services,DEB,CN_X_HK,BE,2024,MIO_EUR,17.0
bop_its6_det,SJ313,Services: scientific and other technical services,DEB,CN_X_HK,CZ,2015,MIO_EUR,0.8
bop_its6_det,SJ313,Services: scientific and other technical services,DEB,CN_X_HK,CZ,2016,MIO_EUR,4.8
bop_its6_det,SJ313,Services: scientific and other technical services,DEB,CN_X_HK,CZ,2017,MIO_EUR,7.5
bop_its6_det,SJ313,Services: scientific and other technical services,DEB,CN_X_HK,CZ,2018,MIO_EUR,27.8
bop_its6_det,SJ313,Services: scientific and other technical services,DEB,CN_X_HK,CZ,2019,MIO_EUR,23.3
bop_its6_det,SJ313,Services: scientific and other technical services,DEB,CN_X_HK,CZ,2020,MIO_EUR,15.1
bop_its6_det,SJ313,Services: scientific and other technical services,DEB,CN_X_HK,CZ,2021,MIO_EUR,13.3
bop_its6_det,SJ313,Services: scientific and other technical services,DEB,CN_X_HK,CZ,2022,MIO_EUR,36.7
bop_its6_det,SJ313,Services: scientific and other technical services,DEB,CN_X_HK,CZ,2023,MIO_EUR,0.8
bop_its6_det,SJ313,Services: scientific and other technical services,DEB,CN_X_HK,CZ,2024,MIO_EUR,1.8
bop_its6_det,SJ313,Services: scientific and other technical services,DEB,CN_X_HK,DE,2015,MIO_EUR,197.0
bop_its6_det,SJ313,Services: scientific and other technical services,DEB,CN_X_HK,DE,2016,MIO_EUR,129.0
bop_its6_det,SJ313,Services: scientific and other technical services,DEB,CN_X_HK,DE,2017,MIO_EUR,88.0
bop_its6_det,SJ313,Services: scientific and other technical services,DEB,CN_X_HK,DE,2018,MIO_EUR,100.0
bop_its6_det,SJ313,Services: scientific and other technical services,DEB,CN_X_HK,DE,2019,MIO_EUR,113.0
bop_its6_det,SJ313,Services: scientific and other technical services,DEB,CN_X_HK,DE,2021,MIO_EUR,100.0
bop_its6_det,SJ313,Services: scientific and other technical services,DEB,CN_X_HK,DE,2023,MIO_EUR,139.0
bop_its6_det,SJ313,Services: scientific and other technical services,DEB,CN_X_HK,DE,2024,MIO_EUR,121.0
bop_its6_det,SJ313,Services: scientific and other technical services,DEB,CN_X_HK,DK,2015,MIO_EUR,25.9
bop_its6_det,SJ313,Services: scientific and other technical services,DEB,CN_X_HK,DK,2016,MIO_EUR,27.1
bop_its6_det,SJ313,Services: scientific and other technical services,DEB,CN_X_HK,DK,2017,MIO_EUR,0.9
bop_its6_det,SJ313,Services: scientific and other technical services,DEB,CN_X_HK,DK,2018,MIO_EUR,1.1
bop_its6_det,SJ313,Services: scientific and other technical services,DEB,CN_X_HK,DK,2019,MIO_EUR,5.9
bop_its6_det,SJ313,Services: scientific and other technical services,DEB,CN_X_HK,DK,2020,MIO_EUR,7.4
bop_its6_det,SJ313,Services: scientific and other technical services,DEB,CN_X_HK,DK,2021,MIO_EUR,3.6
bop_its6_det,SJ313,Services: scientific and other technical services,DEB,CN_X_HK,DK,2022,MIO_EUR,8.3
bop_its6_det,SJ313,Services: scientific and other technical services,DEB,CN_X_HK,DK,2023,MIO_EUR,4.2
bop_its6_det,SJ313,Services: scientific and other technical services,DEB,CN_X_HK,DK,2024,MIO_EUR,6.8
bop_its6_det,SJ313,Services: scientific and other technical services,DEB,CN_X_HK,EL,2015,MIO_EUR,0.3
bop_its6_det,SJ313,Services: scientific and other technical services,DEB,CN_X_HK,EL,2016,MIO_EUR,0.4
bop_its6_det,SJ313,Services: scientific and other technical services,DEB,CN_X_HK,EL,2017,MIO_EUR,0.4
bop_its6_det,SJ313,Services: scientific and other technical services,DEB,CN_X_HK,EL,2018,MIO_EUR,2.0
bop_its6_det,SJ313,Services: scientific and other technical services,DEB,CN_X_HK,EL,2019,MIO_EUR,1.0
bop_its6_det,SJ313,Services: scientific and other technical services,DEB,CN_X_HK,EL,2020,MIO_EUR,1.0
bop_its6_det,SJ313,Services: scientific and other technical services,DEB,CN_X_HK,EL,2021,MIO_EUR,1.1
bop_its6_det,SJ313,Services: scientific and other technical services,DEB,CN_X_HK,EL,2022,MIO_EUR,1.0
bop_its6_det,SJ313,Services: scientific and other technical services,DEB,CN_X_HK,EL,2023,MIO_EUR,2.4
bop_its6_det,SJ313,Services: scientific and other technical services,DEB,CN_X_HK,EL,2024,MIO_EUR,3.3
bop_its6_det,SJ313,Services: scientific and other technical services,DEB,CN_X_HK,ES,2015,MIO_EUR,9.0
bop_its6_det,SJ313,Services: scientific and other technical services,DEB,CN_X_HK,ES,2016,MIO_EUR,11.0
bop_its6_det,SJ313,Services: scientific and other technical services,DEB,CN_X_HK,ES,2017,MIO_EUR,11.0
bop_its6_det,SJ313,Services: scientific and other technical services,DEB,CN_X_HK,ES,2018,MIO_EUR,17.0
bop_its6_det,SJ313,Services: scientific and other technical services,DEB,CN_X_HK,ES,2022,MIO_EUR,14.0
bop_its6_det,SJ313,Services: scientific and other technical services,DEB,CN_X_HK,ES,2023,MIO_EUR,38.0
bop_its6_det,SJ313,Services: scientific and other technical services,DEB,CN_X_HK,EU27_2020,2015,MIO_EUR,1049.3
bop_its6_det,SJ313,Services: scientific and other technical services,DEB,CN_X_HK,EU27_2020,2016,MIO_EUR,1081.3
bop_its6_det,SJ313,Services: scientific and other technical services,DEB,CN_X_HK,EU27_2020,2017,MIO_EUR,1417.0
bop_its6_det,SJ313,Services: scientific and other technical services,DEB,CN_X_HK,EU27_2020,2018,MIO_EUR,921.3
bop_its6_det,SJ313,Services: scientific and other technical services,DEB,CN_X_HK,EU27_2020,2019,MIO_EUR,429.4
bop_its6_det,SJ313,Services: scientific and other technical services,DEB,CN_X_HK,EU27_2020,2020,MIO_EUR,464.3
bop_its6_det,SJ313,Services: scientific and other technical services,DEB,CN_X_HK,EU27_2020,2021,MIO_EUR,442.2
bop_its6_det,SJ313,Services: scientific and other technical services,DEB,CN_X_HK,EU27_2020,2022,MIO_EUR,525.3
bop_its6_det,SJ313,Services: scientific and other technical services,DEB,CN_X_HK,EU27_2020,2023,MIO_EUR,715.9
bop_its6_det,SJ313,Services: scientific and other technical services,DEB,CN_X_HK,EU27_2020,2024,MIO_EUR,704.5
bop_its6_det,SJ313,Services: scientific and other technical services,DEB,CN_X_HK,FI,2015,MIO_EUR,0.0
bop_its6_det,SJ313,Services: scientific and other technical services,DEB,CN_X_HK,FI,2016,MIO_EUR,0.0
bop_its6_det,SJ313,Services: scientific and other technical services,DEB,CN_X_HK,FI,2017,MIO_EUR,0.0
bop_its6_det,SJ313,Services: scientific and other technical services,DEB,CN_X_HK,FI,2018,MIO_EUR,0.0
bop_its6_det,SJ313,Services: scientific and other technical services,DEB,CN_X_HK,FI,2019,MIO_EUR,1.0
bop_its6_det,SJ313,Services: scientific and other technical services,DEB,CN_X_HK,FI,2020,MIO_EUR,1.0
bop_its6_det,SJ313,Services: scientific and other technical services,DEB,CN_X_HK,FI,2021,MIO_EUR,1.0
bop_its6_det,SJ313,Services: scientific and other technical services,DEB,CN_X_HK,FI,2022,MIO_EUR,1.0
bop_its6_det,SJ313,Services: scientific and other technical services,DEB,CN_X_HK,FI,2023,MIO_EUR,1.0
bop_its6_det,SJ313,Services: scientific and other technical services,DEB,CN_X_HK,FI,2024,MIO_EUR,1.0
bop_its6_det,SJ313,Services: scientific and other technical services,DEB,CN_X_HK,HU,2015,MIO_EUR,0.3
bop_its6_det,SJ313,Services: scientific and other technical services,DEB,CN_X_HK,HU,2016,MIO_EUR,0.3
bop_its6_det,SJ313,Services: scientific and other technical services,DEB,CN_X_HK,HU,2017,MIO_EUR,0.1
bop_its6_det,SJ313,Services: scientific and other technical services,DEB,CN_X_HK,HU,2018,MIO_EUR,0.4
bop_its6_det,SJ313,Services: scientific and other technical services,DEB,CN_X_HK,HU,2019,MIO_EUR,0.5
bop_its6_det,SJ313,Services: scientific and other technical services,DEB,CN_X_HK,HU,2020,MIO_EUR,0.2
bop_its6_det,SJ313,Services: scientific and other technical services,DEB,CN_X_HK,HU,2021,MIO_EUR,0.4
bop_its6_det,SJ313,Services: scientific and other technical services,DEB,CN_X_HK,HU,2022,MIO_EUR,0.2
bop_its6_det,SJ313,Services: scientific and other technical services,DEB,CN_X_HK,HU,2023,MIO_EUR,0.4
bop_its6_det,SJ313,Services: scientific and other technical services,DEB,CN_X_HK,HU,2024,MIO_EUR,0.5
bop_its6_det,SJ313,Services: scientific and other technical services,DEB,CN_X_HK,IE,2015,MIO_EUR,0.0
bop_its6_det,SJ313,Services: scientific and other technical services,DEB,CN_X_HK,IE,2016,MIO_EUR,0.0
bop_its6_det,SJ313,Services: scientific and other technical services,DEB,CN_X_HK,IE,2017,MIO_EUR,0.0
bop_its6_det,SJ313,Services: scientific and other technical services,DEB,CN_X_HK,IE,2018,MIO_EUR,0.0
bop_its6_det,SJ313,Services: scientific and other technical services,DEB,CN_X_HK,IE,2019,MIO_EUR,0.0
bop_its6_det,SJ313,Services: scientific and other technical services,DEB,CN_X_HK,IE,2020,MIO_EUR,0.0
bop_its6_det,SJ313,Services: scientific and other technical services,DEB,CN_X_HK,IE,2021,MIO_EUR,0.0
bop_its6_det,SJ313,Services: scientific and other technical services,DEB,CN_X_HK,IE,2022,MIO_EUR,0.0
bop_its6_det,SJ313,Services: scientific and other technical services,DEB,CN_X_HK,IE,2023,MIO_EUR,0.0
bop_its6_det,SJ313,Services: scientific and other technical services,DEB,CN_X_HK,IE,2024,MIO_EUR,0.0
bop_its6_det,SJ313,Services: scientific and other technical services,DEB,CN_X_HK,IT,2015,MIO_EUR,5.5
bop_its6_det,SJ313,Services: scientific and other technical services,DEB,CN_X_HK,IT,2016,MIO_EUR,3.6
bop_its6_det,SJ313,Services: scientific and other technical services,DEB,CN_X_HK,IT,2017,MIO_EUR,5.5
bop_its6_det,SJ313,Services: scientific and other technical services,DEB,CN_X_HK,IT,2018,MIO_EUR,11.3
bop_its6_det,SJ313,Services: scientific and other technical services,DEB,CN_X_HK,IT,2019,MIO_EUR,8.7
bop_its6_det,SJ313,Services: scientific and other technical services,DEB,CN_X_HK,IT,2020,MIO_EUR,10.5
bop_its6_det,SJ313,Services: scientific and other technical services,DEB,CN_X_HK,IT,2021,MIO_EUR,3.8
bop_its6_det,SJ313,Services: scientific and other technical services,DEB,CN_X_HK,IT,2022,MIO_EUR,4.1
bop_its6_det,SJ313,Services: scientific and other technical services,DEB,CN_X_HK,IT,2023,MIO_EUR,171.8
bop_its6_det,SJ313,Services: scientific and other technical services,DEB,CN_X_HK,IT,2024,MIO_EUR,116.0
bop_its6_det,SJ313,Services: scientific and other technical services,DEB,CN_X_HK,NL,2021,MIO_EUR,88.5
bop_its6_det,SJ313,Services: scientific and other technical services,DEB,CN_X_HK,PL,2015,MIO_EUR,3.8
bop_its6_det,SJ313,Services: scientific and other technical services,DEB,CN_X_HK,PL,2016,MIO_EUR,7.1
bop_its6_det,SJ313,Services: scientific and other technical services,DEB,CN_X_HK,PL,2017,MIO_EUR,6.1
bop_its6_det,SJ313,Services: scientific and other technical services,DEB,CN_X_HK,PL,2018,MIO_EUR,4.5
bop_its6_det,SJ313,Services: scientific and other technical services,DEB,CN_X_HK,PL,2019,MIO_EUR,4.7
bop_its6_det,SJ313,Services: scientific and other technical services,DEB,CN_X_HK,PL,2020,MIO_EUR,3.4
bop_its6_det,SJ313,Services: scientific and other technical services,DEB,CN_X_HK,PL,2021,MIO_EUR,5.7
bop_its6_det,SJ313,Services: scientific and other technical services,DEB,CN_X_HK,PL,2022,MIO_EUR,13.4
bop_its6_det,SJ313,Services: scientific and other technical services,DEB,CN_X_HK,PL,2023,MIO_EUR,22.2
bop_its6_det,SJ313,Services: scientific and other technical services,DEB,CN_X_HK,PL,2024,MIO_EUR,9.1
bop_its6_det,SJ313,Services: scientific and other technical services,DEB,CN_X_HK,PT,2015,MIO_EUR,1.0
bop_its6_det,SJ313,Services: scientific and other technical services,DEB,CN_X_HK,PT,2016,MIO_EUR,3.0
bop_its6_det,SJ313,Services: scientific and other technical services,DEB,CN_X_HK,PT,2017,MIO_EUR,6.0
bop_its6_det,SJ313,Services: scientific and other technical services,DEB,CN_X_HK,PT,2018,MIO_EUR,3.0
bop_its6_det,SJ313,Services: scientific and other technical services,DEB,CN_X_HK,PT,2019,MIO_EUR,14.0
bop_its6_det,SJ313,Services: scientific and other technical services,DEB,CN_X_HK,PT,2020,MIO_EUR,9.0
bop_its6_det,SJ313,Services: scientific and other technical services,DEB,CN_X_HK,PT,2021,MIO_EUR,2.0
bop_its6_det,SJ313,Services: scientific and other technical services,DEB,CN_X_HK,PT,2022,MIO_EUR,1.0
bop_its6_det,SJ313,Services: scientific and other technical services,DEB,CN_X_HK,PT,2023,MIO_EUR,6.0
bop_its6_det,SJ313,Services: scientific and other technical services,DEB,CN_X_HK,PT,2024,MIO_EUR,7.0
bop_its6_det,SJ313,Services: scientific and other technical services,DEB,CN_X_HK,RO,2015,MIO_EUR,0.9
bop_its6_det,SJ313,Services: scientific and other technical services,DEB,CN_X_HK,RO,2016,MIO_EUR,0.9
bop_its6_det,SJ313,Services: scientific and other technical services,DEB,CN_X_HK,RO,2017,MIO_EUR,1.3
bop_its6_det,SJ313,Services: scientific and other technical services,DEB,CN_X_HK,RO,2018,MIO_EUR,1.9
bop_its6_det,SJ313,Services: scientific and other technical services,DEB,CN_X_HK,RO,2019,MIO_EUR,3.8
bop_its6_det,SJ313,Services: scientific and other technical services,DEB,CN_X_HK,RO,2020,MIO_EUR,3.1
bop_its6_det,SJ313,Services: scientific and other technical services,DEB,CN_X_HK,RO,2021,MIO_EUR,1.4
bop_its6_det,SJ313,Services: scientific and other technical services,DEB,CN_X_HK,RO,2022,MIO_EUR,1.6
bop_its6_det,SJ313,Services: scientific and other technical services,DEB,CN_X_HK,RO,2023,MIO_EUR,1.2
bop_its6_det,SJ313,Services: scientific and other technical services,DEB,CN_X_HK,RO,2024,MIO_EUR,3.6
bop_its6_det,SJ313,Services: scientific and other technical services,DEB,CN_X_HK,SE,2015,MIO_EUR,0.5
bop_its6_det,SJ313,Services: scientific and other technical services,DEB,CN_X_HK,SE,2016,MIO_EUR,0.5
bop_its6_det,SJ313,Services: scientific and other technical services,DEB,CN_X_HK,SE,2017,MIO_EUR,0.8
bop_its6_det,SJ313,Services: scientific and other technical services,DEB,CN_X_HK,SE,2018,MIO_EUR,13.1
bop_its6_det,SJ313,Services: scientific and other technical services,DEB,CN_X_HK,SE,2019,MIO_EUR,1.1
bop_its6_det,SJ313,Services: scientific and other technical services,DEB,CN_X_HK,SE,2020,MIO_EUR,2.7
bop_its6_det,SJ313,Services: scientific and other technical services,DEB,CN_X_HK,SE,2021,MIO_EUR,1.5
bop_its6_det,SJ313,Services: scientific and other technical services,DEB,CN_X_HK,SE,2022,MIO_EUR,2.4
bop_its6_det,SJ313,Services: scientific and other technical services,DEB,CN_X_HK,SE,2023,MIO_EUR,2.3
bop_its6_det,SJ313,Services: scientific and other technical services,DEB,CN_X_HK,SE,2024,MIO_EUR,5.2
bop_its6_det,SJ313,Services: scientific and other technical services,CRE,CN_X_HK,BE,2015,MIO_EUR,3.0
bop_its6_det,SJ313,Services: scientific and other technical services,CRE,CN_X_HK,BE,2016,MIO_EUR,4.0
bop_its6_det,SJ313,Services: scientific and other technical services,CRE,CN_X_HK,BE,2017,MIO_EUR,5.0
bop_its6_det,SJ313,Services: scientific and other technical services,CRE,CN_X_HK,BE,2018,MIO_EUR,5.0
bop_its6_det,SJ313,Services: scientific and other technical services,CRE,CN_X_HK,BE,2019,MIO_EUR,5.0
bop_its6_det,SJ313,Services: scientific and other technical services,CRE,CN_X_HK,BE,2021,MIO_EUR,1.0
bop_its6_det,SJ313,Services: scientific and other technical services,CRE,CN_X_HK,BE,2022,MIO_EUR,14.0
bop_its6_det,SJ313,Services: scientific and other technical services,CRE,CN_X_HK,BE,2023,MIO_EUR,32.0
bop_its6_det,SJ313,Services: scientific and other technical services,CRE,CN_X_HK,BE,2024,MIO_EUR,28.0
bop_its6_det,SJ313,Services: scientific and other technical services,CRE,CN_X_HK,CZ,2015,MIO_EUR,2.6
bop_its6_det,SJ313,Services: scientific and other technical services,CRE,CN_X_HK,CZ,2016,MIO_EUR,1.4
bop_its6_det,SJ313,Services: scientific and other technical services,CRE,CN_X_HK,CZ,2017,MIO_EUR,2.3
bop_its6_det,SJ313,Services: scientific and other technical services,CRE,CN_X_HK,CZ,2018,MIO_EUR,5.7
bop_its6_det,SJ313,Services: scientific and other technical services,CRE,CN_X_HK,CZ,2019,MIO_EUR,9.0
bop_its6_det,SJ313,Services: scientific and other technical services,CRE,CN_X_HK,CZ,2020,MIO_EUR,4.6
bop_its6_det,SJ313,Services: scientific and other technical services,CRE,CN_X_HK,CZ,2021,MIO_EUR,5.0
bop_its6_det,SJ313,Services: scientific and other technical services,CRE,CN_X_HK,CZ,2022,MIO_EUR,10.2
bop_its6_det,SJ313,Services: scientific and other technical services,CRE,CN_X_HK,CZ,2023,MIO_EUR,9.2
bop_its6_det,SJ313,Services: scientific and other technical services,CRE,CN_X_HK,CZ,2024,MIO_EUR,8.6
bop_its6_det,SJ313,Services: scientific and other technical services,CRE,CN_X_HK,DE,2015,MIO_EUR,316.0
bop_its6_det,SJ313,Services: scientific and other technical services,CRE,CN_X_HK,DE,2016,MIO_EUR,256.0
bop_its6_det,SJ313,Services: scientific and other technical services,CRE,CN_X_HK,DE,2017,MIO_EUR,201.0
bop_its6_det,SJ313,Services: scientific and other technical services,CRE,CN_X_HK,DE,2018,MIO_EUR,178.0
bop_its6_det,SJ313,Services: scientific and other technical services,CRE,CN_X_HK,DE,2019,MIO_EUR,237.0
bop_its6_det,SJ313,Services: scientific and other technical services,CRE,CN_X_HK,DE,2021,MIO_EUR,218.0
bop_its6_det,SJ313,Services: scientific and other technical services,CRE,CN_X_HK,DE,2023,MIO_EUR,249.0
bop_its6_det,SJ313,Services: scientific and other technical services,CRE,CN_X_HK,DE,2024,MIO_EUR,263.0
bop_its6_det,SJ313,Services: scientific and other technical services,CRE,CN_X_HK,DK,2015,MIO_EUR,1.9
bop_its6_det,SJ313,Services: scientific and other technical services,CRE,CN_X_HK,DK,2016,MIO_EUR,2.0
bop_its6_det,SJ313,Services: scientific and other technical services,CRE,CN_X_HK,DK,2017,MIO_EUR,3.2
bop_its6_det,SJ313,Services: scientific and other technical services,CRE,CN_X_HK,DK,2018,MIO_EUR,7.0
bop_its6_det,SJ313,Services: scientific and other technical services,CRE,CN_X_HK,DK,2019,MIO_EUR,3.6
bop_its6_det,SJ313,Services: scientific and other technical services,CRE,CN_X_HK,DK,2020,MIO_EUR,4.2
bop_its6_det,SJ313,Services: scientific and other technical services,CRE,CN_X_HK,DK,2021,MIO_EUR,3.9
bop_its6_det,SJ313,Services: scientific and other technical services,CRE,CN_X_HK,DK,2022,MIO_EUR,5.2
bop_its6_det,SJ313,Services: scientific and other technical services,CRE,CN_X_HK,DK,2023,MIO_EUR,21.1
bop_its6_det,SJ313,Services: scientific and other technical services,CRE,CN_X_HK,DK,2024,MIO_EUR,7.8
bop_its6_det,SJ313,Services: scientific and other technical services,CRE,CN_X_HK,EL,2015,MIO_EUR,0.7
bop_its6_det,SJ313,Services: scientific and other technical services,CRE,CN_X_HK,EL,2016,MIO_EUR,0.5
bop_its6_det,SJ313,Services: scientific and other technical services,CRE,CN_X_HK,EL,2017,MIO_EUR,0.9
bop_its6_det,SJ313,Services: scientific and other technical services,CRE,CN_X_HK,EL,2018,MIO_EUR,1.7
bop_its6_det,SJ313,Services: scientific and other technical services,CRE,CN_X_HK,EL,2019,MIO_EUR,1.2
bop_its6_det,SJ313,Services: scientific and other technical services,CRE,CN_X_HK,EL,2020,MIO_EUR,0.8
bop_its6_det,SJ313,Services: scientific and other technical services,CRE,CN_X_HK,EL,2021,MIO_EUR,1.1
bop_its6_det,SJ313,Services: scientific and other technical services,CRE,CN_X_HK,EL,2022,MIO_EUR,1.9
bop_its6_det,SJ313,Services: scientific and other technical services,CRE,CN_X_HK,EL,2023,MIO_EUR,1.9
bop_its6_det,SJ313,Services: scientific and other technical services,CRE,CN_X_HK,EL,2024,MIO_EUR,2.4
bop_its6_det,SJ313,Services: scientific and other technical services,CRE,CN_X_HK,ES,2015,MIO_EUR,26.0
bop_its6_det,SJ313,Services: scientific and other technical services,CRE,CN_X_HK,ES,2016,MIO_EUR,31.0
bop_its6_det,SJ313,Services: scientific and other technical services,CRE,CN_X_HK,ES,2017,MIO_EUR,32.0
bop_its6_det,SJ313,Services: scientific and other technical services,CRE,CN_X_HK,ES,2018,MIO_EUR,36.0
bop_its6_det,SJ313,Services: scientific and other technical services,CRE,CN_X_HK,ES,2019,MIO_EUR,20.0
bop_its6_det,SJ313,Services: scientific and other technical services,CRE,CN_X_HK,ES,2020,MIO_EUR,50.0
bop_its6_det,SJ313,Services: scientific and other technical services,CRE,CN_X_HK,ES,2021,MIO_EUR,67.0
bop_its6_det,SJ313,Services: scientific and other technical services,CRE,CN_X_HK,ES,2022,MIO_EUR,59.0
bop_its6_det,SJ313,Services: scientific and other technical services,CRE,CN_X_HK,ES,2023,MIO_EUR,55.0
bop_its6_det,SJ313,Services: scientific and other technical services,CRE,CN_X_HK,ES,2024,MIO_EUR,43.0
bop_its6_det,SJ313,Services: scientific and other technical services,CRE,CN_X_HK,EU27_2020,2015,MIO_EUR,612.1
bop_its6_det,SJ313,Services: scientific and other technical services,CRE,CN_X_HK,EU27_2020,2016,MIO_EUR,515.5
bop_its6_det,SJ313,Services: scientific and other technical services,CRE,CN_X_HK,EU27_2020,2017,MIO_EUR,393.4
bop_its6_det,SJ313,Services: scientific and other technical services,CRE,CN_X_HK,EU27_2020,2018,MIO_EUR,303.6
bop_its6_det,SJ313,Services: scientific and other technical services,CRE,CN_X_HK,EU27_2020,2019,MIO_EUR,351.4
bop_its6_det,SJ313,Services: scientific and other technical services,CRE,CN_X_HK,EU27_2020,2020,MIO_EUR,377.8
bop_its6_det,SJ313,Services: scientific and other technical services,CRE,CN_X_HK,EU27_2020,2021,MIO_EUR,387.9
bop_its6_det,SJ313,Services: scientific and other technical services,CRE,CN_X_HK,EU27_2020,2022,MIO_EUR,386.4
bop_its6_det,SJ313,Services: scientific and other technical services,CRE,CN_X_HK,EU27_2020,2023,MIO_EUR,454.9
bop_its6_det,SJ313,Services: scientific and other technical services,CRE,CN_X_HK,EU27_2020,2024,MIO_EUR,434.7
bop_its6_det,SJ313,Services: scientific and other technical services,CRE,CN_X_HK,FI,2015,MIO_EUR,1.0
bop_its6_det,SJ313,Services: scientific and other technical services,CRE,CN_X_HK,FI,2016,MIO_EUR,1.0
bop_its6_det,SJ313,Services: scientific and other technical services,CRE,CN_X_HK,FI,2017,MIO_EUR,2.0
bop_its6_det,SJ313,Services: scientific and other technical services,CRE,CN_X_HK,FI,2018,MIO_EUR,3.0
bop_its6_det,SJ313,Services: scientific and other technical services,CRE,CN_X_HK,FI,2019,MIO_EUR,3.0
bop_its6_det,SJ313,Services: scientific and other technical services,CRE,CN_X_HK,FI,2020,MIO_EUR,2.0
bop_its6_det,SJ313,Services: scientific and other technical services,CRE,CN_X_HK,FI,2021,MIO_EUR,3.0
bop_its6_det,SJ313,Services: scientific and other technical services,CRE,CN_X_HK,FI,2022,MIO_EUR,3.0
bop_its6_det,SJ313,Services: scientific and other technical services,CRE,CN_X_HK,FI,2023,MIO_EUR,4.0
bop_its6_det,SJ313,Services: scientific and other technical services,CRE,CN_X_HK,FI,2024,MIO_EUR,6.0
bop_its6_det,SJ313,Services: scientific and other technical services,CRE,CN_X_HK,HU,2015,MIO_EUR,2.0
bop_its6_det,SJ313,Services: scientific and other technical services,CRE,CN_X_HK,HU,2016,MIO_EUR,2.8
bop_its6_det,SJ313,Services: scientific and other technical services,CRE,CN_X_HK,HU,2017,MIO_EUR,2.9
bop_its6_det,SJ313,Services: scientific and other technical services,CRE,CN_X_HK,HU,2018,MIO_EUR,3.4
bop_its6_det,SJ313,Services: scientific and other technical services,CRE,CN_X_HK,HU,2019,MIO_EUR,2.8
bop_its6_det,SJ313,Services: scientific and other technical services,CRE,CN_X_HK,HU,2020,MIO_EUR,4.2
bop_its6_det,SJ313,Services: scientific and other technical services,CRE,CN_X_HK,HU,2021,MIO_EUR,3.8
bop_its6_det,SJ313,Services: scientific and other technical services,CRE,CN_X_HK,HU,2022,MIO_EUR,3.5
bop_its6_det,SJ313,Services: scientific and other technical services,CRE,CN_X_HK,HU,2023,MIO_EUR,2.9
bop_its6_det,SJ313,Services: scientific and other technical services,CRE,CN_X_HK,HU,2024,MIO_EUR,3.6
bop_its6_det,SJ313,Services: scientific and other technical services,CRE,CN_X_HK,IE,2015,MIO_EUR,0.0
bop_its6_det,SJ313,Services: scientific and other technical services,CRE,CN_X_HK,IE,2016,MIO_EUR,0.0
bop_its6_det,SJ313,Services: scientific and other technical services,CRE,CN_X_HK,IE,2017,MIO_EUR,0.0
bop_its6_det,SJ313,Services: scientific and other technical services,CRE,CN_X_HK,IE,2018,MIO_EUR,0.0
bop_its6_det,SJ313,Services: scientific and other technical services,CRE,CN_X_HK,IE,2019,MIO_EUR,0.0
bop_its6_det,SJ313,Services: scientific and other technical services,CRE,CN_X_HK,IE,2020,MIO_EUR,0.0
bop_its6_det,SJ313,Services: scientific and other technical services,CRE,CN_X_HK,IE,2021,MIO_EUR,0.0
bop_its6_det,SJ313,Services: scientific and other technical services,CRE,CN_X_HK,IE,2022,MIO_EUR,0.0
bop_its6_det,SJ313,Services: scientific and other technical services,CRE,CN_X_HK,IE,2023,MIO_EUR,0.0
bop_its6_det,SJ313,Services: scientific and other technical services,CRE,CN_X_HK,IE,2024,MIO_EUR,0.0
bop_its6_det,SJ313,Services: scientific and other technical services,CRE,CN_X_HK,IT,2015,MIO_EUR,7.5
bop_its6_det,SJ313,Services: scientific and other technical services,CRE,CN_X_HK,IT,2016,MIO_EUR,12.8
bop_its6_det,SJ313,Services: scientific and other technical services,CRE,CN_X_HK,IT,2017,MIO_EUR,11.8
bop_its6_det,SJ313,Services: scientific and other technical services,CRE,CN_X_HK,IT,2018,MIO_EUR,12.7
bop_its6_det,SJ313,Services: scientific and other technical services,CRE,CN_X_HK,IT,2019,MIO_EUR,14.9
bop_its6_det,SJ313,Services: scientific and other technical services,CRE,CN_X_HK,IT,2020,MIO_EUR,16.2
bop_its6_det,SJ313,Services: scientific and other technical services,CRE,CN_X_HK,IT,2021,MIO_EUR,21.8
bop_its6_det,SJ313,Services: scientific and other technical services,CRE,CN_X_HK,IT,2022,MIO_EUR,21.7
bop_its6_det,SJ313,Services: scientific and other technical services,CRE,CN_X_HK,IT,2023,MIO_EUR,19.1
bop_its6_det,SJ313,Services: scientific and other technical services,CRE,CN_X_HK,IT,2024,MIO_EUR,8.6
bop_its6_det,SJ313,Services: scientific and other technical services,CRE,CN_X_HK,NL,2021,MIO_EUR,6.1
bop_its6_det,SJ313,Services: scientific and other technical services,CRE,CN_X_HK,PL,2015,MIO_EUR,1.2
bop_its6_det,SJ313,Services: scientific and other technical services,CRE,CN_X_HK,PL,2016,MIO_EUR,1.4
bop_its6_det,SJ313,Services: scientific and other technical services,CRE,CN_X_HK,PL,2017,MIO_EUR,1.6
bop_its6_det,SJ313,Services: scientific and other technical services,CRE,CN_X_HK,PL,2018,MIO_EUR,1.4
bop_its6_det,SJ313,Services: scientific and other technical services,CRE,CN_X_HK,PL,2019,MIO_EUR,2.6
bop_its6_det,SJ313,Services: scientific and other technical services,CRE,CN_X_HK,PL,2020,MIO_EUR,4.1
bop_its6_det,SJ313,Services: scientific and other technical services,CRE,CN_X_HK,PL,2021,MIO_EUR,3.1
bop_its6_det,SJ313,Services: scientific and other technical services,CRE,CN_X_HK,PL,2022,MIO_EUR,3.8
bop_its6_det,SJ313,Services: scientific and other technical services,CRE,CN_X_HK,PL,2023,MIO_EUR,4.6
bop_its6_det,SJ313,Services: scientific and other technical services,CRE,CN_X_HK,PL,2024,MIO_EUR,5.6
bop_its6_det,SJ313,Services: scientific and other technical services,CRE,CN_X_HK,PT,2015,MIO_EUR,2.0
bop_its6_det,SJ313,Services: scientific and other technical services,CRE,CN_X_HK,PT,2016,MIO_EUR,1.0
bop_its6_det,SJ313,Services: scientific and other technical services,CRE,CN_X_HK,PT,2017,MIO_EUR,2.0
bop_its6_det,SJ313,Services: scientific and other technical services,CRE,CN_X_HK,PT,2018,MIO_EUR,1.0
bop_its6_det,SJ313,Services: scientific and other technical services,CRE,CN_X_HK,PT,2019,MIO_EUR,2.0
bop_its6_det,SJ313,Services: scientific and other technical services,CRE,CN_X_HK,PT,2020,MIO_EUR,1.0
bop_its6_det,SJ313,Services: scientific and other technical services,CRE,CN_X_HK,PT,2021,MIO_EUR,1.0
bop_its6_det,SJ313,Services: scientific and other technical services,CRE,CN_X_HK,PT,2022,MIO_EUR,1.0
bop_its6_det,SJ313,Services: scientific and other technical services,CRE,CN_X_HK,PT,2023,MIO_EUR,3.0
bop_its6_det,SJ313,Services: scientific and other technical services,CRE,CN_X_HK,PT,2024,MIO_EUR,3.0
bop_its6_det,SJ313,Services: scientific and other technical services,CRE,CN_X_HK,RO,2015,MIO_EUR,2.9
bop_its6_det,SJ313,Services: scientific and other technical services,CRE,CN_X_HK,RO,2016,MIO_EUR,3.3
bop_its6_det,SJ313,Services: scientific and other technical services,CRE,CN_X_HK,RO,2017,MIO_EUR,3.3
bop_its6_det,SJ313,Services: scientific and other technical services,CRE,CN_X_HK,RO,2018,MIO_EUR,4.1
bop_its6_det,SJ313,Services: scientific and other technical services,CRE,CN_X_HK,RO,2019,MIO_EUR,3.2
bop_its6_det,SJ313,Services: scientific and other technical services,CRE,CN_X_HK,RO,2020,MIO_EUR,3.1
bop_its6_det,SJ313,Services: scientific and other technical services,CRE,CN_X_HK,RO,2021,MIO_EUR,5.5
bop_its6_det,SJ313,Services: scientific and other technical services,CRE,CN_X_HK,RO,2022,MIO_EUR,4.1
bop_its6_det,SJ313,Services: scientific and other technical services,CRE,CN_X_HK,RO,2023,MIO_EUR,5.3
bop_its6_det,SJ313,Services: scientific and other technical services,CRE,CN_X_HK,RO,2024,MIO_EUR,5.0
bop_its6_det,SJ313,Services: scientific and other technical services,CRE,CN_X_HK,SE,2015,MIO_EUR,0.2
bop_its6_det,SJ313,Services: scientific and other technical services,CRE,CN_X_HK,SE,2016,MIO_EUR,0.3
bop_its6_det,SJ313,Services: scientific and other technical services,CRE,CN_X_HK,SE,2017,MIO_EUR,0.9
bop_its6_det,SJ313,Services: scientific and other technical services,CRE,CN_X_HK,SE,2018,MIO_EUR,0.3
bop_its6_det,SJ313,Services: scientific and other technical services,CRE,CN_X_HK,SE,2019,MIO_EUR,1.1
bop_its6_det,SJ313,Services: scientific and other technical services,CRE,CN_X_HK,SE,2020,MIO_EUR,1.0
bop_its6_det,SJ313,Services: scientific and other technical services,CRE,CN_X_HK,SE,2021,MIO_EUR,1.9
bop_its6_det,SJ313,Services: scientific and other technical services,CRE,CN_X_HK,SE,2022,MIO_EUR,0.8
bop_its6_det,SJ313,Services: scientific and other technical services,CRE,CN_X_HK,SE,2023,MIO_EUR,5.0
bop_its6_det,SJ313,Services: scientific and other technical services,CRE,CN_X_HK,SE,2024,MIO_EUR,4.7
bop_its6_det,SJ3,"Services: technical, trade-related, and other business services",DEB,CN_X_HK,AT,2015,MIO_EUR,45.0
bop_its6_det,SJ3,"Services: technical, trade-related, and other business services",DEB,CN_X_HK,AT,2016,MIO_EUR,58.0
bop_its6_det,SJ3,"Services: technical, trade-related, and other business services",DEB,CN_X_HK,AT,2017,MIO_EUR,60.0
bop_its6_det,SJ3,"Services: technical, trade-related, and other business services",DEB,CN_X_HK,AT,2018,MIO_EUR,58.0
bop_its6_det,SJ3,"Services: technical, trade-related, and other business services",DEB,CN_X_HK,AT,2019,MIO_EUR,172.0
bop_its6_det,SJ3,"Services: technical, trade-related, and other business services",DEB,CN_X_HK,AT,2020,MIO_EUR,82.0
bop_its6_det,SJ3,"Services: technical, trade-related, and other business services",DEB,CN_X_HK,AT,2021,MIO_EUR,92.0
bop_its6_det,SJ3,"Services: technical, trade-related, and other business services",DEB,CN_X_HK,AT,2022,MIO_EUR,99.0
bop_its6_det,SJ3,"Services: technical, trade-related, and other business services",DEB,CN_X_HK,AT,2023,MIO_EUR,132.0
bop_its6_det,SJ3,"Services: technical, trade-related, and other business services",DEB,CN_X_HK,AT,2024,MIO_EUR,99.0
bop_its6_det,SJ3,"Services: technical, trade-related, and other business services",DEB,CN_X_HK,BE,2015,MIO_EUR,35.0
bop_its6_det,SJ3,"Services: technical, trade-related, and other business services",DEB,CN_X_HK,BE,2016,MIO_EUR,46.0
bop_its6_det,SJ3,"Services: technical, trade-related, and other business services",DEB,CN_X_HK,BE,2017,MIO_EUR,52.0
bop_its6_det,SJ3,"Services: technical, trade-related, and other business services",DEB,CN_X_HK,BE,2018,MIO_EUR,65.0
bop_its6_det,SJ3,"Services: technical, trade-related, and other business services",DEB,CN_X_HK,BE,2019,MIO_EUR,36.0
bop_its6_det,SJ3,"Services: technical, trade-related, and other business services",DEB,CN_X_HK,BE,2020,MIO_EUR,37.0
bop_its6_det,SJ3,"Services: technical, trade-related, and other business services",DEB,CN_X_HK,BE,2021,MIO_EUR,60.0
bop_its6_det,SJ3,"Services: technical, trade-related, and other business services",DEB,CN_X_HK,BE,2022,MIO_EUR,77.0
bop_its6_det,SJ3,"Services: technical, trade-related, and other business services",DEB,CN_X_HK,BE,2023,MIO_EUR,60.0
bop_its6_det,SJ3,"Services: technical, trade-related, and other business services",DEB,CN_X_HK,BE,2024,MIO_EUR,58.0
bop_its6_det,SJ3,"Services: technical, trade-related, and other business services",DEB,CN_X_HK,CZ,2015,MIO_EUR,14.0
bop_its6_det,SJ3,"Services: technical, trade-related, and other business services",DEB,CN_X_HK,CZ,2016,MIO_EUR,15.5
bop_its6_det,SJ3,"Services: technical, trade-related, and other business services",DEB,CN_X_HK,CZ,2017,MIO_EUR,21.0
bop_its6_det,SJ3,"Services: technical, trade-related, and other business services",DEB,CN_X_HK,CZ,2018,MIO_EUR,40.9
bop_its6_det,SJ3,"Services: technical, trade-related, and other business services",DEB,CN_X_HK,CZ,2019,MIO_EUR,37.8
bop_its6_det,SJ3,"Services: technical, trade-related, and other business services",DEB,CN_X_HK,CZ,2020,MIO_EUR,24.1
bop_its6_det,SJ3,"Services: technical, trade-related, and other business services",DEB,CN_X_HK,CZ,2021,MIO_EUR,25.9
bop_its6_det,SJ3,"Services: technical, trade-related, and other business services",DEB,CN_X_HK,CZ,2022,MIO_EUR,56.3
bop_its6_det,SJ3,"Services: technical, trade-related, and other business services",DEB,CN_X_HK,CZ,2023,MIO_EUR,20.2
bop_its6_det,SJ3,"Services: technical, trade-related, and other business services",DEB,CN_X_HK,CZ,2024,MIO_EUR,16.8
bop_its6_det,SJ3,"Services: technical, trade-related, and other business services",DEB,CN_X_HK,DE,2015,MIO_EUR,1336.0
bop_its6_det,SJ3,"Services: technical, trade-related, and other business services",DEB,CN_X_HK,DE,2016,MIO_EUR,1217.0
bop_its6_det,SJ3,"Services: technical, trade-related, and other business services",DEB,CN_X_HK,DE,2017,MIO_EUR,1149.0
bop_its6_det,SJ3,"Services: technical, trade-related, and other business services",DEB,CN_X_HK,DE,2018,MIO_EUR,1256.0
bop_its6_det,SJ3,"Services: technical, trade-related, and other business services",DEB,CN_X_HK,DE,2019,MIO_EUR,1350.0
bop_its6_det,SJ3,"Services: technical, trade-related, and other business services",DEB,CN_X_HK,DE,2020,MIO_EUR,1194.0
bop_its6_det,SJ3,"Services: technical, trade-related, and other business services",DEB,CN_X_HK,DE,2021,MIO_EUR,1369.0
bop_its6_det,SJ3,"Services: technical, trade-related, and other business services",DEB,CN_X_HK,DE,2022,MIO_EUR,1611.0
bop_its6_det,SJ3,"Services: technical, trade-related, and other business services",DEB,CN_X_HK,DE,2023,MIO_EUR,1602.0
bop_its6_det,SJ3,"Services: technical, trade-related, and other business services",DEB,CN_X_HK,DK,2015,MIO_EUR,93.0
bop_its6_det,SJ3,"Services: technical, trade-related, and other business services",DEB,CN_X_HK,DK,2016,MIO_EUR,80.3
bop_its6_det,SJ3,"Services: technical, trade-related, and other business services",DEB,CN_X_HK,DK,2017,MIO_EUR,55.7
bop_its6_det,SJ3,"Services: technical, trade-related, and other business services",DEB,CN_X_HK,DK,2018,MIO_EUR,43.5
bop_its6_det,SJ3,"Services: technical, trade-related, and other business services",DEB,CN_X_HK,DK,2019,MIO_EUR,83.6
bop_its6_det,SJ3,"Services: technical, trade-related, and other business services",DEB,CN_X_HK,DK,2020,MIO_EUR,80.8
bop_its6_det,SJ3,"Services: technical, trade-related, and other business services",DEB,CN_X_HK,DK,2021,MIO_EUR,74.6
bop_its6_det,SJ3,"Services: technical, trade-related, and other business services",DEB,CN_X_HK,DK,2022,MIO_EUR,69.2
bop_its6_det,SJ3,"Services: technical, trade-related, and other business services",DEB,CN_X_HK,DK,2023,MIO_EUR,78.4
bop_its6_det,SJ3,"Services: technical, trade-related, and other business services",DEB,CN_X_HK,DK,2024,MIO_EUR,104.8
bop_its6_det,SJ3,"Services: technical, trade-related, and other business services",DEB,CN_X_HK,EL,2015,MIO_EUR,1.0
bop_its6_det,SJ3,"Services: technical, trade-related, and other business services",DEB,CN_X_HK,EL,2016,MIO_EUR,1.4
bop_its6_det,SJ3,"Services: technical, trade-related, and other business services",DEB,CN_X_HK,EL,2017,MIO_EUR,2.2
bop_its6_det,SJ3,"Services: technical, trade-related, and other business services",DEB,CN_X_HK,EL,2018,MIO_EUR,6.9
bop_its6_det,SJ3,"Services: technical, trade-related, and other business services",DEB,CN_X_HK,EL,2019,MIO_EUR,4.1
bop_its6_det,SJ3,"Services: technical, trade-related, and other business services",DEB,CN_X_HK,EL,2020,MIO_EUR,4.0
bop_its6_det,SJ3,"Services: technical, trade-related, and other business services",DEB,CN_X_HK,EL,2021,MIO_EUR,8.6
bop_its6_det,SJ3,"Services: technical, trade-related, and other business services",DEB,CN_X_HK,EL,2022,MIO_EUR,16.5
bop_its6_det,SJ3,"Services: technical, trade-related, and other business services",DEB,CN_X_HK,EL,2023,MIO_EUR,14.9
bop_its6_det,SJ3,"Services: technical, trade-related, and other business services",DEB,CN_X_HK,EL,2024,MIO_EUR,18.2
bop_its6_det,SJ3,"Services: technical, trade-related, and other business services",DEB,CN_X_HK,ES,2015,MIO_EUR,65.0
bop_its6_det,SJ3,"Services: technical, trade-related, and other business services",DEB,CN_X_HK,ES,2016,MIO_EUR,93.0
bop_its6_det,SJ3,"Services: technical, trade-related, and other business services",DEB,CN_X_HK,ES,2017,MIO_EUR,91.0
bop_its6_det,SJ3,"Services: technical, trade-related, and other business services",DEB,CN_X_HK,ES,2018,MIO_EUR,90.0
bop_its6_det,SJ3,"Services: technical, trade-related, and other business services",DEB,CN_X_HK,ES,2019,MIO_EUR,80.0
bop_its6_det,SJ3,"Services: technical, trade-related, and other business services",DEB,CN_X_HK,ES,2020,MIO_EUR,234.0
bop_its6_det,SJ3,"Services: technical, trade-related, and other business services",DEB,CN_X_HK,ES,2021,MIO_EUR,217.0
bop_its6_det,SJ3,"Services: technical, trade-related, and other business services",DEB,CN_X_HK,ES,2022,MIO_EUR,239.0
bop_its6_det,SJ3,"Services: technical, trade-related, and other business services",DEB,CN_X_HK,ES,2023,MIO_EUR,113.0
bop_its6_det,SJ3,"Services: technical, trade-related, and other business services",DEB,CN_X_HK,ES,2024,MIO_EUR,203.0
bop_its6_det,SJ3,"Services: technical, trade-related, and other business services",DEB,CN_X_HK,EU27_2020,2015,MIO_EUR,6192.1
bop_its6_det,SJ3,"Services: technical, trade-related, and other business services",DEB,CN_X_HK,EU27_2020,2016,MIO_EUR,6784.6
bop_its6_det,SJ3,"Services: technical, trade-related, and other business services",DEB,CN_X_HK,EU27_2020,2017,MIO_EUR,4609.5
bop_its6_det,SJ3,"Services: technical, trade-related, and other business services",DEB,CN_X_HK,EU27_2020,2018,MIO_EUR,4372.7
bop_its6_det,SJ3,"Services: technical, trade-related, and other business services",DEB,CN_X_HK,EU27_2020,2019,MIO_EUR,4049.6
bop_its6_det,SJ3,"Services: technical, trade-related, and other business services",DEB,CN_X_HK,EU27_2020,2020,MIO_EUR,3934.0
bop_its6_det,SJ3,"Services: technical, trade-related, and other business services",DEB,CN_X_HK,EU27_2020,2021,MIO_EUR,4333.4
bop_its6_det,SJ3,"Services: technical, trade-related, and other business services",DEB,CN_X_HK,EU27_2020,2022,MIO_EUR,5126.7
bop_its6_det,SJ3,"Services: technical, trade-related, and other business services",DEB,CN_X_HK,EU27_2020,2023,MIO_EUR,5249.7
bop_its6_det,SJ3,"Services: technical, trade-related, and other business services",DEB,CN_X_HK,EU27_2020,2024,MIO_EUR,5544.4
bop_its6_det,SJ3,"Services: technical, trade-related, and other business services",DEB,CN_X_HK,FI,2015,MIO_EUR,174.0
bop_its6_det,SJ3,"Services: technical, trade-related, and other business services",DEB,CN_X_HK,FI,2016,MIO_EUR,115.0
bop_its6_det,SJ3,"Services: technical, trade-related, and other business services",DEB,CN_X_HK,FI,2017,MIO_EUR,130.0
bop_its6_det,SJ3,"Services: technical, trade-related, and other business services",DEB,CN_X_HK,FR,2015,MIO_EUR,2291.0
bop_its6_det,SJ3,"Services: technical, trade-related, and other business services",DEB,CN_X_HK,FR,2016,MIO_EUR,3078.0
bop_its6_det,SJ3,"Services: technical, trade-related, and other business services",DEB,CN_X_HK,FR,2017,MIO_EUR,674.0
bop_its6_det,SJ3,"Services: technical, trade-related, and other business services",DEB,CN_X_HK,FR,2018,MIO_EUR,474.0
bop_its6_det,SJ3,"Services: technical, trade-related, and other business services",DEB,CN_X_HK,FR,2019,MIO_EUR,574.0
bop_its6_det,SJ3,"Services: technical, trade-related, and other business services",DEB,CN_X_HK,FR,2020,MIO_EUR,589.0
bop_its6_det,SJ3,"Services: technical, trade-related, and other business services",DEB,CN_X_HK,FR,2021,MIO_EUR,777.0
bop_its6_det,SJ3,"Services: technical, trade-related, and other business services",DEB,CN_X_HK,FR,2022,MIO_EUR,752.0
bop_its6_det,SJ3,"Services: technical, trade-related, and other business services",DEB,CN_X_HK,FR,2023,MIO_EUR,888.0
bop_its6_det,SJ3,"Services: technical, trade-related, and other business services",DEB,CN_X_HK,FR,2024,MIO_EUR,954.0
bop_its6_det,SJ3,"Services: technical, trade-related, and other business services",DEB,CN_X_HK,HU,2015,MIO_EUR,11.3
bop_its6_det,SJ3,"Services: technical, trade-related, and other business services",DEB,CN_X_HK,HU,2016,MIO_EUR,12.8
bop_its6_det,SJ3,"Services: technical, trade-related, and other business services",DEB,CN_X_HK,HU,2017,MIO_EUR,19.9
bop_its6_det,SJ3,"Services: technical, trade-related, and other business services",DEB,CN_X_HK,HU,2018,MIO_EUR,16.4
bop_its6_det,SJ3,"Services: technical, trade-related, and other business services",DEB,CN_X_HK,HU,2019,MIO_EUR,21.0
bop_its6_det,SJ3,"Services: technical, trade-related, and other business services",DEB,CN_X_HK,HU,2020,MIO_EUR,4.9
bop_its6_det,SJ3,"Services: technical, trade-related, and other business services",DEB,CN_X_HK,HU,2021,MIO_EUR,9.8
bop_its6_det,SJ3,"Services: technical, trade-related, and other business services",DEB,CN_X_HK,HU,2022,MIO_EUR,10.3
bop_its6_det,SJ3,"Services: technical, trade-related, and other business services",DEB,CN_X_HK,HU,2023,MIO_EUR,14.2
bop_its6_det,SJ3,"Services: technical, trade-related, and other business services",DEB,CN_X_HK,HU,2024,MIO_EUR,14.7
bop_its6_det,SJ3,"Services: technical, trade-related, and other business services",DEB,CN_X_HK,IE,2015,MIO_EUR,287.0
bop_its6_det,SJ3,"Services: technical, trade-related, and other business services",DEB,CN_X_HK,IE,2016,MIO_EUR,193.0
bop_its6_det,SJ3,"Services: technical, trade-related, and other business services",DEB,CN_X_HK,IE,2017,MIO_EUR,236.0
bop_its6_det,SJ3,"Services: technical, trade-related, and other business services",DEB,CN_X_HK,IE,2018,MIO_EUR,204.0
bop_its6_det,SJ3,"Services: technical, trade-related, and other business services",DEB,CN_X_HK,IE,2019,MIO_EUR,209.0
bop_its6_det,SJ3,"Services: technical, trade-related, and other business services",DEB,CN_X_HK,IE,2020,MIO_EUR,204.0
bop_its6_det,SJ3,"Services: technical, trade-related, and other business services",DEB,CN_X_HK,IE,2021,MIO_EUR,176.0
bop_its6_det,SJ3,"Services: technical, trade-related, and other business services",DEB,CN_X_HK,IE,2022,MIO_EUR,144.0
bop_its6_det,SJ3,"Services: technical, trade-related, and other business services",DEB,CN_X_HK,IE,2023,MIO_EUR,241.0
bop_its6_det,SJ3,"Services: technical, trade-related, and other business services",DEB,CN_X_HK,IE,2024,MIO_EUR,110.0
bop_its6_det,SJ3,"Services: technical, trade-related, and other business services",DEB,CN_X_HK,IT,2015,MIO_EUR,201.5
bop_its6_det,SJ3,"Services: technical, trade-related, and other business services",DEB,CN_X_HK,IT,2016,MIO_EUR,192.3
bop_its6_det,SJ3,"Services: technical, trade-related, and other business services",DEB,CN_X_HK,IT,2017,MIO_EUR,277.3
bop_its6_det,SJ3,"Services: technical, trade-related, and other business services",DEB,CN_X_HK,IT,2018,MIO_EUR,264.8
bop_its6_det,SJ3,"Services: technical, trade-related, and other business services",DEB,CN_X_HK,IT,2019,MIO_EUR,204.8
bop_its6_det,SJ3,"Services: technical, trade-related, and other business services",DEB,CN_X_HK,IT,2020,MIO_EUR,258.1
bop_its6_det,SJ3,"Services: technical, trade-related, and other business services",DEB,CN_X_HK,IT,2021,MIO_EUR,316.9
bop_its6_det,SJ3,"Services: technical, trade-related, and other business services",DEB,CN_X_HK,IT,2022,MIO_EUR,293.3
bop_its6_det,SJ3,"Services: technical, trade-related, and other business services",DEB,CN_X_HK,IT,2023,MIO_EUR,423.0
bop_its6_det,SJ3,"Services: technical, trade-related, and other business services",DEB,CN_X_HK,IT,2024,MIO_EUR,527.4
bop_its6_det,SJ3,"Services: technical, trade-related, and other business services",DEB,CN_X_HK,NL,2015,MIO_EUR,1417.4
bop_its6_det,SJ3,"Services: technical, trade-related, and other business services",DEB,CN_X_HK,NL,2016,MIO_EUR,1482.4
bop_its6_det,SJ3,"Services: technical, trade-related, and other business services",DEB,CN_X_HK,NL,2017,MIO_EUR,1643.4
bop_its6_det,SJ3,"Services: technical, trade-related, and other business services",DEB,CN_X_HK,NL,2018,MIO_EUR,1417.9
bop_its6_det,SJ3,"Services: technical, trade-related, and other business services",DEB,CN_X_HK,NL,2020,MIO_EUR,641.1
bop_its6_det,SJ3,"Services: technical, trade-related, and other business services",DEB,CN_X_HK,NL,2021,MIO_EUR,483.9
bop_its6_det,SJ3,"Services: technical, trade-related, and other business services",DEB,CN_X_HK,NL,2022,MIO_EUR,737.9
bop_its6_det,SJ3,"Services: technical, trade-related, and other business services",DEB,CN_X_HK,NL,2023,MIO_EUR,576.3
bop_its6_det,SJ3,"Services: technical, trade-related, and other business services",DEB,CN_X_HK,NL,2024,MIO_EUR,717.9
bop_its6_det,SJ3,"Services: technical, trade-related, and other business services",DEB,CN_X_HK,PL,2015,MIO_EUR,22.2
bop_its6_det,SJ3,"Services: technical, trade-related, and other business services",DEB,CN_X_HK,PL,2016,MIO_EUR,30.5
bop_its6_det,SJ3,"Services: technical, trade-related, and other business services",DEB,CN_X_HK,PL,2017,MIO_EUR,37.1
bop_its6_det,SJ3,"Services: technical, trade-related, and other business services",DEB,CN_X_HK,PL,2018,MIO_EUR,59.6
bop_its6_det,SJ3,"Services: technical, trade-related, and other business services",DEB,CN_X_HK,PL,2019,MIO_EUR,87.0
bop_its6_det,SJ3,"Services: technical, trade-related, and other business services",DEB,CN_X_HK,PL,2020,MIO_EUR,92.7
bop_its6_det,SJ3,"Services: technical, trade-related, and other business services",DEB,CN_X_HK,PL,2021,MIO_EUR,104.3
bop_its6_det,SJ3,"Services: technical, trade-related, and other business services",DEB,CN_X_HK,PL,2022,MIO_EUR,89.4
bop_its6_det,SJ3,"Services: technical, trade-related, and other business services",DEB,CN_X_HK,PL,2023,MIO_EUR,89.8
bop_its6_det,SJ3,"Services: technical, trade-related, and other business services",DEB,CN_X_HK,PL,2024,MIO_EUR,66.9
bop_its6_det,SJ3,"Services: technical, trade-related, and other business services",DEB,CN_X_HK,PT,2015,MIO_EUR,4.0
bop_its6_det,SJ3,"Services: technical, trade-related, and other business services",DEB,CN_X_HK,PT,2016,MIO_EUR,8.0
bop_its6_det,SJ3,"Services: technical, trade-related, and other business services",DEB,CN_X_HK,PT,2017,MIO_EUR,11.0
bop_its6_det,SJ3,"Services: technical, trade-related, and other business services",DEB,CN_X_HK,PT,2018,MIO_EUR,8.0
bop_its6_det,SJ3,"Services: technical, trade-related, and other business services",DEB,CN_X_HK,PT,2019,MIO_EUR,21.0
bop_its6_det,SJ3,"Services: technical, trade-related, and other business services",DEB,CN_X_HK,PT,2020,MIO_EUR,20.0
bop_its6_det,SJ3,"Services: technical, trade-related, and other business services",DEB,CN_X_HK,PT,2021,MIO_EUR,13.0
bop_its6_det,SJ3,"Services: technical, trade-related, and other business services",DEB,CN_X_HK,PT,2022,MIO_EUR,15.0
bop_its6_det,SJ3,"Services: technical, trade-related, and other business services",DEB,CN_X_HK,PT,2023,MIO_EUR,23.0
bop_its6_det,SJ3,"Services: technical, trade-related, and other business services",DEB,CN_X_HK,PT,2024,MIO_EUR,23.0
bop_its6_det,SJ3,"Services: technical, trade-related, and other business services",DEB,CN_X_HK,RO,2015,MIO_EUR,6.3
bop_its6_det,SJ3,"Services: technical, trade-related, and other business services",DEB,CN_X_HK,RO,2016,MIO_EUR,1.6
bop_its6_det,SJ3,"Services: technical, trade-related, and other business services",DEB,CN_X_HK,RO,2017,MIO_EUR,3.1
bop_its6_det,SJ3,"Services: technical, trade-related, and other business services",DEB,CN_X_HK,RO,2018,MIO_EUR,4.3
bop_its6_det,SJ3,"Services: technical, trade-related, and other business services",DEB,CN_X_HK,RO,2019,MIO_EUR,11.8
bop_its6_det,SJ3,"Services: technical, trade-related, and other business services",DEB,CN_X_HK,RO,2020,MIO_EUR,13.6
bop_its6_det,SJ3,"Services: technical, trade-related, and other business services",DEB,CN_X_HK,RO,2021,MIO_EUR,14.2
bop_its6_det,SJ3,"Services: technical, trade-related, and other business services",DEB,CN_X_HK,RO,2022,MIO_EUR,15.8
bop_its6_det,SJ3,"Services: technical, trade-related, and other business services",DEB,CN_X_HK,RO,2023,MIO_EUR,14.6
bop_its6_det,SJ3,"Services: technical, trade-related, and other business services",DEB,CN_X_HK,RO,2024,MIO_EUR,14.5
bop_its6_det,SJ3,"Services: technical, trade-related, and other business services",DEB,CN_X_HK,SE,2015,MIO_EUR,159.1
bop_its6_det,SJ3,"Services: technical, trade-related, and other business services",DEB,CN_X_HK,SE,2016,MIO_EUR,138.8
bop_its6_det,SJ3,"Services: technical, trade-related, and other business services",DEB,CN_X_HK,SE,2017,MIO_EUR,130.6
bop_its6_det,SJ3,"Services: technical, trade-related, and other business services",DEB,CN_X_HK,SE,2018,MIO_EUR,139.8
bop_its6_det,SJ3,"Services: technical, trade-related, and other business services",DEB,CN_X_HK,SE,2019,MIO_EUR,88.5
bop_its6_det,SJ3,"Services: technical, trade-related, and other business services",DEB,CN_X_HK,SE,2020,MIO_EUR,175.2
bop_its6_det,SJ3,"Services: technical, trade-related, and other business services",DEB,CN_X_HK,SE,2021,MIO_EUR,266.5
bop_its6_det,SJ3,"Services: technical, trade-related, and other business services",DEB,CN_X_HK,SE,2022,MIO_EUR,520.5
bop_its6_det,SJ3,"Services: technical, trade-related, and other business services",DEB,CN_X_HK,SE,2023,MIO_EUR,645.2
bop_its6_det,SJ3,"Services: technical, trade-related, and other business services",DEB,CN_X_HK,SE,2024,MIO_EUR,661.2
bop_its6_det,SJ3,"Services: technical, trade-related, and other business services",DEB,CN_X_HK,UK,2016,MIO_EUR,491.8
bop_its6_det,SJ3,"Services: technical, trade-related, and other business services",DEB,CN_X_HK,UK,2017,MIO_EUR,230.4
bop_its6_det,SJ3,"Services: technical, trade-related, and other business services",DEB,CN_X_HK,UK,2018,MIO_EUR,375.3
bop_its6_det,SJ3,"Services: technical, trade-related, and other business services",DEB,CN_X_HK,UK,2019,MIO_EUR,494.4
bop_its6_det,SJ3,"Services: technical, trade-related, and other business services",CRE,CN_X_HK,AT,2015,MIO_EUR,194.0
bop_its6_det,SJ3,"Services: technical, trade-related, and other business services",CRE,CN_X_HK,AT,2016,MIO_EUR,243.0
bop_its6_det,SJ3,"Services: technical, trade-related, and other business services",CRE,CN_X_HK,AT,2017,MIO_EUR,163.0
bop_its6_det,SJ3,"Services: technical, trade-related, and other business services",CRE,CN_X_HK,AT,2018,MIO_EUR,206.0
bop_its6_det,SJ3,"Services: technical, trade-related, and other business services",CRE,CN_X_HK,AT,2019,MIO_EUR,190.0
bop_its6_det,SJ3,"Services: technical, trade-related, and other business services",CRE,CN_X_HK,AT,2020,MIO_EUR,213.0
bop_its6_det,SJ3,"Services: technical, trade-related, and other business services",CRE,CN_X_HK,AT,2021,MIO_EUR,339.0
bop_its6_det,SJ3,"Services: technical, trade-related, and other business services",CRE,CN_X_HK,AT,2022,MIO_EUR,303.0
bop_its6_det,SJ3,"Services: technical, trade-related, and other business services",CRE,CN_X_HK,AT,2023,MIO_EUR,184.0
bop_its6_det,SJ3,"Services: technical, trade-related, and other business services",CRE,CN_X_HK,AT,2024,MIO_EUR,187.0
bop_its6_det,SJ3,"Services: technical, trade-related, and other business services",CRE,CN_X_HK,BE,2015,MIO_EUR,27.0
bop_its6_det,SJ3,"Services: technical, trade-related, and other business services",CRE,CN_X_HK,BE,2016,MIO_EUR,20.0
bop_its6_det,SJ3,"Services: technical, trade-related, and other business services",CRE,CN_X_HK,BE,2017,MIO_EUR,47.0
bop_its6_det,SJ3,"Services: technical, trade-related, and other business services",CRE,CN_X_HK,BE,2018,MIO_EUR,56.0
bop_its6_det,SJ3,"Services: technical, trade-related, and other business services",CRE,CN_X_HK,BE,2019,MIO_EUR,43.0
bop_its6_det,SJ3,"Services: technical, trade-related, and other business services",CRE,CN_X_HK,BE,2020,MIO_EUR,83.0
bop_its6_det,SJ3,"Services: technical, trade-related, and other business services",CRE,CN_X_HK,BE,2021,MIO_EUR,37.0
bop_its6_det,SJ3,"Services: technical, trade-related, and other business services",CRE,CN_X_HK,BE,2022,MIO_EUR,64.0
bop_its6_det,SJ3,"Services: technical, trade-related, and other business services",CRE,CN_X_HK,BE,2023,MIO_EUR,110.0
bop_its6_det,SJ3,"Services: technical, trade-related, and other business services",CRE,CN_X_HK,BE,2024,MIO_EUR,96.0
bop_its6_det,SJ3,"Services: technical, trade-related, and other business services",CRE,CN_X_HK,CZ,2015,MIO_EUR,7.8
bop_its6_det,SJ3,"Services: technical, trade-related, and other business services",CRE,CN_X_HK,CZ,2016,MIO_EUR,8.8
bop_its6_det,SJ3,"Services: technical, trade-related, and other business services",CRE,CN_X_HK,CZ,2017,MIO_EUR,8.7
bop_its6_det,SJ3,"Services: technical, trade-related, and other business services",CRE,CN_X_HK,CZ,2018,MIO_EUR,13.2
bop_its6_det,SJ3,"Services: technical, trade-related, and other business services",CRE,CN_X_HK,CZ,2019,MIO_EUR,18.4
bop_its6_det,SJ3,"Services: technical, trade-related, and other business services",CRE,CN_X_HK,CZ,2020,MIO_EUR,14.1
bop_its6_det,SJ3,"Services: technical, trade-related, and other business services",CRE,CN_X_HK,CZ,2021,MIO_EUR,12.8
bop_its6_det,SJ3,"Services: technical, trade-related, and other business services",CRE,CN_X_HK,CZ,2022,MIO_EUR,18.3
bop_its6_det,SJ3,"Services: technical, trade-related, and other business services",CRE,CN_X_HK,CZ,2023,MIO_EUR,16.0
bop_its6_det,SJ3,"Services: technical, trade-related, and other business services",CRE,CN_X_HK,CZ,2024,MIO_EUR,14.3
bop_its6_det,SJ3,"Services: technical, trade-related, and other business services",CRE,CN_X_HK,DE,2015,MIO_EUR,1829.0
bop_its6_det,SJ3,"Services: technical, trade-related, and other business services",CRE,CN_X_HK,DE,2016,MIO_EUR,1734.0
bop_its6_det,SJ3,"Services: technical, trade-related, and other business services",CRE,CN_X_HK,DE,2017,MIO_EUR,1964.0
bop_its6_det,SJ3,"Services: technical, trade-related, and other business services",CRE,CN_X_HK,DE,2018,MIO_EUR,2203.0
bop_its6_det,SJ3,"Services: technical, trade-related, and other business services",CRE,CN_X_HK,DE,2019,MIO_EUR,2257.0
bop_its6_det,SJ3,"Services: technical, trade-related, and other business services",CRE,CN_X_HK,DE,2020,MIO_EUR,2210.0
bop_its6_det,SJ3,"Services: technical, trade-related, and other business services",CRE,CN_X_HK,DE,2021,MIO_EUR,2256.0
bop_its6_det,SJ3,"Services: technical, trade-related, and other business services",CRE,CN_X_HK,DE,2022,MIO_EUR,2346.0
bop_its6_det,SJ3,"Services: technical, trade-related, and other business services",CRE,CN_X_HK,DE,2023,MIO_EUR,2373.0
bop_its6_det,SJ3,"Services: technical, trade-related, and other business services",CRE,CN_X_HK,DK,2015,MIO_EUR,66.5
bop_its6_det,SJ3,"Services: technical, trade-related, and other business services",CRE,CN_X_HK,DK,2016,MIO_EUR,97.2
bop_its6_det,SJ3,"Services: technical, trade-related, and other business services",CRE,CN_X_HK,DK,2017,MIO_EUR,177.5
bop_its6_det,SJ3,"Services: technical, trade-related, and other business services",CRE,CN_X_HK,DK,2018,MIO_EUR,153.9
bop_its6_det,SJ3,"Services: technical, trade-related, and other business services",CRE,CN_X_HK,DK,2019,MIO_EUR,103.0
bop_its6_det,SJ3,"Services: technical, trade-related, and other business services",CRE,CN_X_HK,DK,2020,MIO_EUR,73.6
bop_its6_det,SJ3,"Services: technical, trade-related, and other business services",CRE,CN_X_HK,DK,2021,MIO_EUR,65.6
bop_its6_det,SJ3,"Services: technical, trade-related, and other business services",CRE,CN_X_HK,DK,2022,MIO_EUR,49.9
bop_its6_det,SJ3,"Services: technical, trade-related, and other business services",CRE,CN_X_HK,DK,2023,MIO_EUR,69.4
bop_its6_det,SJ3,"Services: technical, trade-related, and other business services",CRE,CN_X_HK,DK,2024,MIO_EUR,83.4
bop_its6_det,SJ3,"Services: technical, trade-related, and other business services",CRE,CN_X_HK,EL,2015,MIO_EUR,3.3
bop_its6_det,SJ3,"Services: technical, trade-related, and other business services",CRE,CN_X_HK,EL,2016,MIO_EUR,3.4
bop_its6_det,SJ3,"Services: technical, trade-related, and other business services",CRE,CN_X_HK,EL,2017,MIO_EUR,4.7
bop_its6_det,SJ3,"Services: technical, trade-related, and other business services",CRE,CN_X_HK,EL,2018,MIO_EUR,6.7
bop_its6_det,SJ3,"Services: technical, trade-related, and other business services",CRE,CN_X_HK,EL,2019,MIO_EUR,5.9
bop_its6_det,SJ3,"Services: technical, trade-related, and other business services",CRE,CN_X_HK,EL,2020,MIO_EUR,5.6
bop_its6_det,SJ3,"Services: technical, trade-related, and other business services",CRE,CN_X_HK,EL,2021,MIO_EUR,5.1
bop_its6_det,SJ3,"Services: technical, trade-related, and other business services",CRE,CN_X_HK,EL,2022,MIO_EUR,7.1
bop_its6_det,SJ3,"Services: technical, trade-related, and other business services",CRE,CN_X_HK,EL,2023,MIO_EUR,6.3
bop_its6_det,SJ3,"Services: technical, trade-related, and other business services",CRE,CN_X_HK,EL,2024,MIO_EUR,7.0
bop_its6_det,SJ3,"Services: technical, trade-related, and other business services",CRE,CN_X_HK,ES,2015,MIO_EUR,133.0
bop_its6_det,SJ3,"Services: technical, trade-related, and other business services",CRE,CN_X_HK,ES,2016,MIO_EUR,147.0
bop_its6_det,SJ3,"Services: technical, trade-related, and other business services",CRE,CN_X_HK,ES,2017,MIO_EUR,119.0
bop_its6_det,SJ3,"Services: technical, trade-related, and other business services",CRE,CN_X_HK,ES,2018,MIO_EUR,113.0
bop_its6_det,SJ3,"Services: technical, trade-related, and other business services",CRE,CN_X_HK,ES,2019,MIO_EUR,123.0
bop_its6_det,SJ3,"Services: technical, trade-related, and other business services",CRE,CN_X_HK,ES,2020,MIO_EUR,176.0
bop_its6_det,SJ3,"Services: technical, trade-related, and other business services",CRE,CN_X_HK,ES,2021,MIO_EUR,234.0
bop_its6_det,SJ3,"Services: technical, trade-related, and other business services",CRE,CN_X_HK,ES,2022,MIO_EUR,190.0
bop_its6_det,SJ3,"Services: technical, trade-related, and other business services",CRE,CN_X_HK,ES,2023,MIO_EUR,185.0
bop_its6_det,SJ3,"Services: technical, trade-related, and other business services",CRE,CN_X_HK,ES,2024,MIO_EUR,159.0
bop_its6_det,SJ3,"Services: technical, trade-related, and other business services",CRE,CN_X_HK,EU27_2020,2015,MIO_EUR,6454.6
bop_its6_det,SJ3,"Services: technical, trade-related, and other business services",CRE,CN_X_HK,EU27_2020,2016,MIO_EUR,6586.2
bop_its6_det,SJ3,"Services: technical, trade-related, and other business services",CRE,CN_X_HK,EU27_2020,2017,MIO_EUR,5653.7
bop_its6_det,SJ3,"Services: technical, trade-related, and other business services",CRE,CN_X_HK,EU27_2020,2018,MIO_EUR,6027.3
bop_its6_det,SJ3,"Services: technical, trade-related, and other business services",CRE,CN_X_HK,EU27_2020,2019,MIO_EUR,6665.7
bop_its6_det,SJ3,"Services: technical, trade-related, and other business services",CRE,CN_X_HK,EU27_2020,2020,MIO_EUR,6199.6
bop_its6_det,SJ3,"Services: technical, trade-related, and other business services",CRE,CN_X_HK,EU27_2020,2021,MIO_EUR,7507.0
bop_its6_det,SJ3,"Services: technical, trade-related, and other business services",CRE,CN_X_HK,EU27_2020,2022,MIO_EUR,7248.6
bop_its6_det,SJ3,"Services: technical, trade-related, and other business services",CRE,CN_X_HK,EU27_2020,2023,MIO_EUR,6818.4
bop_its6_det,SJ3,"Services: technical, trade-related, and other business services",CRE,CN_X_HK,EU27_2020,2024,MIO_EUR,7254.3
bop_its6_det,SJ3,"Services: technical, trade-related, and other business services",CRE,CN_X_HK,FI,2015,MIO_EUR,57.0
bop_its6_det,SJ3,"Services: technical, trade-related, and other business services",CRE,CN_X_HK,FI,2016,MIO_EUR,113.0
bop_its6_det,SJ3,"Services: technical, trade-related, and other business services",CRE,CN_X_HK,FI,2017,MIO_EUR,111.0
bop_its6_det,SJ3,"Services: technical, trade-related, and other business services",CRE,CN_X_HK,FR,2015,MIO_EUR,1050.0
bop_its6_det,SJ3,"Services: technical, trade-related, and other business services",CRE,CN_X_HK,FR,2016,MIO_EUR,1022.0
bop_its6_det,SJ3,"Services: technical, trade-related, and other business services",CRE,CN_X_HK,FR,2017,MIO_EUR,777.0
bop_its6_det,SJ3,"Services: technical, trade-related, and other business services",CRE,CN_X_HK,FR,2018,MIO_EUR,847.0
bop_its6_det,SJ3,"Services: technical, trade-related, and other business services",CRE,CN_X_HK,FR,2019,MIO_EUR,878.0
bop_its6_det,SJ3,"Services: technical, trade-related, and other business services",CRE,CN_X_HK,FR,2020,MIO_EUR,447.0
bop_its6_det,SJ3,"Services: technical, trade-related, and other business services",CRE,CN_X_HK,FR,2021,MIO_EUR,580.0
bop_its6_det,SJ3,"Services: technical, trade-related, and other business services",CRE,CN_X_HK,FR,2022,MIO_EUR,523.0
bop_its6_det,SJ3,"Services: technical, trade-related, and other business services",CRE,CN_X_HK,FR,2023,MIO_EUR,746.0
bop_its6_det,SJ3,"Services: technical, trade-related, and other business services",CRE,CN_X_HK,FR,2024,MIO_EUR,876.0
bop_its6_det,SJ3,"Services: technical, trade-related, and other business services",CRE,CN_X_HK,HU,2015,MIO_EUR,8.0
bop_its6_det,SJ3,"Services: technical, trade-related, and other business services",CRE,CN_X_HK,HU,2016,MIO_EUR,21.9
bop_its6_det,SJ3,"Services: technical, trade-related, and other business services",CRE,CN_X_HK,HU,2017,MIO_EUR,32.2
bop_its6_det,SJ3,"Services: technical, trade-related, and other business services",CRE,CN_X_HK,HU,2018,MIO_EUR,36.3
bop_its6_det,SJ3,"Services: technical, trade-related, and other business services",CRE,CN_X_HK,HU,2019,MIO_EUR,31.1
bop_its6_det,SJ3,"Services: technical, trade-related, and other business services",CRE,CN_X_HK,HU,2020,MIO_EUR,14.4
bop_its6_det,SJ3,"Services: technical, trade-related, and other business services",CRE,CN_X_HK,HU,2021,MIO_EUR,20.2
bop_its6_det,SJ3,"Services: technical, trade-related, and other business services",CRE,CN_X_HK,HU,2022,MIO_EUR,15.6
bop_its6_det,SJ3,"Services: technical, trade-related, and other business services",CRE,CN_X_HK,HU,2023,MIO_EUR,18.2
bop_its6_det,SJ3,"Services: technical, trade-related, and other business services",CRE,CN_X_HK,HU,2024,MIO_EUR,23.3
bop_its6_det,SJ3,"Services: technical, trade-related, and other business services",CRE,CN_X_HK,IE,2015,MIO_EUR,1453.0
bop_its6_det,SJ3,"Services: technical, trade-related, and other business services",CRE,CN_X_HK,IE,2016,MIO_EUR,1725.0
bop_its6_det,SJ3,"Services: technical, trade-related, and other business services",CRE,CN_X_HK,IE,2017,MIO_EUR,1486.0
bop_its6_det,SJ3,"Services: technical, trade-related, and other business services",CRE,CN_X_HK,IE,2018,MIO_EUR,1604.0
bop_its6_det,SJ3,"Services: technical, trade-related, and other business services",CRE,CN_X_HK,IE,2019,MIO_EUR,2132.0
bop_its6_det,SJ3,"Services: technical, trade-related, and other business services",CRE,CN_X_HK,IE,2020,MIO_EUR,2307.0
bop_its6_det,SJ3,"Services: technical, trade-related, and other business services",CRE,CN_X_HK,IE,2021,MIO_EUR,2554.0
bop_its6_det,SJ3,"Services: technical, trade-related, and other business services",CRE,CN_X_HK,IE,2022,MIO_EUR,2265.0
bop_its6_det,SJ3,"Services: technical, trade-related, and other business services",CRE,CN_X_HK,IE,2023,MIO_EUR,2251.0
bop_its6_det,SJ3,"Services: technical, trade-related, and other business services",CRE,CN_X_HK,IE,2024,MIO_EUR,2392.0
bop_its6_det,SJ3,"Services: technical, trade-related, and other business services",CRE,CN_X_HK,IT,2015,MIO_EUR,219.2
bop_its6_det,SJ3,"Services: technical, trade-related, and other business services",CRE,CN_X_HK,IT,2016,MIO_EUR,125.6
bop_its6_det,SJ3,"Services: technical, trade-related, and other business services",CRE,CN_X_HK,IT,2017,MIO_EUR,178.0
bop_its6_det,SJ3,"Services: technical, trade-related, and other business services",CRE,CN_X_HK,IT,2018,MIO_EUR,201.1
bop_its6_det,SJ3,"Services: technical, trade-related, and other business services",CRE,CN_X_HK,IT,2019,MIO_EUR,239.7
bop_its6_det,SJ3,"Services: technical, trade-related, and other business services",CRE,CN_X_HK,IT,2020,MIO_EUR,211.8
bop_its6_det,SJ3,"Services: technical, trade-related, and other business services",CRE,CN_X_HK,IT,2021,MIO_EUR,818.6
bop_its6_det,SJ3,"Services: technical, trade-related, and other business services",CRE,CN_X_HK,IT,2022,MIO_EUR,795.7
bop_its6_det,SJ3,"Services: technical, trade-related, and other business services",CRE,CN_X_HK,IT,2023,MIO_EUR,215.9
bop_its6_det,SJ3,"Services: technical, trade-related, and other business services",CRE,CN_X_HK,IT,2024,MIO_EUR,207.3
bop_its6_det,SJ3,"Services: technical, trade-related, and other business services",CRE,CN_X_HK,NL,2015,MIO_EUR,416.3
bop_its6_det,SJ3,"Services: technical, trade-related, and other business services",CRE,CN_X_HK,NL,2016,MIO_EUR,295.9
bop_its6_det,SJ3,"Services: technical, trade-related, and other business services",CRE,CN_X_HK,NL,2017,MIO_EUR,268.2
bop_its6_det,SJ3,"Services: technical, trade-related, and other business services",CRE,CN_X_HK,NL,2018,MIO_EUR,268.3
bop_its6_det,SJ3,"Services: technical, trade-related, and other business services",CRE,CN_X_HK,NL,2020,MIO_EUR,181.3
bop_its6_det,SJ3,"Services: technical, trade-related, and other business services",CRE,CN_X_HK,NL,2021,MIO_EUR,234.3
bop_its6_det,SJ3,"Services: technical, trade-related, and other business services",CRE,CN_X_HK,NL,2022,MIO_EUR,326.9
bop_its6_det,SJ3,"Services: technical, trade-related, and other business services",CRE,CN_X_HK,NL,2023,MIO_EUR,289.6
bop_its6_det,SJ3,"Services: technical, trade-related, and other business services",CRE,CN_X_HK,NL,2024,MIO_EUR,281.2
bop_its6_det,SJ3,"Services: technical, trade-related, and other business services",CRE,CN_X_HK,PL,2015,MIO_EUR,9.6
bop_its6_det,SJ3,"Services: technical, trade-related, and other business services",CRE,CN_X_HK,PL,2016,MIO_EUR,10.3
bop_its6_det,SJ3,"Services: technical, trade-related, and other business services",CRE,CN_X_HK,PL,2017,MIO_EUR,14.3
bop_its6_det,SJ3,"Services: technical, trade-related, and other business services",CRE,CN_X_HK,PL,2018,MIO_EUR,20.7
bop_its6_det,SJ3,"Services: technical, trade-related, and other business services",CRE,CN_X_HK,PL,2019,MIO_EUR,17.5
bop_its6_det,SJ3,"Services: technical, trade-related, and other business services",CRE,CN_X_HK,PL,2020,MIO_EUR,23.4
bop_its6_det,SJ3,"Services: technical, trade-related, and other business services",CRE,CN_X_HK,PL,2021,MIO_EUR,48.0
bop_its6_det,SJ3,"Services: technical, trade-related, and other business services",CRE,CN_X_HK,PL,2022,MIO_EUR,61.7
bop_its6_det,SJ3,"Services: technical, trade-related, and other business services",CRE,CN_X_HK,PL,2023,MIO_EUR,65.8
bop_its6_det,SJ3,"Services: technical, trade-related, and other business services",CRE,CN_X_HK,PL,2024,MIO_EUR,107.1
bop_its6_det,SJ3,"Services: technical, trade-related, and other business services",CRE,CN_X_HK,PT,2015,MIO_EUR,19.0
bop_its6_det,SJ3,"Services: technical, trade-related, and other business services",CRE,CN_X_HK,PT,2016,MIO_EUR,46.0
bop_its6_det,SJ3,"Services: technical, trade-related, and other business services",CRE,CN_X_HK,PT,2017,MIO_EUR,24.0
bop_its6_det,SJ3,"Services: technical, trade-related, and other business services",CRE,CN_X_HK,PT,2018,MIO_EUR,11.0
bop_its6_det,SJ3,"Services: technical, trade-related, and other business services",CRE,CN_X_HK,PT,2019,MIO_EUR,16.0
bop_its6_det,SJ3,"Services: technical, trade-related, and other business services",CRE,CN_X_HK,PT,2020,MIO_EUR,7.0
bop_its6_det,SJ3,"Services: technical, trade-related, and other business services",CRE,CN_X_HK,PT,2021,MIO_EUR,7.0
bop_its6_det,SJ3,"Services: technical, trade-related, and other business services",CRE,CN_X_HK,PT,2022,MIO_EUR,14.0
bop_its6_det,SJ3,"Services: technical, trade-related, and other business services",CRE,CN_X_HK,PT,2023,MIO_EUR,10.0
bop_its6_det,SJ3,"Services: technical, trade-related, and other business services",CRE,CN_X_HK,PT,2024,MIO_EUR,9.0
bop_its6_det,SJ3,"Services: technical, trade-related, and other business services",CRE,CN_X_HK,RO,2015,MIO_EUR,6.7
bop_its6_det,SJ3,"Services: technical, trade-related, and other business services",CRE,CN_X_HK,RO,2016,MIO_EUR,4.7
bop_its6_det,SJ3,"Services: technical, trade-related, and other business services",CRE,CN_X_HK,RO,2017,MIO_EUR,3.9
bop_its6_det,SJ3,"Services: technical, trade-related, and other business services",CRE,CN_X_HK,RO,2018,MIO_EUR,5.4
bop_its6_det,SJ3,"Services: technical, trade-related, and other business services",CRE,CN_X_HK,RO,2019,MIO_EUR,12.6
bop_its6_det,SJ3,"Services: technical, trade-related, and other business services",CRE,CN_X_HK,RO,2020,MIO_EUR,9.5
bop_its6_det,SJ3,"Services: technical, trade-related, and other business services",CRE,CN_X_HK,RO,2021,MIO_EUR,13.0
bop_its6_det,SJ3,"Services: technical, trade-related, and other business services",CRE,CN_X_HK,RO,2022,MIO_EUR,8.9
bop_its6_det,SJ3,"Services: technical, trade-related, and other business services",CRE,CN_X_HK,RO,2023,MIO_EUR,22.6
bop_its6_det,SJ3,"Services: technical, trade-related, and other business services",CRE,CN_X_HK,RO,2024,MIO_EUR,21.7
bop_its6_det,SJ3,"Services: technical, trade-related, and other business services",CRE,CN_X_HK,SE,2015,MIO_EUR,355.8
bop_its6_det,SJ3,"Services: technical, trade-related, and other business services",CRE,CN_X_HK,SE,2016,MIO_EUR,337.7
bop_its6_det,SJ3,"Services: technical, trade-related, and other business services",CRE,CN_X_HK,SE,2017,MIO_EUR,235.1
bop_its6_det,SJ3,"Services: technical, trade-related, and other business services",CRE,CN_X_HK,SE,2018,MIO_EUR,108.0
bop_its6_det,SJ3,"Services: technical, trade-related, and other business services",CRE,CN_X_HK,SE,2019,MIO_EUR,139.5
bop_its6_det,SJ3,"Services: technical, trade-related, and other business services",CRE,CN_X_HK,SE,2020,MIO_EUR,56.7
bop_its6_det,SJ3,"Services: technical, trade-related, and other business services",CRE,CN_X_HK,SE,2021,MIO_EUR,127.8
bop_its6_det,SJ3,"Services: technical, trade-related, and other business services",CRE,CN_X_HK,SE,2022,MIO_EUR,105.0
bop_its6_det,SJ3,"Services: technical, trade-related, and other business services",CRE,CN_X_HK,SE,2023,MIO_EUR,96.7
bop_its6_det,SJ3,"Services: technical, trade-related, and other business services",CRE,CN_X_HK,SE,2024,MIO_EUR,166.1
bop_its6_det,SJ3,"Services: technical, trade-related, and other business services",CRE,CN_X_HK,UK,2016,MIO_EUR,580.9
bop_its6_det,SJ3,"Services: technical, trade-related, and other business services",CRE,CN_X_HK,UK,2017,MIO_EUR,598.9
bop_its6_det,SJ3,"Services: technical, trade-related, and other business services",CRE,CN_X_HK,UK,2018,MIO_EUR,881.6
bop_its6_det,SJ3,"Services: technical, trade-related, and other business services",CRE,CN_X_HK,UK,2019,MIO_EUR,877.2
bop_its6_det,SE,Services: construction,DEB,CN_X_HK,AT,2015,MIO_EUR,1.0
bop_its6_det,SE,Services: construction,DEB,CN_X_HK,AT,2016,MIO_EUR,6.0
bop_its6_det,SE,Services: construction,DEB,CN_X_HK,AT,2017,MIO_EUR,2.0
bop_its6_det,SE,Services: construction,DEB,CN_X_HK,AT,2018,MIO_EUR,3.0
bop_its6_det,SE,Services: construction,DEB,CN_X_HK,AT,2019,MIO_EUR,2.0
bop_its6_det,SE,Services: construction,DEB,CN_X_HK,AT,2020,MIO_EUR,1.0
bop_its6_det,SE,Services: construction,DEB,CN_X_HK,AT,2021,MIO_EUR,1.0
bop_its6_det,SE,Services: construction,DEB,CN_X_HK,AT,2022,MIO_EUR,1.0
bop_its6_det,SE,Services: construction,DEB,CN_X_HK,AT,2023,MIO_EUR,0.0
bop_its6_det,SE,Services: construction,DEB,CN_X_HK,AT,2024,MIO_EUR,0.0
bop_its6_det,SE,Services: construction,DEB,CN_X_HK,BE,2015,MIO_EUR,8.0
bop_its6_det,SE,Services: construction,DEB,CN_X_HK,BE,2016,MIO_EUR,4.0
bop_its6_det,SE,Services: construction,DEB,CN_X_HK,BE,2017,MIO_EUR,5.0
bop_its6_det,SE,Services: construction,DEB,CN_X_HK,BE,2018,MIO_EUR,15.0
bop_its6_det,SE,Services: construction,DEB,CN_X_HK,BE,2019,MIO_EUR,14.0
bop_its6_det,SE,Services: construction,DEB,CN_X_HK,BE,2020,MIO_EUR,8.0
bop_its6_det,SE,Services: construction,DEB,CN_X_HK,BE,2021,MIO_EUR,18.0
bop_its6_det,SE,Services: construction,DEB,CN_X_HK,BE,2022,MIO_EUR,35.0
bop_its6_det,SE,Services: construction,DEB,CN_X_HK,BE,2023,MIO_EUR,24.0
bop_its6_det,SE,Services: construction,DEB,CN_X_HK,BE,2024,MIO_EUR,39.0
bop_its6_det,SE,Services: construction,DEB,CN_X_HK,CZ,2015,MIO_EUR,0.0
bop_its6_det,SE,Services: construction,DEB,CN_X_HK,CZ,2016,MIO_EUR,0.1
bop_its6_det,SE,Services: construction,DEB,CN_X_HK,CZ,2017,MIO_EUR,0.0
bop_its6_det,SE,Services: construction,DEB,CN_X_HK,CZ,2018,MIO_EUR,0.0
bop_its6_det,SE,Services: construction,DEB,CN_X_HK,CZ,2019,MIO_EUR,0.0
bop_its6_det,SE,Services: construction,DEB,CN_X_HK,CZ,2020,MIO_EUR,0.0
bop_its6_det,SE,Services: construction,DEB,CN_X_HK,CZ,2021,MIO_EUR,0.0
bop_its6_det,SE,Services: construction,DEB,CN_X_HK,CZ,2022,MIO_EUR,0.7
bop_its6_det,SE,Services: construction,DEB,CN_X_HK,CZ,2023,MIO_EUR,0.0
bop_its6_det,SE,Services: construction,DEB,CN_X_HK,CZ,2024,MIO_EUR,0.0
bop_its6_det,SE,Services: construction,DEB,CN_X_HK,DE,2015,MIO_EUR,27.0
bop_its6_det,SE,Services: construction,DEB,CN_X_HK,DE,2016,MIO_EUR,31.0
bop_its6_det,SE,Services: construction,DEB,CN_X_HK,DE,2017,MIO_EUR,19.0
bop_its6_det,SE,Services: construction,DEB,CN_X_HK,DE,2019,MIO_EUR,21.0
bop_its6_det,SE,Services: construction,DEB,CN_X_HK,DE,2020,MIO_EUR,9.0
bop_its6_det,SE,Services: construction,DEB,CN_X_HK,DE,2022,MIO_EUR,20.0
bop_its6_det,SE,Services: construction,DEB,CN_X_HK,DE,2023,MIO_EUR,15.0
bop_its6_det,SE,Services: construction,DEB,CN_X_HK,DE,2024,MIO_EUR,15.0
bop_its6_det,SE,Services: construction,DEB,CN_X_HK,DK,2015,MIO_EUR,23.3
bop_its6_det,SE,Services: construction,DEB,CN_X_HK,DK,2016,MIO_EUR,42.3
bop_its6_det,SE,Services: construction,DEB,CN_X_HK,DK,2017,MIO_EUR,36.6
bop_its6_det,SE,Services: construction,DEB,CN_X_HK,DK,2018,MIO_EUR,73.0
bop_its6_det,SE,Services: construction,DEB,CN_X_HK,DK,2019,MIO_EUR,94.4
bop_its6_det,SE,Services: construction,DEB,CN_X_HK,DK,2020,MIO_EUR,45.5
bop_its6_det,SE,Services: construction,DEB,CN_X_HK,DK,2021,MIO_EUR,29.4
bop_its6_det,SE,Services: construction,DEB,CN_X_HK,DK,2022,MIO_EUR,45.8
bop_its6_det,SE,Services: construction,DEB,CN_X_HK,DK,2023,MIO_EUR,42.9
bop_its6_det,SE,Services: construction,DEB,CN_X_HK,DK,2024,MIO_EUR,136.3
bop_its6_det,SE,Services: construction,DEB,CN_X_HK,EL,2015,MIO_EUR,0.2
bop_its6_det,SE,Services: construction,DEB,CN_X_HK,EL,2016,MIO_EUR,0.1
bop_its6_det,SE,Services: construction,DEB,CN_X_HK,EL,2017,MIO_EUR,0.1
bop_its6_det,SE,Services: construction,DEB,CN_X_HK,EL,2018,MIO_EUR,0.2
bop_its6_det,SE,Services: construction,DEB,CN_X_HK,EL,2019,MIO_EUR,5.6
bop_its6_det,SE,Services: construction,DEB,CN_X_HK,EL,2020,MIO_EUR,0.8
bop_its6_det,SE,Services: construction,DEB,CN_X_HK,EL,2021,MIO_EUR,4.1
bop_its6_det,SE,Services: construction,DEB,CN_X_HK,EL,2022,MIO_EUR,2.6
bop_its6_det,SE,Services: construction,DEB,CN_X_HK,EL,2023,MIO_EUR,5.2
bop_its6_det,SE,Services: construction,DEB,CN_X_HK,EL,2024,MIO_EUR,2.3
bop_its6_det,SE,Services: construction,DEB,CN_X_HK,ES,2018,MIO_EUR,1.0
bop_its6_det,SE,Services: construction,DEB,CN_X_HK,ES,2019,MIO_EUR,0.0
bop_its6_det,SE,Services: construction,DEB,CN_X_HK,ES,2020,MIO_EUR,0.0
bop_its6_det,SE,Services: construction,DEB,CN_X_HK,ES,2021,MIO_EUR,0.0
bop_its6_det,SE,Services: construction,DEB,CN_X_HK,ES,2023,MIO_EUR,30.0
bop_its6_det,SE,Services: construction,DEB,CN_X_HK,ES,2024,MIO_EUR,6.0
bop_its6_det,SE,Services: construction,DEB,CN_X_HK,EU27_2020,2015,MIO_EUR,171.2
bop_its6_det,SE,Services: construction,DEB,CN_X_HK,EU27_2020,2016,MIO_EUR,220.5
bop_its6_det,SE,Services: construction,DEB,CN_X_HK,EU27_2020,2017,MIO_EUR,713.9
bop_its6_det,SE,Services: construction,DEB,CN_X_HK,EU27_2020,2018,MIO_EUR,301.4
bop_its6_det,SE,Services: construction,DEB,CN_X_HK,EU27_2020,2019,MIO_EUR,284.9
bop_its6_det,SE,Services: construction,DEB,CN_X_HK,EU27_2020,2020,MIO_EUR,925.0
bop_its6_det,SE,Services: construction,DEB,CN_X_HK,EU27_2020,2021,MIO_EUR,1549.9
bop_its6_det,SE,Services: construction,DEB,CN_X_HK,EU27_2020,2022,MIO_EUR,1345.7
bop_its6_det,SE,Services: construction,DEB,CN_X_HK,EU27_2020,2023,MIO_EUR,558.6
bop_its6_det,SE,Services: construction,DEB,CN_X_HK,EU27_2020,2024,MIO_EUR,792.7
bop_its6_det,SE,Services: construction,DEB,CN_X_HK,FI,2015,MIO_EUR,17.0
bop_its6_det,SE,Services: construction,DEB,CN_X_HK,FI,2016,MIO_EUR,5.0
bop_its6_det,SE,Services: construction,DEB,CN_X_HK,FI,2017,MIO_EUR,11.0
bop_its6_det,SE,Services: construction,DEB,CN_X_HK,FI,2018,MIO_EUR,24.0
bop_its6_det,SE,Services: construction,DEB,CN_X_HK,FI,2019,MIO_EUR,17.0
bop_its6_det,SE,Services: construction,DEB,CN_X_HK,FI,2020,MIO_EUR,0.0
bop_its6_det,SE,Services: construction,DEB,CN_X_HK,FI,2021,MIO_EUR,0.0
bop_its6_det,SE,Services: construction,DEB,CN_X_HK,FI,2022,MIO_EUR,0.0
bop_its6_det,SE,Services: construction,DEB,CN_X_HK,FI,2023,MIO_EUR,0.0
bop_its6_det,SE,Services: construction,DEB,CN_X_HK,FI,2024,MIO_EUR,0.0
bop_its6_det,SE,Services: construction,DEB,CN_X_HK,FR,2015,MIO_EUR,9.0
bop_its6_det,SE,Services: construction,DEB,CN_X_HK,FR,2016,MIO_EUR,44.0
bop_its6_det,SE,Services: construction,DEB,CN_X_HK,FR,2017,MIO_EUR,579.0
bop_its6_det,SE,Services: construction,DEB,CN_X_HK,FR,2018,MIO_EUR,35.0
bop_its6_det,SE,Services: construction,DEB,CN_X_HK,FR,2019,MIO_EUR,4.0
bop_its6_det,SE,Services: construction,DEB,CN_X_HK,FR,2020,MIO_EUR,756.0
bop_its6_det,SE,Services: construction,DEB,CN_X_HK,FR,2021,MIO_EUR,1275.0
bop_its6_det,SE,Services: construction,DEB,CN_X_HK,FR,2022,MIO_EUR,626.0
bop_its6_det,SE,Services: construction,DEB,CN_X_HK,FR,2023,MIO_EUR,62.0
bop_its6_det,SE,Services: construction,DEB,CN_X_HK,FR,2024,MIO_EUR,45.0
bop_its6_det,SE,Services: construction,DEB,CN_X_HK,HU,2016,MIO_EUR,0.0
bop_its6_det,SE,Services: construction,DEB,CN_X_HK,HU,2017,MIO_EUR,0.1
bop_its6_det,SE,Services: construction,DEB,CN_X_HK,HU,2018,MIO_EUR,0.2
bop_its6_det,SE,Services: construction,DEB,CN_X_HK,HU,2019,MIO_EUR,0.1
bop_its6_det,SE,Services: construction,DEB,CN_X_HK,HU,2024,MIO_EUR,3.9
bop_its6_det,SE,Services: construction,DEB,CN_X_HK,IE,2015,MIO_EUR,0.0
bop_its6_det,SE,Services: construction,DEB,CN_X_HK,IE,2016,MIO_EUR,0.0
bop_its6_det,SE,Services: construction,DEB,CN_X_HK,IE,2017,MIO_EUR,0.0
bop_its6_det,SE,Services: construction,DEB,CN_X_HK,IE,2018,MIO_EUR,0.0
bop_its6_det,SE,Services: construction,DEB,CN_X_HK,IE,2019,MIO_EUR,0.0
bop_its6_det,SE,Services: construction,DEB,CN_X_HK,IE,2020,MIO_EUR,0.0
bop_its6_det,SE,Services: construction,DEB,CN_X_HK,IE,2021,MIO_EUR,0.0
bop_its6_det,SE,Services: construction,DEB,CN_X_HK,IE,2022,MIO_EUR,0.0
bop_its6_det,SE,Services: construction,DEB,CN_X_HK,IE,2023,MIO_EUR,0.0
bop_its6_det,SE,Services: construction,DEB,CN_X_HK,IE,2024,MIO_EUR,0.0
bop_its6_det,SE,Services: construction,DEB,CN_X_HK,IT,2015,MIO_EUR,3.2
bop_its6_det,SE,Services: construction,DEB,CN_X_HK,IT,2016,MIO_EUR,0.5
bop_its6_det,SE,Services: construction,DEB,CN_X_HK,IT,2017,MIO_EUR,1.4
bop_its6_det,SE,Services: construction,DEB,CN_X_HK,IT,2018,MIO_EUR,1.7
bop_its6_det,SE,Services: construction,DEB,CN_X_HK,IT,2019,MIO_EUR,2.4
bop_its6_det,SE,Services: construction,DEB,CN_X_HK,IT,2020,MIO_EUR,0.7
bop_its6_det,SE,Services: construction,DEB,CN_X_HK,IT,2021,MIO_EUR,0.5
bop_its6_det,SE,Services: construction,DEB,CN_X_HK,IT,2022,MIO_EUR,0.2
bop_its6_det,SE,Services: construction,DEB,CN_X_HK,IT,2023,MIO_EUR,3.5
bop_its6_det,SE,Services: construction,DEB,CN_X_HK,IT,2024,MIO_EUR,0.1
bop_its6_det,SE,Services: construction,DEB,CN_X_HK,NL,2016,MIO_EUR,27.1
bop_its6_det,SE,Services: construction,DEB,CN_X_HK,NL,2017,MIO_EUR,49.4
bop_its6_det,SE,Services: construction,DEB,CN_X_HK,NL,2018,MIO_EUR,87.2
bop_its6_det,SE,Services: construction,DEB,CN_X_HK,NL,2019,MIO_EUR,77.1
bop_its6_det,SE,Services: construction,DEB,CN_X_HK,NL,2020,MIO_EUR,80.4
bop_its6_det,SE,Services: construction,DEB,CN_X_HK,NL,2022,MIO_EUR,335.4
bop_its6_det,SE,Services: construction,DEB,CN_X_HK,NL,2023,MIO_EUR,120.9
bop_its6_det,SE,Services: construction,DEB,CN_X_HK,NL,2024,MIO_EUR,385.9
bop_its6_det,SE,Services: construction,DEB,CN_X_HK,PL,2015,MIO_EUR,9.8
bop_its6_det,SE,Services: construction,DEB,CN_X_HK,PL,2016,MIO_EUR,0.0
bop_its6_det,SE,Services: construction,DEB,CN_X_HK,PL,2017,MIO_EUR,0.2
bop_its6_det,SE,Services: construction,DEB,CN_X_HK,PL,2018,MIO_EUR,0.0
bop_its6_det,SE,Services: construction,DEB,CN_X_HK,PL,2019,MIO_EUR,0.0
bop_its6_det,SE,Services: construction,DEB,CN_X_HK,PL,2020,MIO_EUR,1.1
bop_its6_det,SE,Services: construction,DEB,CN_X_HK,PL,2021,MIO_EUR,44.9
bop_its6_det,SE,Services: construction,DEB,CN_X_HK,PL,2022,MIO_EUR,231.1
bop_its6_det,SE,Services: construction,DEB,CN_X_HK,PL,2023,MIO_EUR,183.2
bop_its6_det,SE,Services: construction,DEB,CN_X_HK,PT,2015,MIO_EUR,1.0
bop_its6_det,SE,Services: construction,DEB,CN_X_HK,PT,2016,MIO_EUR,0.0
bop_its6_det,SE,Services: construction,DEB,CN_X_HK,PT,2017,MIO_EUR,0.0
bop_its6_det,SE,Services: construction,DEB,CN_X_HK,PT,2018,MIO_EUR,0.0
bop_its6_det,SE,Services: construction,DEB,CN_X_HK,PT,2019,MIO_EUR,1.0
bop_its6_det,SE,Services: construction,DEB,CN_X_HK,PT,2020,MIO_EUR,8.0
bop_its6_det,SE,Services: construction,DEB,CN_X_HK,PT,2021,MIO_EUR,4.0
bop_its6_det,SE,Services: construction,DEB,CN_X_HK,PT,2022,MIO_EUR,19.0
bop_its6_det,SE,Services: construction,DEB,CN_X_HK,PT,2023,MIO_EUR,28.0
bop_its6_det,SE,Services: construction,DEB,CN_X_HK,PT,2024,MIO_EUR,24.0
bop_its6_det,SE,Services: construction,DEB,CN_X_HK,RO,2016,MIO_EUR,0.0
bop_its6_det,SE,Services: construction,DEB,CN_X_HK,RO,2019,MIO_EUR,0.0
bop_its6_det,SE,Services: construction,DEB,CN_X_HK,RO,2020,MIO_EUR,0.0
bop_its6_det,SE,Services: construction,DEB,CN_X_HK,RO,2021,MIO_EUR,0.0
bop_its6_det,SE,Services: construction,DEB,CN_X_HK,RO,2022,MIO_EUR,0.0
bop_its6_det,SE,Services: construction,DEB,CN_X_HK,SE,2015,MIO_EUR,3.8
bop_its6_det,SE,Services: construction,DEB,CN_X_HK,SE,2016,MIO_EUR,49.3
bop_its6_det,SE,Services: construction,DEB,CN_X_HK,SE,2017,MIO_EUR,7.9
bop_its6_det,SE,Services: construction,DEB,CN_X_HK,SE,2018,MIO_EUR,22.5
bop_its6_det,SE,Services: construction,DEB,CN_X_HK,SE,2019,MIO_EUR,42.5
bop_its6_det,SE,Services: construction,DEB,CN_X_HK,SE,2020,MIO_EUR,4.1
bop_its6_det,SE,Services: construction,DEB,CN_X_HK,SE,2021,MIO_EUR,4.9
bop_its6_det,SE,Services: construction,DEB,CN_X_HK,SE,2022,MIO_EUR,16.0
bop_its6_det,SE,Services: construction,DEB,CN_X_HK,SE,2023,MIO_EUR,20.7
bop_its6_det,SE,Services: construction,DEB,CN_X_HK,SE,2024,MIO_EUR,14.0
bop_its6_det,SE,Services: construction,DEB,CN_X_HK,UK,2016,MIO_EUR,17.1
bop_its6_det,SE,Services: construction,DEB,CN_X_HK,UK,2017,MIO_EUR,12.5
bop_its6_det,SE,Services: construction,DEB,CN_X_HK,UK,2018,MIO_EUR,57.6
bop_its6_det,SE,Services: construction,CRE,CN_X_HK,AT,2015,MIO_EUR,0.0
bop_its6_det,SE,Services: construction,CRE,CN_X_HK,AT,2016,MIO_EUR,0.0
bop_its6_det,SE,Services: construction,CRE,CN_X_HK,AT,2017,MIO_EUR,0.0
bop_its6_det,SE,Services: construction,CRE,CN_X_HK,AT,2018,MIO_EUR,1.0
bop_its6_det,SE,Services: construction,CRE,CN_X_HK,AT,2019,MIO_EUR,1.0
bop_its6_det,SE,Services: construction,CRE,CN_X_HK,AT,2020,MIO_EUR,0.0
bop_its6_det,SE,Services: construction,CRE,CN_X_HK,AT,2021,MIO_EUR,0.0
bop_its6_det,SE,Services: construction,CRE,CN_X_HK,AT,2022,MIO_EUR,0.0
bop_its6_det,SE,Services: construction,CRE,CN_X_HK,AT,2023,MIO_EUR,0.0
bop_its6_det,SE,Services: construction,CRE,CN_X_HK,AT,2024,MIO_EUR,0.0
bop_its6_det,SE,Services: construction,CRE,CN_X_HK,BE,2015,MIO_EUR,89.0
bop_its6_det,SE,Services: construction,CRE,CN_X_HK,BE,2016,MIO_EUR,55.0
bop_its6_det,SE,Services: construction,CRE,CN_X_HK,BE,2017,MIO_EUR,46.0
bop_its6_det,SE,Services: construction,CRE,CN_X_HK,BE,2018,MIO_EUR,27.0
bop_its6_det,SE,Services: construction,CRE,CN_X_HK,BE,2019,MIO_EUR,36.0
bop_its6_det,SE,Services: construction,CRE,CN_X_HK,BE,2020,MIO_EUR,29.0
bop_its6_det,SE,Services: construction,CRE,CN_X_HK,BE,2021,MIO_EUR,28.0
bop_its6_det,SE,Services: construction,CRE,CN_X_HK,BE,2022,MIO_EUR,22.0
bop_its6_det,SE,Services: construction,CRE,CN_X_HK,BE,2023,MIO_EUR,22.0
bop_its6_det,SE,Services: construction,CRE,CN_X_HK,BE,2024,MIO_EUR,20.0
bop_its6_det,SE,Services: construction,CRE,CN_X_HK,CZ,2015,MIO_EUR,1.0
bop_its6_det,SE,Services: construction,CRE,CN_X_HK,CZ,2016,MIO_EUR,0.0
bop_its6_det,SE,Services: construction,CRE,CN_X_HK,CZ,2017,MIO_EUR,0.1
bop_its6_det,SE,Services: construction,CRE,CN_X_HK,CZ,2018,MIO_EUR,0.2
bop_its6_det,SE,Services: construction,CRE,CN_X_HK,CZ,2019,MIO_EUR,0.0
bop_its6_det,SE,Services: construction,CRE,CN_X_HK,CZ,2020,MIO_EUR,0.0
bop_its6_det,SE,Services: construction,CRE,CN_X_HK,CZ,2021,MIO_EUR,0.0
bop_its6_det,SE,Services: construction,CRE,CN_X_HK,CZ,2022,MIO_EUR,0.0
bop_its6_det,SE,Services: construction,CRE,CN_X_HK,CZ,2023,MIO_EUR,0.0
bop_its6_det,SE,Services: construction,CRE,CN_X_HK,CZ,2024,MIO_EUR,0.0
bop_its6_det,SE,Services: construction,CRE,CN_X_HK,DE,2015,MIO_EUR,43.0
bop_its6_det,SE,Services: construction,CRE,CN_X_HK,DE,2016,MIO_EUR,27.0
bop_its6_det,SE,Services: construction,CRE,CN_X_HK,DE,2017,MIO_EUR,41.0
bop_its6_det,SE,Services: construction,CRE,CN_X_HK,DE,2019,MIO_EUR,36.0
bop_its6_det,SE,Services: construction,CRE,CN_X_HK,DE,2020,MIO_EUR,25.0
bop_its6_det,SE,Services: construction,CRE,CN_X_HK,DE,2022,MIO_EUR,24.0
bop_its6_det,SE,Services: construction,CRE,CN_X_HK,DE,2024,MIO_EUR,38.0
bop_its6_det,SE,Services: construction,CRE,CN_X_HK,DK,2015,MIO_EUR,61.9
bop_its6_det,SE,Services: construction,CRE,CN_X_HK,DK,2016,MIO_EUR,62.7
bop_its6_det,SE,Services: construction,CRE,CN_X_HK,DK,2017,MIO_EUR,84.0
bop_its6_det,SE,Services: construction,CRE,CN_X_HK,DK,2018,MIO_EUR,70.8
bop_its6_det,SE,Services: construction,CRE,CN_X_HK,DK,2019,MIO_EUR,75.9
bop_its6_det,SE,Services: construction,CRE,CN_X_HK,DK,2020,MIO_EUR,82.2
bop_its6_det,SE,Services: construction,CRE,CN_X_HK,DK,2021,MIO_EUR,100.7
bop_its6_det,SE,Services: construction,CRE,CN_X_HK,DK,2022,MIO_EUR,97.7
bop_its6_det,SE,Services: construction,CRE,CN_X_HK,DK,2023,MIO_EUR,297.5
bop_its6_det,SE,Services: construction,CRE,CN_X_HK,DK,2024,MIO_EUR,307.1
bop_its6_det,SE,Services: construction,CRE,CN_X_HK,EL,2015,MIO_EUR,0.1
bop_its6_det,SE,Services: construction,CRE,CN_X_HK,EL,2016,MIO_EUR,0.1
bop_its6_det,SE,Services: construction,CRE,CN_X_HK,EL,2017,MIO_EUR,1.0
bop_its6_det,SE,Services: construction,CRE,CN_X_HK,EL,2018,MIO_EUR,0.6
bop_its6_det,SE,Services: construction,CRE,CN_X_HK,EL,2019,MIO_EUR,1.1
bop_its6_det,SE,Services: construction,CRE,CN_X_HK,EL,2020,MIO_EUR,0.2
bop_its6_det,SE,Services: construction,CRE,CN_X_HK,EL,2021,MIO_EUR,0.7
bop_its6_det,SE,Services: construction,CRE,CN_X_HK,EL,2022,MIO_EUR,4.4
bop_its6_det,SE,Services: construction,CRE,CN_X_HK,EL,2023,MIO_EUR,4.5
bop_its6_det,SE,Services: construction,CRE,CN_X_HK,EL,2024,MIO_EUR,6.5
bop_its6_det,SE,Services: construction,CRE,CN_X_HK,ES,2018,MIO_EUR,0.0
bop_its6_det,SE,Services: construction,CRE,CN_X_HK,ES,2022,MIO_EUR,0.0
bop_its6_det,SE,Services: construction,CRE,CN_X_HK,EU27_2020,2015,MIO_EUR,358.1
bop_its6_det,SE,Services: construction,CRE,CN_X_HK,EU27_2020,2016,MIO_EUR,272.9
bop_its6_det,SE,Services: construction,CRE,CN_X_HK,EU27_2020,2017,MIO_EUR,264.0
bop_its6_det,SE,Services: construction,CRE,CN_X_HK,EU27_2020,2018,MIO_EUR,270.3
bop_its6_det,SE,Services: construction,CRE,CN_X_HK,EU27_2020,2019,MIO_EUR,1121.6
bop_its6_det,SE,Services: construction,CRE,CN_X_HK,EU27_2020,2020,MIO_EUR,1509.0
bop_its6_det,SE,Services: construction,CRE,CN_X_HK,EU27_2020,2021,MIO_EUR,299.4
bop_its6_det,SE,Services: construction,CRE,CN_X_HK,EU27_2020,2022,MIO_EUR,303.2
bop_its6_det,SE,Services: construction,CRE,CN_X_HK,EU27_2020,2023,MIO_EUR,523.4
bop_its6_det,SE,Services: construction,CRE,CN_X_HK,EU27_2020,2024,MIO_EUR,517.6
bop_its6_det,SE,Services: construction,CRE,CN_X_HK,FI,2015,MIO_EUR,26.0
bop_its6_det,SE,Services: construction,CRE,CN_X_HK,FI,2016,MIO_EUR,7.0
bop_its6_det,SE,Services: construction,CRE,CN_X_HK,FI,2017,MIO_EUR,4.0
bop_its6_det,SE,Services: construction,CRE,CN_X_HK,FI,2018,MIO_EUR,22.0
bop_its6_det,SE,Services: construction,CRE,CN_X_HK,FI,2019,MIO_EUR,11.0
bop_its6_det,SE,Services: construction,CRE,CN_X_HK,FI,2020,MIO_EUR,0.0
bop_its6_det,SE,Services: construction,CRE,CN_X_HK,FI,2021,MIO_EUR,0.0
bop_its6_det,SE,Services: construction,CRE,CN_X_HK,FI,2022,MIO_EUR,0.0
bop_its6_det,SE,Services: construction,CRE,CN_X_HK,FI,2023,MIO_EUR,0.0
bop_its6_det,SE,Services: construction,CRE,CN_X_HK,FI,2024,MIO_EUR,0.0
bop_its6_det,SE,Services: construction,CRE,CN_X_HK,FR,2015,MIO_EUR,77.0
bop_its6_det,SE,Services: construction,CRE,CN_X_HK,FR,2016,MIO_EUR,58.0
bop_its6_det,SE,Services: construction,CRE,CN_X_HK,FR,2017,MIO_EUR,20.0
bop_its6_det,SE,Services: construction,CRE,CN_X_HK,FR,2018,MIO_EUR,64.0
bop_its6_det,SE,Services: construction,CRE,CN_X_HK,FR,2019,MIO_EUR,895.0
bop_its6_det,SE,Services: construction,CRE,CN_X_HK,FR,2020,MIO_EUR,1230.0
bop_its6_det,SE,Services: construction,CRE,CN_X_HK,FR,2021,MIO_EUR,6.0
bop_its6_det,SE,Services: construction,CRE,CN_X_HK,FR,2022,MIO_EUR,9.0
bop_its6_det,SE,Services: construction,CRE,CN_X_HK,FR,2023,MIO_EUR,3.0
bop_its6_det,SE,Services: construction,CRE,CN_X_HK,FR,2024,MIO_EUR,3.0
bop_its6_det,SE,Services: construction,CRE,CN_X_HK,HU,2017,MIO_EUR,0.4
bop_its6_det,SE,Services: construction,CRE,CN_X_HK,HU,2018,MIO_EUR,0.4
bop_its6_det,SE,Services: construction,CRE,CN_X_HK,HU,2019,MIO_EUR,0.9
bop_its6_det,SE,Services: construction,CRE,CN_X_HK,HU,2024,MIO_EUR,0.0
bop_its6_det,SE,Services: construction,CRE,CN_X_HK,IE,2015,MIO_EUR,0.0
bop_its6_det,SE,Services: construction,CRE,CN_X_HK,IE,2016,MIO_EUR,0.0
bop_its6_det,SE,Services: construction,CRE,CN_X_HK,IE,2017,MIO_EUR,0.0
bop_its6_det,SE,Services: construction,CRE,CN_X_HK,IE,2018,MIO_EUR,0.0
bop_its6_det,SE,Services: construction,CRE,CN_X_HK,IE,2019,MIO_EUR,0.0
bop_its6_det,SE,Services: construction,CRE,CN_X_HK,IE,2020,MIO_EUR,0.0
bop_its6_det,SE,Services: construction,CRE,CN_X_HK,IE,2021,MIO_EUR,0.0
bop_its6_det,SE,Services: construction,CRE,CN_X_HK,IE,2022,MIO_EUR,0.0
bop_its6_det,SE,Services: construction,CRE,CN_X_HK,IE,2023,MIO_EUR,0.0
bop_its6_det,SE,Services: construction,CRE,CN_X_HK,IE,2024,MIO_EUR,0.0
bop_its6_det,SE,Services: construction,CRE,CN_X_HK,IT,2015,MIO_EUR,20.0
bop_its6_det,SE,Services: construction,CRE,CN_X_HK,IT,2016,MIO_EUR,12.1
bop_its6_det,SE,Services: construction,CRE,CN_X_HK,IT,2017,MIO_EUR,23.2
bop_its6_det,SE,Services: construction,CRE,CN_X_HK,IT,2018,MIO_EUR,24.4
bop_its6_det,SE,Services: construction,CRE,CN_X_HK,IT,2019,MIO_EUR,28.2
bop_its6_det,SE,Services: construction,CRE,CN_X_HK,IT,2020,MIO_EUR,10.8
bop_its6_det,SE,Services: construction,CRE,CN_X_HK,IT,2021,MIO_EUR,16.4
bop_its6_det,SE,Services: construction,CRE,CN_X_HK,IT,2022,MIO_EUR,11.9
bop_its6_det,SE,Services: construction,CRE,CN_X_HK,IT,2023,MIO_EUR,9.8
bop_its6_det,SE,Services: construction,CRE,CN_X_HK,IT,2024,MIO_EUR,4.3
bop_its6_det,SE,Services: construction,CRE,CN_X_HK,NL,2016,MIO_EUR,33.4
bop_its6_det,SE,Services: construction,CRE,CN_X_HK,NL,2017,MIO_EUR,24.0
bop_its6_det,SE,Services: construction,CRE,CN_X_HK,NL,2018,MIO_EUR,18.2
bop_its6_det,SE,Services: construction,CRE,CN_X_HK,NL,2019,MIO_EUR,16.5
bop_its6_det,SE,Services: construction,CRE,CN_X_HK,NL,2020,MIO_EUR,104.0
bop_its6_det,SE,Services: construction,CRE,CN_X_HK,NL,2022,MIO_EUR,26.2
bop_its6_det,SE,Services: construction,CRE,CN_X_HK,NL,2023,MIO_EUR,4.5
bop_its6_det,SE,Services: construction,CRE,CN_X_HK,NL,2024,MIO_EUR,12.1
bop_its6_det,SE,Services: construction,CRE,CN_X_HK,PL,2015,MIO_EUR,1.4
bop_its6_det,SE,Services: construction,CRE,CN_X_HK,PL,2016,MIO_EUR,0.7
bop_its6_det,SE,Services: construction,CRE,CN_X_HK,PL,2017,MIO_EUR,3.3
bop_its6_det,SE,Services: construction,CRE,CN_X_HK,PL,2018,MIO_EUR,0.9
bop_its6_det,SE,Services: construction,CRE,CN_X_HK,PL,2019,MIO_EUR,0.2
bop_its6_det,SE,Services: construction,CRE,CN_X_HK,PL,2020,MIO_EUR,0.2
bop_its6_det,SE,Services: construction,CRE,CN_X_HK,PL,2021,MIO_EUR,45.8
bop_its6_det,SE,Services: construction,CRE,CN_X_HK,PL,2022,MIO_EUR,80.2
bop_its6_det,SE,Services: construction,CRE,CN_X_HK,PL,2023,MIO_EUR,94.0
bop_its6_det,SE,Services: construction,CRE,CN_X_HK,PL,2024,MIO_EUR,66.9
bop_its6_det,SE,Services: construction,CRE,CN_X_HK,PT,2015,MIO_EUR,0.0
bop_its6_det,SE,Services: construction,CRE,CN_X_HK,PT,2016,MIO_EUR,1.0
bop_its6_det,SE,Services: construction,CRE,CN_X_HK,PT,2017,MIO_EUR,0.0
bop_its6_det,SE,Services: construction,CRE,CN_X_HK,PT,2018,MIO_EUR,1.0
bop_its6_det,SE,Services: construction,CRE,CN_X_HK,PT,2019,MIO_EUR,2.0
bop_its6_det,SE,Services: construction,CRE,CN_X_HK,PT,2020,MIO_EUR,15.0
bop_its6_det,SE,Services: construction,CRE,CN_X_HK,PT,2021,MIO_EUR,4.0
bop_its6_det,SE,Services: construction,CRE,CN_X_HK,PT,2022,MIO_EUR,7.0
bop_its6_det,SE,Services: construction,CRE,CN_X_HK,PT,2023,MIO_EUR,2.0
bop_its6_det,SE,Services: construction,CRE,CN_X_HK,PT,2024,MIO_EUR,2.0
bop_its6_det,SE,Services: construction,CRE,CN_X_HK,RO,2015,MIO_EUR,0.0
bop_its6_det,SE,Services: construction,CRE,CN_X_HK,RO,2016,MIO_EUR,0.0
bop_its6_det,SE,Services: construction,CRE,CN_X_HK,RO,2017,MIO_EUR,0.0
bop_its6_det,SE,Services: construction,CRE,CN_X_HK,RO,2019,MIO_EUR,0.0
bop_its6_det,SE,Services: construction,CRE,CN_X_HK,RO,2020,MIO_EUR,0.0
bop_its6_det,SE,Services: construction,CRE,CN_X_HK,RO,2021,MIO_EUR,0.0
bop_its6_det,SE,Services: construction,CRE,CN_X_HK,RO,2022,MIO_EUR,0.0
bop_its6_det,SE,Services: construction,CRE,CN_X_HK,SE,2015,MIO_EUR,2.4
bop_its6_det,SE,Services: construction,CRE,CN_X_HK,SE,2016,MIO_EUR,12.8
bop_its6_det,SE,Services: construction,CRE,CN_X_HK,SE,2017,MIO_EUR,12.7
bop_its6_det,SE,Services: construction,CRE,CN_X_HK,SE,2018,MIO_EUR,3.7
bop_its6_det,SE,Services: construction,CRE,CN_X_HK,SE,2019,MIO_EUR,1.3
bop_its6_det,SE,Services: construction,CRE,CN_X_HK,SE,2020,MIO_EUR,4.2
bop_its6_det,SE,Services: construction,CRE,CN_X_HK,SE,2021,MIO_EUR,4.6
bop_its6_det,SE,Services: construction,CRE,CN_X_HK,SE,2022,MIO_EUR,3.5
bop_its6_det,SE,Services: construction,CRE,CN_X_HK,SE,2023,MIO_EUR,19.5
bop_its6_det,SE,Services: construction,CRE,CN_X_HK,SE,2024,MIO_EUR,16.9
bop_its6_det,SE,Services: construction,CRE,CN_X_HK,UK,2016,MIO_EUR,47.6
bop_its6_det,SE,Services: construction,CRE,CN_X_HK,UK,2017,MIO_EUR,50.2
bop_its6_det,SI,"Services: telecommunications, computer, and information services",DEB,CN_X_HK,AT,2015,MIO_EUR,6.0
bop_its6_det,SI,"Services: telecommunications, computer, and information services",DEB,CN_X_HK,AT,2016,MIO_EUR,5.0
bop_its6_det,SI,"Services: telecommunications, computer, and information services",DEB,CN_X_HK,AT,2017,MIO_EUR,9.0
bop_its6_det,SI,"Services: telecommunications, computer, and information services",DEB,CN_X_HK,AT,2018,MIO_EUR,14.0
bop_its6_det,SI,"Services: telecommunications, computer, and information services",DEB,CN_X_HK,AT,2019,MIO_EUR,8.0
bop_its6_det,SI,"Services: telecommunications, computer, and information services",DEB,CN_X_HK,AT,2020,MIO_EUR,9.0
bop_its6_det,SI,"Services: telecommunications, computer, and information services",DEB,CN_X_HK,AT,2021,MIO_EUR,23.0
bop_its6_det,SI,"Services: telecommunications, computer, and information services",DEB,CN_X_HK,AT,2022,MIO_EUR,25.0
bop_its6_det,SI,"Services: telecommunications, computer, and information services",DEB,CN_X_HK,AT,2023,MIO_EUR,34.0
bop_its6_det,SI,"Services: telecommunications, computer, and information services",DEB,CN_X_HK,AT,2024,MIO_EUR,21.0
bop_its6_det,SI,"Services: telecommunications, computer, and information services",DEB,CN_X_HK,BE,2015,MIO_EUR,27.0
bop_its6_det,SI,"Services: telecommunications, computer, and information services",DEB,CN_X_HK,BE,2016,MIO_EUR,17.0
bop_its6_det,SI,"Services: telecommunications, computer, and information services",DEB,CN_X_HK,BE,2017,MIO_EUR,54.0
bop_its6_det,SI,"Services: telecommunications, computer, and information services",DEB,CN_X_HK,BE,2018,MIO_EUR,87.0
bop_its6_det,SI,"Services: telecommunications, computer, and information services",DEB,CN_X_HK,BE,2019,MIO_EUR,65.0
bop_its6_det,SI,"Services: telecommunications, computer, and information services",DEB,CN_X_HK,BE,2020,MIO_EUR,55.0
bop_its6_det,SI,"Services: telecommunications, computer, and information services",DEB,CN_X_HK,BE,2021,MIO_EUR,67.0
bop_its6_det,SI,"Services: telecommunications, computer, and information services",DEB,CN_X_HK,BE,2022,MIO_EUR,63.0
bop_its6_det,SI,"Services: telecommunications, computer, and information services",DEB,CN_X_HK,BE,2023,MIO_EUR,45.0
bop_its6_det,SI,"Services: telecommunications, computer, and information services",DEB,CN_X_HK,BE,2024,MIO_EUR,38.0
bop_its6_det,SI,"Services: telecommunications, computer, and information services",DEB,CN_X_HK,CZ,2015,MIO_EUR,34.9
bop_its6_det,SI,"Services: telecommunications, computer, and information services",DEB,CN_X_HK,CZ,2016,MIO_EUR,20.8
bop_its6_det,SI,"Services: telecommunications, computer, and information services",DEB,CN_X_HK,CZ,2017,MIO_EUR,22.0
bop_its6_det,SI,"Services: telecommunications, computer, and information services",DEB,CN_X_HK,CZ,2018,MIO_EUR,14.7
bop_its6_det,SI,"Services: telecommunications, computer, and information services",DEB,CN_X_HK,CZ,2019,MIO_EUR,14.8
bop_its6_det,SI,"Services: telecommunications, computer, and information services",DEB,CN_X_HK,CZ,2020,MIO_EUR,17.5
bop_its6_det,SI,"Services: telecommunications, computer, and information services",DEB,CN_X_HK,CZ,2021,MIO_EUR,22.2
bop_its6_det,SI,"Services: telecommunications, computer, and information services",DEB,CN_X_HK,CZ,2022,MIO_EUR,21.2
bop_its6_det,SI,"Services: telecommunications, computer, and information services",DEB,CN_X_HK,CZ,2023,MIO_EUR,34.3
bop_its6_det,SI,"Services: telecommunications, computer, and information services",DEB,CN_X_HK,CZ,2024,MIO_EUR,27.3
bop_its6_det,SI,"Services: telecommunications, computer, and information services",DEB,CN_X_HK,DE,2015,MIO_EUR,297.0
bop_its6_det,SI,"Services: telecommunications, computer, and information services",DEB,CN_X_HK,DE,2017,MIO_EUR,467.0
bop_its6_det,SI,"Services: telecommunications, computer, and information services",DEB,CN_X_HK,DE,2018,MIO_EUR,562.0
bop_its6_det,SI,"Services: telecommunications, computer, and information services",DEB,CN_X_HK,DE,2019,MIO_EUR,800.0
bop_its6_det,SI,"Services: telecommunications, computer, and information services",DEB,CN_X_HK,DE,2020,MIO_EUR,627.0
bop_its6_det,SI,"Services: telecommunications, computer, and information services",DEB,CN_X_HK,DE,2021,MIO_EUR,668.0
bop_its6_det,SI,"Services: telecommunications, computer, and information services",DEB,CN_X_HK,DE,2022,MIO_EUR,943.0
bop_its6_det,SI,"Services: telecommunications, computer, and information services",DEB,CN_X_HK,DE,2023,MIO_EUR,1217.0
bop_its6_det,SI,"Services: telecommunications, computer, and information services",DEB,CN_X_HK,DE,2024,MIO_EUR,1121.0
bop_its6_det,SI,"Services: telecommunications, computer, and information services",DEB,CN_X_HK,DK,2015,MIO_EUR,29.5
bop_its6_det,SI,"Services: telecommunications, computer, and information services",DEB,CN_X_HK,DK,2016,MIO_EUR,28.5
bop_its6_det,SI,"Services: telecommunications, computer, and information services",DEB,CN_X_HK,DK,2017,MIO_EUR,32.0
bop_its6_det,SI,"Services: telecommunications, computer, and information services",DEB,CN_X_HK,DK,2018,MIO_EUR,45.9
bop_its6_det,SI,"Services: telecommunications, computer, and information services",DEB,CN_X_HK,DK,2019,MIO_EUR,51.2
bop_its6_det,SI,"Services: telecommunications, computer, and information services",DEB,CN_X_HK,DK,2020,MIO_EUR,35.7
bop_its6_det,SI,"Services: telecommunications, computer, and information services",DEB,CN_X_HK,DK,2021,MIO_EUR,33.3
bop_its6_det,SI,"Services: telecommunications, computer, and information services",DEB,CN_X_HK,DK,2022,MIO_EUR,61.3
bop_its6_det,SI,"Services: telecommunications, computer, and information services",DEB,CN_X_HK,DK,2023,MIO_EUR,43.5
bop_its6_det,SI,"Services: telecommunications, computer, and information services",DEB,CN_X_HK,DK,2024,MIO_EUR,20.0
bop_its6_det,SI,"Services: telecommunications, computer, and information services",DEB,CN_X_HK,EL,2015,MIO_EUR,1.0
bop_its6_det,SI,"Services: telecommunications, computer, and information services",DEB,CN_X_HK,EL,2016,MIO_EUR,0.3
bop_its6_det,SI,"Services: telecommunications, computer, and information services",DEB,CN_X_HK,EL,2017,MIO_EUR,0.5
bop_its6_det,SI,"Services: telecommunications, computer, and information services",DEB,CN_X_HK,EL,2018,MIO_EUR,1.3
bop_its6_det,SI,"Services: telecommunications, computer, and information services",DEB,CN_X_HK,EL,2019,MIO_EUR,1.2
bop_its6_det,SI,"Services: telecommunications, computer, and information services",DEB,CN_X_HK,EL,2020,MIO_EUR,2.6
bop_its6_det,SI,"Services: telecommunications, computer, and information services",DEB,CN_X_HK,EL,2021,MIO_EUR,2.8
bop_its6_det,SI,"Services: telecommunications, computer, and information services",DEB,CN_X_HK,EL,2022,MIO_EUR,4.5
bop_its6_det,SI,"Services: telecommunications, computer, and information services",DEB,CN_X_HK,EL,2023,MIO_EUR,4.0
bop_its6_det,SI,"Services: telecommunications, computer, and information services",DEB,CN_X_HK,EL,2024,MIO_EUR,5.5
bop_its6_det,SI,"Services: telecommunications, computer, and information services",DEB,CN_X_HK,ES,2015,MIO_EUR,32.0
bop_its6_det,SI,"Services: telecommunications, computer, and information services",DEB,CN_X_HK,ES,2016,MIO_EUR,17.0
bop_its6_det,SI,"Services: telecommunications, computer, and information services",DEB,CN_X_HK,ES,2017,MIO_EUR,47.0
bop_its6_det,SI,"Services: telecommunications, computer, and information services",DEB,CN_X_HK,ES,2018,MIO_EUR,17.0
bop_its6_det,SI,"Services: telecommunications, computer, and information services",DEB,CN_X_HK,ES,2019,MIO_EUR,14.0
bop_its6_det,SI,"Services: telecommunications, computer, and information services",DEB,CN_X_HK,ES,2020,MIO_EUR,28.0
bop_its6_det,SI,"Services: telecommunications, computer, and information services",DEB,CN_X_HK,ES,2021,MIO_EUR,52.0
bop_its6_det,SI,"Services: telecommunications, computer, and information services",DEB,CN_X_HK,ES,2022,MIO_EUR,39.0
bop_its6_det,SI,"Services: telecommunications, computer, and information services",DEB,CN_X_HK,ES,2023,MIO_EUR,11.0
bop_its6_det,SI,"Services: telecommunications, computer, and information services",DEB,CN_X_HK,ES,2024,MIO_EUR,13.0
bop_its6_det,SI,"Services: telecommunications, computer, and information services",DEB,CN_X_HK,EU27_2020,2015,MIO_EUR,811.6
bop_its6_det,SI,"Services: telecommunications, computer, and information services",DEB,CN_X_HK,EU27_2020,2016,MIO_EUR,1370.8
bop_its6_det,SI,"Services: telecommunications, computer, and information services",DEB,CN_X_HK,EU27_2020,2017,MIO_EUR,1095.1
bop_its6_det,SI,"Services: telecommunications, computer, and information services",DEB,CN_X_HK,EU27_2020,2018,MIO_EUR,1280.3
bop_its6_det,SI,"Services: telecommunications, computer, and information services",DEB,CN_X_HK,EU27_2020,2019,MIO_EUR,1560.0
bop_its6_det,SI,"Services: telecommunications, computer, and information services",DEB,CN_X_HK,EU27_2020,2020,MIO_EUR,1338.6
bop_its6_det,SI,"Services: telecommunications, computer, and information services",DEB,CN_X_HK,EU27_2020,2021,MIO_EUR,1498.2
bop_its6_det,SI,"Services: telecommunications, computer, and information services",DEB,CN_X_HK,EU27_2020,2022,MIO_EUR,2010.2
bop_its6_det,SI,"Services: telecommunications, computer, and information services",DEB,CN_X_HK,EU27_2020,2023,MIO_EUR,2289.8
bop_its6_det,SI,"Services: telecommunications, computer, and information services",DEB,CN_X_HK,EU27_2020,2024,MIO_EUR,2091.0
bop_its6_det,SI,"Services: telecommunications, computer, and information services",DEB,CN_X_HK,FI,2015,MIO_EUR,10.0
bop_its6_det,SI,"Services: telecommunications, computer, and information services",DEB,CN_X_HK,FI,2016,MIO_EUR,5.0
bop_its6_det,SI,"Services: telecommunications, computer, and information services",DEB,CN_X_HK,FI,2017,MIO_EUR,14.0
bop_its6_det,SI,"Services: telecommunications, computer, and information services",DEB,CN_X_HK,FI,2018,MIO_EUR,23.0
bop_its6_det,SI,"Services: telecommunications, computer, and information services",DEB,CN_X_HK,FI,2019,MIO_EUR,22.0
bop_its6_det,SI,"Services: telecommunications, computer, and information services",DEB,CN_X_HK,FI,2020,MIO_EUR,20.0
bop_its6_det,SI,"Services: telecommunications, computer, and information services",DEB,CN_X_HK,FI,2021,MIO_EUR,20.0
bop_its6_det,SI,"Services: telecommunications, computer, and information services",DEB,CN_X_HK,FI,2022,MIO_EUR,19.0
bop_its6_det,SI,"Services: telecommunications, computer, and information services",DEB,CN_X_HK,FI,2023,MIO_EUR,8.0
bop_its6_det,SI,"Services: telecommunications, computer, and information services",DEB,CN_X_HK,FI,2024,MIO_EUR,9.0
bop_its6_det,SI,"Services: telecommunications, computer, and information services",DEB,CN_X_HK,FR,2015,MIO_EUR,95.0
bop_its6_det,SI,"Services: telecommunications, computer, and information services",DEB,CN_X_HK,FR,2016,MIO_EUR,73.0
bop_its6_det,SI,"Services: telecommunications, computer, and information services",DEB,CN_X_HK,FR,2017,MIO_EUR,58.0
bop_its6_det,SI,"Services: telecommunications, computer, and information services",DEB,CN_X_HK,FR,2018,MIO_EUR,55.0
bop_its6_det,SI,"Services: telecommunications, computer, and information services",DEB,CN_X_HK,FR,2019,MIO_EUR,153.0
bop_its6_det,SI,"Services: telecommunications, computer, and information services",DEB,CN_X_HK,FR,2020,MIO_EUR,78.0
bop_its6_det,SI,"Services: telecommunications, computer, and information services",DEB,CN_X_HK,FR,2021,MIO_EUR,100.0
bop_its6_det,SI,"Services: telecommunications, computer, and information services",DEB,CN_X_HK,FR,2022,MIO_EUR,157.0
bop_its6_det,SI,"Services: telecommunications, computer, and information services",DEB,CN_X_HK,FR,2023,MIO_EUR,181.0
bop_its6_det,SI,"Services: telecommunications, computer, and information services",DEB,CN_X_HK,FR,2024,MIO_EUR,172.0
bop_its6_det,SI,"Services: telecommunications, computer, and information services",DEB,CN_X_HK,HU,2015,MIO_EUR,16.0
bop_its6_det,SI,"Services: telecommunications, computer, and information services",DEB,CN_X_HK,HU,2016,MIO_EUR,3.9
bop_its6_det,SI,"Services: telecommunications, computer, and information services",DEB,CN_X_HK,HU,2017,MIO_EUR,5.7
bop_its6_det,SI,"Services: telecommunications, computer, and information services",DEB,CN_X_HK,HU,2018,MIO_EUR,6.1
bop_its6_det,SI,"Services: telecommunications, computer, and information services",DEB,CN_X_HK,HU,2019,MIO_EUR,23.9
bop_its6_det,SI,"Services: telecommunications, computer, and information services",DEB,CN_X_HK,HU,2020,MIO_EUR,9.1
bop_its6_det,SI,"Services: telecommunications, computer, and information services",DEB,CN_X_HK,HU,2021,MIO_EUR,8.9
bop_its6_det,SI,"Services: telecommunications, computer, and information services",DEB,CN_X_HK,HU,2022,MIO_EUR,71.7
bop_its6_det,SI,"Services: telecommunications, computer, and information services",DEB,CN_X_HK,HU,2023,MIO_EUR,31.8
bop_its6_det,SI,"Services: telecommunications, computer, and information services",DEB,CN_X_HK,HU,2024,MIO_EUR,61.2
bop_its6_det,SI,"Services: telecommunications, computer, and information services",DEB,CN_X_HK,IE,2015,MIO_EUR,7.0
bop_its6_det,SI,"Services: telecommunications, computer, and information services",DEB,CN_X_HK,IE,2016,MIO_EUR,17.0
bop_its6_det,SI,"Services: telecommunications, computer, and information services",DEB,CN_X_HK,IE,2017,MIO_EUR,8.0
bop_its6_det,SI,"Services: telecommunications, computer, and information services",DEB,CN_X_HK,IE,2018,MIO_EUR,23.0
bop_its6_det,SI,"Services: telecommunications, computer, and information services",DEB,CN_X_HK,IE,2019,MIO_EUR,54.0
bop_its6_det,SI,"Services: telecommunications, computer, and information services",DEB,CN_X_HK,IE,2020,MIO_EUR,145.0
bop_its6_det,SI,"Services: telecommunications, computer, and information services",DEB,CN_X_HK,IE,2021,MIO_EUR,155.0
bop_its6_det,SI,"Services: telecommunications, computer, and information services",DEB,CN_X_HK,IE,2022,MIO_EUR,128.0
bop_its6_det,SI,"Services: telecommunications, computer, and information services",DEB,CN_X_HK,IE,2023,MIO_EUR,128.0
bop_its6_det,SI,"Services: telecommunications, computer, and information services",DEB,CN_X_HK,IE,2024,MIO_EUR,121.0
bop_its6_det,SI,"Services: telecommunications, computer, and information services",DEB,CN_X_HK,IT,2015,MIO_EUR,18.5
bop_its6_det,SI,"Services: telecommunications, computer, and information services",DEB,CN_X_HK,IT,2016,MIO_EUR,25.4
bop_its6_det,SI,"Services: telecommunications, computer, and information services",DEB,CN_X_HK,IT,2017,MIO_EUR,38.3
bop_its6_det,SI,"Services: telecommunications, computer, and information services",DEB,CN_X_HK,IT,2018,MIO_EUR,36.8
bop_its6_det,SI,"Services: telecommunications, computer, and information services",DEB,CN_X_HK,IT,2019,MIO_EUR,56.3
bop_its6_det,SI,"Services: telecommunications, computer, and information services",DEB,CN_X_HK,IT,2020,MIO_EUR,43.8
bop_its6_det,SI,"Services: telecommunications, computer, and information services",DEB,CN_X_HK,IT,2021,MIO_EUR,38.7
bop_its6_det,SI,"Services: telecommunications, computer, and information services",DEB,CN_X_HK,IT,2022,MIO_EUR,42.0
bop_its6_det,SI,"Services: telecommunications, computer, and information services",DEB,CN_X_HK,IT,2023,MIO_EUR,55.5
bop_its6_det,SI,"Services: telecommunications, computer, and information services",DEB,CN_X_HK,IT,2024,MIO_EUR,30.6
bop_its6_det,SI,"Services: telecommunications, computer, and information services",DEB,CN_X_HK,NL,2015,MIO_EUR,158.9
bop_its6_det,SI,"Services: telecommunications, computer, and information services",DEB,CN_X_HK,NL,2016,MIO_EUR,614.2
bop_its6_det,SI,"Services: telecommunications, computer, and information services",DEB,CN_X_HK,NL,2017,MIO_EUR,269.0
bop_its6_det,SI,"Services: telecommunications, computer, and information services",DEB,CN_X_HK,NL,2018,MIO_EUR,273.7
bop_its6_det,SI,"Services: telecommunications, computer, and information services",DEB,CN_X_HK,NL,2019,MIO_EUR,141.0
bop_its6_det,SI,"Services: telecommunications, computer, and information services",DEB,CN_X_HK,NL,2020,MIO_EUR,137.4
bop_its6_det,SI,"Services: telecommunications, computer, and information services",DEB,CN_X_HK,NL,2021,MIO_EUR,56.2
bop_its6_det,SI,"Services: telecommunications, computer, and information services",DEB,CN_X_HK,NL,2022,MIO_EUR,59.7
bop_its6_det,SI,"Services: telecommunications, computer, and information services",DEB,CN_X_HK,NL,2023,MIO_EUR,70.3
bop_its6_det,SI,"Services: telecommunications, computer, and information services",DEB,CN_X_HK,NL,2024,MIO_EUR,115.9
bop_its6_det,SI,"Services: telecommunications, computer, and information services",DEB,CN_X_HK,PL,2015,MIO_EUR,4.3
bop_its6_det,SI,"Services: telecommunications, computer, and information services",DEB,CN_X_HK,PL,2016,MIO_EUR,5.5
bop_its6_det,SI,"Services: telecommunications, computer, and information services",DEB,CN_X_HK,PL,2017,MIO_EUR,7.3
bop_its6_det,SI,"Services: telecommunications, computer, and information services",DEB,CN_X_HK,PL,2018,MIO_EUR,8.0
bop_its6_det,SI,"Services: telecommunications, computer, and information services",DEB,CN_X_HK,PL,2019,MIO_EUR,9.8
bop_its6_det,SI,"Services: telecommunications, computer, and information services",DEB,CN_X_HK,PL,2020,MIO_EUR,12.8
bop_its6_det,SI,"Services: telecommunications, computer, and information services",DEB,CN_X_HK,PL,2021,MIO_EUR,30.2
bop_its6_det,SI,"Services: telecommunications, computer, and information services",DEB,CN_X_HK,PL,2022,MIO_EUR,50.4
bop_its6_det,SI,"Services: telecommunications, computer, and information services",DEB,CN_X_HK,PL,2023,MIO_EUR,69.6
bop_its6_det,SI,"Services: telecommunications, computer, and information services",DEB,CN_X_HK,PL,2024,MIO_EUR,105.0
bop_its6_det,SI,"Services: telecommunications, computer, and information services",DEB,CN_X_HK,PT,2015,MIO_EUR,1.0
bop_its6_det,SI,"Services: telecommunications, computer, and information services",DEB,CN_X_HK,PT,2016,MIO_EUR,1.0
bop_its6_det,SI,"Services: telecommunications, computer, and information services",DEB,CN_X_HK,PT,2017,MIO_EUR,1.0
bop_its6_det,SI,"Services: telecommunications, computer, and information services",DEB,CN_X_HK,PT,2018,MIO_EUR,1.0
bop_its6_det,SI,"Services: telecommunications, computer, and information services",DEB,CN_X_HK,PT,2019,MIO_EUR,1.0
bop_its6_det,SI,"Services: telecommunications, computer, and information services",DEB,CN_X_HK,PT,2020,MIO_EUR,1.0
bop_its6_det,SI,"Services: telecommunications, computer, and information services",DEB,CN_X_HK,PT,2021,MIO_EUR,1.0
bop_its6_det,SI,"Services: telecommunications, computer, and information services",DEB,CN_X_HK,PT,2022,MIO_EUR,3.0
bop_its6_det,SI,"Services: telecommunications, computer, and information services",DEB,CN_X_HK,PT,2023,MIO_EUR,3.0
bop_its6_det,SI,"Services: telecommunications, computer, and information services",DEB,CN_X_HK,PT,2024,MIO_EUR,2.0
bop_its6_det,SI,"Services: telecommunications, computer, and information services",DEB,CN_X_HK,RO,2015,MIO_EUR,1.8
bop_its6_det,SI,"Services: telecommunications, computer, and information services",DEB,CN_X_HK,RO,2016,MIO_EUR,0.9
bop_its6_det,SI,"Services: telecommunications, computer, and information services",DEB,CN_X_HK,RO,2017,MIO_EUR,1.8
bop_its6_det,SI,"Services: telecommunications, computer, and information services",DEB,CN_X_HK,RO,2018,MIO_EUR,4.5
bop_its6_det,SI,"Services: telecommunications, computer, and information services",DEB,CN_X_HK,RO,2019,MIO_EUR,6.1
bop_its6_det,SI,"Services: telecommunications, computer, and information services",DEB,CN_X_HK,RO,2020,MIO_EUR,5.0
bop_its6_det,SI,"Services: telecommunications, computer, and information services",DEB,CN_X_HK,RO,2021,MIO_EUR,15.0
bop_its6_det,SI,"Services: telecommunications, computer, and information services",DEB,CN_X_HK,RO,2022,MIO_EUR,32.9
bop_its6_det,SI,"Services: telecommunications, computer, and information services",DEB,CN_X_HK,RO,2023,MIO_EUR,50.5
bop_its6_det,SI,"Services: telecommunications, computer, and information services",DEB,CN_X_HK,RO,2024,MIO_EUR,2.6
bop_its6_det,SI,"Services: telecommunications, computer, and information services",DEB,CN_X_HK,SE,2015,MIO_EUR,46.7
bop_its6_det,SI,"Services: telecommunications, computer, and information services",DEB,CN_X_HK,SE,2016,MIO_EUR,36.2
bop_its6_det,SI,"Services: telecommunications, computer, and information services",DEB,CN_X_HK,SE,2017,MIO_EUR,44.9
bop_its6_det,SI,"Services: telecommunications, computer, and information services",DEB,CN_X_HK,SE,2018,MIO_EUR,91.9
bop_its6_det,SI,"Services: telecommunications, computer, and information services",DEB,CN_X_HK,SE,2019,MIO_EUR,116.4
bop_its6_det,SI,"Services: telecommunications, computer, and information services",DEB,CN_X_HK,SE,2020,MIO_EUR,92.6
bop_its6_det,SI,"Services: telecommunications, computer, and information services",DEB,CN_X_HK,SE,2021,MIO_EUR,144.4
bop_its6_det,SI,"Services: telecommunications, computer, and information services",DEB,CN_X_HK,SE,2022,MIO_EUR,192.2
bop_its6_det,SI,"Services: telecommunications, computer, and information services",DEB,CN_X_HK,SE,2023,MIO_EUR,170.3
bop_its6_det,SI,"Services: telecommunications, computer, and information services",DEB,CN_X_HK,SE,2024,MIO_EUR,134.2
bop_its6_det,SI,"Services: telecommunications, computer, and information services",DEB,CN_X_HK,UK,2016,MIO_EUR,73.2
bop_its6_det,SI,"Services: telecommunications, computer, and information services",DEB,CN_X_HK,UK,2017,MIO_EUR,58.2
bop_its6_det,SI,"Services: telecommunications, computer, and information services",DEB,CN_X_HK,UK,2018,MIO_EUR,72.3
bop_its6_det,SI,"Services: telecommunications, computer, and information services",DEB,CN_X_HK,UK,2019,MIO_EUR,133.3
bop_its6_det,SI,"Services: telecommunications, computer, and information services",CRE,CN_X_HK,AT,2015,MIO_EUR,25.0
bop_its6_det,SI,"Services: telecommunications, computer, and information services",CRE,CN_X_HK,AT,2016,MIO_EUR,27.0
bop_its6_det,SI,"Services: telecommunications, computer, and information services",CRE,CN_X_HK,AT,2017,MIO_EUR,40.0
bop_its6_det,SI,"Services: telecommunications, computer, and information services",CRE,CN_X_HK,AT,2018,MIO_EUR,46.0
bop_its6_det,SI,"Services: telecommunications, computer, and information services",CRE,CN_X_HK,AT,2019,MIO_EUR,55.0
bop_its6_det,SI,"Services: telecommunications, computer, and information services",CRE,CN_X_HK,AT,2020,MIO_EUR,46.0
bop_its6_det,SI,"Services: telecommunications, computer, and information services",CRE,CN_X_HK,AT,2021,MIO_EUR,52.0
bop_its6_det,SI,"Services: telecommunications, computer, and information services",CRE,CN_X_HK,AT,2022,MIO_EUR,75.0
bop_its6_det,SI,"Services: telecommunications, computer, and information services",CRE,CN_X_HK,AT,2023,MIO_EUR,64.0
bop_its6_det,SI,"Services: telecommunications, computer, and information services",CRE,CN_X_HK,AT,2024,MIO_EUR,74.0
bop_its6_det,SI,"Services: telecommunications, computer, and information services",CRE,CN_X_HK,BE,2015,MIO_EUR,50.0
bop_its6_det,SI,"Services: telecommunications, computer, and information services",CRE,CN_X_HK,BE,2016,MIO_EUR,59.0
bop_its6_det,SI,"Services: telecommunications, computer, and information services",CRE,CN_X_HK,BE,2017,MIO_EUR,80.0
bop_its6_det,SI,"Services: telecommunications, computer, and information services",CRE,CN_X_HK,BE,2018,MIO_EUR,130.0
bop_its6_det,SI,"Services: telecommunications, computer, and information services",CRE,CN_X_HK,BE,2019,MIO_EUR,112.0
bop_its6_det,SI,"Services: telecommunications, computer, and information services",CRE,CN_X_HK,BE,2020,MIO_EUR,122.0
bop_its6_det,SI,"Services: telecommunications, computer, and information services",CRE,CN_X_HK,BE,2021,MIO_EUR,91.0
bop_its6_det,SI,"Services: telecommunications, computer, and information services",CRE,CN_X_HK,BE,2022,MIO_EUR,80.0
bop_its6_det,SI,"Services: telecommunications, computer, and information services",CRE,CN_X_HK,BE,2023,MIO_EUR,93.0
bop_its6_det,SI,"Services: telecommunications, computer, and information services",CRE,CN_X_HK,BE,2024,MIO_EUR,97.0
bop_its6_det,SI,"Services: telecommunications, computer, and information services",CRE,CN_X_HK,CZ,2015,MIO_EUR,5.9
bop_its6_det,SI,"Services: telecommunications, computer, and information services",CRE,CN_X_HK,CZ,2016,MIO_EUR,18.8
bop_its6_det,SI,"Services: telecommunications, computer, and information services",CRE,CN_X_HK,CZ,2017,MIO_EUR,32.6
bop_its6_det,SI,"Services: telecommunications, computer, and information services",CRE,CN_X_HK,CZ,2018,MIO_EUR,39.6
bop_its6_det,SI,"Services: telecommunications, computer, and information services",CRE,CN_X_HK,CZ,2019,MIO_EUR,56.3
bop_its6_det,SI,"Services: telecommunications, computer, and information services",CRE,CN_X_HK,CZ,2020,MIO_EUR,54.8
bop_its6_det,SI,"Services: telecommunications, computer, and information services",CRE,CN_X_HK,CZ,2021,MIO_EUR,61.9
bop_its6_det,SI,"Services: telecommunications, computer, and information services",CRE,CN_X_HK,CZ,2022,MIO_EUR,34.9
bop_its6_det,SI,"Services: telecommunications, computer, and information services",CRE,CN_X_HK,CZ,2023,MIO_EUR,41.3
bop_its6_det,SI,"Services: telecommunications, computer, and information services",CRE,CN_X_HK,CZ,2024,MIO_EUR,37.1
bop_its6_det,SI,"Services: telecommunications, computer, and information services",CRE,CN_X_HK,DE,2015,MIO_EUR,498.0
bop_its6_det,SI,"Services: telecommunications, computer, and information services",CRE,CN_X_HK,DE,2017,MIO_EUR,783.0
bop_its6_det,SI,"Services: telecommunications, computer, and information services",CRE,CN_X_HK,DE,2018,MIO_EUR,950.0
bop_its6_det,SI,"Services: telecommunications, computer, and information services",CRE,CN_X_HK,DE,2019,MIO_EUR,1153.0
bop_its6_det,SI,"Services: telecommunications, computer, and information services",CRE,CN_X_HK,DE,2020,MIO_EUR,1225.0
bop_its6_det,SI,"Services: telecommunications, computer, and information services",CRE,CN_X_HK,DE,2021,MIO_EUR,1509.0
bop_its6_det,SI,"Services: telecommunications, computer, and information services",CRE,CN_X_HK,DE,2022,MIO_EUR,1822.0
bop_its6_det,SI,"Services: telecommunications, computer, and information services",CRE,CN_X_HK,DE,2023,MIO_EUR,2149.0
bop_its6_det,SI,"Services: telecommunications, computer, and information services",CRE,CN_X_HK,DE,2024,MIO_EUR,2183.0
bop_its6_det,SI,"Services: telecommunications, computer, and information services",CRE,CN_X_HK,DK,2015,MIO_EUR,19.6
bop_its6_det,SI,"Services: telecommunications, computer, and information services",CRE,CN_X_HK,DK,2016,MIO_EUR,18.8
bop_its6_det,SI,"Services: telecommunications, computer, and information services",CRE,CN_X_HK,DK,2017,MIO_EUR,33.7
bop_its6_det,SI,"Services: telecommunications, computer, and information services",CRE,CN_X_HK,DK,2018,MIO_EUR,41.1
bop_its6_det,SI,"Services: telecommunications, computer, and information services",CRE,CN_X_HK,DK,2019,MIO_EUR,39.5
bop_its6_det,SI,"Services: telecommunications, computer, and information services",CRE,CN_X_HK,DK,2020,MIO_EUR,38.2
bop_its6_det,SI,"Services: telecommunications, computer, and information services",CRE,CN_X_HK,DK,2021,MIO_EUR,49.3
bop_its6_det,SI,"Services: telecommunications, computer, and information services",CRE,CN_X_HK,DK,2022,MIO_EUR,93.0
bop_its6_det,SI,"Services: telecommunications, computer, and information services",CRE,CN_X_HK,DK,2023,MIO_EUR,78.8
bop_its6_det,SI,"Services: telecommunications, computer, and information services",CRE,CN_X_HK,DK,2024,MIO_EUR,69.3
bop_its6_det,SI,"Services: telecommunications, computer, and information services",CRE,CN_X_HK,EL,2015,MIO_EUR,0.5
bop_its6_det,SI,"Services: telecommunications, computer, and information services",CRE,CN_X_HK,EL,2016,MIO_EUR,0.9
bop_its6_det,SI,"Services: telecommunications, computer, and information services",CRE,CN_X_HK,EL,2017,MIO_EUR,0.6
bop_its6_det,SI,"Services: telecommunications, computer, and information services",CRE,CN_X_HK,EL,2018,MIO_EUR,1.6
bop_its6_det,SI,"Services: telecommunications, computer, and information services",CRE,CN_X_HK,EL,2019,MIO_EUR,1.8
bop_its6_det,SI,"Services: telecommunications, computer, and information services",CRE,CN_X_HK,EL,2020,MIO_EUR,3.5
bop_its6_det,SI,"Services: telecommunications, computer, and information services",CRE,CN_X_HK,EL,2021,MIO_EUR,2.0
bop_its6_det,SI,"Services: telecommunications, computer, and information services",CRE,CN_X_HK,EL,2022,MIO_EUR,1.1
bop_its6_det,SI,"Services: telecommunications, computer, and information services",CRE,CN_X_HK,EL,2023,MIO_EUR,0.9
bop_its6_det,SI,"Services: telecommunications, computer, and information services",CRE,CN_X_HK,EL,2024,MIO_EUR,0.3
bop_its6_det,SI,"Services: telecommunications, computer, and information services",CRE,CN_X_HK,ES,2015,MIO_EUR,96.0
bop_its6_det,SI,"Services: telecommunications, computer, and information services",CRE,CN_X_HK,ES,2016,MIO_EUR,135.0
bop_its6_det,SI,"Services: telecommunications, computer, and information services",CRE,CN_X_HK,ES,2017,MIO_EUR,141.0
bop_its6_det,SI,"Services: telecommunications, computer, and information services",CRE,CN_X_HK,ES,2018,MIO_EUR,154.0
bop_its6_det,SI,"Services: telecommunications, computer, and information services",CRE,CN_X_HK,ES,2019,MIO_EUR,209.0
bop_its6_det,SI,"Services: telecommunications, computer, and information services",CRE,CN_X_HK,ES,2020,MIO_EUR,58.0
bop_its6_det,SI,"Services: telecommunications, computer, and information services",CRE,CN_X_HK,ES,2021,MIO_EUR,105.0
bop_its6_det,SI,"Services: telecommunications, computer, and information services",CRE,CN_X_HK,ES,2022,MIO_EUR,78.0
bop_its6_det,SI,"Services: telecommunications, computer, and information services",CRE,CN_X_HK,ES,2023,MIO_EUR,132.0
bop_its6_det,SI,"Services: telecommunications, computer, and information services",CRE,CN_X_HK,ES,2024,MIO_EUR,80.0
bop_its6_det,SI,"Services: telecommunications, computer, and information services",CRE,CN_X_HK,EU27_2020,2015,MIO_EUR,4010.4
bop_its6_det,SI,"Services: telecommunications, computer, and information services",CRE,CN_X_HK,EU27_2020,2016,MIO_EUR,4385.8
bop_its6_det,SI,"Services: telecommunications, computer, and information services",CRE,CN_X_HK,EU27_2020,2017,MIO_EUR,4671.6
bop_its6_det,SI,"Services: telecommunications, computer, and information services",CRE,CN_X_HK,EU27_2020,2018,MIO_EUR,5961.8
bop_its6_det,SI,"Services: telecommunications, computer, and information services",CRE,CN_X_HK,EU27_2020,2019,MIO_EUR,7902.6
bop_its6_det,SI,"Services: telecommunications, computer, and information services",CRE,CN_X_HK,EU27_2020,2020,MIO_EUR,8038.0
bop_its6_det,SI,"Services: telecommunications, computer, and information services",CRE,CN_X_HK,EU27_2020,2021,MIO_EUR,10450.5
bop_its6_det,SI,"Services: telecommunications, computer, and information services",CRE,CN_X_HK,EU27_2020,2022,MIO_EUR,11406.5
bop_its6_det,SI,"Services: telecommunications, computer, and information services",CRE,CN_X_HK,EU27_2020,2023,MIO_EUR,12144.2
bop_its6_det,SI,"Services: telecommunications, computer, and information services",CRE,CN_X_HK,EU27_2020,2024,MIO_EUR,13391.1
bop_its6_det,SI,"Services: telecommunications, computer, and information services",CRE,CN_X_HK,FI,2015,MIO_EUR,205.0
bop_its6_det,SI,"Services: telecommunications, computer, and information services",CRE,CN_X_HK,FI,2016,MIO_EUR,370.0
bop_its6_det,SI,"Services: telecommunications, computer, and information services",CRE,CN_X_HK,FI,2017,MIO_EUR,288.0
bop_its6_det,SI,"Services: telecommunications, computer, and information services",CRE,CN_X_HK,FI,2018,MIO_EUR,265.0
bop_its6_det,SI,"Services: telecommunications, computer, and information services",CRE,CN_X_HK,FI,2019,MIO_EUR,521.0
bop_its6_det,SI,"Services: telecommunications, computer, and information services",CRE,CN_X_HK,FI,2020,MIO_EUR,487.0
bop_its6_det,SI,"Services: telecommunications, computer, and information services",CRE,CN_X_HK,FI,2021,MIO_EUR,440.0
bop_its6_det,SI,"Services: telecommunications, computer, and information services",CRE,CN_X_HK,FI,2022,MIO_EUR,352.0
bop_its6_det,SI,"Services: telecommunications, computer, and information services",CRE,CN_X_HK,FI,2023,MIO_EUR,237.0
bop_its6_det,SI,"Services: telecommunications, computer, and information services",CRE,CN_X_HK,FI,2024,MIO_EUR,214.0
bop_its6_det,SI,"Services: telecommunications, computer, and information services",CRE,CN_X_HK,FR,2015,MIO_EUR,62.0
bop_its6_det,SI,"Services: telecommunications, computer, and information services",CRE,CN_X_HK,FR,2016,MIO_EUR,61.0
bop_its6_det,SI,"Services: telecommunications, computer, and information services",CRE,CN_X_HK,FR,2017,MIO_EUR,62.0
bop_its6_det,SI,"Services: telecommunications, computer, and information services",CRE,CN_X_HK,FR,2018,MIO_EUR,63.0
bop_its6_det,SI,"Services: telecommunications, computer, and information services",CRE,CN_X_HK,FR,2019,MIO_EUR,489.0
bop_its6_det,SI,"Services: telecommunications, computer, and information services",CRE,CN_X_HK,FR,2020,MIO_EUR,133.0
bop_its6_det,SI,"Services: telecommunications, computer, and information services",CRE,CN_X_HK,FR,2021,MIO_EUR,166.0
bop_its6_det,SI,"Services: telecommunications, computer, and information services",CRE,CN_X_HK,FR,2022,MIO_EUR,181.0
bop_its6_det,SI,"Services: telecommunications, computer, and information services",CRE,CN_X_HK,FR,2023,MIO_EUR,232.0
bop_its6_det,SI,"Services: telecommunications, computer, and information services",CRE,CN_X_HK,FR,2024,MIO_EUR,243.0
bop_its6_det,SI,"Services: telecommunications, computer, and information services",CRE,CN_X_HK,HU,2015,MIO_EUR,4.1
bop_its6_det,SI,"Services: telecommunications, computer, and information services",CRE,CN_X_HK,HU,2016,MIO_EUR,1.6
bop_its6_det,SI,"Services: telecommunications, computer, and information services",CRE,CN_X_HK,HU,2017,MIO_EUR,4.9
bop_its6_det,SI,"Services: telecommunications, computer, and information services",CRE,CN_X_HK,HU,2018,MIO_EUR,4.8
bop_its6_det,SI,"Services: telecommunications, computer, and information services",CRE,CN_X_HK,HU,2019,MIO_EUR,6.2
bop_its6_det,SI,"Services: telecommunications, computer, and information services",CRE,CN_X_HK,HU,2020,MIO_EUR,5.4
bop_its6_det,SI,"Services: telecommunications, computer, and information services",CRE,CN_X_HK,HU,2021,MIO_EUR,4.1
bop_its6_det,SI,"Services: telecommunications, computer, and information services",CRE,CN_X_HK,HU,2022,MIO_EUR,13.2
bop_its6_det,SI,"Services: telecommunications, computer, and information services",CRE,CN_X_HK,HU,2023,MIO_EUR,3.3
bop_its6_det,SI,"Services: telecommunications, computer, and information services",CRE,CN_X_HK,HU,2024,MIO_EUR,12.8
bop_its6_det,SI,"Services: telecommunications, computer, and information services",CRE,CN_X_HK,IT,2015,MIO_EUR,69.3
bop_its6_det,SI,"Services: telecommunications, computer, and information services",CRE,CN_X_HK,IT,2016,MIO_EUR,74.8
bop_its6_det,SI,"Services: telecommunications, computer, and information services",CRE,CN_X_HK,IT,2017,MIO_EUR,69.0
bop_its6_det,SI,"Services: telecommunications, computer, and information services",CRE,CN_X_HK,IT,2018,MIO_EUR,73.0
bop_its6_det,SI,"Services: telecommunications, computer, and information services",CRE,CN_X_HK,IT,2019,MIO_EUR,65.7
bop_its6_det,SI,"Services: telecommunications, computer, and information services",CRE,CN_X_HK,IT,2020,MIO_EUR,82.1
bop_its6_det,SI,"Services: telecommunications, computer, and information services",CRE,CN_X_HK,IT,2021,MIO_EUR,80.5
bop_its6_det,SI,"Services: telecommunications, computer, and information services",CRE,CN_X_HK,IT,2022,MIO_EUR,80.8
bop_its6_det,SI,"Services: telecommunications, computer, and information services",CRE,CN_X_HK,IT,2023,MIO_EUR,140.4
bop_its6_det,SI,"Services: telecommunications, computer, and information services",CRE,CN_X_HK,IT,2024,MIO_EUR,94.4
bop_its6_det,SI,"Services: telecommunications, computer, and information services",CRE,CN_X_HK,NL,2015,MIO_EUR,548.8
bop_its6_det,SI,"Services: telecommunications, computer, and information services",CRE,CN_X_HK,NL,2016,MIO_EUR,380.6
bop_its6_det,SI,"Services: telecommunications, computer, and information services",CRE,CN_X_HK,NL,2017,MIO_EUR,434.5
bop_its6_det,SI,"Services: telecommunications, computer, and information services",CRE,CN_X_HK,NL,2018,MIO_EUR,483.6
bop_its6_det,SI,"Services: telecommunications, computer, and information services",CRE,CN_X_HK,NL,2019,MIO_EUR,1137.6
bop_its6_det,SI,"Services: telecommunications, computer, and information services",CRE,CN_X_HK,NL,2020,MIO_EUR,553.2
bop_its6_det,SI,"Services: telecommunications, computer, and information services",CRE,CN_X_HK,NL,2021,MIO_EUR,270.2
bop_its6_det,SI,"Services: telecommunications, computer, and information services",CRE,CN_X_HK,NL,2022,MIO_EUR,284.2
bop_its6_det,SI,"Services: telecommunications, computer, and information services",CRE,CN_X_HK,NL,2023,MIO_EUR,257.2
bop_its6_det,SI,"Services: telecommunications, computer, and information services",CRE,CN_X_HK,NL,2024,MIO_EUR,274.9
bop_its6_det,SI,"Services: telecommunications, computer, and information services",CRE,CN_X_HK,PL,2015,MIO_EUR,4.8
bop_its6_det,SI,"Services: telecommunications, computer, and information services",CRE,CN_X_HK,PL,2016,MIO_EUR,8.5
bop_its6_det,SI,"Services: telecommunications, computer, and information services",CRE,CN_X_HK,PL,2017,MIO_EUR,7.3
bop_its6_det,SI,"Services: telecommunications, computer, and information services",CRE,CN_X_HK,PL,2018,MIO_EUR,10.3
bop_its6_det,SI,"Services: telecommunications, computer, and information services",CRE,CN_X_HK,PL,2019,MIO_EUR,10.9
bop_its6_det,SI,"Services: telecommunications, computer, and information services",CRE,CN_X_HK,PL,2020,MIO_EUR,12.6
bop_its6_det,SI,"Services: telecommunications, computer, and information services",CRE,CN_X_HK,PL,2021,MIO_EUR,22.3
bop_its6_det,SI,"Services: telecommunications, computer, and information services",CRE,CN_X_HK,PL,2022,MIO_EUR,25.8
bop_its6_det,SI,"Services: telecommunications, computer, and information services",CRE,CN_X_HK,PL,2023,MIO_EUR,66.3
bop_its6_det,SI,"Services: telecommunications, computer, and information services",CRE,CN_X_HK,PL,2024,MIO_EUR,155.4
bop_its6_det,SI,"Services: telecommunications, computer, and information services",CRE,CN_X_HK,PT,2015,MIO_EUR,2.0
bop_its6_det,SI,"Services: telecommunications, computer, and information services",CRE,CN_X_HK,PT,2016,MIO_EUR,2.0
bop_its6_det,SI,"Services: telecommunications, computer, and information services",CRE,CN_X_HK,PT,2017,MIO_EUR,5.0
bop_its6_det,SI,"Services: telecommunications, computer, and information services",CRE,CN_X_HK,PT,2018,MIO_EUR,1.0
bop_its6_det,SI,"Services: telecommunications, computer, and information services",CRE,CN_X_HK,PT,2019,MIO_EUR,2.0
bop_its6_det,SI,"Services: telecommunications, computer, and information services",CRE,CN_X_HK,PT,2020,MIO_EUR,3.0
bop_its6_det,SI,"Services: telecommunications, computer, and information services",CRE,CN_X_HK,PT,2021,MIO_EUR,3.0
bop_its6_det,SI,"Services: telecommunications, computer, and information services",CRE,CN_X_HK,PT,2022,MIO_EUR,3.0
bop_its6_det,SI,"Services: telecommunications, computer, and information services",CRE,CN_X_HK,PT,2023,MIO_EUR,2.0
bop_its6_det,SI,"Services: telecommunications, computer, and information services",CRE,CN_X_HK,PT,2024,MIO_EUR,4.0
bop_its6_det,SI,"Services: telecommunications, computer, and information services",CRE,CN_X_HK,RO,2015,MIO_EUR,4.0
bop_its6_det,SI,"Services: telecommunications, computer, and information services",CRE,CN_X_HK,RO,2016,MIO_EUR,4.9
bop_its6_det,SI,"Services: telecommunications, computer, and information services",CRE,CN_X_HK,RO,2017,MIO_EUR,5.0
bop_its6_det,SI,"Services: telecommunications, computer, and information services",CRE,CN_X_HK,RO,2018,MIO_EUR,10.1
bop_its6_det,SI,"Services: telecommunications, computer, and information services",CRE,CN_X_HK,RO,2019,MIO_EUR,15.4
bop_its6_det,SI,"Services: telecommunications, computer, and information services",CRE,CN_X_HK,RO,2020,MIO_EUR,19.2
bop_its6_det,SI,"Services: telecommunications, computer, and information services",CRE,CN_X_HK,RO,2021,MIO_EUR,29.5
bop_its6_det,SI,"Services: telecommunications, computer, and information services",CRE,CN_X_HK,RO,2022,MIO_EUR,51.1
bop_its6_det,SI,"Services: telecommunications, computer, and information services",CRE,CN_X_HK,RO,2023,MIO_EUR,61.5
bop_its6_det,SI,"Services: telecommunications, computer, and information services",CRE,CN_X_HK,RO,2024,MIO_EUR,25.1
bop_its6_det,SI,"Services: telecommunications, computer, and information services",CRE,CN_X_HK,SE,2015,MIO_EUR,260.1
bop_its6_det,SI,"Services: telecommunications, computer, and information services",CRE,CN_X_HK,SE,2016,MIO_EUR,250.1
bop_its6_det,SI,"Services: telecommunications, computer, and information services",CRE,CN_X_HK,SE,2017,MIO_EUR,203.4
bop_its6_det,SI,"Services: telecommunications, computer, and information services",CRE,CN_X_HK,SE,2018,MIO_EUR,405.5
bop_its6_det,SI,"Services: telecommunications, computer, and information services",CRE,CN_X_HK,SE,2019,MIO_EUR,266.5
bop_its6_det,SI,"Services: telecommunications, computer, and information services",CRE,CN_X_HK,SE,2020,MIO_EUR,236.1
bop_its6_det,SI,"Services: telecommunications, computer, and information services",CRE,CN_X_HK,SE,2021,MIO_EUR,755.9
bop_its6_det,SI,"Services: telecommunications, computer, and information services",CRE,CN_X_HK,SE,2022,MIO_EUR,906.3
bop_its6_det,SI,"Services: telecommunications, computer, and information services",CRE,CN_X_HK,SE,2023,MIO_EUR,823.4
bop_its6_det,SI,"Services: telecommunications, computer, and information services",CRE,CN_X_HK,SE,2024,MIO_EUR,850.6
bop_its6_det,SI,"Services: telecommunications, computer, and information services",CRE,CN_X_HK,UK,2016,MIO_EUR,274.6
bop_its6_det,SI,"Services: telecommunications, computer, and information services",CRE,CN_X_HK,UK,2017,MIO_EUR,289.7
bop_its6_det,SI,"Services: telecommunications, computer, and information services",CRE,CN_X_HK,UK,2018,MIO_EUR,326.7
bop_its6_det,SI,"Services: telecommunications, computer, and information services",CRE,CN_X_HK,UK,2019,MIO_EUR,291.6
