dataset,nace,indic,indic_label,geo,year,value
sbs_ovw_act,M71,AV_MEUR,Value added - million euro,AT,2021,4857.52
sbs_ovw_act,M71,AV_MEUR,Value added - million euro,AT,2022,5244.75
sbs_ovw_act,M71,AV_MEUR,Value added - million euro,AT,2023,5587.99
sbs_ovw_act,M71,AV_MEUR,Value added - million euro,AT,2024,5865.76
sbs_ovw_act,M71,AV_MEUR,Value added - million euro,BE,2021,5463.7
sbs_ovw_act,M71,AV_MEUR,Value added - million euro,BE,2022,5837.19
sbs_ovw_act,M71,AV_MEUR,Value added - million euro,BE,2023,6373.06
sbs_ovw_act,M71,AV_MEUR,Value added - million euro,BE,2024,6657.95
sbs_ovw_act,M71,AV_MEUR,Value added - million euro,CZ,2021,2386.29
sbs_ovw_act,M71,AV_MEUR,Value added - million euro,CZ,2022,2704.95
sbs_ovw_act,M71,AV_MEUR,Value added - million euro,CZ,2023,3022.46
sbs_ovw_act,M71,AV_MEUR,Value added - million euro,CZ,2024,3160.59
sbs_ovw_act,M71,AV_MEUR,Value added - million euro,DE,2021,62662.18
sbs_ovw_act,M71,AV_MEUR,Value added - million euro,DE,2022,53773.35
sbs_ovw_act,M71,AV_MEUR,Value added - million euro,DE,2023,67070.76
sbs_ovw_act,M71,AV_MEUR,Value added - million euro,DE,2024,65626.24
sbs_ovw_act,M71,AV_MEUR,Value added - million euro,DK,2021,4805.01
sbs_ovw_act,M71,AV_MEUR,Value added - million euro,DK,2022,5128.6
sbs_ovw_act,M71,AV_MEUR,Value added - million euro,DK,2023,5521.96
sbs_ovw_act,M71,AV_MEUR,Value added - million euro,DK,2024,5967.66
sbs_ovw_act,M71,AV_MEUR,Value added - million euro,EL,2021,1282.38
sbs_ovw_act,M71,AV_MEUR,Value added - million euro,EL,2022,1580.05
sbs_ovw_act,M71,AV_MEUR,Value added - million euro,EL,2023,1971.63
sbs_ovw_act,M71,AV_MEUR,Value added - million euro,EL,2024,2322.51
sbs_ovw_act,M71,AV_MEUR,Value added - million euro,ES,2021,12365.36
sbs_ovw_act,M71,AV_MEUR,Value added - million euro,ES,2022,13940.27
sbs_ovw_act,M71,AV_MEUR,Value added - million euro,ES,2023,16049.57
sbs_ovw_act,M71,AV_MEUR,Value added - million euro,ES,2024,17644.62
sbs_ovw_act,M71,AV_MEUR,Value added - million euro,EU27_2020,2021,179486.98
sbs_ovw_act,M71,AV_MEUR,Value added - million euro,EU27_2020,2022,182746.47
sbs_ovw_act,M71,AV_MEUR,Value added - million euro,EU27_2020,2023,209421.0
sbs_ovw_act,M71,AV_MEUR,Value added - million euro,FI,2021,3484.18
sbs_ovw_act,M71,AV_MEUR,Value added - million euro,FI,2022,3592.35
sbs_ovw_act,M71,AV_MEUR,Value added - million euro,FI,2023,3772.56
sbs_ovw_act,M71,AV_MEUR,Value added - million euro,FI,2024,3747.74
sbs_ovw_act,M71,AV_MEUR,Value added - million euro,FR,2021,29256.56
sbs_ovw_act,M71,AV_MEUR,Value added - million euro,FR,2022,31205.83
sbs_ovw_act,M71,AV_MEUR,Value added - million euro,FR,2023,33656.77
sbs_ovw_act,M71,AV_MEUR,Value added - million euro,FR,2024,35596.82
sbs_ovw_act,M71,AV_MEUR,Value added - million euro,HU,2021,1455.84
sbs_ovw_act,M71,AV_MEUR,Value added - million euro,HU,2022,1584.83
sbs_ovw_act,M71,AV_MEUR,Value added - million euro,HU,2023,1918.09
sbs_ovw_act,M71,AV_MEUR,Value added - million euro,HU,2024,1990.66
sbs_ovw_act,M71,AV_MEUR,Value added - million euro,IE,2021,3579.11
sbs_ovw_act,M71,AV_MEUR,Value added - million euro,IE,2022,4136.21
sbs_ovw_act,M71,AV_MEUR,Value added - million euro,IE,2023,4693.51
sbs_ovw_act,M71,AV_MEUR,Value added - million euro,IE,2024,4802.01
sbs_ovw_act,M71,AV_MEUR,Value added - million euro,IT,2021,15514.12
sbs_ovw_act,M71,AV_MEUR,Value added - million euro,IT,2022,18801.81
sbs_ovw_act,M71,AV_MEUR,Value added - million euro,IT,2023,21095.78
sbs_ovw_act,M71,AV_MEUR,Value added - million euro,IT,2024,22487.66
sbs_ovw_act,M71,AV_MEUR,Value added - million euro,NL,2021,11764.69
sbs_ovw_act,M71,AV_MEUR,Value added - million euro,NL,2022,12489.3
sbs_ovw_act,M71,AV_MEUR,Value added - million euro,NL,2023,13683.3
sbs_ovw_act,M71,AV_MEUR,Value added - million euro,NL,2024,15475.15
sbs_ovw_act,M71,AV_MEUR,Value added - million euro,PL,2021,3808.29
sbs_ovw_act,M71,AV_MEUR,Value added - million euro,PL,2022,4157.68
sbs_ovw_act,M71,AV_MEUR,Value added - million euro,PL,2023,4396.48
sbs_ovw_act,M71,AV_MEUR,Value added - million euro,PL,2024,5308.59
sbs_ovw_act,M71,AV_MEUR,Value added - million euro,PT,2021,1627.39
sbs_ovw_act,M71,AV_MEUR,Value added - million euro,PT,2022,1883.21
sbs_ovw_act,M71,AV_MEUR,Value added - million euro,PT,2023,2215.6
sbs_ovw_act,M71,AV_MEUR,Value added - million euro,PT,2024,2539.08
sbs_ovw_act,M71,AV_MEUR,Value added - million euro,RO,2021,1700.36
sbs_ovw_act,M71,AV_MEUR,Value added - million euro,RO,2022,2347.12
sbs_ovw_act,M71,AV_MEUR,Value added - million euro,RO,2023,2842.31
sbs_ovw_act,M71,AV_MEUR,Value added - million euro,RO,2024,2974.41
sbs_ovw_act,M71,AV_MEUR,Value added - million euro,SE,2021,8977.92
sbs_ovw_act,M71,AV_MEUR,Value added - million euro,SE,2022,9152.99
sbs_ovw_act,M71,AV_MEUR,Value added - million euro,SE,2023,9756.94
sbs_ovw_act,M71,AV_MEUR,Value added - million euro,SE,2024,10201.86
sbs_ovw_act,M71,EMP_NR,Persons employed - number,AT,2021,72611.0
sbs_ovw_act,M71,EMP_NR,Persons employed - number,AT,2022,73960.0
sbs_ovw_act,M71,EMP_NR,Persons employed - number,AT,2023,74904.0
sbs_ovw_act,M71,EMP_NR,Persons employed - number,AT,2024,74884.0
sbs_ovw_act,M71,EMP_NR,Persons employed - number,BE,2021,74557.0
sbs_ovw_act,M71,EMP_NR,Persons employed - number,BE,2022,76289.0
sbs_ovw_act,M71,EMP_NR,Persons employed - number,BE,2023,77409.0
sbs_ovw_act,M71,EMP_NR,Persons employed - number,BE,2024,80166.0
sbs_ovw_act,M71,EMP_NR,Persons employed - number,CZ,2021,85298.0
sbs_ovw_act,M71,EMP_NR,Persons employed - number,CZ,2022,87783.0
sbs_ovw_act,M71,EMP_NR,Persons employed - number,CZ,2023,89880.0
sbs_ovw_act,M71,EMP_NR,Persons employed - number,CZ,2024,91069.0
sbs_ovw_act,M71,EMP_NR,Persons employed - number,DE,2021,789292.0
sbs_ovw_act,M71,EMP_NR,Persons employed - number,DE,2022,760847.0
sbs_ovw_act,M71,EMP_NR,Persons employed - number,DE,2023,787566.0
sbs_ovw_act,M71,EMP_NR,Persons employed - number,DE,2024,805200.0
sbs_ovw_act,M71,EMP_NR,Persons employed - number,DK,2021,50419.0
sbs_ovw_act,M71,EMP_NR,Persons employed - number,DK,2022,53242.0
sbs_ovw_act,M71,EMP_NR,Persons employed - number,DK,2023,56144.0
sbs_ovw_act,M71,EMP_NR,Persons employed - number,DK,2024,58352.0
sbs_ovw_act,M71,EMP_NR,Persons employed - number,EL,2021,76569.0
sbs_ovw_act,M71,EMP_NR,Persons employed - number,EL,2022,78234.0
sbs_ovw_act,M71,EMP_NR,Persons employed - number,EL,2023,82106.0
sbs_ovw_act,M71,EMP_NR,Persons employed - number,EL,2024,86688.0
sbs_ovw_act,M71,EMP_NR,Persons employed - number,ES,2021,273705.0
sbs_ovw_act,M71,EMP_NR,Persons employed - number,ES,2022,283001.0
sbs_ovw_act,M71,EMP_NR,Persons employed - number,ES,2023,294431.0
sbs_ovw_act,M71,EMP_NR,Persons employed - number,ES,2024,292210.0
sbs_ovw_act,M71,EMP_NR,Persons employed - number,EU27_2020,2021,3075085.0
sbs_ovw_act,M71,EMP_NR,Persons employed - number,EU27_2020,2022,3136976.0
sbs_ovw_act,M71,EMP_NR,Persons employed - number,EU27_2020,2023,3226611.0
sbs_ovw_act,M71,EMP_NR,Persons employed - number,FI,2021,48611.0
sbs_ovw_act,M71,EMP_NR,Persons employed - number,FI,2022,50907.0
sbs_ovw_act,M71,EMP_NR,Persons employed - number,FI,2023,51138.0
sbs_ovw_act,M71,EMP_NR,Persons employed - number,FI,2024,49607.0
sbs_ovw_act,M71,EMP_NR,Persons employed - number,FR,2021,419378.0
sbs_ovw_act,M71,EMP_NR,Persons employed - number,FR,2022,439910.0
sbs_ovw_act,M71,EMP_NR,Persons employed - number,FR,2023,455808.0
sbs_ovw_act,M71,EMP_NR,Persons employed - number,FR,2024,472070.0
sbs_ovw_act,M71,EMP_NR,Persons employed - number,HU,2021,66577.0
sbs_ovw_act,M71,EMP_NR,Persons employed - number,HU,2022,68883.0
sbs_ovw_act,M71,EMP_NR,Persons employed - number,HU,2023,66472.0
sbs_ovw_act,M71,EMP_NR,Persons employed - number,HU,2024,65969.0
sbs_ovw_act,M71,EMP_NR,Persons employed - number,IE,2021,39797.0
sbs_ovw_act,M71,EMP_NR,Persons employed - number,IE,2022,45060.0
sbs_ovw_act,M71,EMP_NR,Persons employed - number,IE,2023,47830.0
sbs_ovw_act,M71,EMP_NR,Persons employed - number,IE,2024,49457.0
sbs_ovw_act,M71,EMP_NR,Persons employed - number,IT,2021,317957.0
sbs_ovw_act,M71,EMP_NR,Persons employed - number,IT,2022,338743.0
sbs_ovw_act,M71,EMP_NR,Persons employed - number,IT,2023,345840.0
sbs_ovw_act,M71,EMP_NR,Persons employed - number,IT,2024,358054.0
sbs_ovw_act,M71,EMP_NR,Persons employed - number,NL,2021,151196.0
sbs_ovw_act,M71,EMP_NR,Persons employed - number,NL,2022,156501.0
sbs_ovw_act,M71,EMP_NR,Persons employed - number,NL,2023,161290.0
sbs_ovw_act,M71,EMP_NR,Persons employed - number,NL,2024,167615.0
sbs_ovw_act,M71,EMP_NR,Persons employed - number,PL,2021,168435.0
sbs_ovw_act,M71,EMP_NR,Persons employed - number,PL,2022,169229.0
sbs_ovw_act,M71,EMP_NR,Persons employed - number,PL,2023,167612.0
sbs_ovw_act,M71,EMP_NR,Persons employed - number,PL,2024,170069.0
sbs_ovw_act,M71,EMP_NR,Persons employed - number,PT,2021,63181.0
sbs_ovw_act,M71,EMP_NR,Persons employed - number,PT,2022,67710.0
sbs_ovw_act,M71,EMP_NR,Persons employed - number,PT,2023,70611.0
sbs_ovw_act,M71,EMP_NR,Persons employed - number,PT,2024,73674.0
sbs_ovw_act,M71,EMP_NR,Persons employed - number,RO,2021,86455.0
sbs_ovw_act,M71,EMP_NR,Persons employed - number,RO,2022,91307.0
sbs_ovw_act,M71,EMP_NR,Persons employed - number,RO,2023,97968.0
sbs_ovw_act,M71,EMP_NR,Persons employed - number,RO,2024,96348.0
sbs_ovw_act,M71,EMP_NR,Persons employed - number,SE,2021,132174.0
sbs_ovw_act,M71,EMP_NR,Persons employed - number,SE,2022,130015.0
sbs_ovw_act,M71,EMP_NR,Persons employed - number,SE,2023,129606.0
sbs_ovw_act,M71,EMP_NR,Persons employed - number,SE,2024,129175.0
sbs_ovw_act,M71,ENT_NR,Enterprises - number,AT,2021,19126.0
sbs_ovw_act,M71,ENT_NR,Enterprises - number,AT,2022,18697.0
sbs_ovw_act,M71,ENT_NR,Enterprises - number,AT,2023,19008.0
sbs_ovw_act,M71,ENT_NR,Enterprises - number,AT,2024,19284.0
sbs_ovw_act,M71,ENT_NR,Enterprises - number,BE,2021,31550.0
sbs_ovw_act,M71,ENT_NR,Enterprises - number,BE,2022,31727.0
sbs_ovw_act,M71,ENT_NR,Enterprises - number,BE,2023,30509.0
sbs_ovw_act,M71,ENT_NR,Enterprises - number,BE,2024,33059.0
sbs_ovw_act,M71,ENT_NR,Enterprises - number,CZ,2021,44627.0
sbs_ovw_act,M71,ENT_NR,Enterprises - number,CZ,2022,46847.0
sbs_ovw_act,M71,ENT_NR,Enterprises - number,CZ,2023,48060.0
sbs_ovw_act,M71,ENT_NR,Enterprises - number,CZ,2024,50442.0
sbs_ovw_act,M71,ENT_NR,Enterprises - number,DE,2021,121348.0
sbs_ovw_act,M71,ENT_NR,Enterprises - number,DE,2022,122301.0
sbs_ovw_act,M71,ENT_NR,Enterprises - number,DE,2023,122738.0
sbs_ovw_act,M71,ENT_NR,Enterprises - number,DE,2024,121256.0
sbs_ovw_act,M71,ENT_NR,Enterprises - number,DK,2021,7267.0
sbs_ovw_act,M71,ENT_NR,Enterprises - number,DK,2022,7666.0
sbs_ovw_act,M71,ENT_NR,Enterprises - number,DK,2023,7895.0
sbs_ovw_act,M71,ENT_NR,Enterprises - number,DK,2024,8005.0
sbs_ovw_act,M71,ENT_NR,Enterprises - number,EL,2021,50726.0
sbs_ovw_act,M71,ENT_NR,Enterprises - number,EL,2022,52953.0
sbs_ovw_act,M71,ENT_NR,Enterprises - number,EL,2023,54284.0
sbs_ovw_act,M71,ENT_NR,Enterprises - number,EL,2024,56369.0
sbs_ovw_act,M71,ENT_NR,Enterprises - number,ES,2021,108911.0
sbs_ovw_act,M71,ENT_NR,Enterprises - number,ES,2022,109990.0
sbs_ovw_act,M71,ENT_NR,Enterprises - number,ES,2023,109500.0
sbs_ovw_act,M71,ENT_NR,Enterprises - number,ES,2024,109901.0
sbs_ovw_act,M71,ENT_NR,Enterprises - number,EU27_2020,2021,1050499.0
sbs_ovw_act,M71,ENT_NR,Enterprises - number,EU27_2020,2022,1084099.0
sbs_ovw_act,M71,ENT_NR,Enterprises - number,EU27_2020,2023,1097644.0
sbs_ovw_act,M71,ENT_NR,Enterprises - number,FI,2021,12496.0
sbs_ovw_act,M71,ENT_NR,Enterprises - number,FI,2022,12533.0
sbs_ovw_act,M71,ENT_NR,Enterprises - number,FI,2023,12464.0
sbs_ovw_act,M71,ENT_NR,Enterprises - number,FI,2024,12634.0
sbs_ovw_act,M71,ENT_NR,Enterprises - number,FR,2021,97333.0
sbs_ovw_act,M71,ENT_NR,Enterprises - number,FR,2022,103922.0
sbs_ovw_act,M71,ENT_NR,Enterprises - number,FR,2023,107293.0
sbs_ovw_act,M71,ENT_NR,Enterprises - number,FR,2024,110135.0
sbs_ovw_act,M71,ENT_NR,Enterprises - number,HU,2021,33001.0
sbs_ovw_act,M71,ENT_NR,Enterprises - number,HU,2022,33811.0
sbs_ovw_act,M71,ENT_NR,Enterprises - number,HU,2023,30322.0
sbs_ovw_act,M71,ENT_NR,Enterprises - number,HU,2024,29471.0
sbs_ovw_act,M71,ENT_NR,Enterprises - number,IE,2021,9854.0
sbs_ovw_act,M71,ENT_NR,Enterprises - number,IE,2022,10240.0
sbs_ovw_act,M71,ENT_NR,Enterprises - number,IE,2023,10435.0
sbs_ovw_act,M71,ENT_NR,Enterprises - number,IE,2024,10643.0
sbs_ovw_act,M71,ENT_NR,Enterprises - number,IT,2021,225487.0
sbs_ovw_act,M71,ENT_NR,Enterprises - number,IT,2022,237651.0
sbs_ovw_act,M71,ENT_NR,Enterprises - number,IT,2023,239768.0
sbs_ovw_act,M71,ENT_NR,Enterprises - number,IT,2024,244107.0
sbs_ovw_act,M71,ENT_NR,Enterprises - number,NL,2021,50328.0
sbs_ovw_act,M71,ENT_NR,Enterprises - number,NL,2022,53032.0
sbs_ovw_act,M71,ENT_NR,Enterprises - number,NL,2023,54768.0
sbs_ovw_act,M71,ENT_NR,Enterprises - number,NL,2024,59369.0
sbs_ovw_act,M71,ENT_NR,Enterprises - number,PL,2021,79714.0
sbs_ovw_act,M71,ENT_NR,Enterprises - number,PL,2022,79363.0
sbs_ovw_act,M71,ENT_NR,Enterprises - number,PL,2023,81404.0
sbs_ovw_act,M71,ENT_NR,Enterprises - number,PL,2024,83480.0
sbs_ovw_act,M71,ENT_NR,Enterprises - number,PT,2021,29078.0
sbs_ovw_act,M71,ENT_NR,Enterprises - number,PT,2022,29935.0
sbs_ovw_act,M71,ENT_NR,Enterprises - number,PT,2023,30613.0
sbs_ovw_act,M71,ENT_NR,Enterprises - number,PT,2024,31248.0
sbs_ovw_act,M71,ENT_NR,Enterprises - number,RO,2021,28983.0
sbs_ovw_act,M71,ENT_NR,Enterprises - number,RO,2022,30265.0
sbs_ovw_act,M71,ENT_NR,Enterprises - number,RO,2023,31720.0
sbs_ovw_act,M71,ENT_NR,Enterprises - number,RO,2024,32287.0
sbs_ovw_act,M71,ENT_NR,Enterprises - number,SE,2021,38148.0
sbs_ovw_act,M71,ENT_NR,Enterprises - number,SE,2022,36942.0
sbs_ovw_act,M71,ENT_NR,Enterprises - number,SE,2023,38120.0
sbs_ovw_act,M71,ENT_NR,Enterprises - number,SE,2024,39101.0
sbs_ovw_act,M71,GOS_MEUR,Gross operating surplus - million euro,AT,2021,1961.53
sbs_ovw_act,M71,GOS_MEUR,Gross operating surplus - million euro,AT,2022,2097.23
sbs_ovw_act,M71,GOS_MEUR,Gross operating surplus - million euro,AT,2023,2184.64
sbs_ovw_act,M71,GOS_MEUR,Gross operating surplus - million euro,AT,2024,2245.59
sbs_ovw_act,M71,GOS_MEUR,Gross operating surplus - million euro,BE,2021,2352.8
sbs_ovw_act,M71,GOS_MEUR,Gross operating surplus - million euro,BE,2022,2511.29
sbs_ovw_act,M71,GOS_MEUR,Gross operating surplus - million euro,BE,2023,2535.43
sbs_ovw_act,M71,GOS_MEUR,Gross operating surplus - million euro,BE,2024,2782.58
sbs_ovw_act,M71,GOS_MEUR,Gross operating surplus - million euro,CZ,2021,893.04
sbs_ovw_act,M71,GOS_MEUR,Gross operating surplus - million euro,CZ,2022,992.5
sbs_ovw_act,M71,GOS_MEUR,Gross operating surplus - million euro,CZ,2023,1131.11
sbs_ovw_act,M71,GOS_MEUR,Gross operating surplus - million euro,CZ,2024,1197.42
sbs_ovw_act,M71,GOS_MEUR,Gross operating surplus - million euro,DE,2021,25981.55
sbs_ovw_act,M71,GOS_MEUR,Gross operating surplus - million euro,DE,2022,17573.33
sbs_ovw_act,M71,GOS_MEUR,Gross operating surplus - million euro,DE,2023,26032.15
sbs_ovw_act,M71,GOS_MEUR,Gross operating surplus - million euro,DE,2024,19951.88
sbs_ovw_act,M71,GOS_MEUR,Gross operating surplus - million euro,DK,2021,885.22
sbs_ovw_act,M71,GOS_MEUR,Gross operating surplus - million euro,DK,2022,889.74
sbs_ovw_act,M71,GOS_MEUR,Gross operating surplus - million euro,DK,2023,656.07
sbs_ovw_act,M71,GOS_MEUR,Gross operating surplus - million euro,DK,2024,830.14
sbs_ovw_act,M71,GOS_MEUR,Gross operating surplus - million euro,EL,2021,891.85
sbs_ovw_act,M71,GOS_MEUR,Gross operating surplus - million euro,EL,2022,1074.45
sbs_ovw_act,M71,GOS_MEUR,Gross operating surplus - million euro,EL,2023,1385.59
sbs_ovw_act,M71,GOS_MEUR,Gross operating surplus - million euro,EL,2024,1634.43
sbs_ovw_act,M71,GOS_MEUR,Gross operating surplus - million euro,ES,2021,3999.86
sbs_ovw_act,M71,GOS_MEUR,Gross operating surplus - million euro,ES,2022,4840.04
sbs_ovw_act,M71,GOS_MEUR,Gross operating surplus - million euro,ES,2023,5788.48
sbs_ovw_act,M71,GOS_MEUR,Gross operating surplus - million euro,ES,2024,6358.34
sbs_ovw_act,M71,GOS_MEUR,Gross operating surplus - million euro,EU27_2020,2021,66583.15
sbs_ovw_act,M71,GOS_MEUR,Gross operating surplus - million euro,EU27_2020,2022,63238.72
sbs_ovw_act,M71,GOS_MEUR,Gross operating surplus - million euro,EU27_2020,2023,77887.04
sbs_ovw_act,M71,GOS_MEUR,Gross operating surplus - million euro,FI,2021,651.5
sbs_ovw_act,M71,GOS_MEUR,Gross operating surplus - million euro,FI,2022,579.05
sbs_ovw_act,M71,GOS_MEUR,Gross operating surplus - million euro,FI,2023,618.36
sbs_ovw_act,M71,GOS_MEUR,Gross operating surplus - million euro,FI,2024,594.24
sbs_ovw_act,M71,GOS_MEUR,Gross operating surplus - million euro,FR,2021,5836.19
sbs_ovw_act,M71,GOS_MEUR,Gross operating surplus - million euro,FR,2022,5737.92
sbs_ovw_act,M71,GOS_MEUR,Gross operating surplus - million euro,FR,2023,6621.23
sbs_ovw_act,M71,GOS_MEUR,Gross operating surplus - million euro,FR,2024,6501.77
sbs_ovw_act,M71,GOS_MEUR,Gross operating surplus - million euro,HU,2021,699.98
sbs_ovw_act,M71,GOS_MEUR,Gross operating surplus - million euro,HU,2022,751.99
sbs_ovw_act,M71,GOS_MEUR,Gross operating surplus - million euro,HU,2023,920.27
sbs_ovw_act,M71,GOS_MEUR,Gross operating surplus - million euro,HU,2024,937.89
sbs_ovw_act,M71,GOS_MEUR,Gross operating surplus - million euro,IE,2021,1431.22
sbs_ovw_act,M71,GOS_MEUR,Gross operating surplus - million euro,IE,2022,1666.12
sbs_ovw_act,M71,GOS_MEUR,Gross operating surplus - million euro,IE,2023,1874.51
sbs_ovw_act,M71,GOS_MEUR,Gross operating surplus - million euro,IE,2024,2917.13
sbs_ovw_act,M71,GOS_MEUR,Gross operating surplus - million euro,IT,2021,11110.13
sbs_ovw_act,M71,GOS_MEUR,Gross operating surplus - million euro,IT,2022,13789.86
sbs_ovw_act,M71,GOS_MEUR,Gross operating surplus - million euro,IT,2023,15674.48
sbs_ovw_act,M71,GOS_MEUR,Gross operating surplus - million euro,IT,2024,16274.46
sbs_ovw_act,M71,GOS_MEUR,Gross operating surplus - million euro,NL,2021,4011.59
sbs_ovw_act,M71,GOS_MEUR,Gross operating surplus - million euro,NL,2022,4049.9
sbs_ovw_act,M71,GOS_MEUR,Gross operating surplus - million euro,NL,2023,4440.01
sbs_ovw_act,M71,GOS_MEUR,Gross operating surplus - million euro,NL,2024,5527.31
sbs_ovw_act,M71,GOS_MEUR,Gross operating surplus - million euro,PL,2021,1650.8
sbs_ovw_act,M71,GOS_MEUR,Gross operating surplus - million euro,PL,2022,1797.62
sbs_ovw_act,M71,GOS_MEUR,Gross operating surplus - million euro,PL,2023,1848.63
sbs_ovw_act,M71,GOS_MEUR,Gross operating surplus - million euro,PL,2024,2130.6
sbs_ovw_act,M71,GOS_MEUR,Gross operating surplus - million euro,PT,2021,558.93
sbs_ovw_act,M71,GOS_MEUR,Gross operating surplus - million euro,PT,2022,642.33
sbs_ovw_act,M71,GOS_MEUR,Gross operating surplus - million euro,PT,2023,788.7
sbs_ovw_act,M71,GOS_MEUR,Gross operating surplus - million euro,PT,2024,928.2
sbs_ovw_act,M71,GOS_MEUR,Gross operating surplus - million euro,RO,2021,775.87
sbs_ovw_act,M71,GOS_MEUR,Gross operating surplus - million euro,RO,2022,1225.54
sbs_ovw_act,M71,GOS_MEUR,Gross operating surplus - million euro,RO,2023,1323.78
sbs_ovw_act,M71,GOS_MEUR,Gross operating surplus - million euro,RO,2024,1268.82
sbs_ovw_act,M71,GOS_MEUR,Gross operating surplus - million euro,SE,2021,1267.14
sbs_ovw_act,M71,GOS_MEUR,Gross operating surplus - million euro,SE,2022,1063.68
sbs_ovw_act,M71,GOS_MEUR,Gross operating surplus - million euro,SE,2023,1937.09
sbs_ovw_act,M71,GOS_MEUR,Gross operating surplus - million euro,SE,2024,1928.61
sbs_ovw_act,M71,LABPRY_TEUR,Apparent labour productivity - thousand euro,AT,2021,66.9
sbs_ovw_act,M71,LABPRY_TEUR,Apparent labour productivity - thousand euro,AT,2022,70.91
sbs_ovw_act,M71,LABPRY_TEUR,Apparent labour productivity - thousand euro,AT,2023,74.6
sbs_ovw_act,M71,LABPRY_TEUR,Apparent labour productivity - thousand euro,AT,2024,78.33
sbs_ovw_act,M71,LABPRY_TEUR,Apparent labour productivity - thousand euro,BE,2021,73.28
sbs_ovw_act,M71,LABPRY_TEUR,Apparent labour productivity - thousand euro,BE,2022,76.51
sbs_ovw_act,M71,LABPRY_TEUR,Apparent labour productivity - thousand euro,BE,2023,82.33
sbs_ovw_act,M71,LABPRY_TEUR,Apparent labour productivity - thousand euro,BE,2024,83.05
sbs_ovw_act,M71,LABPRY_TEUR,Apparent labour productivity - thousand euro,CZ,2021,27.98
sbs_ovw_act,M71,LABPRY_TEUR,Apparent labour productivity - thousand euro,CZ,2022,30.81
sbs_ovw_act,M71,LABPRY_TEUR,Apparent labour productivity - thousand euro,CZ,2023,33.63
sbs_ovw_act,M71,LABPRY_TEUR,Apparent labour productivity - thousand euro,CZ,2024,34.71
sbs_ovw_act,M71,LABPRY_TEUR,Apparent labour productivity - thousand euro,DE,2021,79.39
sbs_ovw_act,M71,LABPRY_TEUR,Apparent labour productivity - thousand euro,DE,2022,70.68
sbs_ovw_act,M71,LABPRY_TEUR,Apparent labour productivity - thousand euro,DE,2023,85.16
sbs_ovw_act,M71,LABPRY_TEUR,Apparent labour productivity - thousand euro,DE,2024,81.5
sbs_ovw_act,M71,LABPRY_TEUR,Apparent labour productivity - thousand euro,DK,2021,95.3
sbs_ovw_act,M71,LABPRY_TEUR,Apparent labour productivity - thousand euro,DK,2022,96.33
sbs_ovw_act,M71,LABPRY_TEUR,Apparent labour productivity - thousand euro,DK,2023,98.35
sbs_ovw_act,M71,LABPRY_TEUR,Apparent labour productivity - thousand euro,DK,2024,102.27
sbs_ovw_act,M71,LABPRY_TEUR,Apparent labour productivity - thousand euro,EL,2021,16.75
sbs_ovw_act,M71,LABPRY_TEUR,Apparent labour productivity - thousand euro,EL,2022,20.2
sbs_ovw_act,M71,LABPRY_TEUR,Apparent labour productivity - thousand euro,EL,2023,24.01
sbs_ovw_act,M71,LABPRY_TEUR,Apparent labour productivity - thousand euro,EL,2024,26.79
sbs_ovw_act,M71,LABPRY_TEUR,Apparent labour productivity - thousand euro,ES,2021,45.18
sbs_ovw_act,M71,LABPRY_TEUR,Apparent labour productivity - thousand euro,ES,2022,49.26
sbs_ovw_act,M71,LABPRY_TEUR,Apparent labour productivity - thousand euro,ES,2023,54.51
sbs_ovw_act,M71,LABPRY_TEUR,Apparent labour productivity - thousand euro,ES,2024,60.38
sbs_ovw_act,M71,LABPRY_TEUR,Apparent labour productivity - thousand euro,EU27_2020,2021,58.37
sbs_ovw_act,M71,LABPRY_TEUR,Apparent labour productivity - thousand euro,EU27_2020,2022,58.26
sbs_ovw_act,M71,LABPRY_TEUR,Apparent labour productivity - thousand euro,EU27_2020,2023,64.9
sbs_ovw_act,M71,LABPRY_TEUR,Apparent labour productivity - thousand euro,FI,2021,71.67
sbs_ovw_act,M71,LABPRY_TEUR,Apparent labour productivity - thousand euro,FI,2022,70.57
sbs_ovw_act,M71,LABPRY_TEUR,Apparent labour productivity - thousand euro,FI,2023,73.77
sbs_ovw_act,M71,LABPRY_TEUR,Apparent labour productivity - thousand euro,FI,2024,75.55
sbs_ovw_act,M71,LABPRY_TEUR,Apparent labour productivity - thousand euro,FR,2021,69.76
sbs_ovw_act,M71,LABPRY_TEUR,Apparent labour productivity - thousand euro,FR,2022,70.94
sbs_ovw_act,M71,LABPRY_TEUR,Apparent labour productivity - thousand euro,FR,2023,73.84
sbs_ovw_act,M71,LABPRY_TEUR,Apparent labour productivity - thousand euro,FR,2024,75.41
sbs_ovw_act,M71,LABPRY_TEUR,Apparent labour productivity - thousand euro,HU,2021,21.87
sbs_ovw_act,M71,LABPRY_TEUR,Apparent labour productivity - thousand euro,HU,2022,23.01
sbs_ovw_act,M71,LABPRY_TEUR,Apparent labour productivity - thousand euro,HU,2023,28.86
sbs_ovw_act,M71,LABPRY_TEUR,Apparent labour productivity - thousand euro,HU,2024,30.18
sbs_ovw_act,M71,LABPRY_TEUR,Apparent labour productivity - thousand euro,IE,2021,89.93
sbs_ovw_act,M71,LABPRY_TEUR,Apparent labour productivity - thousand euro,IE,2022,91.79
sbs_ovw_act,M71,LABPRY_TEUR,Apparent labour productivity - thousand euro,IE,2023,98.13
sbs_ovw_act,M71,LABPRY_TEUR,Apparent labour productivity - thousand euro,IE,2024,97.09
sbs_ovw_act,M71,LABPRY_TEUR,Apparent labour productivity - thousand euro,IT,2021,48.79
sbs_ovw_act,M71,LABPRY_TEUR,Apparent labour productivity - thousand euro,IT,2022,55.5
sbs_ovw_act,M71,LABPRY_TEUR,Apparent labour productivity - thousand euro,IT,2023,61.0
sbs_ovw_act,M71,LABPRY_TEUR,Apparent labour productivity - thousand euro,IT,2024,62.81
sbs_ovw_act,M71,LABPRY_TEUR,Apparent labour productivity - thousand euro,NL,2021,77.81
sbs_ovw_act,M71,LABPRY_TEUR,Apparent labour productivity - thousand euro,NL,2022,79.8
sbs_ovw_act,M71,LABPRY_TEUR,Apparent labour productivity - thousand euro,NL,2023,84.84
sbs_ovw_act,M71,LABPRY_TEUR,Apparent labour productivity - thousand euro,NL,2024,92.33
sbs_ovw_act,M71,LABPRY_TEUR,Apparent labour productivity - thousand euro,PL,2021,22.61
sbs_ovw_act,M71,LABPRY_TEUR,Apparent labour productivity - thousand euro,PL,2022,24.57
sbs_ovw_act,M71,LABPRY_TEUR,Apparent labour productivity - thousand euro,PL,2023,26.23
sbs_ovw_act,M71,LABPRY_TEUR,Apparent labour productivity - thousand euro,PL,2024,31.21
sbs_ovw_act,M71,LABPRY_TEUR,Apparent labour productivity - thousand euro,PT,2021,25.76
sbs_ovw_act,M71,LABPRY_TEUR,Apparent labour productivity - thousand euro,PT,2022,27.81
sbs_ovw_act,M71,LABPRY_TEUR,Apparent labour productivity - thousand euro,PT,2023,31.38
sbs_ovw_act,M71,LABPRY_TEUR,Apparent labour productivity - thousand euro,PT,2024,34.46
sbs_ovw_act,M71,LABPRY_TEUR,Apparent labour productivity - thousand euro,RO,2021,19.67
sbs_ovw_act,M71,LABPRY_TEUR,Apparent labour productivity - thousand euro,RO,2022,25.71
sbs_ovw_act,M71,LABPRY_TEUR,Apparent labour productivity - thousand euro,RO,2023,29.01
sbs_ovw_act,M71,LABPRY_TEUR,Apparent labour productivity - thousand euro,RO,2024,30.87
sbs_ovw_act,M71,LABPRY_TEUR,Apparent labour productivity - thousand euro,SE,2021,67.92
sbs_ovw_act,M71,LABPRY_TEUR,Apparent labour productivity - thousand euro,SE,2022,70.4
sbs_ovw_act,M71,LABPRY_TEUR,Apparent labour productivity - thousand euro,SE,2023,75.28
sbs_ovw_act,M71,LABPRY_TEUR,Apparent labour productivity - thousand euro,SE,2024,78.98
sbs_ovw_act,M71,LC_EMP_TEUR,Labour costs per person employed - thousand euro,AT,2021,30.7
sbs_ovw_act,M71,LC_EMP_TEUR,Labour costs per person employed - thousand euro,AT,2022,33.01
sbs_ovw_act,M71,LC_EMP_TEUR,Labour costs per person employed - thousand euro,AT,2023,35.27
sbs_ovw_act,M71,LC_EMP_TEUR,Labour costs per person employed - thousand euro,AT,2024,37.6
sbs_ovw_act,M71,LC_EMP_TEUR,Labour costs per person employed - thousand euro,BE,2021,32.76
sbs_ovw_act,M71,LC_EMP_TEUR,Labour costs per person employed - thousand euro,BE,2022,34.21
sbs_ovw_act,M71,LC_EMP_TEUR,Labour costs per person employed - thousand euro,BE,2023,38.81
sbs_ovw_act,M71,LC_EMP_TEUR,Labour costs per person employed - thousand euro,BE,2024,37.7
sbs_ovw_act,M71,LC_EMP_TEUR,Labour costs per person employed - thousand euro,CZ,2021,13.19
sbs_ovw_act,M71,LC_EMP_TEUR,Labour costs per person employed - thousand euro,CZ,2022,14.75
sbs_ovw_act,M71,LC_EMP_TEUR,Labour costs per person employed - thousand euro,CZ,2023,15.93
sbs_ovw_act,M71,LC_EMP_TEUR,Labour costs per person employed - thousand euro,CZ,2024,16.3
sbs_ovw_act,M71,LC_EMP_TEUR,Labour costs per person employed - thousand euro,DE,2021,38.65
sbs_ovw_act,M71,LC_EMP_TEUR,Labour costs per person employed - thousand euro,DE,2022,39.59
sbs_ovw_act,M71,LC_EMP_TEUR,Labour costs per person employed - thousand euro,DE,2023,43.32
sbs_ovw_act,M71,LC_EMP_TEUR,Labour costs per person employed - thousand euro,DE,2024,47.43
sbs_ovw_act,M71,LC_EMP_TEUR,Labour costs per person employed - thousand euro,DK,2021,71.8
sbs_ovw_act,M71,LC_EMP_TEUR,Labour costs per person employed - thousand euro,DK,2022,73.39
sbs_ovw_act,M71,LC_EMP_TEUR,Labour costs per person employed - thousand euro,DK,2023,79.39
sbs_ovw_act,M71,LC_EMP_TEUR,Labour costs per person employed - thousand euro,DK,2024,80.73
sbs_ovw_act,M71,LC_EMP_TEUR,Labour costs per person employed - thousand euro,EL,2021,4.1
sbs_ovw_act,M71,LC_EMP_TEUR,Labour costs per person employed - thousand euro,EL,2022,5.19
sbs_ovw_act,M71,LC_EMP_TEUR,Labour costs per person employed - thousand euro,EL,2023,5.76
sbs_ovw_act,M71,LC_EMP_TEUR,Labour costs per person employed - thousand euro,EL,2024,6.4
sbs_ovw_act,M71,LC_EMP_TEUR,Labour costs per person employed - thousand euro,ES,2021,23.74
sbs_ovw_act,M71,LC_EMP_TEUR,Labour costs per person employed - thousand euro,ES,2022,25.19
sbs_ovw_act,M71,LC_EMP_TEUR,Labour costs per person employed - thousand euro,ES,2023,27.07
sbs_ovw_act,M71,LC_EMP_TEUR,Labour costs per person employed - thousand euro,ES,2024,30.38
sbs_ovw_act,M71,LC_EMP_TEUR,Labour costs per person employed - thousand euro,EU27_2020,2021,29.08
sbs_ovw_act,M71,LC_EMP_TEUR,Labour costs per person employed - thousand euro,EU27_2020,2022,30.18
sbs_ovw_act,M71,LC_EMP_TEUR,Labour costs per person employed - thousand euro,EU27_2020,2023,32.39
sbs_ovw_act,M71,LC_EMP_TEUR,Labour costs per person employed - thousand euro,FI,2021,48.22
sbs_ovw_act,M71,LC_EMP_TEUR,Labour costs per person employed - thousand euro,FI,2022,48.8
sbs_ovw_act,M71,LC_EMP_TEUR,Labour costs per person employed - thousand euro,FI,2023,50.79
sbs_ovw_act,M71,LC_EMP_TEUR,Labour costs per person employed - thousand euro,FI,2024,52.74
sbs_ovw_act,M71,LC_EMP_TEUR,Labour costs per person employed - thousand euro,FR,2021,40.11
sbs_ovw_act,M71,LC_EMP_TEUR,Labour costs per person employed - thousand euro,FR,2022,41.71
sbs_ovw_act,M71,LC_EMP_TEUR,Labour costs per person employed - thousand euro,FR,2023,42.87
sbs_ovw_act,M71,LC_EMP_TEUR,Labour costs per person employed - thousand euro,FR,2024,44.52
sbs_ovw_act,M71,LC_EMP_TEUR,Labour costs per person employed - thousand euro,HU,2021,10.03
sbs_ovw_act,M71,LC_EMP_TEUR,Labour costs per person employed - thousand euro,HU,2022,10.94
sbs_ovw_act,M71,LC_EMP_TEUR,Labour costs per person employed - thousand euro,HU,2023,13.63
sbs_ovw_act,M71,LC_EMP_TEUR,Labour costs per person employed - thousand euro,HU,2024,14.47
sbs_ovw_act,M71,LC_EMP_TEUR,Labour costs per person employed - thousand euro,IE,2021,49.54
sbs_ovw_act,M71,LC_EMP_TEUR,Labour costs per person employed - thousand euro,IE,2022,50.13
sbs_ovw_act,M71,LC_EMP_TEUR,Labour costs per person employed - thousand euro,IE,2023,54.02
sbs_ovw_act,M71,LC_EMP_TEUR,Labour costs per person employed - thousand euro,IE,2024,56.56
sbs_ovw_act,M71,LC_EMP_TEUR,Labour costs per person employed - thousand euro,IT,2021,10.19
sbs_ovw_act,M71,LC_EMP_TEUR,Labour costs per person employed - thousand euro,IT,2022,10.86
sbs_ovw_act,M71,LC_EMP_TEUR,Labour costs per person employed - thousand euro,IT,2023,11.59
sbs_ovw_act,M71,LC_EMP_TEUR,Labour costs per person employed - thousand euro,IT,2024,12.79
sbs_ovw_act,M71,LC_EMP_TEUR,Labour costs per person employed - thousand euro,NL,2021,41.85
sbs_ovw_act,M71,LC_EMP_TEUR,Labour costs per person employed - thousand euro,NL,2022,43.95
sbs_ovw_act,M71,LC_EMP_TEUR,Labour costs per person employed - thousand euro,NL,2023,46.67
sbs_ovw_act,M71,LC_EMP_TEUR,Labour costs per person employed - thousand euro,NL,2024,48.26
sbs_ovw_act,M71,LC_EMP_TEUR,Labour costs per person employed - thousand euro,PL,2021,10.75
sbs_ovw_act,M71,LC_EMP_TEUR,Labour costs per person employed - thousand euro,PL,2022,11.69
sbs_ovw_act,M71,LC_EMP_TEUR,Labour costs per person employed - thousand euro,PL,2023,12.79
sbs_ovw_act,M71,LC_EMP_TEUR,Labour costs per person employed - thousand euro,PL,2024,15.68
sbs_ovw_act,M71,LC_EMP_TEUR,Labour costs per person employed - thousand euro,PT,2021,13.39
sbs_ovw_act,M71,LC_EMP_TEUR,Labour costs per person employed - thousand euro,PT,2022,14.55
sbs_ovw_act,M71,LC_EMP_TEUR,Labour costs per person employed - thousand euro,PT,2023,16.09
sbs_ovw_act,M71,LC_EMP_TEUR,Labour costs per person employed - thousand euro,PT,2024,17.4
sbs_ovw_act,M71,LC_EMP_TEUR,Labour costs per person employed - thousand euro,RO,2021,10.36
sbs_ovw_act,M71,LC_EMP_TEUR,Labour costs per person employed - thousand euro,RO,2022,11.94
sbs_ovw_act,M71,LC_EMP_TEUR,Labour costs per person employed - thousand euro,RO,2023,15.01
sbs_ovw_act,M71,LC_EMP_TEUR,Labour costs per person employed - thousand euro,RO,2024,17.16
sbs_ovw_act,M71,LC_EMP_TEUR,Labour costs per person employed - thousand euro,SE,2021,40.08
sbs_ovw_act,M71,LC_EMP_TEUR,Labour costs per person employed - thousand euro,SE,2022,42.59
sbs_ovw_act,M71,LC_EMP_TEUR,Labour costs per person employed - thousand euro,SE,2023,41.2
sbs_ovw_act,M71,LC_EMP_TEUR,Labour costs per person employed - thousand euro,SE,2024,42.99
sbs_ovw_act,M71,SAL_NR,Employees - number,AT,2021,50245.0
sbs_ovw_act,M71,SAL_NR,Employees - number,AT,2022,52085.0
sbs_ovw_act,M71,SAL_NR,Employees - number,AT,2023,52656.0
sbs_ovw_act,M71,SAL_NR,Employees - number,AT,2024,52442.0
sbs_ovw_act,M71,SAL_NR,Employees - number,BE,2021,44900.0
sbs_ovw_act,M71,SAL_NR,Employees - number,BE,2022,45951.0
sbs_ovw_act,M71,SAL_NR,Employees - number,BE,2023,48397.0
sbs_ovw_act,M71,SAL_NR,Employees - number,BE,2024,47978.0
sbs_ovw_act,M71,SAL_NR,Employees - number,CZ,2021,53109.0
sbs_ovw_act,M71,SAL_NR,Employees - number,CZ,2022,54266.0
sbs_ovw_act,M71,SAL_NR,Employees - number,CZ,2023,54037.0
sbs_ovw_act,M71,SAL_NR,Employees - number,CZ,2024,54464.0
sbs_ovw_act,M71,SAL_NR,Employees - number,DE,2021,662476.0
sbs_ovw_act,M71,SAL_NR,Employees - number,DE,2022,634532.0
sbs_ovw_act,M71,SAL_NR,Employees - number,DE,2023,658908.0
sbs_ovw_act,M71,SAL_NR,Employees - number,DE,2024,694078.0
sbs_ovw_act,M71,SAL_NR,Employees - number,DK,2021,47787.0
sbs_ovw_act,M71,SAL_NR,Employees - number,DK,2022,50683.0
sbs_ovw_act,M71,SAL_NR,Employees - number,DK,2023,53512.0
sbs_ovw_act,M71,SAL_NR,Employees - number,DK,2024,55718.0
sbs_ovw_act,M71,SAL_NR,Employees - number,EL,2021,26617.0
sbs_ovw_act,M71,SAL_NR,Employees - number,EL,2022,29174.0
sbs_ovw_act,M71,SAL_NR,Employees - number,EL,2023,30378.0
sbs_ovw_act,M71,SAL_NR,Employees - number,EL,2024,32197.0
sbs_ovw_act,M71,SAL_NR,Employees - number,ES,2021,193792.0
sbs_ovw_act,M71,SAL_NR,Employees - number,ES,2022,204135.0
sbs_ovw_act,M71,SAL_NR,Employees - number,ES,2023,216479.0
sbs_ovw_act,M71,SAL_NR,Employees - number,ES,2024,229160.0
sbs_ovw_act,M71,SAL_NR,Employees - number,EU27_2020,2021,2213563.0
sbs_ovw_act,M71,SAL_NR,Employees - number,EU27_2020,2022,2269919.0
sbs_ovw_act,M71,SAL_NR,Employees - number,EU27_2020,2023,2352927.0
sbs_ovw_act,M71,SAL_NR,Employees - number,FI,2021,43645.0
sbs_ovw_act,M71,SAL_NR,Employees - number,FI,2022,45432.0
sbs_ovw_act,M71,SAL_NR,Employees - number,FI,2023,45757.0
sbs_ovw_act,M71,SAL_NR,Employees - number,FI,2024,44360.0
sbs_ovw_act,M71,SAL_NR,Employees - number,FR,2021,363181.0
sbs_ovw_act,M71,SAL_NR,Employees - number,FR,2022,380971.0
sbs_ovw_act,M71,SAL_NR,Employees - number,FR,2023,396258.0
sbs_ovw_act,M71,SAL_NR,Employees - number,FR,2024,410995.0
sbs_ovw_act,M71,SAL_NR,Employees - number,HU,2021,39022.0
sbs_ovw_act,M71,SAL_NR,Employees - number,HU,2022,41251.0
sbs_ovw_act,M71,SAL_NR,Employees - number,HU,2023,44176.0
sbs_ovw_act,M71,SAL_NR,Employees - number,HU,2024,43576.0
sbs_ovw_act,M71,SAL_NR,Employees - number,IE,2021,36631.0
sbs_ovw_act,M71,SAL_NR,Employees - number,IE,2022,41862.0
sbs_ovw_act,M71,SAL_NR,Employees - number,IE,2023,44700.0
sbs_ovw_act,M71,SAL_NR,Employees - number,IE,2024,46374.0
sbs_ovw_act,M71,SAL_NR,Employees - number,IT,2021,91487.0
sbs_ovw_act,M71,SAL_NR,Employees - number,IT,2022,100289.0
sbs_ovw_act,M71,SAL_NR,Employees - number,IT,2023,105599.0
sbs_ovw_act,M71,SAL_NR,Employees - number,IT,2024,116455.0
sbs_ovw_act,M71,SAL_NR,Employees - number,NL,2021,122287.0
sbs_ovw_act,M71,SAL_NR,Employees - number,NL,2022,126963.0
sbs_ovw_act,M71,SAL_NR,Employees - number,NL,2023,131450.0
sbs_ovw_act,M71,SAL_NR,Employees - number,NL,2024,137904.0
sbs_ovw_act,M71,SAL_NR,Employees - number,PL,2021,93912.0
sbs_ovw_act,M71,SAL_NR,Employees - number,PL,2022,95452.0
sbs_ovw_act,M71,SAL_NR,Employees - number,PL,2023,91804.0
sbs_ovw_act,M71,SAL_NR,Employees - number,PL,2024,92236.0
sbs_ovw_act,M71,SAL_NR,Employees - number,PT,2021,41651.0
sbs_ovw_act,M71,SAL_NR,Employees - number,PT,2022,45654.0
sbs_ovw_act,M71,SAL_NR,Employees - number,PT,2023,48206.0
sbs_ovw_act,M71,SAL_NR,Employees - number,PT,2024,50992.0
sbs_ovw_act,M71,SAL_NR,Employees - number,RO,2021,72935.0
sbs_ovw_act,M71,SAL_NR,Employees - number,RO,2022,78997.0
sbs_ovw_act,M71,SAL_NR,Employees - number,RO,2023,85979.0
sbs_ovw_act,M71,SAL_NR,Employees - number,RO,2024,83921.0
sbs_ovw_act,M71,SAL_NR,Employees - number,SE,2021,111420.0
sbs_ovw_act,M71,SAL_NR,Employees - number,SE,2022,120270.0
sbs_ovw_act,M71,SAL_NR,Employees - number,SE,2023,119933.0
sbs_ovw_act,M71,SAL_NR,Employees - number,SE,2024,119756.0
sbs_ovw_act,M71,VAL_OUT_MEUR,Value of output - million euro,AT,2021,7481.13
sbs_ovw_act,M71,VAL_OUT_MEUR,Value of output - million euro,AT,2022,8068.57
sbs_ovw_act,M71,VAL_OUT_MEUR,Value of output - million euro,AT,2023,8276.56
sbs_ovw_act,M71,VAL_OUT_MEUR,Value of output - million euro,AT,2024,8476.72
sbs_ovw_act,M71,VAL_OUT_MEUR,Value of output - million euro,BE,2021,12871.85
sbs_ovw_act,M71,VAL_OUT_MEUR,Value of output - million euro,BE,2022,13702.33
sbs_ovw_act,M71,VAL_OUT_MEUR,Value of output - million euro,BE,2023,15369.29
sbs_ovw_act,M71,VAL_OUT_MEUR,Value of output - million euro,BE,2024,16013.91
sbs_ovw_act,M71,VAL_OUT_MEUR,Value of output - million euro,CZ,2021,6145.44
sbs_ovw_act,M71,VAL_OUT_MEUR,Value of output - million euro,CZ,2022,7402.04
sbs_ovw_act,M71,VAL_OUT_MEUR,Value of output - million euro,CZ,2023,8188.94
sbs_ovw_act,M71,VAL_OUT_MEUR,Value of output - million euro,CZ,2024,8113.57
sbs_ovw_act,M71,VAL_OUT_MEUR,Value of output - million euro,DE,2021,86941.47
sbs_ovw_act,M71,VAL_OUT_MEUR,Value of output - million euro,DE,2022,81450.47
sbs_ovw_act,M71,VAL_OUT_MEUR,Value of output - million euro,DE,2023,98799.45
sbs_ovw_act,M71,VAL_OUT_MEUR,Value of output - million euro,DE,2024,97617.47
sbs_ovw_act,M71,VAL_OUT_MEUR,Value of output - million euro,DK,2021,9548.24
sbs_ovw_act,M71,VAL_OUT_MEUR,Value of output - million euro,DK,2022,10720.03
sbs_ovw_act,M71,VAL_OUT_MEUR,Value of output - million euro,DK,2023,11170.21
sbs_ovw_act,M71,VAL_OUT_MEUR,Value of output - million euro,DK,2024,12061.8
sbs_ovw_act,M71,VAL_OUT_MEUR,Value of output - million euro,EL,2021,2925.42
sbs_ovw_act,M71,VAL_OUT_MEUR,Value of output - million euro,EL,2022,3645.5
sbs_ovw_act,M71,VAL_OUT_MEUR,Value of output - million euro,EL,2023,4379.18
sbs_ovw_act,M71,VAL_OUT_MEUR,Value of output - million euro,EL,2024,5027.01
sbs_ovw_act,M71,VAL_OUT_MEUR,Value of output - million euro,ES,2021,23368.04
sbs_ovw_act,M71,VAL_OUT_MEUR,Value of output - million euro,ES,2022,27234.1
sbs_ovw_act,M71,VAL_OUT_MEUR,Value of output - million euro,ES,2023,29404.42
sbs_ovw_act,M71,VAL_OUT_MEUR,Value of output - million euro,ES,2024,31551.38
sbs_ovw_act,M71,VAL_OUT_MEUR,Value of output - million euro,EU27_2020,2021,325955.77
sbs_ovw_act,M71,VAL_OUT_MEUR,Value of output - million euro,EU27_2020,2022,344879.46
sbs_ovw_act,M71,VAL_OUT_MEUR,Value of output - million euro,EU27_2020,2023,384435.41
sbs_ovw_act,M71,VAL_OUT_MEUR,Value of output - million euro,FI,2021,6419.72
sbs_ovw_act,M71,VAL_OUT_MEUR,Value of output - million euro,FI,2022,6676.48
sbs_ovw_act,M71,VAL_OUT_MEUR,Value of output - million euro,FI,2023,6935.76
sbs_ovw_act,M71,VAL_OUT_MEUR,Value of output - million euro,FI,2024,7110.69
sbs_ovw_act,M71,VAL_OUT_MEUR,Value of output - million euro,FR,2021,65470.92
sbs_ovw_act,M71,VAL_OUT_MEUR,Value of output - million euro,FR,2022,68271.93
sbs_ovw_act,M71,VAL_OUT_MEUR,Value of output - million euro,FR,2023,71882.78
sbs_ovw_act,M71,VAL_OUT_MEUR,Value of output - million euro,FR,2024,77309.56
sbs_ovw_act,M71,VAL_OUT_MEUR,Value of output - million euro,HU,2021,2974.83
sbs_ovw_act,M71,VAL_OUT_MEUR,Value of output - million euro,HU,2022,3108.2
sbs_ovw_act,M71,VAL_OUT_MEUR,Value of output - million euro,HU,2023,3583.5
sbs_ovw_act,M71,VAL_OUT_MEUR,Value of output - million euro,HU,2024,3610.18
sbs_ovw_act,M71,VAL_OUT_MEUR,Value of output - million euro,IE,2021,4734.74
sbs_ovw_act,M71,VAL_OUT_MEUR,Value of output - million euro,IE,2022,5858.7
sbs_ovw_act,M71,VAL_OUT_MEUR,Value of output - million euro,IE,2023,6445.26
sbs_ovw_act,M71,VAL_OUT_MEUR,Value of output - million euro,IE,2024,6680.25
sbs_ovw_act,M71,VAL_OUT_MEUR,Value of output - million euro,IT,2021,31159.9
sbs_ovw_act,M71,VAL_OUT_MEUR,Value of output - million euro,IT,2022,38385.69
sbs_ovw_act,M71,VAL_OUT_MEUR,Value of output - million euro,IT,2023,43220.64
sbs_ovw_act,M71,VAL_OUT_MEUR,Value of output - million euro,IT,2024,46087.53
sbs_ovw_act,M71,VAL_OUT_MEUR,Value of output - million euro,NL,2021,21540.18
sbs_ovw_act,M71,VAL_OUT_MEUR,Value of output - million euro,NL,2022,21979.79
sbs_ovw_act,M71,VAL_OUT_MEUR,Value of output - million euro,NL,2023,24300.06
sbs_ovw_act,M71,VAL_OUT_MEUR,Value of output - million euro,NL,2024,26383.02
sbs_ovw_act,M71,VAL_OUT_MEUR,Value of output - million euro,PL,2021,8361.65
sbs_ovw_act,M71,VAL_OUT_MEUR,Value of output - million euro,PL,2022,9539.37
sbs_ovw_act,M71,VAL_OUT_MEUR,Value of output - million euro,PL,2023,10505.72
sbs_ovw_act,M71,VAL_OUT_MEUR,Value of output - million euro,PL,2024,11539.67
sbs_ovw_act,M71,VAL_OUT_MEUR,Value of output - million euro,PT,2021,3333.38
sbs_ovw_act,M71,VAL_OUT_MEUR,Value of output - million euro,PT,2022,3893.14
sbs_ovw_act,M71,VAL_OUT_MEUR,Value of output - million euro,PT,2023,4618.38
sbs_ovw_act,M71,VAL_OUT_MEUR,Value of output - million euro,PT,2024,5444.78
sbs_ovw_act,M71,VAL_OUT_MEUR,Value of output - million euro,RO,2021,3442.37
sbs_ovw_act,M71,VAL_OUT_MEUR,Value of output - million euro,RO,2022,4541.64
sbs_ovw_act,M71,VAL_OUT_MEUR,Value of output - million euro,RO,2023,5769.3
sbs_ovw_act,M71,VAL_OUT_MEUR,Value of output - million euro,RO,2024,6120.33
sbs_ovw_act,M71,VAL_OUT_MEUR,Value of output - million euro,SE,2021,19651.03
sbs_ovw_act,M71,VAL_OUT_MEUR,Value of output - million euro,SE,2022,19465.27
sbs_ovw_act,M71,VAL_OUT_MEUR,Value of output - million euro,SE,2023,19161.15
sbs_ovw_act,M71,VAL_OUT_MEUR,Value of output - million euro,SE,2024,19538.18
sbs_ovw_act,M71,WAGE_MEUR,Wages and salaries - million euro,AT,2021,2229.38
sbs_ovw_act,M71,WAGE_MEUR,Wages and salaries - million euro,AT,2022,2441.12
sbs_ovw_act,M71,WAGE_MEUR,Wages and salaries - million euro,AT,2023,2641.99
sbs_ovw_act,M71,WAGE_MEUR,Wages and salaries - million euro,AT,2024,2815.42
sbs_ovw_act,M71,WAGE_MEUR,Wages and salaries - million euro,BE,2021,2442.47
sbs_ovw_act,M71,WAGE_MEUR,Wages and salaries - million euro,BE,2022,2610.02
sbs_ovw_act,M71,WAGE_MEUR,Wages and salaries - million euro,BE,2023,3004.53
sbs_ovw_act,M71,WAGE_MEUR,Wages and salaries - million euro,BE,2024,3021.88
sbs_ovw_act,M71,WAGE_MEUR,Wages and salaries - million euro,CZ,2021,1124.71
sbs_ovw_act,M71,WAGE_MEUR,Wages and salaries - million euro,CZ,2022,1294.47
sbs_ovw_act,M71,WAGE_MEUR,Wages and salaries - million euro,CZ,2023,1431.73
sbs_ovw_act,M71,WAGE_MEUR,Wages and salaries - million euro,CZ,2024,1484.04
sbs_ovw_act,M71,WAGE_MEUR,Wages and salaries - million euro,DE,2021,30509.72
sbs_ovw_act,M71,WAGE_MEUR,Wages and salaries - million euro,DE,2022,30122.4
sbs_ovw_act,M71,WAGE_MEUR,Wages and salaries - million euro,DE,2023,34119.67
sbs_ovw_act,M71,WAGE_MEUR,Wages and salaries - million euro,DE,2024,38193.24
sbs_ovw_act,M71,WAGE_MEUR,Wages and salaries - million euro,DK,2021,3620.26
sbs_ovw_act,M71,WAGE_MEUR,Wages and salaries - million euro,DK,2022,3907.2
sbs_ovw_act,M71,WAGE_MEUR,Wages and salaries - million euro,DK,2023,4457.38
sbs_ovw_act,M71,WAGE_MEUR,Wages and salaries - million euro,DK,2024,4710.74
sbs_ovw_act,M71,WAGE_MEUR,Wages and salaries - million euro,EL,2021,313.64
sbs_ovw_act,M71,WAGE_MEUR,Wages and salaries - million euro,EL,2022,405.88
sbs_ovw_act,M71,WAGE_MEUR,Wages and salaries - million euro,EL,2023,472.55
sbs_ovw_act,M71,WAGE_MEUR,Wages and salaries - million euro,EL,2024,555.21
sbs_ovw_act,M71,WAGE_MEUR,Wages and salaries - million euro,ES,2021,6499.07
sbs_ovw_act,M71,WAGE_MEUR,Wages and salaries - million euro,ES,2022,7129.32
sbs_ovw_act,M71,WAGE_MEUR,Wages and salaries - million euro,ES,2023,7970.28
sbs_ovw_act,M71,WAGE_MEUR,Wages and salaries - million euro,ES,2024,8878.77
sbs_ovw_act,M71,WAGE_MEUR,Wages and salaries - million euro,EU27_2020,2021,89428.9
sbs_ovw_act,M71,WAGE_MEUR,Wages and salaries - million euro,EU27_2020,2022,94681.28
sbs_ovw_act,M71,WAGE_MEUR,Wages and salaries - million euro,EU27_2020,2023,104508.45
sbs_ovw_act,M71,WAGE_MEUR,Wages and salaries - million euro,FI,2021,2343.98
sbs_ovw_act,M71,WAGE_MEUR,Wages and salaries - million euro,FI,2022,2484.23
sbs_ovw_act,M71,WAGE_MEUR,Wages and salaries - million euro,FI,2023,2597.34
sbs_ovw_act,M71,WAGE_MEUR,Wages and salaries - million euro,FI,2024,2616.05
sbs_ovw_act,M71,WAGE_MEUR,Wages and salaries - million euro,FR,2021,16820.35
sbs_ovw_act,M71,WAGE_MEUR,Wages and salaries - million euro,FR,2022,18346.62
sbs_ovw_act,M71,WAGE_MEUR,Wages and salaries - million euro,FR,2023,19539.47
sbs_ovw_act,M71,WAGE_MEUR,Wages and salaries - million euro,FR,2024,21017.73
sbs_ovw_act,M71,WAGE_MEUR,Wages and salaries - million euro,HU,2021,667.7
sbs_ovw_act,M71,WAGE_MEUR,Wages and salaries - million euro,HU,2022,753.42
sbs_ovw_act,M71,WAGE_MEUR,Wages and salaries - million euro,HU,2023,905.82
sbs_ovw_act,M71,WAGE_MEUR,Wages and salaries - million euro,HU,2024,954.52
sbs_ovw_act,M71,WAGE_MEUR,Wages and salaries - million euro,IE,2021,1971.44
sbs_ovw_act,M71,WAGE_MEUR,Wages and salaries - million euro,IE,2022,2258.77
sbs_ovw_act,M71,WAGE_MEUR,Wages and salaries - million euro,IE,2023,2583.55
sbs_ovw_act,M71,WAGE_MEUR,Wages and salaries - million euro,IE,2024,2797.53
sbs_ovw_act,M71,WAGE_MEUR,Wages and salaries - million euro,IT,2021,3239.69
sbs_ovw_act,M71,WAGE_MEUR,Wages and salaries - million euro,IT,2022,3678.11
sbs_ovw_act,M71,WAGE_MEUR,Wages and salaries - million euro,IT,2023,4008.89
sbs_ovw_act,M71,WAGE_MEUR,Wages and salaries - million euro,IT,2024,4580.8
sbs_ovw_act,M71,WAGE_MEUR,Wages and salaries - million euro,NL,2021,6328.11
sbs_ovw_act,M71,WAGE_MEUR,Wages and salaries - million euro,NL,2022,6877.52
sbs_ovw_act,M71,WAGE_MEUR,Wages and salaries - million euro,NL,2023,7528.04
sbs_ovw_act,M71,WAGE_MEUR,Wages and salaries - million euro,NL,2024,8088.49
sbs_ovw_act,M71,WAGE_MEUR,Wages and salaries - million euro,PL,2021,1810.78
sbs_ovw_act,M71,WAGE_MEUR,Wages and salaries - million euro,PL,2022,1979.06
sbs_ovw_act,M71,WAGE_MEUR,Wages and salaries - million euro,PL,2023,2143.01
sbs_ovw_act,M71,WAGE_MEUR,Wages and salaries - million euro,PL,2024,2666.73
sbs_ovw_act,M71,WAGE_MEUR,Wages and salaries - million euro,PT,2021,846.05
sbs_ovw_act,M71,WAGE_MEUR,Wages and salaries - million euro,PT,2022,984.99
sbs_ovw_act,M71,WAGE_MEUR,Wages and salaries - million euro,PT,2023,1136.38
sbs_ovw_act,M71,WAGE_MEUR,Wages and salaries - million euro,PT,2024,1281.63
sbs_ovw_act,M71,WAGE_MEUR,Wages and salaries - million euro,RO,2021,896.01
sbs_ovw_act,M71,WAGE_MEUR,Wages and salaries - million euro,RO,2022,1090.08
sbs_ovw_act,M71,WAGE_MEUR,Wages and salaries - million euro,RO,2023,1470.79
sbs_ovw_act,M71,WAGE_MEUR,Wages and salaries - million euro,RO,2024,1653.31
sbs_ovw_act,M71,WAGE_MEUR,Wages and salaries - million euro,SE,2021,5297.92
sbs_ovw_act,M71,WAGE_MEUR,Wages and salaries - million euro,SE,2022,5537.08
sbs_ovw_act,M71,WAGE_MEUR,Wages and salaries - million euro,SE,2023,5339.69
sbs_ovw_act,M71,WAGE_MEUR,Wages and salaries - million euro,SE,2024,5553.03
sbs_ovw_act,F,AV_MEUR,Value added - million euro,AT,2021,22678.48
sbs_ovw_act,F,AV_MEUR,Value added - million euro,AT,2022,24353.76
sbs_ovw_act,F,AV_MEUR,Value added - million euro,AT,2023,25944.0
sbs_ovw_act,F,AV_MEUR,Value added - million euro,AT,2024,27633.41
sbs_ovw_act,F,AV_MEUR,Value added - million euro,BE,2021,20444.66
sbs_ovw_act,F,AV_MEUR,Value added - million euro,BE,2022,23328.72
sbs_ovw_act,F,AV_MEUR,Value added - million euro,BE,2023,31963.0
sbs_ovw_act,F,AV_MEUR,Value added - million euro,BE,2024,25909.73
sbs_ovw_act,F,AV_MEUR,Value added - million euro,CZ,2021,8899.01
sbs_ovw_act,F,AV_MEUR,Value added - million euro,CZ,2022,10332.63
sbs_ovw_act,F,AV_MEUR,Value added - million euro,CZ,2023,11742.44
sbs_ovw_act,F,AV_MEUR,Value added - million euro,CZ,2024,11978.53
sbs_ovw_act,F,AV_MEUR,Value added - million euro,DE,2021,158013.55
sbs_ovw_act,F,AV_MEUR,Value added - million euro,DE,2022,169679.39
sbs_ovw_act,F,AV_MEUR,Value added - million euro,DE,2023,167078.92
sbs_ovw_act,F,AV_MEUR,Value added - million euro,DE,2024,167112.13
sbs_ovw_act,F,AV_MEUR,Value added - million euro,DK,2021,13829.71
sbs_ovw_act,F,AV_MEUR,Value added - million euro,DK,2022,13736.58
sbs_ovw_act,F,AV_MEUR,Value added - million euro,DK,2023,14459.36
sbs_ovw_act,F,AV_MEUR,Value added - million euro,DK,2024,14917.7
sbs_ovw_act,F,AV_MEUR,Value added - million euro,EL,2021,2628.93
sbs_ovw_act,F,AV_MEUR,Value added - million euro,EL,2022,3406.32
sbs_ovw_act,F,AV_MEUR,Value added - million euro,EL,2023,4525.64
sbs_ovw_act,F,AV_MEUR,Value added - million euro,EL,2024,5981.52
sbs_ovw_act,F,AV_MEUR,Value added - million euro,ES,2021,48678.92
sbs_ovw_act,F,AV_MEUR,Value added - million euro,ES,2022,52425.69
sbs_ovw_act,F,AV_MEUR,Value added - million euro,ES,2023,56939.65
sbs_ovw_act,F,AV_MEUR,Value added - million euro,ES,2024,66023.77
sbs_ovw_act,F,AV_MEUR,Value added - million euro,EU27_2020,2021,614699.22
sbs_ovw_act,F,AV_MEUR,Value added - million euro,EU27_2020,2022,673283.56
sbs_ovw_act,F,AV_MEUR,Value added - million euro,EU27_2020,2023,727546.92
sbs_ovw_act,F,AV_MEUR,Value added - million euro,FI,2021,12035.18
sbs_ovw_act,F,AV_MEUR,Value added - million euro,FI,2022,12271.9
sbs_ovw_act,F,AV_MEUR,Value added - million euro,FI,2023,11812.16
sbs_ovw_act,F,AV_MEUR,Value added - million euro,FI,2024,11754.29
sbs_ovw_act,F,AV_MEUR,Value added - million euro,FR,2021,111233.92
sbs_ovw_act,F,AV_MEUR,Value added - million euro,FR,2022,117458.25
sbs_ovw_act,F,AV_MEUR,Value added - million euro,FR,2023,124181.66
sbs_ovw_act,F,AV_MEUR,Value added - million euro,FR,2024,126396.96
sbs_ovw_act,F,AV_MEUR,Value added - million euro,HU,2021,6886.72
sbs_ovw_act,F,AV_MEUR,Value added - million euro,HU,2022,7117.19
sbs_ovw_act,F,AV_MEUR,Value added - million euro,HU,2023,8174.64
sbs_ovw_act,F,AV_MEUR,Value added - million euro,HU,2024,8260.14
sbs_ovw_act,F,AV_MEUR,Value added - million euro,IE,2021,8852.73
sbs_ovw_act,F,AV_MEUR,Value added - million euro,IE,2022,12295.94
sbs_ovw_act,F,AV_MEUR,Value added - million euro,IE,2023,11961.9
sbs_ovw_act,F,AV_MEUR,Value added - million euro,IE,2024,13728.12
sbs_ovw_act,F,AV_MEUR,Value added - million euro,IT,2021,69791.99
sbs_ovw_act,F,AV_MEUR,Value added - million euro,IT,2022,83722.02
sbs_ovw_act,F,AV_MEUR,Value added - million euro,IT,2023,96807.93
sbs_ovw_act,F,AV_MEUR,Value added - million euro,IT,2024,96370.62
sbs_ovw_act,F,AV_MEUR,Value added - million euro,NL,2021,39362.75
sbs_ovw_act,F,AV_MEUR,Value added - million euro,NL,2022,42699.98
sbs_ovw_act,F,AV_MEUR,Value added - million euro,NL,2023,46531.02
sbs_ovw_act,F,AV_MEUR,Value added - million euro,NL,2024,49101.33
sbs_ovw_act,F,AV_MEUR,Value added - million euro,PL,2021,23801.62
sbs_ovw_act,F,AV_MEUR,Value added - million euro,PL,2022,26369.1
sbs_ovw_act,F,AV_MEUR,Value added - million euro,PL,2023,33276.1
sbs_ovw_act,F,AV_MEUR,Value added - million euro,PL,2024,35878.43
sbs_ovw_act,F,AV_MEUR,Value added - million euro,PT,2021,8614.96
sbs_ovw_act,F,AV_MEUR,Value added - million euro,PT,2022,9648.85
sbs_ovw_act,F,AV_MEUR,Value added - million euro,PT,2023,11321.92
sbs_ovw_act,F,AV_MEUR,Value added - million euro,PT,2024,12786.42
sbs_ovw_act,F,AV_MEUR,Value added - million euro,RO,2021,8857.86
sbs_ovw_act,F,AV_MEUR,Value added - million euro,RO,2022,11401.18
sbs_ovw_act,F,AV_MEUR,Value added - million euro,RO,2023,15066.02
sbs_ovw_act,F,AV_MEUR,Value added - million euro,RO,2024,16150.6
sbs_ovw_act,F,AV_MEUR,Value added - million euro,SE,2021,29284.09
sbs_ovw_act,F,AV_MEUR,Value added - million euro,SE,2022,29784.13
sbs_ovw_act,F,AV_MEUR,Value added - million euro,SE,2023,28472.26
sbs_ovw_act,F,AV_MEUR,Value added - million euro,SE,2024,28028.78
sbs_ovw_act,F,EMP_NR,Persons employed - number,AT,2021,352610.0
sbs_ovw_act,F,EMP_NR,Persons employed - number,AT,2022,360785.0
sbs_ovw_act,F,EMP_NR,Persons employed - number,AT,2023,359370.0
sbs_ovw_act,F,EMP_NR,Persons employed - number,AT,2024,352478.0
sbs_ovw_act,F,EMP_NR,Persons employed - number,BE,2021,328415.0
sbs_ovw_act,F,EMP_NR,Persons employed - number,BE,2022,347992.0
sbs_ovw_act,F,EMP_NR,Persons employed - number,BE,2023,361402.0
sbs_ovw_act,F,EMP_NR,Persons employed - number,BE,2024,344356.0
sbs_ovw_act,F,EMP_NR,Persons employed - number,CZ,2021,398984.0
sbs_ovw_act,F,EMP_NR,Persons employed - number,CZ,2022,408595.0
sbs_ovw_act,F,EMP_NR,Persons employed - number,CZ,2023,415010.0
sbs_ovw_act,F,EMP_NR,Persons employed - number,CZ,2024,412733.0
sbs_ovw_act,F,EMP_NR,Persons employed - number,DE,2021,2618160.0
sbs_ovw_act,F,EMP_NR,Persons employed - number,DE,2022,2780210.0
sbs_ovw_act,F,EMP_NR,Persons employed - number,DE,2023,2622799.0
sbs_ovw_act,F,EMP_NR,Persons employed - number,DE,2024,2605758.0
sbs_ovw_act,F,EMP_NR,Persons employed - number,DK,2021,195382.0
sbs_ovw_act,F,EMP_NR,Persons employed - number,DK,2022,201133.0
sbs_ovw_act,F,EMP_NR,Persons employed - number,DK,2023,199494.0
sbs_ovw_act,F,EMP_NR,Persons employed - number,DK,2024,200560.0
sbs_ovw_act,F,EMP_NR,Persons employed - number,EL,2021,167620.0
sbs_ovw_act,F,EMP_NR,Persons employed - number,EL,2022,170727.0
sbs_ovw_act,F,EMP_NR,Persons employed - number,EL,2023,186276.0
sbs_ovw_act,F,EMP_NR,Persons employed - number,EL,2024,210050.0
sbs_ovw_act,F,EMP_NR,Persons employed - number,ES,2021,1310030.0
sbs_ovw_act,F,EMP_NR,Persons employed - number,ES,2022,1298704.0
sbs_ovw_act,F,EMP_NR,Persons employed - number,ES,2023,1344462.0
sbs_ovw_act,F,EMP_NR,Persons employed - number,ES,2024,1333477.0
sbs_ovw_act,F,EMP_NR,Persons employed - number,EU27_2020,2021,13417908.0
sbs_ovw_act,F,EMP_NR,Persons employed - number,EU27_2020,2022,13876020.0
sbs_ovw_act,F,EMP_NR,Persons employed - number,EU27_2020,2023,13937330.0
sbs_ovw_act,F,EMP_NR,Persons employed - number,FI,2021,179504.0
sbs_ovw_act,F,EMP_NR,Persons employed - number,FI,2022,185583.0
sbs_ovw_act,F,EMP_NR,Persons employed - number,FI,2023,180070.0
sbs_ovw_act,F,EMP_NR,Persons employed - number,FI,2024,169006.0
sbs_ovw_act,F,EMP_NR,Persons employed - number,FR,2021,1994586.0
sbs_ovw_act,F,EMP_NR,Persons employed - number,FR,2022,2050666.0
sbs_ovw_act,F,EMP_NR,Persons employed - number,FR,2023,2056713.0
sbs_ovw_act,F,EMP_NR,Persons employed - number,FR,2024,2058414.0
sbs_ovw_act,F,EMP_NR,Persons employed - number,HU,2021,319775.0
sbs_ovw_act,F,EMP_NR,Persons employed - number,HU,2022,334269.0
sbs_ovw_act,F,EMP_NR,Persons employed - number,HU,2023,330168.0
sbs_ovw_act,F,EMP_NR,Persons employed - number,HU,2024,317437.0
sbs_ovw_act,F,EMP_NR,Persons employed - number,IE,2021,170446.0
sbs_ovw_act,F,EMP_NR,Persons employed - number,IE,2022,198109.0
sbs_ovw_act,F,EMP_NR,Persons employed - number,IE,2023,206446.0
sbs_ovw_act,F,EMP_NR,Persons employed - number,IE,2024,209729.0
sbs_ovw_act,F,EMP_NR,Persons employed - number,IT,2021,1457006.0
sbs_ovw_act,F,EMP_NR,Persons employed - number,IT,2022,1573005.0
sbs_ovw_act,F,EMP_NR,Persons employed - number,IT,2023,1625219.0
sbs_ovw_act,F,EMP_NR,Persons employed - number,IT,2024,1629077.0
sbs_ovw_act,F,EMP_NR,Persons employed - number,NL,2021,525245.0
sbs_ovw_act,F,EMP_NR,Persons employed - number,NL,2022,546607.0
sbs_ovw_act,F,EMP_NR,Persons employed - number,NL,2023,561951.0
sbs_ovw_act,F,EMP_NR,Persons employed - number,NL,2024,571066.0
sbs_ovw_act,F,EMP_NR,Persons employed - number,PL,2021,1170955.0
sbs_ovw_act,F,EMP_NR,Persons employed - number,PL,2022,1157775.0
sbs_ovw_act,F,EMP_NR,Persons employed - number,PL,2023,1146998.0
sbs_ovw_act,F,EMP_NR,Persons employed - number,PL,2024,1153294.0
sbs_ovw_act,F,EMP_NR,Persons employed - number,PT,2021,379596.0
sbs_ovw_act,F,EMP_NR,Persons employed - number,PT,2022,398684.0
sbs_ovw_act,F,EMP_NR,Persons employed - number,PT,2023,430378.0
sbs_ovw_act,F,EMP_NR,Persons employed - number,PT,2024,460413.0
sbs_ovw_act,F,EMP_NR,Persons employed - number,RO,2021,494593.0
sbs_ovw_act,F,EMP_NR,Persons employed - number,RO,2022,493422.0
sbs_ovw_act,F,EMP_NR,Persons employed - number,RO,2023,516167.0
sbs_ovw_act,F,EMP_NR,Persons employed - number,RO,2024,496282.0
sbs_ovw_act,F,EMP_NR,Persons employed - number,SE,2021,455138.0
sbs_ovw_act,F,EMP_NR,Persons employed - number,SE,2022,437545.0
sbs_ovw_act,F,EMP_NR,Persons employed - number,SE,2023,433863.0
sbs_ovw_act,F,EMP_NR,Persons employed - number,SE,2024,413421.0
sbs_ovw_act,F,ENT_NR,Enterprises - number,AT,2021,40438.0
sbs_ovw_act,F,ENT_NR,Enterprises - number,AT,2022,41601.0
sbs_ovw_act,F,ENT_NR,Enterprises - number,AT,2023,42177.0
sbs_ovw_act,F,ENT_NR,Enterprises - number,AT,2024,43120.0
sbs_ovw_act,F,ENT_NR,Enterprises - number,BE,2021,128788.0
sbs_ovw_act,F,ENT_NR,Enterprises - number,BE,2022,142700.0
sbs_ovw_act,F,ENT_NR,Enterprises - number,BE,2023,151251.0
sbs_ovw_act,F,ENT_NR,Enterprises - number,BE,2024,139472.0
sbs_ovw_act,F,ENT_NR,Enterprises - number,CZ,2021,189868.0
sbs_ovw_act,F,ENT_NR,Enterprises - number,CZ,2022,195730.0
sbs_ovw_act,F,ENT_NR,Enterprises - number,CZ,2023,201528.0
sbs_ovw_act,F,ENT_NR,Enterprises - number,CZ,2024,208070.0
sbs_ovw_act,F,ENT_NR,Enterprises - number,DE,2021,380348.0
sbs_ovw_act,F,ENT_NR,Enterprises - number,DE,2022,382005.0
sbs_ovw_act,F,ENT_NR,Enterprises - number,DE,2023,379286.0
sbs_ovw_act,F,ENT_NR,Enterprises - number,DE,2024,377905.0
sbs_ovw_act,F,ENT_NR,Enterprises - number,DK,2021,35946.0
sbs_ovw_act,F,ENT_NR,Enterprises - number,DK,2022,36826.0
sbs_ovw_act,F,ENT_NR,Enterprises - number,DK,2023,36409.0
sbs_ovw_act,F,ENT_NR,Enterprises - number,DK,2024,36042.0
sbs_ovw_act,F,ENT_NR,Enterprises - number,EL,2021,66723.0
sbs_ovw_act,F,ENT_NR,Enterprises - number,EL,2022,70604.0
sbs_ovw_act,F,ENT_NR,Enterprises - number,EL,2023,72631.0
sbs_ovw_act,F,ENT_NR,Enterprises - number,EL,2024,77532.0
sbs_ovw_act,F,ENT_NR,Enterprises - number,ES,2021,387436.0
sbs_ovw_act,F,ENT_NR,Enterprises - number,ES,2022,417447.0
sbs_ovw_act,F,ENT_NR,Enterprises - number,ES,2023,428269.0
sbs_ovw_act,F,ENT_NR,Enterprises - number,ES,2024,427982.0
sbs_ovw_act,F,ENT_NR,Enterprises - number,EU27_2020,2021,3733785.0
sbs_ovw_act,F,ENT_NR,Enterprises - number,EU27_2020,2022,3911034.0
sbs_ovw_act,F,ENT_NR,Enterprises - number,EU27_2020,2023,4014368.0
sbs_ovw_act,F,ENT_NR,Enterprises - number,FI,2021,54512.0
sbs_ovw_act,F,ENT_NR,Enterprises - number,FI,2022,56140.0
sbs_ovw_act,F,ENT_NR,Enterprises - number,FI,2023,56948.0
sbs_ovw_act,F,ENT_NR,Enterprises - number,FI,2024,57350.0
sbs_ovw_act,F,ENT_NR,Enterprises - number,FR,2021,530278.0
sbs_ovw_act,F,ENT_NR,Enterprises - number,FR,2022,564574.0
sbs_ovw_act,F,ENT_NR,Enterprises - number,FR,2023,587898.0
sbs_ovw_act,F,ENT_NR,Enterprises - number,FR,2024,600157.0
sbs_ovw_act,F,ENT_NR,Enterprises - number,HU,2021,122023.0
sbs_ovw_act,F,ENT_NR,Enterprises - number,HU,2022,131629.0
sbs_ovw_act,F,ENT_NR,Enterprises - number,HU,2023,123796.0
sbs_ovw_act,F,ENT_NR,Enterprises - number,HU,2024,121042.0
sbs_ovw_act,F,ENT_NR,Enterprises - number,IE,2021,70459.0
sbs_ovw_act,F,ENT_NR,Enterprises - number,IE,2022,77676.0
sbs_ovw_act,F,ENT_NR,Enterprises - number,IE,2023,81043.0
sbs_ovw_act,F,ENT_NR,Enterprises - number,IE,2024,80005.0
sbs_ovw_act,F,ENT_NR,Enterprises - number,IT,2021,512130.0
sbs_ovw_act,F,ENT_NR,Enterprises - number,IT,2022,529357.0
sbs_ovw_act,F,ENT_NR,Enterprises - number,IT,2023,532957.0
sbs_ovw_act,F,ENT_NR,Enterprises - number,IT,2024,532922.0
sbs_ovw_act,F,ENT_NR,Enterprises - number,NL,2021,231679.0
sbs_ovw_act,F,ENT_NR,Enterprises - number,NL,2022,254389.0
sbs_ovw_act,F,ENT_NR,Enterprises - number,NL,2023,273508.0
sbs_ovw_act,F,ENT_NR,Enterprises - number,NL,2024,292578.0
sbs_ovw_act,F,ENT_NR,Enterprises - number,PL,2021,417438.0
sbs_ovw_act,F,ENT_NR,Enterprises - number,PL,2022,415118.0
sbs_ovw_act,F,ENT_NR,Enterprises - number,PL,2023,421178.0
sbs_ovw_act,F,ENT_NR,Enterprises - number,PL,2024,432061.0
sbs_ovw_act,F,ENT_NR,Enterprises - number,PT,2021,97352.0
sbs_ovw_act,F,ENT_NR,Enterprises - number,PT,2022,102468.0
sbs_ovw_act,F,ENT_NR,Enterprises - number,PT,2023,107854.0
sbs_ovw_act,F,ENT_NR,Enterprises - number,PT,2024,114436.0
sbs_ovw_act,F,ENT_NR,Enterprises - number,RO,2021,94015.0
sbs_ovw_act,F,ENT_NR,Enterprises - number,RO,2022,99127.0
sbs_ovw_act,F,ENT_NR,Enterprises - number,RO,2023,104927.0
sbs_ovw_act,F,ENT_NR,Enterprises - number,RO,2024,101203.0
sbs_ovw_act,F,ENT_NR,Enterprises - number,SE,2021,106588.0
sbs_ovw_act,F,ENT_NR,Enterprises - number,SE,2022,104055.0
sbs_ovw_act,F,ENT_NR,Enterprises - number,SE,2023,105772.0
sbs_ovw_act,F,ENT_NR,Enterprises - number,SE,2024,106601.0
sbs_ovw_act,F,GOS_MEUR,Gross operating surplus - million euro,AT,2021,5854.23
sbs_ovw_act,F,GOS_MEUR,Gross operating surplus - million euro,AT,2022,6305.5
sbs_ovw_act,F,GOS_MEUR,Gross operating surplus - million euro,AT,2023,6620.29
sbs_ovw_act,F,GOS_MEUR,Gross operating surplus - million euro,AT,2024,7434.43
sbs_ovw_act,F,GOS_MEUR,Gross operating surplus - million euro,BE,2021,8816.2
sbs_ovw_act,F,GOS_MEUR,Gross operating surplus - million euro,BE,2022,10735.01
sbs_ovw_act,F,GOS_MEUR,Gross operating surplus - million euro,BE,2023,17940.09
sbs_ovw_act,F,GOS_MEUR,Gross operating surplus - million euro,BE,2024,11721.45
sbs_ovw_act,F,GOS_MEUR,Gross operating surplus - million euro,CZ,2021,4320.09
sbs_ovw_act,F,GOS_MEUR,Gross operating surplus - million euro,CZ,2022,5166.95
sbs_ovw_act,F,GOS_MEUR,Gross operating surplus - million euro,CZ,2023,6031.25
sbs_ovw_act,F,GOS_MEUR,Gross operating surplus - million euro,CZ,2024,6143.59
sbs_ovw_act,F,GOS_MEUR,Gross operating surplus - million euro,DE,2021,58409.19
sbs_ovw_act,F,GOS_MEUR,Gross operating surplus - million euro,DE,2022,60177.06
sbs_ovw_act,F,GOS_MEUR,Gross operating surplus - million euro,DE,2023,58006.78
sbs_ovw_act,F,GOS_MEUR,Gross operating surplus - million euro,DE,2024,54430.6
sbs_ovw_act,F,GOS_MEUR,Gross operating surplus - million euro,DK,2021,2685.21
sbs_ovw_act,F,GOS_MEUR,Gross operating surplus - million euro,DK,2022,1767.8
sbs_ovw_act,F,GOS_MEUR,Gross operating surplus - million euro,DK,2023,2252.25
sbs_ovw_act,F,GOS_MEUR,Gross operating surplus - million euro,DK,2024,1919.22
sbs_ovw_act,F,GOS_MEUR,Gross operating surplus - million euro,EL,2021,1279.05
sbs_ovw_act,F,GOS_MEUR,Gross operating surplus - million euro,EL,2022,1831.16
sbs_ovw_act,F,GOS_MEUR,Gross operating surplus - million euro,EL,2023,2681.24
sbs_ovw_act,F,GOS_MEUR,Gross operating surplus - million euro,EL,2024,3674.08
sbs_ovw_act,F,GOS_MEUR,Gross operating surplus - million euro,ES,2021,12811.6
sbs_ovw_act,F,GOS_MEUR,Gross operating surplus - million euro,ES,2022,17977.05
sbs_ovw_act,F,GOS_MEUR,Gross operating surplus - million euro,ES,2023,18497.84
sbs_ovw_act,F,GOS_MEUR,Gross operating surplus - million euro,ES,2024,24152.86
sbs_ovw_act,F,GOS_MEUR,Gross operating surplus - million euro,EU27_2020,2021,216079.72
sbs_ovw_act,F,GOS_MEUR,Gross operating surplus - million euro,EU27_2020,2022,244050.62
sbs_ovw_act,F,GOS_MEUR,Gross operating surplus - million euro,EU27_2020,2023,277191.91
sbs_ovw_act,F,GOS_MEUR,Gross operating surplus - million euro,FI,2021,3034.77
sbs_ovw_act,F,GOS_MEUR,Gross operating surplus - million euro,FI,2022,2938.81
sbs_ovw_act,F,GOS_MEUR,Gross operating surplus - million euro,FI,2023,2449.58
sbs_ovw_act,F,GOS_MEUR,Gross operating surplus - million euro,FI,2024,2709.18
sbs_ovw_act,F,GOS_MEUR,Gross operating surplus - million euro,FR,2021,23422.8
sbs_ovw_act,F,GOS_MEUR,Gross operating surplus - million euro,FR,2022,25177.67
sbs_ovw_act,F,GOS_MEUR,Gross operating surplus - million euro,FR,2023,28296.29
sbs_ovw_act,F,GOS_MEUR,Gross operating surplus - million euro,FR,2024,28659.64
sbs_ovw_act,F,GOS_MEUR,Gross operating surplus - million euro,HU,2021,4083.59
sbs_ovw_act,F,GOS_MEUR,Gross operating surplus - million euro,HU,2022,4157.69
sbs_ovw_act,F,GOS_MEUR,Gross operating surplus - million euro,HU,2023,4617.23
sbs_ovw_act,F,GOS_MEUR,Gross operating surplus - million euro,HU,2024,4509.32
sbs_ovw_act,F,GOS_MEUR,Gross operating surplus - million euro,IE,2021,3302.9
sbs_ovw_act,F,GOS_MEUR,Gross operating surplus - million euro,IE,2022,5304.89
sbs_ovw_act,F,GOS_MEUR,Gross operating surplus - million euro,IE,2023,5272.43
sbs_ovw_act,F,GOS_MEUR,Gross operating surplus - million euro,IE,2024,3740.5
sbs_ovw_act,F,GOS_MEUR,Gross operating surplus - million euro,IT,2021,34276.74
sbs_ovw_act,F,GOS_MEUR,Gross operating surplus - million euro,IT,2022,42353.33
sbs_ovw_act,F,GOS_MEUR,Gross operating surplus - million euro,IT,2023,52187.03
sbs_ovw_act,F,GOS_MEUR,Gross operating surplus - million euro,IT,2024,48476.61
sbs_ovw_act,F,GOS_MEUR,Gross operating surplus - million euro,NL,2021,18487.08
sbs_ovw_act,F,GOS_MEUR,Gross operating surplus - million euro,NL,2022,20441.16
sbs_ovw_act,F,GOS_MEUR,Gross operating surplus - million euro,NL,2023,23226.76
sbs_ovw_act,F,GOS_MEUR,Gross operating surplus - million euro,NL,2024,24253.65
sbs_ovw_act,F,GOS_MEUR,Gross operating surplus - million euro,PL,2021,12709.12
sbs_ovw_act,F,GOS_MEUR,Gross operating surplus - million euro,PL,2022,14376.88
sbs_ovw_act,F,GOS_MEUR,Gross operating surplus - million euro,PL,2023,19388.31
sbs_ovw_act,F,GOS_MEUR,Gross operating surplus - million euro,PL,2024,19730.33
sbs_ovw_act,F,GOS_MEUR,Gross operating surplus - million euro,PT,2021,2634.99
sbs_ovw_act,F,GOS_MEUR,Gross operating surplus - million euro,PT,2022,3048.54
sbs_ovw_act,F,GOS_MEUR,Gross operating surplus - million euro,PT,2023,3784.27
sbs_ovw_act,F,GOS_MEUR,Gross operating surplus - million euro,PT,2024,4318.25
sbs_ovw_act,F,GOS_MEUR,Gross operating surplus - million euro,RO,2021,4486.47
sbs_ovw_act,F,GOS_MEUR,Gross operating surplus - million euro,RO,2022,6024.75
sbs_ovw_act,F,GOS_MEUR,Gross operating surplus - million euro,RO,2023,8392.26
sbs_ovw_act,F,GOS_MEUR,Gross operating surplus - million euro,RO,2024,8621.4
sbs_ovw_act,F,GOS_MEUR,Gross operating surplus - million euro,SE,2021,7509.64
sbs_ovw_act,F,GOS_MEUR,Gross operating surplus - million euro,SE,2022,7238.07
sbs_ovw_act,F,GOS_MEUR,Gross operating surplus - million euro,SE,2023,6320.59
sbs_ovw_act,F,GOS_MEUR,Gross operating surplus - million euro,SE,2024,5764.78
sbs_ovw_act,F,LABPRY_TEUR,Apparent labour productivity - thousand euro,AT,2021,64.32
sbs_ovw_act,F,LABPRY_TEUR,Apparent labour productivity - thousand euro,AT,2022,67.5
sbs_ovw_act,F,LABPRY_TEUR,Apparent labour productivity - thousand euro,AT,2023,72.19
sbs_ovw_act,F,LABPRY_TEUR,Apparent labour productivity - thousand euro,AT,2024,78.4
sbs_ovw_act,F,LABPRY_TEUR,Apparent labour productivity - thousand euro,BE,2021,62.25
sbs_ovw_act,F,LABPRY_TEUR,Apparent labour productivity - thousand euro,BE,2022,67.04
sbs_ovw_act,F,LABPRY_TEUR,Apparent labour productivity - thousand euro,BE,2023,88.44
sbs_ovw_act,F,LABPRY_TEUR,Apparent labour productivity - thousand euro,BE,2024,75.24
sbs_ovw_act,F,LABPRY_TEUR,Apparent labour productivity - thousand euro,CZ,2021,22.3
sbs_ovw_act,F,LABPRY_TEUR,Apparent labour productivity - thousand euro,CZ,2022,25.29
sbs_ovw_act,F,LABPRY_TEUR,Apparent labour productivity - thousand euro,CZ,2023,28.29
sbs_ovw_act,F,LABPRY_TEUR,Apparent labour productivity - thousand euro,CZ,2024,29.02
sbs_ovw_act,F,LABPRY_TEUR,Apparent labour productivity - thousand euro,DE,2021,60.35
sbs_ovw_act,F,LABPRY_TEUR,Apparent labour productivity - thousand euro,DE,2022,61.03
sbs_ovw_act,F,LABPRY_TEUR,Apparent labour productivity - thousand euro,DE,2023,63.7
sbs_ovw_act,F,LABPRY_TEUR,Apparent labour productivity - thousand euro,DE,2024,64.13
sbs_ovw_act,F,LABPRY_TEUR,Apparent labour productivity - thousand euro,DK,2021,70.78
sbs_ovw_act,F,LABPRY_TEUR,Apparent labour productivity - thousand euro,DK,2022,68.3
sbs_ovw_act,F,LABPRY_TEUR,Apparent labour productivity - thousand euro,DK,2023,72.48
sbs_ovw_act,F,LABPRY_TEUR,Apparent labour productivity - thousand euro,DK,2024,74.38
sbs_ovw_act,F,LABPRY_TEUR,Apparent labour productivity - thousand euro,EL,2021,15.68
sbs_ovw_act,F,LABPRY_TEUR,Apparent labour productivity - thousand euro,EL,2022,19.95
sbs_ovw_act,F,LABPRY_TEUR,Apparent labour productivity - thousand euro,EL,2023,24.3
sbs_ovw_act,F,LABPRY_TEUR,Apparent labour productivity - thousand euro,EL,2024,28.48
sbs_ovw_act,F,LABPRY_TEUR,Apparent labour productivity - thousand euro,ES,2021,37.16
sbs_ovw_act,F,LABPRY_TEUR,Apparent labour productivity - thousand euro,ES,2022,40.37
sbs_ovw_act,F,LABPRY_TEUR,Apparent labour productivity - thousand euro,ES,2023,42.35
sbs_ovw_act,F,LABPRY_TEUR,Apparent labour productivity - thousand euro,ES,2024,49.51
sbs_ovw_act,F,LABPRY_TEUR,Apparent labour productivity - thousand euro,EU27_2020,2021,45.81
sbs_ovw_act,F,LABPRY_TEUR,Apparent labour productivity - thousand euro,EU27_2020,2022,48.52
sbs_ovw_act,F,LABPRY_TEUR,Apparent labour productivity - thousand euro,EU27_2020,2023,52.2
sbs_ovw_act,F,LABPRY_TEUR,Apparent labour productivity - thousand euro,FI,2021,67.05
sbs_ovw_act,F,LABPRY_TEUR,Apparent labour productivity - thousand euro,FI,2022,66.13
sbs_ovw_act,F,LABPRY_TEUR,Apparent labour productivity - thousand euro,FI,2023,65.6
sbs_ovw_act,F,LABPRY_TEUR,Apparent labour productivity - thousand euro,FI,2024,69.55
sbs_ovw_act,F,LABPRY_TEUR,Apparent labour productivity - thousand euro,FR,2021,55.77
sbs_ovw_act,F,LABPRY_TEUR,Apparent labour productivity - thousand euro,FR,2022,57.28
sbs_ovw_act,F,LABPRY_TEUR,Apparent labour productivity - thousand euro,FR,2023,60.38
sbs_ovw_act,F,LABPRY_TEUR,Apparent labour productivity - thousand euro,FR,2024,61.41
sbs_ovw_act,F,LABPRY_TEUR,Apparent labour productivity - thousand euro,HU,2021,21.54
sbs_ovw_act,F,LABPRY_TEUR,Apparent labour productivity - thousand euro,HU,2022,21.29
sbs_ovw_act,F,LABPRY_TEUR,Apparent labour productivity - thousand euro,HU,2023,24.76
sbs_ovw_act,F,LABPRY_TEUR,Apparent labour productivity - thousand euro,HU,2024,26.02
sbs_ovw_act,F,LABPRY_TEUR,Apparent labour productivity - thousand euro,IE,2021,51.94
sbs_ovw_act,F,LABPRY_TEUR,Apparent labour productivity - thousand euro,IE,2022,62.07
sbs_ovw_act,F,LABPRY_TEUR,Apparent labour productivity - thousand euro,IE,2023,57.94
sbs_ovw_act,F,LABPRY_TEUR,Apparent labour productivity - thousand euro,IE,2024,65.46
sbs_ovw_act,F,LABPRY_TEUR,Apparent labour productivity - thousand euro,IT,2021,47.9
sbs_ovw_act,F,LABPRY_TEUR,Apparent labour productivity - thousand euro,IT,2022,53.22
sbs_ovw_act,F,LABPRY_TEUR,Apparent labour productivity - thousand euro,IT,2023,59.57
sbs_ovw_act,F,LABPRY_TEUR,Apparent labour productivity - thousand euro,IT,2024,59.16
sbs_ovw_act,F,LABPRY_TEUR,Apparent labour productivity - thousand euro,NL,2021,74.94
sbs_ovw_act,F,LABPRY_TEUR,Apparent labour productivity - thousand euro,NL,2022,78.12
sbs_ovw_act,F,LABPRY_TEUR,Apparent labour productivity - thousand euro,NL,2023,82.8
sbs_ovw_act,F,LABPRY_TEUR,Apparent labour productivity - thousand euro,NL,2024,85.98
sbs_ovw_act,F,LABPRY_TEUR,Apparent labour productivity - thousand euro,PL,2021,20.33
sbs_ovw_act,F,LABPRY_TEUR,Apparent labour productivity - thousand euro,PL,2022,22.78
sbs_ovw_act,F,LABPRY_TEUR,Apparent labour productivity - thousand euro,PL,2023,29.01
sbs_ovw_act,F,LABPRY_TEUR,Apparent labour productivity - thousand euro,PL,2024,31.11
sbs_ovw_act,F,LABPRY_TEUR,Apparent labour productivity - thousand euro,PT,2021,22.7
sbs_ovw_act,F,LABPRY_TEUR,Apparent labour productivity - thousand euro,PT,2022,24.2
sbs_ovw_act,F,LABPRY_TEUR,Apparent labour productivity - thousand euro,PT,2023,26.31
sbs_ovw_act,F,LABPRY_TEUR,Apparent labour productivity - thousand euro,PT,2024,27.77
sbs_ovw_act,F,LABPRY_TEUR,Apparent labour productivity - thousand euro,RO,2021,17.91
sbs_ovw_act,F,LABPRY_TEUR,Apparent labour productivity - thousand euro,RO,2022,23.11
sbs_ovw_act,F,LABPRY_TEUR,Apparent labour productivity - thousand euro,RO,2023,29.19
sbs_ovw_act,F,LABPRY_TEUR,Apparent labour productivity - thousand euro,RO,2024,32.54
sbs_ovw_act,F,LABPRY_TEUR,Apparent labour productivity - thousand euro,SE,2021,64.34
sbs_ovw_act,F,LABPRY_TEUR,Apparent labour productivity - thousand euro,SE,2022,68.07
sbs_ovw_act,F,LABPRY_TEUR,Apparent labour productivity - thousand euro,SE,2023,65.62
sbs_ovw_act,F,LABPRY_TEUR,Apparent labour productivity - thousand euro,SE,2024,67.8
sbs_ovw_act,F,LC_EMP_TEUR,Labour costs per person employed - thousand euro,AT,2021,37.7
sbs_ovw_act,F,LC_EMP_TEUR,Labour costs per person employed - thousand euro,AT,2022,39.38
sbs_ovw_act,F,LC_EMP_TEUR,Labour costs per person employed - thousand euro,AT,2023,42.3
sbs_ovw_act,F,LC_EMP_TEUR,Labour costs per person employed - thousand euro,AT,2024,45.06
sbs_ovw_act,F,LC_EMP_TEUR,Labour costs per person employed - thousand euro,BE,2021,23.63
sbs_ovw_act,F,LC_EMP_TEUR,Labour costs per person employed - thousand euro,BE,2022,24.19
sbs_ovw_act,F,LC_EMP_TEUR,Labour costs per person employed - thousand euro,BE,2023,26.11
sbs_ovw_act,F,LC_EMP_TEUR,Labour costs per person employed - thousand euro,BE,2024,27.77
sbs_ovw_act,F,LC_EMP_TEUR,Labour costs per person employed - thousand euro,CZ,2021,8.64
sbs_ovw_act,F,LC_EMP_TEUR,Labour costs per person employed - thousand euro,CZ,2022,9.56
sbs_ovw_act,F,LC_EMP_TEUR,Labour costs per person employed - thousand euro,CZ,2023,10.39
sbs_ovw_act,F,LC_EMP_TEUR,Labour costs per person employed - thousand euro,CZ,2024,10.6
sbs_ovw_act,F,LC_EMP_TEUR,Labour costs per person employed - thousand euro,DE,2021,29.54
sbs_ovw_act,F,LC_EMP_TEUR,Labour costs per person employed - thousand euro,DE,2022,30.82
sbs_ovw_act,F,LC_EMP_TEUR,Labour costs per person employed - thousand euro,DE,2023,32.8
sbs_ovw_act,F,LC_EMP_TEUR,Labour costs per person employed - thousand euro,DE,2024,33.92
sbs_ovw_act,F,LC_EMP_TEUR,Labour costs per person employed - thousand euro,DK,2021,52.27
sbs_ovw_act,F,LC_EMP_TEUR,Labour costs per person employed - thousand euro,DK,2022,54.66
sbs_ovw_act,F,LC_EMP_TEUR,Labour costs per person employed - thousand euro,DK,2023,54.8
sbs_ovw_act,F,LC_EMP_TEUR,Labour costs per person employed - thousand euro,DK,2024,57.94
sbs_ovw_act,F,LC_EMP_TEUR,Labour costs per person employed - thousand euro,EL,2021,6.4
sbs_ovw_act,F,LC_EMP_TEUR,Labour costs per person employed - thousand euro,EL,2022,7.34
sbs_ovw_act,F,LC_EMP_TEUR,Labour costs per person employed - thousand euro,EL,2023,7.87
sbs_ovw_act,F,LC_EMP_TEUR,Labour costs per person employed - thousand euro,EL,2024,8.72
sbs_ovw_act,F,LC_EMP_TEUR,Labour costs per person employed - thousand euro,ES,2021,20.92
sbs_ovw_act,F,LC_EMP_TEUR,Labour costs per person employed - thousand euro,ES,2022,20.13
sbs_ovw_act,F,LC_EMP_TEUR,Labour costs per person employed - thousand euro,ES,2023,21.67
sbs_ovw_act,F,LC_EMP_TEUR,Labour costs per person employed - thousand euro,ES,2024,24.21
sbs_ovw_act,F,LC_EMP_TEUR,Labour costs per person employed - thousand euro,EU27_2020,2021,22.51
sbs_ovw_act,F,LC_EMP_TEUR,Labour costs per person employed - thousand euro,EU27_2020,2022,23.49
sbs_ovw_act,F,LC_EMP_TEUR,Labour costs per person employed - thousand euro,EU27_2020,2023,24.6
sbs_ovw_act,F,LC_EMP_TEUR,Labour costs per person employed - thousand euro,FI,2021,40.93
sbs_ovw_act,F,LC_EMP_TEUR,Labour costs per person employed - thousand euro,FI,2022,40.93
sbs_ovw_act,F,LC_EMP_TEUR,Labour costs per person employed - thousand euro,FI,2023,42.24
sbs_ovw_act,F,LC_EMP_TEUR,Labour costs per person employed - thousand euro,FI,2024,43.73
sbs_ovw_act,F,LC_EMP_TEUR,Labour costs per person employed - thousand euro,FR,2021,30.44
sbs_ovw_act,F,LC_EMP_TEUR,Labour costs per person employed - thousand euro,FR,2022,31.26
sbs_ovw_act,F,LC_EMP_TEUR,Labour costs per person employed - thousand euro,FR,2023,32.54
sbs_ovw_act,F,LC_EMP_TEUR,Labour costs per person employed - thousand euro,FR,2024,33.13
sbs_ovw_act,F,LC_EMP_TEUR,Labour costs per person employed - thousand euro,HU,2021,7.72
sbs_ovw_act,F,LC_EMP_TEUR,Labour costs per person employed - thousand euro,HU,2022,7.99
sbs_ovw_act,F,LC_EMP_TEUR,Labour costs per person employed - thousand euro,HU,2023,9.72
sbs_ovw_act,F,LC_EMP_TEUR,Labour costs per person employed - thousand euro,HU,2024,10.7
sbs_ovw_act,F,LC_EMP_TEUR,Labour costs per person employed - thousand euro,IE,2021,29.62
sbs_ovw_act,F,LC_EMP_TEUR,Labour costs per person employed - thousand euro,IE,2022,31.34
sbs_ovw_act,F,LC_EMP_TEUR,Labour costs per person employed - thousand euro,IE,2023,29.54
sbs_ovw_act,F,LC_EMP_TEUR,Labour costs per person employed - thousand euro,IE,2024,32.54
sbs_ovw_act,F,LC_EMP_TEUR,Labour costs per person employed - thousand euro,IT,2021,16.97
sbs_ovw_act,F,LC_EMP_TEUR,Labour costs per person employed - thousand euro,IT,2022,18.16
sbs_ovw_act,F,LC_EMP_TEUR,Labour costs per person employed - thousand euro,IT,2023,19.06
sbs_ovw_act,F,LC_EMP_TEUR,Labour costs per person employed - thousand euro,IT,2024,20.44
sbs_ovw_act,F,LC_EMP_TEUR,Labour costs per person employed - thousand euro,NL,2021,31.52
sbs_ovw_act,F,LC_EMP_TEUR,Labour costs per person employed - thousand euro,NL,2022,32.31
sbs_ovw_act,F,LC_EMP_TEUR,Labour costs per person employed - thousand euro,NL,2023,32.92
sbs_ovw_act,F,LC_EMP_TEUR,Labour costs per person employed - thousand euro,NL,2024,34.46
sbs_ovw_act,F,LC_EMP_TEUR,Labour costs per person employed - thousand euro,PL,2021,7.92
sbs_ovw_act,F,LC_EMP_TEUR,Labour costs per person employed - thousand euro,PL,2022,8.64
sbs_ovw_act,F,LC_EMP_TEUR,Labour costs per person employed - thousand euro,PL,2023,10.11
sbs_ovw_act,F,LC_EMP_TEUR,Labour costs per person employed - thousand euro,PL,2024,11.68
sbs_ovw_act,F,LC_EMP_TEUR,Labour costs per person employed - thousand euro,PT,2021,12.48
sbs_ovw_act,F,LC_EMP_TEUR,Labour costs per person employed - thousand euro,PT,2022,13.16
sbs_ovw_act,F,LC_EMP_TEUR,Labour costs per person employed - thousand euro,PT,2023,13.92
sbs_ovw_act,F,LC_EMP_TEUR,Labour costs per person employed - thousand euro,PT,2024,14.63
sbs_ovw_act,F,LC_EMP_TEUR,Labour costs per person employed - thousand euro,RO,2021,8.56
sbs_ovw_act,F,LC_EMP_TEUR,Labour costs per person employed - thousand euro,RO,2022,10.59
sbs_ovw_act,F,LC_EMP_TEUR,Labour costs per person employed - thousand euro,RO,2023,12.53
sbs_ovw_act,F,LC_EMP_TEUR,Labour costs per person employed - thousand euro,RO,2024,14.7
sbs_ovw_act,F,LC_EMP_TEUR,Labour costs per person employed - thousand euro,SE,2021,33.49
sbs_ovw_act,F,LC_EMP_TEUR,Labour costs per person employed - thousand euro,SE,2022,35.82
sbs_ovw_act,F,LC_EMP_TEUR,Labour costs per person employed - thousand euro,SE,2023,34.76
sbs_ovw_act,F,LC_EMP_TEUR,Labour costs per person employed - thousand euro,SE,2024,36.3
sbs_ovw_act,F,SAL_NR,Employees - number,AT,2021,310111.0
sbs_ovw_act,F,SAL_NR,Employees - number,AT,2022,315975.0
sbs_ovw_act,F,SAL_NR,Employees - number,AT,2023,313028.0
sbs_ovw_act,F,SAL_NR,Employees - number,AT,2024,305457.0
sbs_ovw_act,F,SAL_NR,Employees - number,BE,2021,216400.0
sbs_ovw_act,F,SAL_NR,Employees - number,BE,2022,221028.0
sbs_ovw_act,F,SAL_NR,Employees - number,BE,2023,227616.0
sbs_ovw_act,F,SAL_NR,Employees - number,BE,2024,223526.0
sbs_ovw_act,F,SAL_NR,Employees - number,CZ,2021,217259.0
sbs_ovw_act,F,SAL_NR,Employees - number,CZ,2022,219655.0
sbs_ovw_act,F,SAL_NR,Employees - number,CZ,2023,221626.0
sbs_ovw_act,F,SAL_NR,Employees - number,CZ,2024,221760.0
sbs_ovw_act,F,SAL_NR,Employees - number,DE,2021,2308352.0
sbs_ovw_act,F,SAL_NR,Employees - number,DE,2022,2460625.0
sbs_ovw_act,F,SAL_NR,Employees - number,DE,2023,2296921.0
sbs_ovw_act,F,SAL_NR,Employees - number,DE,2024,2297103.0
sbs_ovw_act,F,SAL_NR,Employees - number,DK,2021,179170.0
sbs_ovw_act,F,SAL_NR,Employees - number,DK,2022,185593.0
sbs_ovw_act,F,SAL_NR,Employees - number,DK,2023,184547.0
sbs_ovw_act,F,SAL_NR,Employees - number,DK,2024,185911.0
sbs_ovw_act,F,SAL_NR,Employees - number,EL,2021,100539.0
sbs_ovw_act,F,SAL_NR,Employees - number,EL,2022,108004.0
sbs_ovw_act,F,SAL_NR,Employees - number,EL,2023,119790.0
sbs_ovw_act,F,SAL_NR,Employees - number,EL,2024,138320.0
sbs_ovw_act,F,SAL_NR,Employees - number,ES,2021,1025302.0
sbs_ovw_act,F,SAL_NR,Employees - number,ES,2022,961644.0
sbs_ovw_act,F,SAL_NR,Employees - number,ES,2023,1017848.0
sbs_ovw_act,F,SAL_NR,Employees - number,ES,2024,1094326.0
sbs_ovw_act,F,SAL_NR,Employees - number,EU27_2020,2021,10433002.0
sbs_ovw_act,F,SAL_NR,Employees - number,EU27_2020,2022,10775298.0
sbs_ovw_act,F,SAL_NR,Employees - number,EU27_2020,2023,10787915.0
sbs_ovw_act,F,SAL_NR,Employees - number,FI,2021,147512.0
sbs_ovw_act,F,SAL_NR,Employees - number,FI,2022,150102.0
sbs_ovw_act,F,SAL_NR,Employees - number,FI,2023,144172.0
sbs_ovw_act,F,SAL_NR,Employees - number,FI,2024,134421.0
sbs_ovw_act,F,SAL_NR,Employees - number,FR,2021,1657351.0
sbs_ovw_act,F,SAL_NR,Employees - number,FR,2022,1686560.0
sbs_ovw_act,F,SAL_NR,Employees - number,FR,2023,1684446.0
sbs_ovw_act,F,SAL_NR,Employees - number,FR,2024,1679297.0
sbs_ovw_act,F,SAL_NR,Employees - number,HU,2021,217297.0
sbs_ovw_act,F,SAL_NR,Employees - number,HU,2022,225439.0
sbs_ovw_act,F,SAL_NR,Employees - number,HU,2023,232467.0
sbs_ovw_act,F,SAL_NR,Employees - number,HU,2024,220323.0
sbs_ovw_act,F,SAL_NR,Employees - number,IE,2021,122754.0
sbs_ovw_act,F,SAL_NR,Employees - number,IE,2022,144620.0
sbs_ovw_act,F,SAL_NR,Employees - number,IE,2023,150762.0
sbs_ovw_act,F,SAL_NR,Employees - number,IE,2024,156091.0
sbs_ovw_act,F,SAL_NR,Employees - number,IT,2021,934537.0
sbs_ovw_act,F,SAL_NR,Employees - number,IT,2022,1042713.0
sbs_ovw_act,F,SAL_NR,Employees - number,IT,2023,1090704.0
sbs_ovw_act,F,SAL_NR,Employees - number,IT,2024,1125866.0
sbs_ovw_act,F,SAL_NR,Employees - number,NL,2021,341115.0
sbs_ovw_act,F,SAL_NR,Employees - number,NL,2022,350129.0
sbs_ovw_act,F,SAL_NR,Employees - number,NL,2023,356452.0
sbs_ovw_act,F,SAL_NR,Employees - number,NL,2024,363411.0
sbs_ovw_act,F,SAL_NR,Employees - number,PL,2021,782946.0
sbs_ovw_act,F,SAL_NR,Employees - number,PL,2022,776002.0
sbs_ovw_act,F,SAL_NR,Employees - number,PL,2023,759965.0
sbs_ovw_act,F,SAL_NR,Employees - number,PL,2024,755901.0
sbs_ovw_act,F,SAL_NR,Employees - number,PT,2021,323608.0
sbs_ovw_act,F,SAL_NR,Employees - number,PT,2022,339353.0
sbs_ovw_act,F,SAL_NR,Employees - number,PT,2023,368329.0
sbs_ovw_act,F,SAL_NR,Employees - number,PT,2024,394265.0
sbs_ovw_act,F,SAL_NR,Employees - number,RO,2021,462093.0
sbs_ovw_act,F,SAL_NR,Employees - number,RO,2022,462727.0
sbs_ovw_act,F,SAL_NR,Employees - number,RO,2023,484940.0
sbs_ovw_act,F,SAL_NR,Employees - number,RO,2024,464215.0
sbs_ovw_act,F,SAL_NR,Employees - number,SE,2021,371148.0
sbs_ovw_act,F,SAL_NR,Employees - number,SE,2022,396011.0
sbs_ovw_act,F,SAL_NR,Employees - number,SE,2023,392784.0
sbs_ovw_act,F,SAL_NR,Employees - number,SE,2024,372819.0
sbs_ovw_act,F,VAL_OUT_MEUR,Value of output - million euro,AT,2021,62102.19
sbs_ovw_act,F,VAL_OUT_MEUR,Value of output - million euro,AT,2022,69007.5
sbs_ovw_act,F,VAL_OUT_MEUR,Value of output - million euro,AT,2023,69509.09
sbs_ovw_act,F,VAL_OUT_MEUR,Value of output - million euro,AT,2024,68819.53
sbs_ovw_act,F,VAL_OUT_MEUR,Value of output - million euro,BE,2021,79801.52
sbs_ovw_act,F,VAL_OUT_MEUR,Value of output - million euro,BE,2022,93382.41
sbs_ovw_act,F,VAL_OUT_MEUR,Value of output - million euro,BE,2023,110569.29
sbs_ovw_act,F,VAL_OUT_MEUR,Value of output - million euro,BE,2024,104722.41
sbs_ovw_act,F,VAL_OUT_MEUR,Value of output - million euro,CZ,2021,38454.0
sbs_ovw_act,F,VAL_OUT_MEUR,Value of output - million euro,CZ,2022,47420.61
sbs_ovw_act,F,VAL_OUT_MEUR,Value of output - million euro,CZ,2023,51115.57
sbs_ovw_act,F,VAL_OUT_MEUR,Value of output - million euro,CZ,2024,50325.46
sbs_ovw_act,F,VAL_OUT_MEUR,Value of output - million euro,DE,2021,392377.67
sbs_ovw_act,F,VAL_OUT_MEUR,Value of output - million euro,DE,2022,420306.95
sbs_ovw_act,F,VAL_OUT_MEUR,Value of output - million euro,DE,2023,415331.87
sbs_ovw_act,F,VAL_OUT_MEUR,Value of output - million euro,DE,2024,405607.1
sbs_ovw_act,F,VAL_OUT_MEUR,Value of output - million euro,DK,2021,44478.42
sbs_ovw_act,F,VAL_OUT_MEUR,Value of output - million euro,DK,2022,50834.15
sbs_ovw_act,F,VAL_OUT_MEUR,Value of output - million euro,DK,2023,48991.53
sbs_ovw_act,F,VAL_OUT_MEUR,Value of output - million euro,DK,2024,49290.9
sbs_ovw_act,F,VAL_OUT_MEUR,Value of output - million euro,EL,2021,10887.66
sbs_ovw_act,F,VAL_OUT_MEUR,Value of output - million euro,EL,2022,14277.35
sbs_ovw_act,F,VAL_OUT_MEUR,Value of output - million euro,EL,2023,17705.62
sbs_ovw_act,F,VAL_OUT_MEUR,Value of output - million euro,EL,2024,21836.71
sbs_ovw_act,F,VAL_OUT_MEUR,Value of output - million euro,ES,2021,156546.28
sbs_ovw_act,F,VAL_OUT_MEUR,Value of output - million euro,ES,2022,178221.06
sbs_ovw_act,F,VAL_OUT_MEUR,Value of output - million euro,ES,2023,193108.81
sbs_ovw_act,F,VAL_OUT_MEUR,Value of output - million euro,ES,2024,213721.86
sbs_ovw_act,F,VAL_OUT_MEUR,Value of output - million euro,EU27_2020,2021,1871832.57
sbs_ovw_act,F,VAL_OUT_MEUR,Value of output - million euro,EU27_2020,2022,2108667.97
sbs_ovw_act,F,VAL_OUT_MEUR,Value of output - million euro,EU27_2020,2023,2228931.91
sbs_ovw_act,F,VAL_OUT_MEUR,Value of output - million euro,FI,2021,43381.0
sbs_ovw_act,F,VAL_OUT_MEUR,Value of output - million euro,FI,2022,46492.01
sbs_ovw_act,F,VAL_OUT_MEUR,Value of output - million euro,FI,2023,45181.96
sbs_ovw_act,F,VAL_OUT_MEUR,Value of output - million euro,FI,2024,40541.76
sbs_ovw_act,F,VAL_OUT_MEUR,Value of output - million euro,FR,2021,363368.95
sbs_ovw_act,F,VAL_OUT_MEUR,Value of output - million euro,FR,2022,392493.28
sbs_ovw_act,F,VAL_OUT_MEUR,Value of output - million euro,FR,2023,407232.99
sbs_ovw_act,F,VAL_OUT_MEUR,Value of output - million euro,FR,2024,401349.35
sbs_ovw_act,F,VAL_OUT_MEUR,Value of output - million euro,HU,2021,19268.18
sbs_ovw_act,F,VAL_OUT_MEUR,Value of output - million euro,HU,2022,20959.16
sbs_ovw_act,F,VAL_OUT_MEUR,Value of output - million euro,HU,2023,23291.03
sbs_ovw_act,F,VAL_OUT_MEUR,Value of output - million euro,HU,2024,23841.33
sbs_ovw_act,F,VAL_OUT_MEUR,Value of output - million euro,IE,2021,35291.41
sbs_ovw_act,F,VAL_OUT_MEUR,Value of output - million euro,IE,2022,46233.44
sbs_ovw_act,F,VAL_OUT_MEUR,Value of output - million euro,IE,2023,44673.7
sbs_ovw_act,F,VAL_OUT_MEUR,Value of output - million euro,IE,2024,47216.68
sbs_ovw_act,F,VAL_OUT_MEUR,Value of output - million euro,IT,2021,227581.76
sbs_ovw_act,F,VAL_OUT_MEUR,Value of output - million euro,IT,2022,280657.32
sbs_ovw_act,F,VAL_OUT_MEUR,Value of output - million euro,IT,2023,318067.03
sbs_ovw_act,F,VAL_OUT_MEUR,Value of output - million euro,IT,2024,299783.3
sbs_ovw_act,F,VAL_OUT_MEUR,Value of output - million euro,NL,2021,91632.91
sbs_ovw_act,F,VAL_OUT_MEUR,Value of output - million euro,NL,2022,103084.18
sbs_ovw_act,F,VAL_OUT_MEUR,Value of output - million euro,NL,2023,108909.1
sbs_ovw_act,F,VAL_OUT_MEUR,Value of output - million euro,NL,2024,112925.55
sbs_ovw_act,F,VAL_OUT_MEUR,Value of output - million euro,PL,2021,84713.61
sbs_ovw_act,F,VAL_OUT_MEUR,Value of output - million euro,PL,2022,93812.05
sbs_ovw_act,F,VAL_OUT_MEUR,Value of output - million euro,PL,2023,105003.29
sbs_ovw_act,F,VAL_OUT_MEUR,Value of output - million euro,PL,2024,113799.12
sbs_ovw_act,F,VAL_OUT_MEUR,Value of output - million euro,PT,2021,26383.62
sbs_ovw_act,F,VAL_OUT_MEUR,Value of output - million euro,PT,2022,30496.11
sbs_ovw_act,F,VAL_OUT_MEUR,Value of output - million euro,PT,2023,34223.93
sbs_ovw_act,F,VAL_OUT_MEUR,Value of output - million euro,PT,2024,37600.28
sbs_ovw_act,F,VAL_OUT_MEUR,Value of output - million euro,RO,2021,31854.57
sbs_ovw_act,F,VAL_OUT_MEUR,Value of output - million euro,RO,2022,39886.25
sbs_ovw_act,F,VAL_OUT_MEUR,Value of output - million euro,RO,2023,48971.71
sbs_ovw_act,F,VAL_OUT_MEUR,Value of output - million euro,RO,2024,53986.32
sbs_ovw_act,F,VAL_OUT_MEUR,Value of output - million euro,SE,2021,94156.8
sbs_ovw_act,F,VAL_OUT_MEUR,Value of output - million euro,SE,2022,100362.49
sbs_ovw_act,F,VAL_OUT_MEUR,Value of output - million euro,SE,2023,94882.1
sbs_ovw_act,F,VAL_OUT_MEUR,Value of output - million euro,SE,2024,93306.85
sbs_ovw_act,F,WAGE_MEUR,Wages and salaries - million euro,AT,2021,13293.69
sbs_ovw_act,F,WAGE_MEUR,Wages and salaries - million euro,AT,2022,14207.37
sbs_ovw_act,F,WAGE_MEUR,Wages and salaries - million euro,AT,2023,15201.34
sbs_ovw_act,F,WAGE_MEUR,Wages and salaries - million euro,AT,2024,15884.1
sbs_ovw_act,F,WAGE_MEUR,Wages and salaries - million euro,BE,2021,7760.19
sbs_ovw_act,F,WAGE_MEUR,Wages and salaries - million euro,BE,2022,8417.89
sbs_ovw_act,F,WAGE_MEUR,Wages and salaries - million euro,BE,2023,9437.93
sbs_ovw_act,F,WAGE_MEUR,Wages and salaries - million euro,BE,2024,9563.26
sbs_ovw_act,F,WAGE_MEUR,Wages and salaries - million euro,CZ,2021,3448.85
sbs_ovw_act,F,WAGE_MEUR,Wages and salaries - million euro,CZ,2022,3906.1
sbs_ovw_act,F,WAGE_MEUR,Wages and salaries - million euro,CZ,2023,4313.69
sbs_ovw_act,F,WAGE_MEUR,Wages and salaries - million euro,CZ,2024,4376.72
sbs_ovw_act,F,WAGE_MEUR,Wages and salaries - million euro,DE,2021,77328.63
sbs_ovw_act,F,WAGE_MEUR,Wages and salaries - million euro,DE,2022,85697.23
sbs_ovw_act,F,WAGE_MEUR,Wages and salaries - million euro,DE,2023,86016.81
sbs_ovw_act,F,WAGE_MEUR,Wages and salaries - million euro,DE,2024,88375.7
sbs_ovw_act,F,WAGE_MEUR,Wages and salaries - million euro,DK,2021,10212.48
sbs_ovw_act,F,WAGE_MEUR,Wages and salaries - million euro,DK,2022,10993.68
sbs_ovw_act,F,WAGE_MEUR,Wages and salaries - million euro,DK,2023,10931.53
sbs_ovw_act,F,WAGE_MEUR,Wages and salaries - million euro,DK,2024,11621.11
sbs_ovw_act,F,WAGE_MEUR,Wages and salaries - million euro,EL,2021,1073.09
sbs_ovw_act,F,WAGE_MEUR,Wages and salaries - million euro,EL,2022,1253.53
sbs_ovw_act,F,WAGE_MEUR,Wages and salaries - million euro,EL,2023,1466.55
sbs_ovw_act,F,WAGE_MEUR,Wages and salaries - million euro,EL,2024,1830.71
sbs_ovw_act,F,WAGE_MEUR,Wages and salaries - million euro,ES,2021,27410.54
sbs_ovw_act,F,WAGE_MEUR,Wages and salaries - million euro,ES,2022,26144.26
sbs_ovw_act,F,WAGE_MEUR,Wages and salaries - million euro,ES,2023,29130.49
sbs_ovw_act,F,WAGE_MEUR,Wages and salaries - million euro,ES,2024,32278.44
sbs_ovw_act,F,WAGE_MEUR,Wages and salaries - million euro,EU27_2020,2021,301984.06
sbs_ovw_act,F,WAGE_MEUR,Wages and salaries - million euro,EU27_2020,2022,325899.8
sbs_ovw_act,F,WAGE_MEUR,Wages and salaries - million euro,EU27_2020,2023,342896.98
sbs_ovw_act,F,WAGE_MEUR,Wages and salaries - million euro,FI,2021,7347.64
sbs_ovw_act,F,WAGE_MEUR,Wages and salaries - million euro,FI,2022,7595.84
sbs_ovw_act,F,WAGE_MEUR,Wages and salaries - million euro,FI,2023,7606.98
sbs_ovw_act,F,WAGE_MEUR,Wages and salaries - million euro,FI,2024,7390.66
sbs_ovw_act,F,WAGE_MEUR,Wages and salaries - million euro,FR,2021,60723.66
sbs_ovw_act,F,WAGE_MEUR,Wages and salaries - million euro,FR,2022,64099.7
sbs_ovw_act,F,WAGE_MEUR,Wages and salaries - million euro,FR,2023,66932.93
sbs_ovw_act,F,WAGE_MEUR,Wages and salaries - million euro,FR,2024,68191.66
sbs_ovw_act,F,WAGE_MEUR,Wages and salaries - million euro,HU,2021,2467.21
sbs_ovw_act,F,WAGE_MEUR,Wages and salaries - million euro,HU,2022,2671.96
sbs_ovw_act,F,WAGE_MEUR,Wages and salaries - million euro,HU,2023,3210.15
sbs_ovw_act,F,WAGE_MEUR,Wages and salaries - million euro,HU,2024,3396.06
sbs_ovw_act,F,WAGE_MEUR,Wages and salaries - million euro,IE,2021,5049.01
sbs_ovw_act,F,WAGE_MEUR,Wages and salaries - million euro,IE,2022,6209.2
sbs_ovw_act,F,WAGE_MEUR,Wages and salaries - million euro,IE,2023,6098.04
sbs_ovw_act,F,WAGE_MEUR,Wages and salaries - million euro,IE,2024,6824.28
sbs_ovw_act,F,WAGE_MEUR,Wages and salaries - million euro,IT,2021,24728.08
sbs_ovw_act,F,WAGE_MEUR,Wages and salaries - million euro,IT,2022,28566.0
sbs_ovw_act,F,WAGE_MEUR,Wages and salaries - million euro,IT,2023,30975.37
sbs_ovw_act,F,WAGE_MEUR,Wages and salaries - million euro,IT,2024,33302.72
sbs_ovw_act,F,WAGE_MEUR,Wages and salaries - million euro,NL,2021,16555.8
sbs_ovw_act,F,WAGE_MEUR,Wages and salaries - million euro,NL,2022,17661.76
sbs_ovw_act,F,WAGE_MEUR,Wages and salaries - million euro,NL,2023,18498.69
sbs_ovw_act,F,WAGE_MEUR,Wages and salaries - million euro,NL,2024,19679.39
sbs_ovw_act,F,WAGE_MEUR,Wages and salaries - million euro,PL,2021,9272.99
sbs_ovw_act,F,WAGE_MEUR,Wages and salaries - million euro,PL,2022,10007.12
sbs_ovw_act,F,WAGE_MEUR,Wages and salaries - million euro,PL,2023,11594.59
sbs_ovw_act,F,WAGE_MEUR,Wages and salaries - million euro,PL,2024,13465.3
sbs_ovw_act,F,WAGE_MEUR,Wages and salaries - million euro,PT,2021,4737.01
sbs_ovw_act,F,WAGE_MEUR,Wages and salaries - million euro,PT,2022,5246.07
sbs_ovw_act,F,WAGE_MEUR,Wages and salaries - million euro,PT,2023,5990.42
sbs_ovw_act,F,WAGE_MEUR,Wages and salaries - million euro,PT,2024,6736.41
sbs_ovw_act,F,WAGE_MEUR,Wages and salaries - million euro,RO,2021,4232.19
sbs_ovw_act,F,WAGE_MEUR,Wages and salaries - million euro,RO,2022,5224.55
sbs_ovw_act,F,WAGE_MEUR,Wages and salaries - million euro,RO,2023,6466.31
sbs_ovw_act,F,WAGE_MEUR,Wages and salaries - million euro,RO,2024,7296.58
sbs_ovw_act,F,WAGE_MEUR,Wages and salaries - million euro,SE,2021,15241.88
sbs_ovw_act,F,WAGE_MEUR,Wages and salaries - million euro,SE,2022,15671.2
sbs_ovw_act,F,WAGE_MEUR,Wages and salaries - million euro,SE,2023,15082.06
sbs_ovw_act,F,WAGE_MEUR,Wages and salaries - million euro,SE,2024,15005.22
sbs_ovw_act,M,AV_MEUR,Value added - million euro,AT,2021,15866.76
sbs_ovw_act,M,AV_MEUR,Value added - million euro,AT,2022,17178.85
sbs_ovw_act,M,AV_MEUR,Value added - million euro,AT,2023,18889.03
sbs_ovw_act,M,AV_MEUR,Value added - million euro,AT,2024,20092.29
sbs_ovw_act,M,AV_MEUR,Value added - million euro,BE,2021,30646.91
sbs_ovw_act,M,AV_MEUR,Value added - million euro,BE,2022,32433.84
sbs_ovw_act,M,AV_MEUR,Value added - million euro,BE,2023,33722.28
sbs_ovw_act,M,AV_MEUR,Value added - million euro,BE,2024,37484.9
sbs_ovw_act,M,AV_MEUR,Value added - million euro,CZ,2021,8530.8
sbs_ovw_act,M,AV_MEUR,Value added - million euro,CZ,2022,9518.97
sbs_ovw_act,M,AV_MEUR,Value added - million euro,CZ,2023,10564.7
sbs_ovw_act,M,AV_MEUR,Value added - million euro,CZ,2024,11022.71
sbs_ovw_act,M,AV_MEUR,Value added - million euro,DE,2021,200282.93
sbs_ovw_act,M,AV_MEUR,Value added - million euro,DE,2022,196305.33
sbs_ovw_act,M,AV_MEUR,Value added - million euro,DE,2023,204621.46
sbs_ovw_act,M,AV_MEUR,Value added - million euro,DE,2024,211248.7
sbs_ovw_act,M,AV_MEUR,Value added - million euro,DK,2021,16545.09
sbs_ovw_act,M,AV_MEUR,Value added - million euro,DK,2022,17221.62
sbs_ovw_act,M,AV_MEUR,Value added - million euro,DK,2023,18475.26
sbs_ovw_act,M,AV_MEUR,Value added - million euro,DK,2024,20642.85
sbs_ovw_act,M,AV_MEUR,Value added - million euro,EL,2021,5152.58
sbs_ovw_act,M,AV_MEUR,Value added - million euro,EL,2022,6402.77
sbs_ovw_act,M,AV_MEUR,Value added - million euro,EL,2023,7674.79
sbs_ovw_act,M,AV_MEUR,Value added - million euro,EL,2024,8778.92
sbs_ovw_act,M,AV_MEUR,Value added - million euro,ES,2021,50366.21
sbs_ovw_act,M,AV_MEUR,Value added - million euro,ES,2022,56318.57
sbs_ovw_act,M,AV_MEUR,Value added - million euro,ES,2023,61015.99
sbs_ovw_act,M,AV_MEUR,Value added - million euro,ES,2024,68265.16
sbs_ovw_act,M,AV_MEUR,Value added - million euro,EU27_2020,2021,679316.76
sbs_ovw_act,M,AV_MEUR,Value added - million euro,EU27_2020,2022,723969.8
sbs_ovw_act,M,AV_MEUR,Value added - million euro,EU27_2020,2023,779285.16
sbs_ovw_act,M,AV_MEUR,Value added - million euro,FI,2021,9225.99
sbs_ovw_act,M,AV_MEUR,Value added - million euro,FI,2022,9492.05
sbs_ovw_act,M,AV_MEUR,Value added - million euro,FI,2023,9755.82
sbs_ovw_act,M,AV_MEUR,Value added - million euro,FI,2024,9849.81
sbs_ovw_act,M,AV_MEUR,Value added - million euro,FR,2021,104315.76
sbs_ovw_act,M,AV_MEUR,Value added - million euro,FR,2022,112298.96
sbs_ovw_act,M,AV_MEUR,Value added - million euro,FR,2023,119356.11
sbs_ovw_act,M,AV_MEUR,Value added - million euro,FR,2024,125972.99
sbs_ovw_act,M,AV_MEUR,Value added - million euro,HU,2021,6593.02
sbs_ovw_act,M,AV_MEUR,Value added - million euro,HU,2022,7270.74
sbs_ovw_act,M,AV_MEUR,Value added - million euro,HU,2023,8542.06
sbs_ovw_act,M,AV_MEUR,Value added - million euro,HU,2024,8936.56
sbs_ovw_act,M,AV_MEUR,Value added - million euro,IE,2021,21334.67
sbs_ovw_act,M,AV_MEUR,Value added - million euro,IE,2022,26963.39
sbs_ovw_act,M,AV_MEUR,Value added - million euro,IE,2023,30712.76
sbs_ovw_act,M,AV_MEUR,Value added - million euro,IE,2024,32462.44
sbs_ovw_act,M,AV_MEUR,Value added - million euro,IT,2021,69912.7
sbs_ovw_act,M,AV_MEUR,Value added - million euro,IT,2022,77991.3
sbs_ovw_act,M,AV_MEUR,Value added - million euro,IT,2023,85974.17
sbs_ovw_act,M,AV_MEUR,Value added - million euro,IT,2024,91372.95
sbs_ovw_act,M,AV_MEUR,Value added - million euro,NL,2021,60383.85
sbs_ovw_act,M,AV_MEUR,Value added - million euro,NL,2022,65086.45
sbs_ovw_act,M,AV_MEUR,Value added - million euro,NL,2023,70624.32
sbs_ovw_act,M,AV_MEUR,Value added - million euro,NL,2024,76334.53
sbs_ovw_act,M,AV_MEUR,Value added - million euro,PL,2021,17615.71
sbs_ovw_act,M,AV_MEUR,Value added - million euro,PL,2022,20105.29
sbs_ovw_act,M,AV_MEUR,Value added - million euro,PL,2023,22967.59
sbs_ovw_act,M,AV_MEUR,Value added - million euro,PL,2024,26781.36
sbs_ovw_act,M,AV_MEUR,Value added - million euro,PT,2021,7962.23
sbs_ovw_act,M,AV_MEUR,Value added - million euro,PT,2022,9546.43
sbs_ovw_act,M,AV_MEUR,Value added - million euro,PT,2023,10726.2
sbs_ovw_act,M,AV_MEUR,Value added - million euro,PT,2024,11968.71
sbs_ovw_act,M,AV_MEUR,Value added - million euro,RO,2021,5396.18
sbs_ovw_act,M,AV_MEUR,Value added - million euro,RO,2022,6758.68
sbs_ovw_act,M,AV_MEUR,Value added - million euro,RO,2023,7821.97
sbs_ovw_act,M,AV_MEUR,Value added - million euro,RO,2024,8194.55
sbs_ovw_act,M,AV_MEUR,Value added - million euro,SE,2021,26745.03
sbs_ovw_act,M,AV_MEUR,Value added - million euro,SE,2022,27570.03
sbs_ovw_act,M,AV_MEUR,Value added - million euro,SE,2023,28267.79
sbs_ovw_act,M,AV_MEUR,Value added - million euro,SE,2024,29602.94
sbs_ovw_act,M,EMP_NR,Persons employed - number,AT,2021,273460.0
sbs_ovw_act,M,EMP_NR,Persons employed - number,AT,2022,282911.0
sbs_ovw_act,M,EMP_NR,Persons employed - number,AT,2023,291806.0
sbs_ovw_act,M,EMP_NR,Persons employed - number,AT,2024,294974.0
sbs_ovw_act,M,EMP_NR,Persons employed - number,BE,2021,359721.0
sbs_ovw_act,M,EMP_NR,Persons employed - number,BE,2022,381681.0
sbs_ovw_act,M,EMP_NR,Persons employed - number,BE,2023,369534.0
sbs_ovw_act,M,EMP_NR,Persons employed - number,BE,2024,393271.0
sbs_ovw_act,M,EMP_NR,Persons employed - number,CZ,2021,302717.0
sbs_ovw_act,M,EMP_NR,Persons employed - number,CZ,2022,310711.0
sbs_ovw_act,M,EMP_NR,Persons employed - number,CZ,2023,317581.0
sbs_ovw_act,M,EMP_NR,Persons employed - number,CZ,2024,316287.0
sbs_ovw_act,M,EMP_NR,Persons employed - number,DE,2021,2644529.0
sbs_ovw_act,M,EMP_NR,Persons employed - number,DE,2022,2604868.0
sbs_ovw_act,M,EMP_NR,Persons employed - number,DE,2023,2645642.0
sbs_ovw_act,M,EMP_NR,Persons employed - number,DE,2024,2724207.0
sbs_ovw_act,M,EMP_NR,Persons employed - number,DK,2021,178961.0
sbs_ovw_act,M,EMP_NR,Persons employed - number,DK,2022,191706.0
sbs_ovw_act,M,EMP_NR,Persons employed - number,DK,2023,199616.0
sbs_ovw_act,M,EMP_NR,Persons employed - number,DK,2024,204757.0
sbs_ovw_act,M,EMP_NR,Persons employed - number,EL,2021,264850.0
sbs_ovw_act,M,EMP_NR,Persons employed - number,EL,2022,276231.0
sbs_ovw_act,M,EMP_NR,Persons employed - number,EL,2023,291634.0
sbs_ovw_act,M,EMP_NR,Persons employed - number,EL,2024,308937.0
sbs_ovw_act,M,EMP_NR,Persons employed - number,ES,2021,1081928.0
sbs_ovw_act,M,EMP_NR,Persons employed - number,ES,2022,1124732.0
sbs_ovw_act,M,EMP_NR,Persons employed - number,ES,2023,1150641.0
sbs_ovw_act,M,EMP_NR,Persons employed - number,ES,2024,1169535.0
sbs_ovw_act,M,EMP_NR,Persons employed - number,EU27_2020,2021,11637951.0
sbs_ovw_act,M,EMP_NR,Persons employed - number,EU27_2020,2022,12107415.0
sbs_ovw_act,M,EMP_NR,Persons employed - number,EU27_2020,2023,12395694.0
sbs_ovw_act,M,EMP_NR,Persons employed - number,FI,2021,133592.0
sbs_ovw_act,M,EMP_NR,Persons employed - number,FI,2022,142630.0
sbs_ovw_act,M,EMP_NR,Persons employed - number,FI,2023,143764.0
sbs_ovw_act,M,EMP_NR,Persons employed - number,FI,2024,139370.0
sbs_ovw_act,M,EMP_NR,Persons employed - number,FR,2021,1379707.0
sbs_ovw_act,M,EMP_NR,Persons employed - number,FR,2022,1498275.0
sbs_ovw_act,M,EMP_NR,Persons employed - number,FR,2023,1550692.0
sbs_ovw_act,M,EMP_NR,Persons employed - number,FR,2024,1588126.0
sbs_ovw_act,M,EMP_NR,Persons employed - number,HU,2021,311517.0
sbs_ovw_act,M,EMP_NR,Persons employed - number,HU,2022,323341.0
sbs_ovw_act,M,EMP_NR,Persons employed - number,HU,2023,308371.0
sbs_ovw_act,M,EMP_NR,Persons employed - number,HU,2024,310078.0
sbs_ovw_act,M,EMP_NR,Persons employed - number,IE,2021,182657.0
sbs_ovw_act,M,EMP_NR,Persons employed - number,IE,2022,209359.0
sbs_ovw_act,M,EMP_NR,Persons employed - number,IE,2023,219316.0
sbs_ovw_act,M,EMP_NR,Persons employed - number,IE,2024,227829.0
sbs_ovw_act,M,EMP_NR,Persons employed - number,IT,2021,1384621.0
sbs_ovw_act,M,EMP_NR,Persons employed - number,IT,2022,1465947.0
sbs_ovw_act,M,EMP_NR,Persons employed - number,IT,2023,1513099.0
sbs_ovw_act,M,EMP_NR,Persons employed - number,IT,2024,1539663.0
sbs_ovw_act,M,EMP_NR,Persons employed - number,NL,2021,759490.0
sbs_ovw_act,M,EMP_NR,Persons employed - number,NL,2022,789609.0
sbs_ovw_act,M,EMP_NR,Persons employed - number,NL,2023,815349.0
sbs_ovw_act,M,EMP_NR,Persons employed - number,NL,2024,842398.0
sbs_ovw_act,M,EMP_NR,Persons employed - number,PL,2021,767937.0
sbs_ovw_act,M,EMP_NR,Persons employed - number,PL,2022,791483.0
sbs_ovw_act,M,EMP_NR,Persons employed - number,PL,2023,798036.0
sbs_ovw_act,M,EMP_NR,Persons employed - number,PL,2024,811357.0
sbs_ovw_act,M,EMP_NR,Persons employed - number,PT,2021,298268.0
sbs_ovw_act,M,EMP_NR,Persons employed - number,PT,2022,321951.0
sbs_ovw_act,M,EMP_NR,Persons employed - number,PT,2023,340714.0
sbs_ovw_act,M,EMP_NR,Persons employed - number,PT,2024,358250.0
sbs_ovw_act,M,EMP_NR,Persons employed - number,RO,2021,259404.0
sbs_ovw_act,M,EMP_NR,Persons employed - number,RO,2022,266184.0
sbs_ovw_act,M,EMP_NR,Persons employed - number,RO,2023,281651.0
sbs_ovw_act,M,EMP_NR,Persons employed - number,RO,2024,279661.0
sbs_ovw_act,M,EMP_NR,Persons employed - number,SE,2021,359489.0
sbs_ovw_act,M,EMP_NR,Persons employed - number,SE,2022,395994.0
sbs_ovw_act,M,EMP_NR,Persons employed - number,SE,2023,401803.0
sbs_ovw_act,M,EMP_NR,Persons employed - number,SE,2024,399773.0
sbs_ovw_act,M,ENT_NR,Enterprises - number,AT,2021,91868.0
sbs_ovw_act,M,ENT_NR,Enterprises - number,AT,2022,91192.0
sbs_ovw_act,M,ENT_NR,Enterprises - number,AT,2023,95159.0
sbs_ovw_act,M,ENT_NR,Enterprises - number,AT,2024,99066.0
sbs_ovw_act,M,ENT_NR,Enterprises - number,BE,2021,182705.0
sbs_ovw_act,M,ENT_NR,Enterprises - number,BE,2022,197101.0
sbs_ovw_act,M,ENT_NR,Enterprises - number,BE,2023,188863.0
sbs_ovw_act,M,ENT_NR,Enterprises - number,BE,2024,206796.0
sbs_ovw_act,M,ENT_NR,Enterprises - number,CZ,2021,205781.0
sbs_ovw_act,M,ENT_NR,Enterprises - number,CZ,2022,210378.0
sbs_ovw_act,M,ENT_NR,Enterprises - number,CZ,2023,213823.0
sbs_ovw_act,M,ENT_NR,Enterprises - number,CZ,2024,220439.0
sbs_ovw_act,M,ENT_NR,Enterprises - number,DE,2021,471160.0
sbs_ovw_act,M,ENT_NR,Enterprises - number,DE,2022,470484.0
sbs_ovw_act,M,ENT_NR,Enterprises - number,DE,2023,478159.0
sbs_ovw_act,M,ENT_NR,Enterprises - number,DE,2024,482544.0
sbs_ovw_act,M,ENT_NR,Enterprises - number,DK,2021,39051.0
sbs_ovw_act,M,ENT_NR,Enterprises - number,DK,2022,41508.0
sbs_ovw_act,M,ENT_NR,Enterprises - number,DK,2023,42307.0
sbs_ovw_act,M,ENT_NR,Enterprises - number,DK,2024,43023.0
sbs_ovw_act,M,ENT_NR,Enterprises - number,EL,2021,148596.0
sbs_ovw_act,M,ENT_NR,Enterprises - number,EL,2022,156365.0
sbs_ovw_act,M,ENT_NR,Enterprises - number,EL,2023,161222.0
sbs_ovw_act,M,ENT_NR,Enterprises - number,EL,2024,167255.0
sbs_ovw_act,M,ENT_NR,Enterprises - number,ES,2021,436344.0
sbs_ovw_act,M,ENT_NR,Enterprises - number,ES,2022,443528.0
sbs_ovw_act,M,ENT_NR,Enterprises - number,ES,2023,444405.0
sbs_ovw_act,M,ENT_NR,Enterprises - number,ES,2024,449295.0
sbs_ovw_act,M,ENT_NR,Enterprises - number,EU27_2020,2021,4799912.0
sbs_ovw_act,M,ENT_NR,Enterprises - number,EU27_2020,2022,5036444.0
sbs_ovw_act,M,ENT_NR,Enterprises - number,EU27_2020,2023,5172377.0
sbs_ovw_act,M,ENT_NR,Enterprises - number,FI,2021,66110.0
sbs_ovw_act,M,ENT_NR,Enterprises - number,FI,2022,68216.0
sbs_ovw_act,M,ENT_NR,Enterprises - number,FI,2023,70071.0
sbs_ovw_act,M,ENT_NR,Enterprises - number,FI,2024,73174.0
sbs_ovw_act,M,ENT_NR,Enterprises - number,FR,2021,578651.0
sbs_ovw_act,M,ENT_NR,Enterprises - number,FR,2022,669445.0
sbs_ovw_act,M,ENT_NR,Enterprises - number,FR,2023,714696.0
sbs_ovw_act,M,ENT_NR,Enterprises - number,FR,2024,763213.0
sbs_ovw_act,M,ENT_NR,Enterprises - number,HU,2021,169314.0
sbs_ovw_act,M,ENT_NR,Enterprises - number,HU,2022,174616.0
sbs_ovw_act,M,ENT_NR,Enterprises - number,HU,2023,154440.0
sbs_ovw_act,M,ENT_NR,Enterprises - number,HU,2024,152349.0
sbs_ovw_act,M,ENT_NR,Enterprises - number,IE,2021,49583.0
sbs_ovw_act,M,ENT_NR,Enterprises - number,IE,2022,51608.0
sbs_ovw_act,M,ENT_NR,Enterprises - number,IE,2023,53003.0
sbs_ovw_act,M,ENT_NR,Enterprises - number,IE,2024,54634.0
sbs_ovw_act,M,ENT_NR,Enterprises - number,IT,2021,833044.0
sbs_ovw_act,M,ENT_NR,Enterprises - number,IT,2022,878734.0
sbs_ovw_act,M,ENT_NR,Enterprises - number,IT,2023,904729.0
sbs_ovw_act,M,ENT_NR,Enterprises - number,IT,2024,923356.0
sbs_ovw_act,M,ENT_NR,Enterprises - number,NL,2021,417435.0
sbs_ovw_act,M,ENT_NR,Enterprises - number,NL,2022,443617.0
sbs_ovw_act,M,ENT_NR,Enterprises - number,NL,2023,460904.0
sbs_ovw_act,M,ENT_NR,Enterprises - number,NL,2024,516471.0
sbs_ovw_act,M,ENT_NR,Enterprises - number,PL,2021,355361.0
sbs_ovw_act,M,ENT_NR,Enterprises - number,PL,2022,361485.0
sbs_ovw_act,M,ENT_NR,Enterprises - number,PL,2023,375701.0
sbs_ovw_act,M,ENT_NR,Enterprises - number,PL,2024,391054.0
sbs_ovw_act,M,ENT_NR,Enterprises - number,PT,2021,141520.0
sbs_ovw_act,M,ENT_NR,Enterprises - number,PT,2022,149165.0
sbs_ovw_act,M,ENT_NR,Enterprises - number,PT,2023,156110.0
sbs_ovw_act,M,ENT_NR,Enterprises - number,PT,2024,162717.0
sbs_ovw_act,M,ENT_NR,Enterprises - number,RO,2021,108304.0
sbs_ovw_act,M,ENT_NR,Enterprises - number,RO,2022,112027.0
sbs_ovw_act,M,ENT_NR,Enterprises - number,RO,2023,117029.0
sbs_ovw_act,M,ENT_NR,Enterprises - number,RO,2024,120118.0
sbs_ovw_act,M,ENT_NR,Enterprises - number,SE,2021,185356.0
sbs_ovw_act,M,ENT_NR,Enterprises - number,SE,2022,176539.0
sbs_ovw_act,M,ENT_NR,Enterprises - number,SE,2023,183513.0
sbs_ovw_act,M,ENT_NR,Enterprises - number,SE,2024,187608.0
sbs_ovw_act,M,GOS_MEUR,Gross operating surplus - million euro,AT,2021,6730.22
sbs_ovw_act,M,GOS_MEUR,Gross operating surplus - million euro,AT,2022,6994.69
sbs_ovw_act,M,GOS_MEUR,Gross operating surplus - million euro,AT,2023,7758.2
sbs_ovw_act,M,GOS_MEUR,Gross operating surplus - million euro,AT,2024,8329.54
sbs_ovw_act,M,GOS_MEUR,Gross operating surplus - million euro,BE,2021,18496.48
sbs_ovw_act,M,GOS_MEUR,Gross operating surplus - million euro,BE,2022,18892.64
sbs_ovw_act,M,GOS_MEUR,Gross operating surplus - million euro,BE,2023,19408.54
sbs_ovw_act,M,GOS_MEUR,Gross operating surplus - million euro,BE,2024,22638.95
sbs_ovw_act,M,GOS_MEUR,Gross operating surplus - million euro,CZ,2021,3824.87
sbs_ovw_act,M,GOS_MEUR,Gross operating surplus - million euro,CZ,2022,3936.29
sbs_ovw_act,M,GOS_MEUR,Gross operating surplus - million euro,CZ,2023,4425.62
sbs_ovw_act,M,GOS_MEUR,Gross operating surplus - million euro,CZ,2024,4699.36
sbs_ovw_act,M,GOS_MEUR,Gross operating surplus - million euro,DE,2021,81185.96
sbs_ovw_act,M,GOS_MEUR,Gross operating surplus - million euro,DE,2022,74495.74
sbs_ovw_act,M,GOS_MEUR,Gross operating surplus - million euro,DE,2023,71640.23
sbs_ovw_act,M,GOS_MEUR,Gross operating surplus - million euro,DE,2024,66220.25
sbs_ovw_act,M,GOS_MEUR,Gross operating surplus - million euro,DK,2021,2954.57
sbs_ovw_act,M,GOS_MEUR,Gross operating surplus - million euro,DK,2022,2364.64
sbs_ovw_act,M,GOS_MEUR,Gross operating surplus - million euro,DK,2023,1806.65
sbs_ovw_act,M,GOS_MEUR,Gross operating surplus - million euro,DK,2024,3242.92
sbs_ovw_act,M,GOS_MEUR,Gross operating surplus - million euro,EL,2021,2853.01
sbs_ovw_act,M,GOS_MEUR,Gross operating surplus - million euro,EL,2022,3485.56
sbs_ovw_act,M,GOS_MEUR,Gross operating surplus - million euro,EL,2023,4237.94
sbs_ovw_act,M,GOS_MEUR,Gross operating surplus - million euro,EL,2024,4856.29
sbs_ovw_act,M,GOS_MEUR,Gross operating surplus - million euro,ES,2021,17311.25
sbs_ovw_act,M,GOS_MEUR,Gross operating surplus - million euro,ES,2022,20164.19
sbs_ovw_act,M,GOS_MEUR,Gross operating surplus - million euro,ES,2023,20429.82
sbs_ovw_act,M,GOS_MEUR,Gross operating surplus - million euro,ES,2024,23490.94
sbs_ovw_act,M,GOS_MEUR,Gross operating surplus - million euro,EU27_2020,2021,270524.11
sbs_ovw_act,M,GOS_MEUR,Gross operating surplus - million euro,EU27_2020,2022,281119.47
sbs_ovw_act,M,GOS_MEUR,Gross operating surplus - million euro,EU27_2020,2023,298817.13
sbs_ovw_act,M,GOS_MEUR,Gross operating surplus - million euro,FI,2021,2110.1
sbs_ovw_act,M,GOS_MEUR,Gross operating surplus - million euro,FI,2022,1832.34
sbs_ovw_act,M,GOS_MEUR,Gross operating surplus - million euro,FI,2023,1718.69
sbs_ovw_act,M,GOS_MEUR,Gross operating surplus - million euro,FI,2024,1821.83
sbs_ovw_act,M,GOS_MEUR,Gross operating surplus - million euro,FR,2021,25080.87
sbs_ovw_act,M,GOS_MEUR,Gross operating surplus - million euro,FR,2022,25977.28
sbs_ovw_act,M,GOS_MEUR,Gross operating surplus - million euro,FR,2023,28483.93
sbs_ovw_act,M,GOS_MEUR,Gross operating surplus - million euro,FR,2024,30252.23
sbs_ovw_act,M,GOS_MEUR,Gross operating surplus - million euro,HU,2021,3058.22
sbs_ovw_act,M,GOS_MEUR,Gross operating surplus - million euro,HU,2022,3298.82
sbs_ovw_act,M,GOS_MEUR,Gross operating surplus - million euro,HU,2023,3875.0
sbs_ovw_act,M,GOS_MEUR,Gross operating surplus - million euro,HU,2024,3812.95
sbs_ovw_act,M,GOS_MEUR,Gross operating surplus - million euro,IE,2021,11663.62
sbs_ovw_act,M,GOS_MEUR,Gross operating surplus - million euro,IE,2022,15089.45
sbs_ovw_act,M,GOS_MEUR,Gross operating surplus - million euro,IE,2023,17817.5
sbs_ovw_act,M,GOS_MEUR,Gross operating surplus - million euro,IE,2024,24113.6
sbs_ovw_act,M,GOS_MEUR,Gross operating surplus - million euro,IT,2021,45409.94
sbs_ovw_act,M,GOS_MEUR,Gross operating surplus - million euro,IT,2022,50702.37
sbs_ovw_act,M,GOS_MEUR,Gross operating surplus - million euro,IT,2023,56468.84
sbs_ovw_act,M,GOS_MEUR,Gross operating surplus - million euro,IT,2024,59082.73
sbs_ovw_act,M,GOS_MEUR,Gross operating surplus - million euro,NL,2021,22597.66
sbs_ovw_act,M,GOS_MEUR,Gross operating surplus - million euro,NL,2022,23895.77
sbs_ovw_act,M,GOS_MEUR,Gross operating surplus - million euro,NL,2023,25840.43
sbs_ovw_act,M,GOS_MEUR,Gross operating surplus - million euro,NL,2024,27329.91
sbs_ovw_act,M,GOS_MEUR,Gross operating surplus - million euro,PL,2021,7129.31
sbs_ovw_act,M,GOS_MEUR,Gross operating surplus - million euro,PL,2022,8055.22
sbs_ovw_act,M,GOS_MEUR,Gross operating surplus - million euro,PL,2023,9598.11
sbs_ovw_act,M,GOS_MEUR,Gross operating surplus - million euro,PL,2024,10679.43
sbs_ovw_act,M,GOS_MEUR,Gross operating surplus - million euro,PT,2021,2735.39
sbs_ovw_act,M,GOS_MEUR,Gross operating surplus - million euro,PT,2022,3384.67
sbs_ovw_act,M,GOS_MEUR,Gross operating surplus - million euro,PT,2023,3570.86
sbs_ovw_act,M,GOS_MEUR,Gross operating surplus - million euro,PT,2024,4058.17
sbs_ovw_act,M,GOS_MEUR,Gross operating surplus - million euro,RO,2021,2610.31
sbs_ovw_act,M,GOS_MEUR,Gross operating surplus - million euro,RO,2022,3527.67
sbs_ovw_act,M,GOS_MEUR,Gross operating surplus - million euro,RO,2023,3712.1
sbs_ovw_act,M,GOS_MEUR,Gross operating surplus - million euro,RO,2024,3590.61
sbs_ovw_act,M,GOS_MEUR,Gross operating surplus - million euro,SE,2021,6268.82
sbs_ovw_act,M,GOS_MEUR,Gross operating surplus - million euro,SE,2022,5304.76
sbs_ovw_act,M,GOS_MEUR,Gross operating surplus - million euro,SE,2023,6212.19
sbs_ovw_act,M,GOS_MEUR,Gross operating surplus - million euro,SE,2024,6221.74
sbs_ovw_act,M,LABPRY_TEUR,Apparent labour productivity - thousand euro,AT,2021,58.02
sbs_ovw_act,M,LABPRY_TEUR,Apparent labour productivity - thousand euro,AT,2022,60.72
sbs_ovw_act,M,LABPRY_TEUR,Apparent labour productivity - thousand euro,AT,2023,64.73
sbs_ovw_act,M,LABPRY_TEUR,Apparent labour productivity - thousand euro,AT,2024,68.12
sbs_ovw_act,M,LABPRY_TEUR,Apparent labour productivity - thousand euro,BE,2021,85.2
sbs_ovw_act,M,LABPRY_TEUR,Apparent labour productivity - thousand euro,BE,2022,84.98
sbs_ovw_act,M,LABPRY_TEUR,Apparent labour productivity - thousand euro,BE,2023,91.26
sbs_ovw_act,M,LABPRY_TEUR,Apparent labour productivity - thousand euro,BE,2024,95.32
sbs_ovw_act,M,LABPRY_TEUR,Apparent labour productivity - thousand euro,CZ,2021,28.18
sbs_ovw_act,M,LABPRY_TEUR,Apparent labour productivity - thousand euro,CZ,2022,30.64
sbs_ovw_act,M,LABPRY_TEUR,Apparent labour productivity - thousand euro,CZ,2023,33.27
sbs_ovw_act,M,LABPRY_TEUR,Apparent labour productivity - thousand euro,CZ,2024,34.85
sbs_ovw_act,M,LABPRY_TEUR,Apparent labour productivity - thousand euro,DE,2021,75.73
sbs_ovw_act,M,LABPRY_TEUR,Apparent labour productivity - thousand euro,DE,2022,75.36
sbs_ovw_act,M,LABPRY_TEUR,Apparent labour productivity - thousand euro,DE,2023,77.34
sbs_ovw_act,M,LABPRY_TEUR,Apparent labour productivity - thousand euro,DE,2024,77.55
sbs_ovw_act,M,LABPRY_TEUR,Apparent labour productivity - thousand euro,DK,2021,92.45
sbs_ovw_act,M,LABPRY_TEUR,Apparent labour productivity - thousand euro,DK,2022,89.83
sbs_ovw_act,M,LABPRY_TEUR,Apparent labour productivity - thousand euro,DK,2023,92.55
sbs_ovw_act,M,LABPRY_TEUR,Apparent labour productivity - thousand euro,DK,2024,100.82
sbs_ovw_act,M,LABPRY_TEUR,Apparent labour productivity - thousand euro,EL,2021,19.45
sbs_ovw_act,M,LABPRY_TEUR,Apparent labour productivity - thousand euro,EL,2022,23.18
sbs_ovw_act,M,LABPRY_TEUR,Apparent labour productivity - thousand euro,EL,2023,26.32
sbs_ovw_act,M,LABPRY_TEUR,Apparent labour productivity - thousand euro,EL,2024,28.42
sbs_ovw_act,M,LABPRY_TEUR,Apparent labour productivity - thousand euro,ES,2021,46.55
sbs_ovw_act,M,LABPRY_TEUR,Apparent labour productivity - thousand euro,ES,2022,50.07
sbs_ovw_act,M,LABPRY_TEUR,Apparent labour productivity - thousand euro,ES,2023,53.03
sbs_ovw_act,M,LABPRY_TEUR,Apparent labour productivity - thousand euro,ES,2024,58.37
sbs_ovw_act,M,LABPRY_TEUR,Apparent labour productivity - thousand euro,EU27_2020,2021,58.37
sbs_ovw_act,M,LABPRY_TEUR,Apparent labour productivity - thousand euro,EU27_2020,2022,59.8
sbs_ovw_act,M,LABPRY_TEUR,Apparent labour productivity - thousand euro,EU27_2020,2023,62.87
sbs_ovw_act,M,LABPRY_TEUR,Apparent labour productivity - thousand euro,FI,2021,69.06
sbs_ovw_act,M,LABPRY_TEUR,Apparent labour productivity - thousand euro,FI,2022,66.55
sbs_ovw_act,M,LABPRY_TEUR,Apparent labour productivity - thousand euro,FI,2023,67.86
sbs_ovw_act,M,LABPRY_TEUR,Apparent labour productivity - thousand euro,FI,2024,70.67
sbs_ovw_act,M,LABPRY_TEUR,Apparent labour productivity - thousand euro,FR,2021,75.61
sbs_ovw_act,M,LABPRY_TEUR,Apparent labour productivity - thousand euro,FR,2022,74.95
sbs_ovw_act,M,LABPRY_TEUR,Apparent labour productivity - thousand euro,FR,2023,76.97
sbs_ovw_act,M,LABPRY_TEUR,Apparent labour productivity - thousand euro,FR,2024,79.32
sbs_ovw_act,M,LABPRY_TEUR,Apparent labour productivity - thousand euro,HU,2021,21.16
sbs_ovw_act,M,LABPRY_TEUR,Apparent labour productivity - thousand euro,HU,2022,22.49
sbs_ovw_act,M,LABPRY_TEUR,Apparent labour productivity - thousand euro,HU,2023,27.7
sbs_ovw_act,M,LABPRY_TEUR,Apparent labour productivity - thousand euro,HU,2024,28.82
sbs_ovw_act,M,LABPRY_TEUR,Apparent labour productivity - thousand euro,IE,2021,116.8
sbs_ovw_act,M,LABPRY_TEUR,Apparent labour productivity - thousand euro,IE,2022,128.79
sbs_ovw_act,M,LABPRY_TEUR,Apparent labour productivity - thousand euro,IE,2023,140.04
sbs_ovw_act,M,LABPRY_TEUR,Apparent labour productivity - thousand euro,IE,2024,142.49
sbs_ovw_act,M,LABPRY_TEUR,Apparent labour productivity - thousand euro,IT,2021,50.49
sbs_ovw_act,M,LABPRY_TEUR,Apparent labour productivity - thousand euro,IT,2022,53.2
sbs_ovw_act,M,LABPRY_TEUR,Apparent labour productivity - thousand euro,IT,2023,56.82
sbs_ovw_act,M,LABPRY_TEUR,Apparent labour productivity - thousand euro,IT,2024,59.35
sbs_ovw_act,M,LABPRY_TEUR,Apparent labour productivity - thousand euro,NL,2021,79.51
sbs_ovw_act,M,LABPRY_TEUR,Apparent labour productivity - thousand euro,NL,2022,82.43
sbs_ovw_act,M,LABPRY_TEUR,Apparent labour productivity - thousand euro,NL,2023,86.62
sbs_ovw_act,M,LABPRY_TEUR,Apparent labour productivity - thousand euro,NL,2024,90.62
sbs_ovw_act,M,LABPRY_TEUR,Apparent labour productivity - thousand euro,PL,2021,22.94
sbs_ovw_act,M,LABPRY_TEUR,Apparent labour productivity - thousand euro,PL,2022,25.4
sbs_ovw_act,M,LABPRY_TEUR,Apparent labour productivity - thousand euro,PL,2023,28.78
sbs_ovw_act,M,LABPRY_TEUR,Apparent labour productivity - thousand euro,PL,2024,33.01
sbs_ovw_act,M,LABPRY_TEUR,Apparent labour productivity - thousand euro,PT,2021,26.69
sbs_ovw_act,M,LABPRY_TEUR,Apparent labour productivity - thousand euro,PT,2022,29.65
sbs_ovw_act,M,LABPRY_TEUR,Apparent labour productivity - thousand euro,PT,2023,31.48
sbs_ovw_act,M,LABPRY_TEUR,Apparent labour productivity - thousand euro,PT,2024,33.41
sbs_ovw_act,M,LABPRY_TEUR,Apparent labour productivity - thousand euro,RO,2021,20.8
sbs_ovw_act,M,LABPRY_TEUR,Apparent labour productivity - thousand euro,RO,2022,25.39
sbs_ovw_act,M,LABPRY_TEUR,Apparent labour productivity - thousand euro,RO,2023,27.77
sbs_ovw_act,M,LABPRY_TEUR,Apparent labour productivity - thousand euro,RO,2024,29.3
sbs_ovw_act,M,LABPRY_TEUR,Apparent labour productivity - thousand euro,SE,2021,74.4
sbs_ovw_act,M,LABPRY_TEUR,Apparent labour productivity - thousand euro,SE,2022,69.62
sbs_ovw_act,M,LABPRY_TEUR,Apparent labour productivity - thousand euro,SE,2023,70.35
sbs_ovw_act,M,LABPRY_TEUR,Apparent labour productivity - thousand euro,SE,2024,74.05
sbs_ovw_act,M,LC_EMP_TEUR,Labour costs per person employed - thousand euro,AT,2021,25.74
sbs_ovw_act,M,LC_EMP_TEUR,Labour costs per person employed - thousand euro,AT,2022,27.99
sbs_ovw_act,M,LC_EMP_TEUR,Labour costs per person employed - thousand euro,AT,2023,29.72
sbs_ovw_act,M,LC_EMP_TEUR,Labour costs per person employed - thousand euro,AT,2024,31.07
sbs_ovw_act,M,LC_EMP_TEUR,Labour costs per person employed - thousand euro,BE,2021,26.48
sbs_ovw_act,M,LC_EMP_TEUR,Labour costs per person employed - thousand euro,BE,2022,27.78
sbs_ovw_act,M,LC_EMP_TEUR,Labour costs per person employed - thousand euro,BE,2023,30.39
sbs_ovw_act,M,LC_EMP_TEUR,Labour costs per person employed - thousand euro,BE,2024,29.43
sbs_ovw_act,M,LC_EMP_TEUR,Labour costs per person employed - thousand euro,CZ,2021,11.88
sbs_ovw_act,M,LC_EMP_TEUR,Labour costs per person employed - thousand euro,CZ,2022,13.75
sbs_ovw_act,M,LC_EMP_TEUR,Labour costs per person employed - thousand euro,CZ,2023,14.75
sbs_ovw_act,M,LC_EMP_TEUR,Labour costs per person employed - thousand euro,CZ,2024,15.23
sbs_ovw_act,M,LC_EMP_TEUR,Labour costs per person employed - thousand euro,DE,2021,37.74
sbs_ovw_act,M,LC_EMP_TEUR,Labour costs per person employed - thousand euro,DE,2022,39.07
sbs_ovw_act,M,LC_EMP_TEUR,Labour costs per person employed - thousand euro,DE,2023,42.16
sbs_ovw_act,M,LC_EMP_TEUR,Labour costs per person employed - thousand euro,DE,2024,44.84
sbs_ovw_act,M,LC_EMP_TEUR,Labour costs per person employed - thousand euro,DK,2021,70.8
sbs_ovw_act,M,LC_EMP_TEUR,Labour costs per person employed - thousand euro,DK,2022,72.21
sbs_ovw_act,M,LC_EMP_TEUR,Labour costs per person employed - thousand euro,DK,2023,77.28
sbs_ovw_act,M,LC_EMP_TEUR,Labour costs per person employed - thousand euro,DK,2024,78.56
sbs_ovw_act,M,LC_EMP_TEUR,Labour costs per person employed - thousand euro,EL,2021,7.01
sbs_ovw_act,M,LC_EMP_TEUR,Labour costs per person employed - thousand euro,EL,2022,8.53
sbs_ovw_act,M,LC_EMP_TEUR,Labour costs per person employed - thousand euro,EL,2023,9.53
sbs_ovw_act,M,LC_EMP_TEUR,Labour costs per person employed - thousand euro,EL,2024,10.26
sbs_ovw_act,M,LC_EMP_TEUR,Labour costs per person employed - thousand euro,ES,2021,24.09
sbs_ovw_act,M,LC_EMP_TEUR,Labour costs per person employed - thousand euro,ES,2022,25.6
sbs_ovw_act,M,LC_EMP_TEUR,Labour costs per person employed - thousand euro,ES,2023,27.97
sbs_ovw_act,M,LC_EMP_TEUR,Labour costs per person employed - thousand euro,ES,2024,30.53
sbs_ovw_act,M,LC_EMP_TEUR,Labour costs per person employed - thousand euro,EU27_2020,2021,27.95
sbs_ovw_act,M,LC_EMP_TEUR,Labour costs per person employed - thousand euro,EU27_2020,2022,29.1
sbs_ovw_act,M,LC_EMP_TEUR,Labour costs per person employed - thousand euro,EU27_2020,2023,30.92
sbs_ovw_act,M,LC_EMP_TEUR,Labour costs per person employed - thousand euro,FI,2021,43.93
sbs_ovw_act,M,LC_EMP_TEUR,Labour costs per person employed - thousand euro,FI,2022,44.11
sbs_ovw_act,M,LC_EMP_TEUR,Labour costs per person employed - thousand euro,FI,2023,45.83
sbs_ovw_act,M,LC_EMP_TEUR,Labour costs per person employed - thousand euro,FI,2024,47.46
sbs_ovw_act,M,LC_EMP_TEUR,Labour costs per person employed - thousand euro,FR,2021,40.74
sbs_ovw_act,M,LC_EMP_TEUR,Labour costs per person employed - thousand euro,FR,2022,40.91
sbs_ovw_act,M,LC_EMP_TEUR,Labour costs per person employed - thousand euro,FR,2023,41.73
sbs_ovw_act,M,LC_EMP_TEUR,Labour costs per person employed - thousand euro,FR,2024,42.82
sbs_ovw_act,M,LC_EMP_TEUR,Labour costs per person employed - thousand euro,HU,2021,9.93
sbs_ovw_act,M,LC_EMP_TEUR,Labour costs per person employed - thousand euro,HU,2022,10.97
sbs_ovw_act,M,LC_EMP_TEUR,Labour costs per person employed - thousand euro,HU,2023,13.6
sbs_ovw_act,M,LC_EMP_TEUR,Labour costs per person employed - thousand euro,HU,2024,14.89
sbs_ovw_act,M,LC_EMP_TEUR,Labour costs per person employed - thousand euro,IE,2021,48.4
sbs_ovw_act,M,LC_EMP_TEUR,Labour costs per person employed - thousand euro,IE,2022,51.81
sbs_ovw_act,M,LC_EMP_TEUR,Labour costs per person employed - thousand euro,IE,2023,53.75
sbs_ovw_act,M,LC_EMP_TEUR,Labour costs per person employed - thousand euro,IE,2024,53.43
sbs_ovw_act,M,LC_EMP_TEUR,Labour costs per person employed - thousand euro,IT,2021,12.81
sbs_ovw_act,M,LC_EMP_TEUR,Labour costs per person employed - thousand euro,IT,2022,13.52
sbs_ovw_act,M,LC_EMP_TEUR,Labour costs per person employed - thousand euro,IT,2023,14.19
sbs_ovw_act,M,LC_EMP_TEUR,Labour costs per person employed - thousand euro,IT,2024,15.22
sbs_ovw_act,M,LC_EMP_TEUR,Labour costs per person employed - thousand euro,NL,2021,41.11
sbs_ovw_act,M,LC_EMP_TEUR,Labour costs per person employed - thousand euro,NL,2022,43.01
sbs_ovw_act,M,LC_EMP_TEUR,Labour costs per person employed - thousand euro,NL,2023,45.18
sbs_ovw_act,M,LC_EMP_TEUR,Labour costs per person employed - thousand euro,NL,2024,47.72
sbs_ovw_act,M,LC_EMP_TEUR,Labour costs per person employed - thousand euro,PL,2021,11.53
sbs_ovw_act,M,LC_EMP_TEUR,Labour costs per person employed - thousand euro,PL,2022,12.85
sbs_ovw_act,M,LC_EMP_TEUR,Labour costs per person employed - thousand euro,PL,2023,14.09
sbs_ovw_act,M,LC_EMP_TEUR,Labour costs per person employed - thousand euro,PL,2024,16.69
sbs_ovw_act,M,LC_EMP_TEUR,Labour costs per person employed - thousand euro,PT,2021,13.53
sbs_ovw_act,M,LC_EMP_TEUR,Labour costs per person employed - thousand euro,PT,2022,14.81
sbs_ovw_act,M,LC_EMP_TEUR,Labour costs per person employed - thousand euro,PT,2023,16.22
sbs_ovw_act,M,LC_EMP_TEUR,Labour costs per person employed - thousand euro,PT,2024,17.11
sbs_ovw_act,M,LC_EMP_TEUR,Labour costs per person employed - thousand euro,RO,2021,10.42
sbs_ovw_act,M,LC_EMP_TEUR,Labour costs per person employed - thousand euro,RO,2022,11.81
sbs_ovw_act,M,LC_EMP_TEUR,Labour costs per person employed - thousand euro,RO,2023,14.15
sbs_ovw_act,M,LC_EMP_TEUR,Labour costs per person employed - thousand euro,RO,2024,15.98
sbs_ovw_act,M,LC_EMP_TEUR,Labour costs per person employed - thousand euro,SE,2021,39.32
sbs_ovw_act,M,LC_EMP_TEUR,Labour costs per person employed - thousand euro,SE,2022,38.57
sbs_ovw_act,M,LC_EMP_TEUR,Labour costs per person employed - thousand euro,SE,2023,37.32
sbs_ovw_act,M,LC_EMP_TEUR,Labour costs per person employed - thousand euro,SE,2024,39.0
sbs_ovw_act,M,SAL_NR,Employees - number,AT,2021,171901.0
sbs_ovw_act,M,SAL_NR,Employees - number,AT,2022,181562.0
sbs_ovw_act,M,SAL_NR,Employees - number,AT,2023,186132.0
sbs_ovw_act,M,SAL_NR,Employees - number,AT,2024,185608.0
sbs_ovw_act,M,SAL_NR,Employees - number,BE,2021,176727.0
sbs_ovw_act,M,SAL_NR,Employees - number,BE,2022,183130.0
sbs_ovw_act,M,SAL_NR,Employees - number,BE,2023,182147.0
sbs_ovw_act,M,SAL_NR,Employees - number,BE,2024,184954.0
sbs_ovw_act,M,SAL_NR,Employees - number,CZ,2021,161402.0
sbs_ovw_act,M,SAL_NR,Employees - number,CZ,2022,166007.0
sbs_ovw_act,M,SAL_NR,Employees - number,CZ,2023,166085.0
sbs_ovw_act,M,SAL_NR,Employees - number,CZ,2024,167052.0
sbs_ovw_act,M,SAL_NR,Employees - number,DE,2021,2135906.0
sbs_ovw_act,M,SAL_NR,Employees - number,DE,2022,2108791.0
sbs_ovw_act,M,SAL_NR,Employees - number,DE,2023,2142050.0
sbs_ovw_act,M,SAL_NR,Employees - number,DE,2024,2268686.0
sbs_ovw_act,M,SAL_NR,Employees - number,DK,2021,159160.0
sbs_ovw_act,M,SAL_NR,Employees - number,DK,2022,172262.0
sbs_ovw_act,M,SAL_NR,Employees - number,DK,2023,179868.0
sbs_ovw_act,M,SAL_NR,Employees - number,DK,2024,184608.0
sbs_ovw_act,M,SAL_NR,Employees - number,EL,2021,122926.0
sbs_ovw_act,M,SAL_NR,Employees - number,EL,2022,133955.0
sbs_ovw_act,M,SAL_NR,Employees - number,EL,2023,142316.0
sbs_ovw_act,M,SAL_NR,Employees - number,EL,2024,152068.0
sbs_ovw_act,M,SAL_NR,Employees - number,ES,2021,740326.0
sbs_ovw_act,M,SAL_NR,Employees - number,ES,2022,777248.0
sbs_ovw_act,M,SAL_NR,Employees - number,ES,2023,810793.0
sbs_ovw_act,M,SAL_NR,Employees - number,ES,2024,860788.0
sbs_ovw_act,M,SAL_NR,Employees - number,EU27_2020,2021,7864347.0
sbs_ovw_act,M,SAL_NR,Employees - number,EU27_2020,2022,8205801.0
sbs_ovw_act,M,SAL_NR,Employees - number,EU27_2020,2023,8443095.0
sbs_ovw_act,M,SAL_NR,Employees - number,FI,2021,108378.0
sbs_ovw_act,M,SAL_NR,Employees - number,FI,2022,114574.0
sbs_ovw_act,M,SAL_NR,Employees - number,FI,2023,115315.0
sbs_ovw_act,M,SAL_NR,Employees - number,FI,2024,111115.0
sbs_ovw_act,M,SAL_NR,Employees - number,FR,2021,1061169.0
sbs_ovw_act,M,SAL_NR,Employees - number,FR,2022,1139542.0
sbs_ovw_act,M,SAL_NR,Employees - number,FR,2023,1179957.0
sbs_ovw_act,M,SAL_NR,Employees - number,FR,2024,1192170.0
sbs_ovw_act,M,SAL_NR,Employees - number,HU,2021,164791.0
sbs_ovw_act,M,SAL_NR,Employees - number,HU,2022,175075.0
sbs_ovw_act,M,SAL_NR,Employees - number,HU,2023,188965.0
sbs_ovw_act,M,SAL_NR,Employees - number,HU,2024,188760.0
sbs_ovw_act,M,SAL_NR,Employees - number,IE,2021,157319.0
sbs_ovw_act,M,SAL_NR,Employees - number,IE,2022,183550.0
sbs_ovw_act,M,SAL_NR,Employees - number,IE,2023,193287.0
sbs_ovw_act,M,SAL_NR,Employees - number,IE,2024,201822.0
sbs_ovw_act,M,SAL_NR,Employees - number,IT,2021,550062.0
sbs_ovw_act,M,SAL_NR,Employees - number,IT,2022,588017.0
sbs_ovw_act,M,SAL_NR,Employees - number,IT,2023,612530.0
sbs_ovw_act,M,SAL_NR,Employees - number,IT,2024,637443.0
sbs_ovw_act,M,SAL_NR,Employees - number,NL,2021,539014.0
sbs_ovw_act,M,SAL_NR,Employees - number,NL,2022,563419.0
sbs_ovw_act,M,SAL_NR,Employees - number,NL,2023,586948.0
sbs_ovw_act,M,SAL_NR,Employees - number,NL,2024,615272.0
sbs_ovw_act,M,SAL_NR,Employees - number,PL,2021,437782.0
sbs_ovw_act,M,SAL_NR,Employees - number,PL,2022,455117.0
sbs_ovw_act,M,SAL_NR,Employees - number,PL,2023,447395.0
sbs_ovw_act,M,SAL_NR,Employees - number,PL,2024,445259.0
sbs_ovw_act,M,SAL_NR,Employees - number,PT,2021,194296.0
sbs_ovw_act,M,SAL_NR,Employees - number,PT,2022,211991.0
sbs_ovw_act,M,SAL_NR,Employees - number,PT,2023,225702.0
sbs_ovw_act,M,SAL_NR,Employees - number,PT,2024,238439.0
sbs_ovw_act,M,SAL_NR,Employees - number,RO,2021,200713.0
sbs_ovw_act,M,SAL_NR,Employees - number,RO,2022,211218.0
sbs_ovw_act,M,SAL_NR,Employees - number,RO,2023,226361.0
sbs_ovw_act,M,SAL_NR,Employees - number,RO,2024,221229.0
sbs_ovw_act,M,SAL_NR,Employees - number,SE,2021,298357.0
sbs_ovw_act,M,SAL_NR,Employees - number,SE,2022,338461.0
sbs_ovw_act,M,SAL_NR,Employees - number,SE,2023,344095.0
sbs_ovw_act,M,SAL_NR,Employees - number,SE,2024,343316.0
sbs_ovw_act,M,VAL_OUT_MEUR,Value of output - million euro,AT,2021,24852.47
sbs_ovw_act,M,VAL_OUT_MEUR,Value of output - million euro,AT,2022,27023.09
sbs_ovw_act,M,VAL_OUT_MEUR,Value of output - million euro,AT,2023,28851.84
sbs_ovw_act,M,VAL_OUT_MEUR,Value of output - million euro,AT,2024,30077.09
sbs_ovw_act,M,VAL_OUT_MEUR,Value of output - million euro,BE,2021,71511.58
sbs_ovw_act,M,VAL_OUT_MEUR,Value of output - million euro,BE,2022,80992.29
sbs_ovw_act,M,VAL_OUT_MEUR,Value of output - million euro,BE,2023,86575.54
sbs_ovw_act,M,VAL_OUT_MEUR,Value of output - million euro,BE,2024,89037.02
sbs_ovw_act,M,VAL_OUT_MEUR,Value of output - million euro,CZ,2021,21604.75
sbs_ovw_act,M,VAL_OUT_MEUR,Value of output - million euro,CZ,2022,24991.12
sbs_ovw_act,M,VAL_OUT_MEUR,Value of output - million euro,CZ,2023,27479.78
sbs_ovw_act,M,VAL_OUT_MEUR,Value of output - million euro,CZ,2024,28034.13
sbs_ovw_act,M,VAL_OUT_MEUR,Value of output - million euro,DE,2021,295338.12
sbs_ovw_act,M,VAL_OUT_MEUR,Value of output - million euro,DE,2022,300947.53
sbs_ovw_act,M,VAL_OUT_MEUR,Value of output - million euro,DE,2023,322077.57
sbs_ovw_act,M,VAL_OUT_MEUR,Value of output - million euro,DE,2024,327450.5
sbs_ovw_act,M,VAL_OUT_MEUR,Value of output - million euro,DK,2021,34992.51
sbs_ovw_act,M,VAL_OUT_MEUR,Value of output - million euro,DK,2022,39372.37
sbs_ovw_act,M,VAL_OUT_MEUR,Value of output - million euro,DK,2023,40742.83
sbs_ovw_act,M,VAL_OUT_MEUR,Value of output - million euro,DK,2024,43372.44
sbs_ovw_act,M,VAL_OUT_MEUR,Value of output - million euro,EL,2021,10366.52
sbs_ovw_act,M,VAL_OUT_MEUR,Value of output - million euro,EL,2022,13030.99
sbs_ovw_act,M,VAL_OUT_MEUR,Value of output - million euro,EL,2023,15316.23
sbs_ovw_act,M,VAL_OUT_MEUR,Value of output - million euro,EL,2024,16971.65
sbs_ovw_act,M,VAL_OUT_MEUR,Value of output - million euro,ES,2021,89596.2
sbs_ovw_act,M,VAL_OUT_MEUR,Value of output - million euro,ES,2022,101543.74
sbs_ovw_act,M,VAL_OUT_MEUR,Value of output - million euro,ES,2023,107910.44
sbs_ovw_act,M,VAL_OUT_MEUR,Value of output - million euro,ES,2024,119424.53
sbs_ovw_act,M,VAL_OUT_MEUR,Value of output - million euro,EU27_2020,2021,1317544.68
sbs_ovw_act,M,VAL_OUT_MEUR,Value of output - million euro,EU27_2020,2022,1455964.08
sbs_ovw_act,M,VAL_OUT_MEUR,Value of output - million euro,EU27_2020,2023,1563147.94
sbs_ovw_act,M,VAL_OUT_MEUR,Value of output - million euro,FI,2021,17459.52
sbs_ovw_act,M,VAL_OUT_MEUR,Value of output - million euro,FI,2022,18819.15
sbs_ovw_act,M,VAL_OUT_MEUR,Value of output - million euro,FI,2023,19022.37
sbs_ovw_act,M,VAL_OUT_MEUR,Value of output - million euro,FI,2024,19544.09
sbs_ovw_act,M,VAL_OUT_MEUR,Value of output - million euro,FR,2021,208245.33
sbs_ovw_act,M,VAL_OUT_MEUR,Value of output - million euro,FR,2022,226082.77
sbs_ovw_act,M,VAL_OUT_MEUR,Value of output - million euro,FR,2023,239943.27
sbs_ovw_act,M,VAL_OUT_MEUR,Value of output - million euro,FR,2024,253493.9
sbs_ovw_act,M,VAL_OUT_MEUR,Value of output - million euro,HU,2021,11258.3
sbs_ovw_act,M,VAL_OUT_MEUR,Value of output - million euro,HU,2022,12146.14
sbs_ovw_act,M,VAL_OUT_MEUR,Value of output - million euro,HU,2023,13614.53
sbs_ovw_act,M,VAL_OUT_MEUR,Value of output - million euro,HU,2024,14042.28
sbs_ovw_act,M,VAL_OUT_MEUR,Value of output - million euro,IE,2021,45836.22
sbs_ovw_act,M,VAL_OUT_MEUR,Value of output - million euro,IE,2022,65752.87
sbs_ovw_act,M,VAL_OUT_MEUR,Value of output - million euro,IE,2023,67683.48
sbs_ovw_act,M,VAL_OUT_MEUR,Value of output - million euro,IE,2024,65221.28
sbs_ovw_act,M,VAL_OUT_MEUR,Value of output - million euro,IT,2021,145411.89
sbs_ovw_act,M,VAL_OUT_MEUR,Value of output - million euro,IT,2022,168364.34
sbs_ovw_act,M,VAL_OUT_MEUR,Value of output - million euro,IT,2023,185001.25
sbs_ovw_act,M,VAL_OUT_MEUR,Value of output - million euro,IT,2024,189545.48
sbs_ovw_act,M,VAL_OUT_MEUR,Value of output - million euro,NL,2021,130630.23
sbs_ovw_act,M,VAL_OUT_MEUR,Value of output - million euro,NL,2022,143658.36
sbs_ovw_act,M,VAL_OUT_MEUR,Value of output - million euro,NL,2023,151527.0
sbs_ovw_act,M,VAL_OUT_MEUR,Value of output - million euro,NL,2024,170181.43
sbs_ovw_act,M,VAL_OUT_MEUR,Value of output - million euro,PL,2021,42372.08
sbs_ovw_act,M,VAL_OUT_MEUR,Value of output - million euro,PL,2022,45997.43
sbs_ovw_act,M,VAL_OUT_MEUR,Value of output - million euro,PL,2023,51865.31
sbs_ovw_act,M,VAL_OUT_MEUR,Value of output - million euro,PL,2024,60097.85
sbs_ovw_act,M,VAL_OUT_MEUR,Value of output - million euro,PT,2021,15340.81
sbs_ovw_act,M,VAL_OUT_MEUR,Value of output - million euro,PT,2022,18312.11
sbs_ovw_act,M,VAL_OUT_MEUR,Value of output - million euro,PT,2023,20573.84
sbs_ovw_act,M,VAL_OUT_MEUR,Value of output - million euro,PT,2024,22896.18
sbs_ovw_act,M,VAL_OUT_MEUR,Value of output - million euro,RO,2021,11473.97
sbs_ovw_act,M,VAL_OUT_MEUR,Value of output - million euro,RO,2022,13939.84
sbs_ovw_act,M,VAL_OUT_MEUR,Value of output - million euro,RO,2023,16493.33
sbs_ovw_act,M,VAL_OUT_MEUR,Value of output - million euro,RO,2024,17838.22
sbs_ovw_act,M,VAL_OUT_MEUR,Value of output - million euro,SE,2021,56824.29
sbs_ovw_act,M,VAL_OUT_MEUR,Value of output - million euro,SE,2022,60388.22
sbs_ovw_act,M,VAL_OUT_MEUR,Value of output - million euro,SE,2023,61110.78
sbs_ovw_act,M,VAL_OUT_MEUR,Value of output - million euro,SE,2024,64160.61
sbs_ovw_act,M,WAGE_MEUR,Wages and salaries - million euro,AT,2021,7038.73
sbs_ovw_act,M,WAGE_MEUR,Wages and salaries - million euro,AT,2022,7917.97
sbs_ovw_act,M,WAGE_MEUR,Wages and salaries - million euro,AT,2023,8672.06
sbs_ovw_act,M,WAGE_MEUR,Wages and salaries - million euro,AT,2024,9166.27
sbs_ovw_act,M,WAGE_MEUR,Wages and salaries - million euro,BE,2021,9526.75
sbs_ovw_act,M,WAGE_MEUR,Wages and salaries - million euro,BE,2022,10602.03
sbs_ovw_act,M,WAGE_MEUR,Wages and salaries - million euro,BE,2023,11229.36
sbs_ovw_act,M,WAGE_MEUR,Wages and salaries - million euro,BE,2024,11574.88
sbs_ovw_act,M,WAGE_MEUR,Wages and salaries - million euro,CZ,2021,3595.71
sbs_ovw_act,M,WAGE_MEUR,Wages and salaries - million euro,CZ,2022,4271.62
sbs_ovw_act,M,WAGE_MEUR,Wages and salaries - million euro,CZ,2023,4684.13
sbs_ovw_act,M,WAGE_MEUR,Wages and salaries - million euro,CZ,2024,4818.48
sbs_ovw_act,M,WAGE_MEUR,Wages and salaries - million euro,DE,2021,99804.47
sbs_ovw_act,M,WAGE_MEUR,Wages and salaries - million euro,DE,2022,101761.58
sbs_ovw_act,M,WAGE_MEUR,Wages and salaries - million euro,DE,2023,111547.23
sbs_ovw_act,M,WAGE_MEUR,Wages and salaries - million euro,DE,2024,122144.01
sbs_ovw_act,M,WAGE_MEUR,Wages and salaries - million euro,DK,2021,12670.64
sbs_ovw_act,M,WAGE_MEUR,Wages and salaries - million euro,DK,2022,13843.39
sbs_ovw_act,M,WAGE_MEUR,Wages and salaries - million euro,DK,2023,15426.4
sbs_ovw_act,M,WAGE_MEUR,Wages and salaries - million euro,DK,2024,16086.19
sbs_ovw_act,M,WAGE_MEUR,Wages and salaries - million euro,EL,2021,1856.83
sbs_ovw_act,M,WAGE_MEUR,Wages and salaries - million euro,EL,2022,2355.74
sbs_ovw_act,M,WAGE_MEUR,Wages and salaries - million euro,EL,2023,2779.47
sbs_ovw_act,M,WAGE_MEUR,Wages and salaries - million euro,EL,2024,3169.99
sbs_ovw_act,M,WAGE_MEUR,Wages and salaries - million euro,ES,2021,26060.89
sbs_ovw_act,M,WAGE_MEUR,Wages and salaries - million euro,ES,2022,28797.08
sbs_ovw_act,M,WAGE_MEUR,Wages and salaries - million euro,ES,2023,32183.17
sbs_ovw_act,M,WAGE_MEUR,Wages and salaries - million euro,ES,2024,35703.11
sbs_ovw_act,M,WAGE_MEUR,Wages and salaries - million euro,EU27_2020,2021,325248.2
sbs_ovw_act,M,WAGE_MEUR,Wages and salaries - million euro,EU27_2020,2022,352303.44
sbs_ovw_act,M,WAGE_MEUR,Wages and salaries - million euro,EU27_2020,2023,383223.97
sbs_ovw_act,M,WAGE_MEUR,Wages and salaries - million euro,FI,2021,5868.64
sbs_ovw_act,M,WAGE_MEUR,Wages and salaries - million euro,FI,2022,6291.09
sbs_ovw_act,M,WAGE_MEUR,Wages and salaries - million euro,FI,2023,6589.16
sbs_ovw_act,M,WAGE_MEUR,Wages and salaries - million euro,FI,2024,6614.59
sbs_ovw_act,M,WAGE_MEUR,Wages and salaries - million euro,FR,2021,56206.91
sbs_ovw_act,M,WAGE_MEUR,Wages and salaries - million euro,FR,2022,61291.63
sbs_ovw_act,M,WAGE_MEUR,Wages and salaries - million euro,FR,2023,64707.9
sbs_ovw_act,M,WAGE_MEUR,Wages and salaries - million euro,FR,2024,67998.79
sbs_ovw_act,M,WAGE_MEUR,Wages and salaries - million euro,HU,2021,3092.12
sbs_ovw_act,M,WAGE_MEUR,Wages and salaries - million euro,HU,2022,3547.52
sbs_ovw_act,M,WAGE_MEUR,Wages and salaries - million euro,HU,2023,4194.01
sbs_ovw_act,M,WAGE_MEUR,Wages and salaries - million euro,HU,2024,4617.26
sbs_ovw_act,M,WAGE_MEUR,Wages and salaries - million euro,IE,2021,8841.23
sbs_ovw_act,M,WAGE_MEUR,Wages and salaries - million euro,IE,2022,10847.01
sbs_ovw_act,M,WAGE_MEUR,Wages and salaries - million euro,IE,2023,11789.11
sbs_ovw_act,M,WAGE_MEUR,Wages and salaries - million euro,IE,2024,12172.19
sbs_ovw_act,M,WAGE_MEUR,Wages and salaries - million euro,IT,2021,17739.9
sbs_ovw_act,M,WAGE_MEUR,Wages and salaries - million euro,IT,2022,19826.11
sbs_ovw_act,M,WAGE_MEUR,Wages and salaries - million euro,IT,2023,21467.92
sbs_ovw_act,M,WAGE_MEUR,Wages and salaries - million euro,IT,2024,23439.07
sbs_ovw_act,M,WAGE_MEUR,Wages and salaries - million euro,NL,2021,31223.14
sbs_ovw_act,M,WAGE_MEUR,Wages and salaries - million euro,NL,2022,33962.02
sbs_ovw_act,M,WAGE_MEUR,Wages and salaries - million euro,NL,2023,36840.68
sbs_ovw_act,M,WAGE_MEUR,Wages and salaries - million euro,NL,2024,40202.68
sbs_ovw_act,M,WAGE_MEUR,Wages and salaries - million euro,PL,2021,8852.56
sbs_ovw_act,M,WAGE_MEUR,Wages and salaries - million euro,PL,2022,10171.17
sbs_ovw_act,M,WAGE_MEUR,Wages and salaries - million euro,PL,2023,11247.78
sbs_ovw_act,M,WAGE_MEUR,Wages and salaries - million euro,PL,2024,13542.83
sbs_ovw_act,M,WAGE_MEUR,Wages and salaries - million euro,PT,2021,4034.58
sbs_ovw_act,M,WAGE_MEUR,Wages and salaries - million euro,PT,2022,4767.12
sbs_ovw_act,M,WAGE_MEUR,Wages and salaries - million euro,PT,2023,5525.29
sbs_ovw_act,M,WAGE_MEUR,Wages and salaries - million euro,PT,2024,6128.3
sbs_ovw_act,M,WAGE_MEUR,Wages and salaries - million euro,RO,2021,2702.92
sbs_ovw_act,M,WAGE_MEUR,Wages and salaries - million euro,RO,2022,3142.39
sbs_ovw_act,M,WAGE_MEUR,Wages and salaries - million euro,RO,2023,3984.23
sbs_ovw_act,M,WAGE_MEUR,Wages and salaries - million euro,RO,2024,4468.26
sbs_ovw_act,M,WAGE_MEUR,Wages and salaries - million euro,SE,2021,14136.82
sbs_ovw_act,M,WAGE_MEUR,Wages and salaries - million euro,SE,2022,15273.26
sbs_ovw_act,M,WAGE_MEUR,Wages and salaries - million euro,SE,2023,14994.52
sbs_ovw_act,M,WAGE_MEUR,Wages and salaries - million euro,SE,2024,15590.43
sbs_sc_ovw,M71,AV_MEUR,Value added - million euro,AT,2021,4857.52
sbs_sc_ovw,M71,AV_MEUR,Value added - million euro,AT,2022,5244.75
sbs_sc_ovw,M71,AV_MEUR,Value added - million euro,AT,2023,5587.99
sbs_sc_ovw,M71,AV_MEUR,Value added - million euro,AT,2024,5865.76
sbs_sc_ovw,M71,AV_MEUR,Value added - million euro,BE,2021,5463.7
sbs_sc_ovw,M71,AV_MEUR,Value added - million euro,BE,2022,5837.19
sbs_sc_ovw,M71,AV_MEUR,Value added - million euro,BE,2023,6373.06
sbs_sc_ovw,M71,AV_MEUR,Value added - million euro,BE,2024,6657.95
sbs_sc_ovw,M71,AV_MEUR,Value added - million euro,CZ,2021,2386.29
sbs_sc_ovw,M71,AV_MEUR,Value added - million euro,CZ,2022,2704.95
sbs_sc_ovw,M71,AV_MEUR,Value added - million euro,CZ,2023,3022.46
sbs_sc_ovw,M71,AV_MEUR,Value added - million euro,CZ,2024,3160.59
sbs_sc_ovw,M71,AV_MEUR,Value added - million euro,DE,2021,62662.18
sbs_sc_ovw,M71,AV_MEUR,Value added - million euro,DE,2022,53773.35
sbs_sc_ovw,M71,AV_MEUR,Value added - million euro,DE,2023,67070.76
sbs_sc_ovw,M71,AV_MEUR,Value added - million euro,DE,2024,65626.24
sbs_sc_ovw,M71,AV_MEUR,Value added - million euro,DK,2021,4805.01
sbs_sc_ovw,M71,AV_MEUR,Value added - million euro,DK,2022,5128.6
sbs_sc_ovw,M71,AV_MEUR,Value added - million euro,DK,2023,5521.96
sbs_sc_ovw,M71,AV_MEUR,Value added - million euro,DK,2024,5967.66
sbs_sc_ovw,M71,AV_MEUR,Value added - million euro,EL,2021,1282.38
sbs_sc_ovw,M71,AV_MEUR,Value added - million euro,EL,2022,1580.05
sbs_sc_ovw,M71,AV_MEUR,Value added - million euro,EL,2023,1971.63
sbs_sc_ovw,M71,AV_MEUR,Value added - million euro,EL,2024,2322.51
sbs_sc_ovw,M71,AV_MEUR,Value added - million euro,ES,2021,12365.36
sbs_sc_ovw,M71,AV_MEUR,Value added - million euro,ES,2022,13940.27
sbs_sc_ovw,M71,AV_MEUR,Value added - million euro,ES,2023,16049.57
sbs_sc_ovw,M71,AV_MEUR,Value added - million euro,ES,2024,17644.62
sbs_sc_ovw,M71,AV_MEUR,Value added - million euro,EU27_2020,2021,179486.98
sbs_sc_ovw,M71,AV_MEUR,Value added - million euro,EU27_2020,2022,182746.47
sbs_sc_ovw,M71,AV_MEUR,Value added - million euro,EU27_2020,2023,209421.0
sbs_sc_ovw,M71,AV_MEUR,Value added - million euro,FI,2021,3484.18
sbs_sc_ovw,M71,AV_MEUR,Value added - million euro,FI,2022,3592.35
sbs_sc_ovw,M71,AV_MEUR,Value added - million euro,FI,2023,3772.56
sbs_sc_ovw,M71,AV_MEUR,Value added - million euro,FI,2024,3747.74
sbs_sc_ovw,M71,AV_MEUR,Value added - million euro,FR,2021,29256.56
sbs_sc_ovw,M71,AV_MEUR,Value added - million euro,FR,2022,31205.83
sbs_sc_ovw,M71,AV_MEUR,Value added - million euro,FR,2023,33656.77
sbs_sc_ovw,M71,AV_MEUR,Value added - million euro,FR,2024,35596.82
sbs_sc_ovw,M71,AV_MEUR,Value added - million euro,HU,2021,1455.84
sbs_sc_ovw,M71,AV_MEUR,Value added - million euro,HU,2022,1584.83
sbs_sc_ovw,M71,AV_MEUR,Value added - million euro,HU,2023,1918.09
sbs_sc_ovw,M71,AV_MEUR,Value added - million euro,HU,2024,1990.66
sbs_sc_ovw,M71,AV_MEUR,Value added - million euro,IE,2021,3579.11
sbs_sc_ovw,M71,AV_MEUR,Value added - million euro,IE,2022,4136.21
sbs_sc_ovw,M71,AV_MEUR,Value added - million euro,IE,2023,4693.51
sbs_sc_ovw,M71,AV_MEUR,Value added - million euro,IE,2024,4802.01
sbs_sc_ovw,M71,AV_MEUR,Value added - million euro,IT,2021,15514.12
sbs_sc_ovw,M71,AV_MEUR,Value added - million euro,IT,2022,18801.81
sbs_sc_ovw,M71,AV_MEUR,Value added - million euro,IT,2023,21095.78
sbs_sc_ovw,M71,AV_MEUR,Value added - million euro,IT,2024,22487.66
sbs_sc_ovw,M71,AV_MEUR,Value added - million euro,NL,2021,11764.69
sbs_sc_ovw,M71,AV_MEUR,Value added - million euro,NL,2022,12489.3
sbs_sc_ovw,M71,AV_MEUR,Value added - million euro,NL,2023,13683.3
sbs_sc_ovw,M71,AV_MEUR,Value added - million euro,NL,2024,15475.15
sbs_sc_ovw,M71,AV_MEUR,Value added - million euro,PL,2021,3808.29
sbs_sc_ovw,M71,AV_MEUR,Value added - million euro,PL,2022,4157.68
sbs_sc_ovw,M71,AV_MEUR,Value added - million euro,PL,2023,4396.48
sbs_sc_ovw,M71,AV_MEUR,Value added - million euro,PL,2024,5308.59
sbs_sc_ovw,M71,AV_MEUR,Value added - million euro,PT,2021,1627.39
sbs_sc_ovw,M71,AV_MEUR,Value added - million euro,PT,2022,1883.21
sbs_sc_ovw,M71,AV_MEUR,Value added - million euro,PT,2023,2215.6
sbs_sc_ovw,M71,AV_MEUR,Value added - million euro,PT,2024,2539.08
sbs_sc_ovw,M71,AV_MEUR,Value added - million euro,RO,2021,1700.36
sbs_sc_ovw,M71,AV_MEUR,Value added - million euro,RO,2022,2347.12
sbs_sc_ovw,M71,AV_MEUR,Value added - million euro,RO,2023,2842.31
sbs_sc_ovw,M71,AV_MEUR,Value added - million euro,RO,2024,2974.41
sbs_sc_ovw,M71,AV_MEUR,Value added - million euro,SE,2021,8977.92
sbs_sc_ovw,M71,AV_MEUR,Value added - million euro,SE,2022,9152.99
sbs_sc_ovw,M71,AV_MEUR,Value added - million euro,SE,2023,9756.94
sbs_sc_ovw,M71,AV_MEUR,Value added - million euro,SE,2024,10201.86
sbs_sc_ovw,M71,EMP_NR,Persons employed - number,AT,2021,72611.0
sbs_sc_ovw,M71,EMP_NR,Persons employed - number,AT,2022,73960.0
sbs_sc_ovw,M71,EMP_NR,Persons employed - number,AT,2023,74904.0
sbs_sc_ovw,M71,EMP_NR,Persons employed - number,AT,2024,74884.0
sbs_sc_ovw,M71,EMP_NR,Persons employed - number,BE,2021,74557.0
sbs_sc_ovw,M71,EMP_NR,Persons employed - number,BE,2022,76289.0
sbs_sc_ovw,M71,EMP_NR,Persons employed - number,BE,2023,77409.0
sbs_sc_ovw,M71,EMP_NR,Persons employed - number,BE,2024,80166.0
sbs_sc_ovw,M71,EMP_NR,Persons employed - number,CZ,2021,85298.0
sbs_sc_ovw,M71,EMP_NR,Persons employed - number,CZ,2022,87783.0
sbs_sc_ovw,M71,EMP_NR,Persons employed - number,CZ,2023,89880.0
sbs_sc_ovw,M71,EMP_NR,Persons employed - number,CZ,2024,91069.0
sbs_sc_ovw,M71,EMP_NR,Persons employed - number,DE,2021,789292.0
sbs_sc_ovw,M71,EMP_NR,Persons employed - number,DE,2022,760847.0
sbs_sc_ovw,M71,EMP_NR,Persons employed - number,DE,2023,787566.0
sbs_sc_ovw,M71,EMP_NR,Persons employed - number,DE,2024,805200.0
sbs_sc_ovw,M71,EMP_NR,Persons employed - number,DK,2021,50419.0
sbs_sc_ovw,M71,EMP_NR,Persons employed - number,DK,2022,53242.0
sbs_sc_ovw,M71,EMP_NR,Persons employed - number,DK,2023,56144.0
sbs_sc_ovw,M71,EMP_NR,Persons employed - number,DK,2024,58352.0
sbs_sc_ovw,M71,EMP_NR,Persons employed - number,EL,2021,76569.0
sbs_sc_ovw,M71,EMP_NR,Persons employed - number,EL,2022,78234.0
sbs_sc_ovw,M71,EMP_NR,Persons employed - number,EL,2023,82106.0
sbs_sc_ovw,M71,EMP_NR,Persons employed - number,EL,2024,86688.0
sbs_sc_ovw,M71,EMP_NR,Persons employed - number,ES,2021,273705.0
sbs_sc_ovw,M71,EMP_NR,Persons employed - number,ES,2022,283001.0
sbs_sc_ovw,M71,EMP_NR,Persons employed - number,ES,2023,294431.0
sbs_sc_ovw,M71,EMP_NR,Persons employed - number,ES,2024,292210.0
sbs_sc_ovw,M71,EMP_NR,Persons employed - number,EU27_2020,2021,3075085.0
sbs_sc_ovw,M71,EMP_NR,Persons employed - number,EU27_2020,2022,3136976.0
sbs_sc_ovw,M71,EMP_NR,Persons employed - number,EU27_2020,2023,3226611.0
sbs_sc_ovw,M71,EMP_NR,Persons employed - number,FI,2021,48611.0
sbs_sc_ovw,M71,EMP_NR,Persons employed - number,FI,2022,50907.0
sbs_sc_ovw,M71,EMP_NR,Persons employed - number,FI,2023,51138.0
sbs_sc_ovw,M71,EMP_NR,Persons employed - number,FI,2024,49607.0
sbs_sc_ovw,M71,EMP_NR,Persons employed - number,FR,2021,419378.0
sbs_sc_ovw,M71,EMP_NR,Persons employed - number,FR,2022,439910.0
sbs_sc_ovw,M71,EMP_NR,Persons employed - number,FR,2023,455808.0
sbs_sc_ovw,M71,EMP_NR,Persons employed - number,FR,2024,472070.0
sbs_sc_ovw,M71,EMP_NR,Persons employed - number,HU,2021,66577.0
sbs_sc_ovw,M71,EMP_NR,Persons employed - number,HU,2022,68883.0
sbs_sc_ovw,M71,EMP_NR,Persons employed - number,HU,2023,66472.0
sbs_sc_ovw,M71,EMP_NR,Persons employed - number,HU,2024,65969.0
sbs_sc_ovw,M71,EMP_NR,Persons employed - number,IE,2021,39797.0
sbs_sc_ovw,M71,EMP_NR,Persons employed - number,IE,2022,45060.0
sbs_sc_ovw,M71,EMP_NR,Persons employed - number,IE,2023,47830.0
sbs_sc_ovw,M71,EMP_NR,Persons employed - number,IE,2024,49457.0
sbs_sc_ovw,M71,EMP_NR,Persons employed - number,IT,2021,317957.0
sbs_sc_ovw,M71,EMP_NR,Persons employed - number,IT,2022,338743.0
sbs_sc_ovw,M71,EMP_NR,Persons employed - number,IT,2023,345840.0
sbs_sc_ovw,M71,EMP_NR,Persons employed - number,IT,2024,358054.0
sbs_sc_ovw,M71,EMP_NR,Persons employed - number,NL,2021,151196.0
sbs_sc_ovw,M71,EMP_NR,Persons employed - number,NL,2022,156501.0
sbs_sc_ovw,M71,EMP_NR,Persons employed - number,NL,2023,161290.0
sbs_sc_ovw,M71,EMP_NR,Persons employed - number,NL,2024,167615.0
sbs_sc_ovw,M71,EMP_NR,Persons employed - number,PL,2021,168435.0
sbs_sc_ovw,M71,EMP_NR,Persons employed - number,PL,2022,169229.0
sbs_sc_ovw,M71,EMP_NR,Persons employed - number,PL,2023,167612.0
sbs_sc_ovw,M71,EMP_NR,Persons employed - number,PL,2024,170069.0
sbs_sc_ovw,M71,EMP_NR,Persons employed - number,PT,2021,63181.0
sbs_sc_ovw,M71,EMP_NR,Persons employed - number,PT,2022,67710.0
sbs_sc_ovw,M71,EMP_NR,Persons employed - number,PT,2023,70611.0
sbs_sc_ovw,M71,EMP_NR,Persons employed - number,PT,2024,73674.0
sbs_sc_ovw,M71,EMP_NR,Persons employed - number,RO,2021,86455.0
sbs_sc_ovw,M71,EMP_NR,Persons employed - number,RO,2022,91307.0
sbs_sc_ovw,M71,EMP_NR,Persons employed - number,RO,2023,97968.0
sbs_sc_ovw,M71,EMP_NR,Persons employed - number,RO,2024,96348.0
sbs_sc_ovw,M71,EMP_NR,Persons employed - number,SE,2021,132174.0
sbs_sc_ovw,M71,EMP_NR,Persons employed - number,SE,2022,130015.0
sbs_sc_ovw,M71,EMP_NR,Persons employed - number,SE,2023,129606.0
sbs_sc_ovw,M71,EMP_NR,Persons employed - number,SE,2024,129175.0
sbs_sc_ovw,M71,GOS_MEUR,Gross operating surplus - million euro,AT,2021,1961.53
sbs_sc_ovw,M71,GOS_MEUR,Gross operating surplus - million euro,AT,2022,2097.23
sbs_sc_ovw,M71,GOS_MEUR,Gross operating surplus - million euro,AT,2023,2184.64
sbs_sc_ovw,M71,GOS_MEUR,Gross operating surplus - million euro,AT,2024,2245.59
sbs_sc_ovw,M71,GOS_MEUR,Gross operating surplus - million euro,BE,2021,2352.8
sbs_sc_ovw,M71,GOS_MEUR,Gross operating surplus - million euro,BE,2022,2511.29
sbs_sc_ovw,M71,GOS_MEUR,Gross operating surplus - million euro,BE,2023,2535.43
sbs_sc_ovw,M71,GOS_MEUR,Gross operating surplus - million euro,BE,2024,2782.58
sbs_sc_ovw,M71,GOS_MEUR,Gross operating surplus - million euro,CZ,2021,893.04
sbs_sc_ovw,M71,GOS_MEUR,Gross operating surplus - million euro,CZ,2022,992.5
sbs_sc_ovw,M71,GOS_MEUR,Gross operating surplus - million euro,CZ,2023,1131.11
sbs_sc_ovw,M71,GOS_MEUR,Gross operating surplus - million euro,CZ,2024,1197.42
sbs_sc_ovw,M71,GOS_MEUR,Gross operating surplus - million euro,DE,2021,25981.55
sbs_sc_ovw,M71,GOS_MEUR,Gross operating surplus - million euro,DE,2022,17573.33
sbs_sc_ovw,M71,GOS_MEUR,Gross operating surplus - million euro,DE,2023,26032.15
sbs_sc_ovw,M71,GOS_MEUR,Gross operating surplus - million euro,DE,2024,19951.88
sbs_sc_ovw,M71,GOS_MEUR,Gross operating surplus - million euro,DK,2021,885.22
sbs_sc_ovw,M71,GOS_MEUR,Gross operating surplus - million euro,DK,2022,889.74
sbs_sc_ovw,M71,GOS_MEUR,Gross operating surplus - million euro,DK,2023,656.07
sbs_sc_ovw,M71,GOS_MEUR,Gross operating surplus - million euro,DK,2024,830.14
sbs_sc_ovw,M71,GOS_MEUR,Gross operating surplus - million euro,EL,2021,891.85
sbs_sc_ovw,M71,GOS_MEUR,Gross operating surplus - million euro,EL,2022,1074.45
sbs_sc_ovw,M71,GOS_MEUR,Gross operating surplus - million euro,EL,2023,1385.59
sbs_sc_ovw,M71,GOS_MEUR,Gross operating surplus - million euro,EL,2024,1634.43
sbs_sc_ovw,M71,GOS_MEUR,Gross operating surplus - million euro,ES,2021,3999.86
sbs_sc_ovw,M71,GOS_MEUR,Gross operating surplus - million euro,ES,2022,4840.04
sbs_sc_ovw,M71,GOS_MEUR,Gross operating surplus - million euro,ES,2023,5788.48
sbs_sc_ovw,M71,GOS_MEUR,Gross operating surplus - million euro,ES,2024,6358.34
sbs_sc_ovw,M71,GOS_MEUR,Gross operating surplus - million euro,EU27_2020,2021,66583.15
sbs_sc_ovw,M71,GOS_MEUR,Gross operating surplus - million euro,EU27_2020,2022,63238.72
sbs_sc_ovw,M71,GOS_MEUR,Gross operating surplus - million euro,EU27_2020,2023,77887.04
sbs_sc_ovw,M71,GOS_MEUR,Gross operating surplus - million euro,FI,2021,651.5
sbs_sc_ovw,M71,GOS_MEUR,Gross operating surplus - million euro,FI,2022,579.05
sbs_sc_ovw,M71,GOS_MEUR,Gross operating surplus - million euro,FI,2023,618.36
sbs_sc_ovw,M71,GOS_MEUR,Gross operating surplus - million euro,FI,2024,594.24
sbs_sc_ovw,M71,GOS_MEUR,Gross operating surplus - million euro,FR,2021,5836.19
sbs_sc_ovw,M71,GOS_MEUR,Gross operating surplus - million euro,FR,2022,5737.92
sbs_sc_ovw,M71,GOS_MEUR,Gross operating surplus - million euro,FR,2023,6621.23
sbs_sc_ovw,M71,GOS_MEUR,Gross operating surplus - million euro,FR,2024,6501.77
sbs_sc_ovw,M71,GOS_MEUR,Gross operating surplus - million euro,HU,2021,699.98
sbs_sc_ovw,M71,GOS_MEUR,Gross operating surplus - million euro,HU,2022,751.99
sbs_sc_ovw,M71,GOS_MEUR,Gross operating surplus - million euro,HU,2023,920.27
sbs_sc_ovw,M71,GOS_MEUR,Gross operating surplus - million euro,HU,2024,937.89
sbs_sc_ovw,M71,GOS_MEUR,Gross operating surplus - million euro,IE,2021,1431.22
sbs_sc_ovw,M71,GOS_MEUR,Gross operating surplus - million euro,IE,2022,1666.12
sbs_sc_ovw,M71,GOS_MEUR,Gross operating surplus - million euro,IE,2023,1874.51
sbs_sc_ovw,M71,GOS_MEUR,Gross operating surplus - million euro,IE,2024,2917.13
sbs_sc_ovw,M71,GOS_MEUR,Gross operating surplus - million euro,IT,2021,11110.13
sbs_sc_ovw,M71,GOS_MEUR,Gross operating surplus - million euro,IT,2022,13789.86
sbs_sc_ovw,M71,GOS_MEUR,Gross operating surplus - million euro,IT,2023,15674.48
sbs_sc_ovw,M71,GOS_MEUR,Gross operating surplus - million euro,IT,2024,16274.46
sbs_sc_ovw,M71,GOS_MEUR,Gross operating surplus - million euro,NL,2021,4011.59
sbs_sc_ovw,M71,GOS_MEUR,Gross operating surplus - million euro,NL,2022,4049.9
sbs_sc_ovw,M71,GOS_MEUR,Gross operating surplus - million euro,NL,2023,4440.01
sbs_sc_ovw,M71,GOS_MEUR,Gross operating surplus - million euro,NL,2024,5527.31
sbs_sc_ovw,M71,GOS_MEUR,Gross operating surplus - million euro,PL,2021,1650.8
sbs_sc_ovw,M71,GOS_MEUR,Gross operating surplus - million euro,PL,2022,1797.62
sbs_sc_ovw,M71,GOS_MEUR,Gross operating surplus - million euro,PL,2023,1848.63
sbs_sc_ovw,M71,GOS_MEUR,Gross operating surplus - million euro,PL,2024,2130.6
sbs_sc_ovw,M71,GOS_MEUR,Gross operating surplus - million euro,PT,2021,558.93
sbs_sc_ovw,M71,GOS_MEUR,Gross operating surplus - million euro,PT,2022,642.33
sbs_sc_ovw,M71,GOS_MEUR,Gross operating surplus - million euro,PT,2023,788.7
sbs_sc_ovw,M71,GOS_MEUR,Gross operating surplus - million euro,PT,2024,928.2
sbs_sc_ovw,M71,GOS_MEUR,Gross operating surplus - million euro,RO,2021,775.87
sbs_sc_ovw,M71,GOS_MEUR,Gross operating surplus - million euro,RO,2022,1225.54
sbs_sc_ovw,M71,GOS_MEUR,Gross operating surplus - million euro,RO,2023,1323.78
sbs_sc_ovw,M71,GOS_MEUR,Gross operating surplus - million euro,RO,2024,1268.82
sbs_sc_ovw,M71,GOS_MEUR,Gross operating surplus - million euro,SE,2021,1267.14
sbs_sc_ovw,M71,GOS_MEUR,Gross operating surplus - million euro,SE,2022,1063.68
sbs_sc_ovw,M71,GOS_MEUR,Gross operating surplus - million euro,SE,2023,1937.09
sbs_sc_ovw,M71,GOS_MEUR,Gross operating surplus - million euro,SE,2024,1928.61
sbs_sc_ovw,M71,NETTUR_MEUR,Net turnover - million euro,AT,2021,9235.93
sbs_sc_ovw,M71,NETTUR_MEUR,Net turnover - million euro,AT,2022,10052.49
sbs_sc_ovw,M71,NETTUR_MEUR,Net turnover - million euro,AT,2023,10662.53
sbs_sc_ovw,M71,NETTUR_MEUR,Net turnover - million euro,AT,2024,11226.95
sbs_sc_ovw,M71,NETTUR_MEUR,Net turnover - million euro,BE,2021,12478.15
sbs_sc_ovw,M71,NETTUR_MEUR,Net turnover - million euro,BE,2022,13598.34
sbs_sc_ovw,M71,NETTUR_MEUR,Net turnover - million euro,BE,2023,15203.47
sbs_sc_ovw,M71,NETTUR_MEUR,Net turnover - million euro,BE,2024,15719.23
sbs_sc_ovw,M71,NETTUR_MEUR,Net turnover - million euro,CZ,2021,6404.96
sbs_sc_ovw,M71,NETTUR_MEUR,Net turnover - million euro,CZ,2022,7651.85
sbs_sc_ovw,M71,NETTUR_MEUR,Net turnover - million euro,CZ,2023,8563.91
sbs_sc_ovw,M71,NETTUR_MEUR,Net turnover - million euro,CZ,2024,8426.27
sbs_sc_ovw,M71,NETTUR_MEUR,Net turnover - million euro,DE,2021,98499.82
sbs_sc_ovw,M71,NETTUR_MEUR,Net turnover - million euro,DE,2022,105746.7
sbs_sc_ovw,M71,NETTUR_MEUR,Net turnover - million euro,DE,2023,122486.03
sbs_sc_ovw,M71,NETTUR_MEUR,Net turnover - million euro,DE,2024,114742.61
sbs_sc_ovw,M71,NETTUR_MEUR,Net turnover - million euro,DK,2021,9572.28
sbs_sc_ovw,M71,NETTUR_MEUR,Net turnover - million euro,DK,2022,10691.51
sbs_sc_ovw,M71,NETTUR_MEUR,Net turnover - million euro,DK,2023,11407.84
sbs_sc_ovw,M71,NETTUR_MEUR,Net turnover - million euro,DK,2024,12081.09
sbs_sc_ovw,M71,NETTUR_MEUR,Net turnover - million euro,EL,2021,3103.79
sbs_sc_ovw,M71,NETTUR_MEUR,Net turnover - million euro,EL,2022,3903.82
sbs_sc_ovw,M71,NETTUR_MEUR,Net turnover - million euro,EL,2023,4630.99
sbs_sc_ovw,M71,NETTUR_MEUR,Net turnover - million euro,EL,2024,5423.12
sbs_sc_ovw,M71,NETTUR_MEUR,Net turnover - million euro,ES,2021,27475.0
sbs_sc_ovw,M71,NETTUR_MEUR,Net turnover - million euro,ES,2022,30874.45
sbs_sc_ovw,M71,NETTUR_MEUR,Net turnover - million euro,ES,2023,34353.19
sbs_sc_ovw,M71,NETTUR_MEUR,Net turnover - million euro,ES,2024,37089.22
sbs_sc_ovw,M71,NETTUR_MEUR,Net turnover - million euro,EU27_2020,2021,350786.29
sbs_sc_ovw,M71,NETTUR_MEUR,Net turnover - million euro,EU27_2020,2022,384744.28
sbs_sc_ovw,M71,NETTUR_MEUR,Net turnover - million euro,EU27_2020,2023,427363.59
sbs_sc_ovw,M71,NETTUR_MEUR,Net turnover - million euro,FI,2021,6422.22
sbs_sc_ovw,M71,NETTUR_MEUR,Net turnover - million euro,FI,2022,7031.16
sbs_sc_ovw,M71,NETTUR_MEUR,Net turnover - million euro,FI,2023,7454.87
sbs_sc_ovw,M71,NETTUR_MEUR,Net turnover - million euro,FI,2024,7522.92
sbs_sc_ovw,M71,NETTUR_MEUR,Net turnover - million euro,FR,2021,64791.51
sbs_sc_ovw,M71,NETTUR_MEUR,Net turnover - million euro,FR,2022,67050.2
sbs_sc_ovw,M71,NETTUR_MEUR,Net turnover - million euro,FR,2023,70351.3
sbs_sc_ovw,M71,NETTUR_MEUR,Net turnover - million euro,FR,2024,74830.51
sbs_sc_ovw,M71,NETTUR_MEUR,Net turnover - million euro,HU,2021,4238.92
sbs_sc_ovw,M71,NETTUR_MEUR,Net turnover - million euro,HU,2022,4381.24
sbs_sc_ovw,M71,NETTUR_MEUR,Net turnover - million euro,HU,2023,4796.6
sbs_sc_ovw,M71,NETTUR_MEUR,Net turnover - million euro,HU,2024,4788.26
sbs_sc_ovw,M71,NETTUR_MEUR,Net turnover - million euro,IE,2021,9741.28
sbs_sc_ovw,M71,NETTUR_MEUR,Net turnover - million euro,IE,2022,11744.09
sbs_sc_ovw,M71,NETTUR_MEUR,Net turnover - million euro,IE,2023,14934.87
sbs_sc_ovw,M71,NETTUR_MEUR,Net turnover - million euro,IE,2024,13239.57
sbs_sc_ovw,M71,NETTUR_MEUR,Net turnover - million euro,IT,2021,28467.45
sbs_sc_ovw,M71,NETTUR_MEUR,Net turnover - million euro,IT,2022,34208.18
sbs_sc_ovw,M71,NETTUR_MEUR,Net turnover - million euro,IT,2023,39542.64
sbs_sc_ovw,M71,NETTUR_MEUR,Net turnover - million euro,IT,2024,41116.68
sbs_sc_ovw,M71,NETTUR_MEUR,Net turnover - million euro,NL,2021,24161.4
sbs_sc_ovw,M71,NETTUR_MEUR,Net turnover - million euro,NL,2022,25086.28
sbs_sc_ovw,M71,NETTUR_MEUR,Net turnover - million euro,NL,2023,27639.67
sbs_sc_ovw,M71,NETTUR_MEUR,Net turnover - million euro,NL,2024,29840.65
sbs_sc_ovw,M71,NETTUR_MEUR,Net turnover - million euro,PL,2021,9591.33
sbs_sc_ovw,M71,NETTUR_MEUR,Net turnover - million euro,PL,2022,10765.71
sbs_sc_ovw,M71,NETTUR_MEUR,Net turnover - million euro,PL,2023,12107.59
sbs_sc_ovw,M71,NETTUR_MEUR,Net turnover - million euro,PL,2024,13563.32
sbs_sc_ovw,M71,NETTUR_MEUR,Net turnover - million euro,PT,2021,3444.12
sbs_sc_ovw,M71,NETTUR_MEUR,Net turnover - million euro,PT,2022,4047.02
sbs_sc_ovw,M71,NETTUR_MEUR,Net turnover - million euro,PT,2023,4791.59
sbs_sc_ovw,M71,NETTUR_MEUR,Net turnover - million euro,PT,2024,5622.57
sbs_sc_ovw,M71,NETTUR_MEUR,Net turnover - million euro,RO,2021,3401.93
sbs_sc_ovw,M71,NETTUR_MEUR,Net turnover - million euro,RO,2022,4504.08
sbs_sc_ovw,M71,NETTUR_MEUR,Net turnover - million euro,RO,2023,5706.74
sbs_sc_ovw,M71,NETTUR_MEUR,Net turnover - million euro,RO,2024,6087.47
sbs_sc_ovw,M71,NETTUR_MEUR,Net turnover - million euro,SE,2021,19492.67
sbs_sc_ovw,M71,NETTUR_MEUR,Net turnover - million euro,SE,2022,21561.79
sbs_sc_ovw,M71,NETTUR_MEUR,Net turnover - million euro,SE,2023,19384.18
sbs_sc_ovw,M71,NETTUR_MEUR,Net turnover - million euro,SE,2024,19849.32
sbs_sc_ovw,M71,WAGE_MEUR,Wages and salaries - million euro,AT,2021,2229.38
sbs_sc_ovw,M71,WAGE_MEUR,Wages and salaries - million euro,AT,2022,2441.12
sbs_sc_ovw,M71,WAGE_MEUR,Wages and salaries - million euro,AT,2023,2641.99
sbs_sc_ovw,M71,WAGE_MEUR,Wages and salaries - million euro,AT,2024,2815.42
sbs_sc_ovw,M71,WAGE_MEUR,Wages and salaries - million euro,BE,2021,2442.47
sbs_sc_ovw,M71,WAGE_MEUR,Wages and salaries - million euro,BE,2022,2610.02
sbs_sc_ovw,M71,WAGE_MEUR,Wages and salaries - million euro,BE,2023,3004.53
sbs_sc_ovw,M71,WAGE_MEUR,Wages and salaries - million euro,BE,2024,3021.88
sbs_sc_ovw,M71,WAGE_MEUR,Wages and salaries - million euro,CZ,2021,1124.71
sbs_sc_ovw,M71,WAGE_MEUR,Wages and salaries - million euro,CZ,2022,1294.47
sbs_sc_ovw,M71,WAGE_MEUR,Wages and salaries - million euro,CZ,2023,1431.73
sbs_sc_ovw,M71,WAGE_MEUR,Wages and salaries - million euro,CZ,2024,1484.04
sbs_sc_ovw,M71,WAGE_MEUR,Wages and salaries - million euro,DE,2021,30509.72
sbs_sc_ovw,M71,WAGE_MEUR,Wages and salaries - million euro,DE,2022,30122.4
sbs_sc_ovw,M71,WAGE_MEUR,Wages and salaries - million euro,DE,2023,34119.67
sbs_sc_ovw,M71,WAGE_MEUR,Wages and salaries - million euro,DE,2024,38193.24
sbs_sc_ovw,M71,WAGE_MEUR,Wages and salaries - million euro,DK,2021,3620.26
sbs_sc_ovw,M71,WAGE_MEUR,Wages and salaries - million euro,DK,2022,3907.2
sbs_sc_ovw,M71,WAGE_MEUR,Wages and salaries - million euro,DK,2023,4457.38
sbs_sc_ovw,M71,WAGE_MEUR,Wages and salaries - million euro,DK,2024,4710.74
sbs_sc_ovw,M71,WAGE_MEUR,Wages and salaries - million euro,EL,2021,313.64
sbs_sc_ovw,M71,WAGE_MEUR,Wages and salaries - million euro,EL,2022,405.88
sbs_sc_ovw,M71,WAGE_MEUR,Wages and salaries - million euro,EL,2023,472.55
sbs_sc_ovw,M71,WAGE_MEUR,Wages and salaries - million euro,EL,2024,555.21
sbs_sc_ovw,M71,WAGE_MEUR,Wages and salaries - million euro,ES,2021,6499.07
sbs_sc_ovw,M71,WAGE_MEUR,Wages and salaries - million euro,ES,2022,7129.32
sbs_sc_ovw,M71,WAGE_MEUR,Wages and salaries - million euro,ES,2023,7970.28
sbs_sc_ovw,M71,WAGE_MEUR,Wages and salaries - million euro,ES,2024,8878.77
sbs_sc_ovw,M71,WAGE_MEUR,Wages and salaries - million euro,EU27_2020,2021,89428.9
sbs_sc_ovw,M71,WAGE_MEUR,Wages and salaries - million euro,EU27_2020,2022,94681.28
sbs_sc_ovw,M71,WAGE_MEUR,Wages and salaries - million euro,EU27_2020,2023,104508.45
sbs_sc_ovw,M71,WAGE_MEUR,Wages and salaries - million euro,FI,2021,2343.98
sbs_sc_ovw,M71,WAGE_MEUR,Wages and salaries - million euro,FI,2022,2484.23
sbs_sc_ovw,M71,WAGE_MEUR,Wages and salaries - million euro,FI,2023,2597.34
sbs_sc_ovw,M71,WAGE_MEUR,Wages and salaries - million euro,FI,2024,2616.05
sbs_sc_ovw,M71,WAGE_MEUR,Wages and salaries - million euro,FR,2021,16820.35
sbs_sc_ovw,M71,WAGE_MEUR,Wages and salaries - million euro,FR,2022,18346.62
sbs_sc_ovw,M71,WAGE_MEUR,Wages and salaries - million euro,FR,2023,19539.47
sbs_sc_ovw,M71,WAGE_MEUR,Wages and salaries - million euro,FR,2024,21017.73
sbs_sc_ovw,M71,WAGE_MEUR,Wages and salaries - million euro,HU,2021,667.7
sbs_sc_ovw,M71,WAGE_MEUR,Wages and salaries - million euro,HU,2022,753.42
sbs_sc_ovw,M71,WAGE_MEUR,Wages and salaries - million euro,HU,2023,905.82
sbs_sc_ovw,M71,WAGE_MEUR,Wages and salaries - million euro,HU,2024,954.52
sbs_sc_ovw,M71,WAGE_MEUR,Wages and salaries - million euro,IE,2021,1971.44
sbs_sc_ovw,M71,WAGE_MEUR,Wages and salaries - million euro,IE,2022,2258.77
sbs_sc_ovw,M71,WAGE_MEUR,Wages and salaries - million euro,IE,2023,2583.55
sbs_sc_ovw,M71,WAGE_MEUR,Wages and salaries - million euro,IE,2024,2797.53
sbs_sc_ovw,M71,WAGE_MEUR,Wages and salaries - million euro,IT,2021,3239.69
sbs_sc_ovw,M71,WAGE_MEUR,Wages and salaries - million euro,IT,2022,3678.11
sbs_sc_ovw,M71,WAGE_MEUR,Wages and salaries - million euro,IT,2023,4008.89
sbs_sc_ovw,M71,WAGE_MEUR,Wages and salaries - million euro,IT,2024,4580.8
sbs_sc_ovw,M71,WAGE_MEUR,Wages and salaries - million euro,NL,2021,6328.11
sbs_sc_ovw,M71,WAGE_MEUR,Wages and salaries - million euro,NL,2022,6877.52
sbs_sc_ovw,M71,WAGE_MEUR,Wages and salaries - million euro,NL,2023,7528.04
sbs_sc_ovw,M71,WAGE_MEUR,Wages and salaries - million euro,NL,2024,8088.49
sbs_sc_ovw,M71,WAGE_MEUR,Wages and salaries - million euro,PL,2021,1810.78
sbs_sc_ovw,M71,WAGE_MEUR,Wages and salaries - million euro,PL,2022,1979.06
sbs_sc_ovw,M71,WAGE_MEUR,Wages and salaries - million euro,PL,2023,2143.01
sbs_sc_ovw,M71,WAGE_MEUR,Wages and salaries - million euro,PL,2024,2666.73
sbs_sc_ovw,M71,WAGE_MEUR,Wages and salaries - million euro,PT,2021,846.05
sbs_sc_ovw,M71,WAGE_MEUR,Wages and salaries - million euro,PT,2022,984.99
sbs_sc_ovw,M71,WAGE_MEUR,Wages and salaries - million euro,PT,2023,1136.38
sbs_sc_ovw,M71,WAGE_MEUR,Wages and salaries - million euro,PT,2024,1281.63
sbs_sc_ovw,M71,WAGE_MEUR,Wages and salaries - million euro,RO,2021,896.01
sbs_sc_ovw,M71,WAGE_MEUR,Wages and salaries - million euro,RO,2022,1090.08
sbs_sc_ovw,M71,WAGE_MEUR,Wages and salaries - million euro,RO,2023,1470.79
sbs_sc_ovw,M71,WAGE_MEUR,Wages and salaries - million euro,RO,2024,1653.31
sbs_sc_ovw,M71,WAGE_MEUR,Wages and salaries - million euro,SE,2021,5297.92
sbs_sc_ovw,M71,WAGE_MEUR,Wages and salaries - million euro,SE,2022,5537.08
sbs_sc_ovw,M71,WAGE_MEUR,Wages and salaries - million euro,SE,2023,5339.69
sbs_sc_ovw,M71,WAGE_MEUR,Wages and salaries - million euro,SE,2024,5553.03
sbs_sc_ovw,F,AV_MEUR,Value added - million euro,AT,2021,22678.48
sbs_sc_ovw,F,AV_MEUR,Value added - million euro,AT,2022,24353.76
sbs_sc_ovw,F,AV_MEUR,Value added - million euro,AT,2023,25944.0
sbs_sc_ovw,F,AV_MEUR,Value added - million euro,AT,2024,27633.41
sbs_sc_ovw,F,AV_MEUR,Value added - million euro,BE,2021,20444.66
sbs_sc_ovw,F,AV_MEUR,Value added - million euro,BE,2022,23328.72
sbs_sc_ovw,F,AV_MEUR,Value added - million euro,BE,2023,31963.0
sbs_sc_ovw,F,AV_MEUR,Value added - million euro,BE,2024,25909.73
sbs_sc_ovw,F,AV_MEUR,Value added - million euro,CZ,2021,8899.01
sbs_sc_ovw,F,AV_MEUR,Value added - million euro,CZ,2022,10332.63
sbs_sc_ovw,F,AV_MEUR,Value added - million euro,CZ,2023,11742.44
sbs_sc_ovw,F,AV_MEUR,Value added - million euro,CZ,2024,11978.53
sbs_sc_ovw,F,AV_MEUR,Value added - million euro,DE,2021,158013.55
sbs_sc_ovw,F,AV_MEUR,Value added - million euro,DE,2022,169679.39
sbs_sc_ovw,F,AV_MEUR,Value added - million euro,DE,2023,167078.92
sbs_sc_ovw,F,AV_MEUR,Value added - million euro,DE,2024,167112.13
sbs_sc_ovw,F,AV_MEUR,Value added - million euro,DK,2021,13829.71
sbs_sc_ovw,F,AV_MEUR,Value added - million euro,DK,2022,13736.58
sbs_sc_ovw,F,AV_MEUR,Value added - million euro,DK,2023,14459.36
sbs_sc_ovw,F,AV_MEUR,Value added - million euro,DK,2024,14917.7
sbs_sc_ovw,F,AV_MEUR,Value added - million euro,EL,2021,2628.93
sbs_sc_ovw,F,AV_MEUR,Value added - million euro,EL,2022,3406.32
sbs_sc_ovw,F,AV_MEUR,Value added - million euro,EL,2023,4525.64
sbs_sc_ovw,F,AV_MEUR,Value added - million euro,EL,2024,5981.52
sbs_sc_ovw,F,AV_MEUR,Value added - million euro,ES,2021,48678.92
sbs_sc_ovw,F,AV_MEUR,Value added - million euro,ES,2022,52425.69
sbs_sc_ovw,F,AV_MEUR,Value added - million euro,ES,2023,56939.65
sbs_sc_ovw,F,AV_MEUR,Value added - million euro,ES,2024,66023.77
sbs_sc_ovw,F,AV_MEUR,Value added - million euro,EU27_2020,2021,614699.22
sbs_sc_ovw,F,AV_MEUR,Value added - million euro,EU27_2020,2022,673283.56
sbs_sc_ovw,F,AV_MEUR,Value added - million euro,EU27_2020,2023,727546.92
sbs_sc_ovw,F,AV_MEUR,Value added - million euro,FI,2021,12035.18
sbs_sc_ovw,F,AV_MEUR,Value added - million euro,FI,2022,12271.9
sbs_sc_ovw,F,AV_MEUR,Value added - million euro,FI,2023,11812.16
sbs_sc_ovw,F,AV_MEUR,Value added - million euro,FI,2024,11754.29
sbs_sc_ovw,F,AV_MEUR,Value added - million euro,FR,2021,111233.92
sbs_sc_ovw,F,AV_MEUR,Value added - million euro,FR,2022,117458.25
sbs_sc_ovw,F,AV_MEUR,Value added - million euro,FR,2023,124181.66
sbs_sc_ovw,F,AV_MEUR,Value added - million euro,FR,2024,126396.96
sbs_sc_ovw,F,AV_MEUR,Value added - million euro,HU,2021,6886.72
sbs_sc_ovw,F,AV_MEUR,Value added - million euro,HU,2022,7117.19
sbs_sc_ovw,F,AV_MEUR,Value added - million euro,HU,2023,8174.64
sbs_sc_ovw,F,AV_MEUR,Value added - million euro,HU,2024,8260.14
sbs_sc_ovw,F,AV_MEUR,Value added - million euro,IE,2021,8852.73
sbs_sc_ovw,F,AV_MEUR,Value added - million euro,IE,2022,12295.94
sbs_sc_ovw,F,AV_MEUR,Value added - million euro,IE,2023,11961.9
sbs_sc_ovw,F,AV_MEUR,Value added - million euro,IE,2024,13728.12
sbs_sc_ovw,F,AV_MEUR,Value added - million euro,IT,2021,69791.99
sbs_sc_ovw,F,AV_MEUR,Value added - million euro,IT,2022,83722.02
sbs_sc_ovw,F,AV_MEUR,Value added - million euro,IT,2023,96807.93
sbs_sc_ovw,F,AV_MEUR,Value added - million euro,IT,2024,96370.62
sbs_sc_ovw,F,AV_MEUR,Value added - million euro,NL,2021,39362.75
sbs_sc_ovw,F,AV_MEUR,Value added - million euro,NL,2022,42699.98
sbs_sc_ovw,F,AV_MEUR,Value added - million euro,NL,2023,46531.02
sbs_sc_ovw,F,AV_MEUR,Value added - million euro,NL,2024,49101.33
sbs_sc_ovw,F,AV_MEUR,Value added - million euro,PL,2021,23801.62
sbs_sc_ovw,F,AV_MEUR,Value added - million euro,PL,2022,26369.1
sbs_sc_ovw,F,AV_MEUR,Value added - million euro,PL,2023,33276.1
sbs_sc_ovw,F,AV_MEUR,Value added - million euro,PL,2024,35878.43
sbs_sc_ovw,F,AV_MEUR,Value added - million euro,PT,2021,8614.96
sbs_sc_ovw,F,AV_MEUR,Value added - million euro,PT,2022,9648.85
sbs_sc_ovw,F,AV_MEUR,Value added - million euro,PT,2023,11321.92
sbs_sc_ovw,F,AV_MEUR,Value added - million euro,PT,2024,12786.42
sbs_sc_ovw,F,AV_MEUR,Value added - million euro,RO,2021,8857.86
sbs_sc_ovw,F,AV_MEUR,Value added - million euro,RO,2022,11401.18
sbs_sc_ovw,F,AV_MEUR,Value added - million euro,RO,2023,15066.02
sbs_sc_ovw,F,AV_MEUR,Value added - million euro,RO,2024,16150.6
sbs_sc_ovw,F,AV_MEUR,Value added - million euro,SE,2021,29284.09
sbs_sc_ovw,F,AV_MEUR,Value added - million euro,SE,2022,29784.13
sbs_sc_ovw,F,AV_MEUR,Value added - million euro,SE,2023,28472.26
sbs_sc_ovw,F,AV_MEUR,Value added - million euro,SE,2024,28028.78
sbs_sc_ovw,F,EMP_NR,Persons employed - number,AT,2021,352610.0
sbs_sc_ovw,F,EMP_NR,Persons employed - number,AT,2022,360785.0
sbs_sc_ovw,F,EMP_NR,Persons employed - number,AT,2023,359370.0
sbs_sc_ovw,F,EMP_NR,Persons employed - number,AT,2024,352478.0
sbs_sc_ovw,F,EMP_NR,Persons employed - number,BE,2021,328415.0
sbs_sc_ovw,F,EMP_NR,Persons employed - number,BE,2022,347992.0
sbs_sc_ovw,F,EMP_NR,Persons employed - number,BE,2023,361402.0
sbs_sc_ovw,F,EMP_NR,Persons employed - number,BE,2024,344356.0
sbs_sc_ovw,F,EMP_NR,Persons employed - number,CZ,2021,398984.0
sbs_sc_ovw,F,EMP_NR,Persons employed - number,CZ,2022,408595.0
sbs_sc_ovw,F,EMP_NR,Persons employed - number,CZ,2023,415010.0
sbs_sc_ovw,F,EMP_NR,Persons employed - number,CZ,2024,412733.0
sbs_sc_ovw,F,EMP_NR,Persons employed - number,DE,2021,2618160.0
sbs_sc_ovw,F,EMP_NR,Persons employed - number,DE,2022,2780210.0
sbs_sc_ovw,F,EMP_NR,Persons employed - number,DE,2023,2622799.0
sbs_sc_ovw,F,EMP_NR,Persons employed - number,DE,2024,2605758.0
sbs_sc_ovw,F,EMP_NR,Persons employed - number,DK,2021,195382.0
sbs_sc_ovw,F,EMP_NR,Persons employed - number,DK,2022,201133.0
sbs_sc_ovw,F,EMP_NR,Persons employed - number,DK,2023,199494.0
sbs_sc_ovw,F,EMP_NR,Persons employed - number,DK,2024,200560.0
sbs_sc_ovw,F,EMP_NR,Persons employed - number,EL,2021,167620.0
sbs_sc_ovw,F,EMP_NR,Persons employed - number,EL,2022,170727.0
sbs_sc_ovw,F,EMP_NR,Persons employed - number,EL,2023,186276.0
sbs_sc_ovw,F,EMP_NR,Persons employed - number,EL,2024,210050.0
sbs_sc_ovw,F,EMP_NR,Persons employed - number,ES,2021,1310030.0
sbs_sc_ovw,F,EMP_NR,Persons employed - number,ES,2022,1298704.0
sbs_sc_ovw,F,EMP_NR,Persons employed - number,ES,2023,1344462.0
sbs_sc_ovw,F,EMP_NR,Persons employed - number,ES,2024,1333477.0
sbs_sc_ovw,F,EMP_NR,Persons employed - number,EU27_2020,2021,13417908.0
sbs_sc_ovw,F,EMP_NR,Persons employed - number,EU27_2020,2022,13876020.0
sbs_sc_ovw,F,EMP_NR,Persons employed - number,EU27_2020,2023,13937330.0
sbs_sc_ovw,F,EMP_NR,Persons employed - number,FI,2021,179504.0
sbs_sc_ovw,F,EMP_NR,Persons employed - number,FI,2022,185583.0
sbs_sc_ovw,F,EMP_NR,Persons employed - number,FI,2023,180070.0
sbs_sc_ovw,F,EMP_NR,Persons employed - number,FI,2024,169006.0
sbs_sc_ovw,F,EMP_NR,Persons employed - number,FR,2021,1994586.0
sbs_sc_ovw,F,EMP_NR,Persons employed - number,FR,2022,2050666.0
sbs_sc_ovw,F,EMP_NR,Persons employed - number,FR,2023,2056713.0
sbs_sc_ovw,F,EMP_NR,Persons employed - number,FR,2024,2058414.0
sbs_sc_ovw,F,EMP_NR,Persons employed - number,HU,2021,319775.0
sbs_sc_ovw,F,EMP_NR,Persons employed - number,HU,2022,334269.0
sbs_sc_ovw,F,EMP_NR,Persons employed - number,HU,2023,330168.0
sbs_sc_ovw,F,EMP_NR,Persons employed - number,HU,2024,317437.0
sbs_sc_ovw,F,EMP_NR,Persons employed - number,IE,2021,170446.0
sbs_sc_ovw,F,EMP_NR,Persons employed - number,IE,2022,198109.0
sbs_sc_ovw,F,EMP_NR,Persons employed - number,IE,2023,206446.0
sbs_sc_ovw,F,EMP_NR,Persons employed - number,IE,2024,209729.0
sbs_sc_ovw,F,EMP_NR,Persons employed - number,IT,2021,1457006.0
sbs_sc_ovw,F,EMP_NR,Persons employed - number,IT,2022,1573005.0
sbs_sc_ovw,F,EMP_NR,Persons employed - number,IT,2023,1625219.0
sbs_sc_ovw,F,EMP_NR,Persons employed - number,IT,2024,1629077.0
sbs_sc_ovw,F,EMP_NR,Persons employed - number,NL,2021,525245.0
sbs_sc_ovw,F,EMP_NR,Persons employed - number,NL,2022,546607.0
sbs_sc_ovw,F,EMP_NR,Persons employed - number,NL,2023,561951.0
sbs_sc_ovw,F,EMP_NR,Persons employed - number,NL,2024,571066.0
sbs_sc_ovw,F,EMP_NR,Persons employed - number,PL,2021,1170955.0
sbs_sc_ovw,F,EMP_NR,Persons employed - number,PL,2022,1157775.0
sbs_sc_ovw,F,EMP_NR,Persons employed - number,PL,2023,1146998.0
sbs_sc_ovw,F,EMP_NR,Persons employed - number,PL,2024,1153294.0
sbs_sc_ovw,F,EMP_NR,Persons employed - number,PT,2021,379596.0
sbs_sc_ovw,F,EMP_NR,Persons employed - number,PT,2022,398684.0
sbs_sc_ovw,F,EMP_NR,Persons employed - number,PT,2023,430378.0
sbs_sc_ovw,F,EMP_NR,Persons employed - number,PT,2024,460413.0
sbs_sc_ovw,F,EMP_NR,Persons employed - number,RO,2021,494593.0
sbs_sc_ovw,F,EMP_NR,Persons employed - number,RO,2022,493422.0
sbs_sc_ovw,F,EMP_NR,Persons employed - number,RO,2023,516167.0
sbs_sc_ovw,F,EMP_NR,Persons employed - number,RO,2024,496282.0
sbs_sc_ovw,F,EMP_NR,Persons employed - number,SE,2021,455138.0
sbs_sc_ovw,F,EMP_NR,Persons employed - number,SE,2022,437545.0
sbs_sc_ovw,F,EMP_NR,Persons employed - number,SE,2023,433863.0
sbs_sc_ovw,F,EMP_NR,Persons employed - number,SE,2024,413421.0
sbs_sc_ovw,F,GOS_MEUR,Gross operating surplus - million euro,AT,2021,5854.23
sbs_sc_ovw,F,GOS_MEUR,Gross operating surplus - million euro,AT,2022,6305.5
sbs_sc_ovw,F,GOS_MEUR,Gross operating surplus - million euro,AT,2023,6620.29
sbs_sc_ovw,F,GOS_MEUR,Gross operating surplus - million euro,AT,2024,7434.43
sbs_sc_ovw,F,GOS_MEUR,Gross operating surplus - million euro,BE,2021,8816.2
sbs_sc_ovw,F,GOS_MEUR,Gross operating surplus - million euro,BE,2022,10735.01
sbs_sc_ovw,F,GOS_MEUR,Gross operating surplus - million euro,BE,2023,17940.09
sbs_sc_ovw,F,GOS_MEUR,Gross operating surplus - million euro,BE,2024,11721.45
sbs_sc_ovw,F,GOS_MEUR,Gross operating surplus - million euro,CZ,2021,4320.09
sbs_sc_ovw,F,GOS_MEUR,Gross operating surplus - million euro,CZ,2022,5166.95
sbs_sc_ovw,F,GOS_MEUR,Gross operating surplus - million euro,CZ,2023,6031.25
sbs_sc_ovw,F,GOS_MEUR,Gross operating surplus - million euro,CZ,2024,6143.59
sbs_sc_ovw,F,GOS_MEUR,Gross operating surplus - million euro,DE,2021,58409.19
sbs_sc_ovw,F,GOS_MEUR,Gross operating surplus - million euro,DE,2022,60177.06
sbs_sc_ovw,F,GOS_MEUR,Gross operating surplus - million euro,DE,2023,58006.78
sbs_sc_ovw,F,GOS_MEUR,Gross operating surplus - million euro,DE,2024,54430.6
sbs_sc_ovw,F,GOS_MEUR,Gross operating surplus - million euro,DK,2021,2685.21
sbs_sc_ovw,F,GOS_MEUR,Gross operating surplus - million euro,DK,2022,1767.8
sbs_sc_ovw,F,GOS_MEUR,Gross operating surplus - million euro,DK,2023,2252.25
sbs_sc_ovw,F,GOS_MEUR,Gross operating surplus - million euro,DK,2024,1919.22
sbs_sc_ovw,F,GOS_MEUR,Gross operating surplus - million euro,EL,2021,1279.05
sbs_sc_ovw,F,GOS_MEUR,Gross operating surplus - million euro,EL,2022,1831.16
sbs_sc_ovw,F,GOS_MEUR,Gross operating surplus - million euro,EL,2023,2681.24
sbs_sc_ovw,F,GOS_MEUR,Gross operating surplus - million euro,EL,2024,3674.08
sbs_sc_ovw,F,GOS_MEUR,Gross operating surplus - million euro,ES,2021,12811.6
sbs_sc_ovw,F,GOS_MEUR,Gross operating surplus - million euro,ES,2022,17977.05
sbs_sc_ovw,F,GOS_MEUR,Gross operating surplus - million euro,ES,2023,18497.84
sbs_sc_ovw,F,GOS_MEUR,Gross operating surplus - million euro,ES,2024,24152.86
sbs_sc_ovw,F,GOS_MEUR,Gross operating surplus - million euro,EU27_2020,2021,216079.72
sbs_sc_ovw,F,GOS_MEUR,Gross operating surplus - million euro,EU27_2020,2022,244050.62
sbs_sc_ovw,F,GOS_MEUR,Gross operating surplus - million euro,EU27_2020,2023,277191.91
sbs_sc_ovw,F,GOS_MEUR,Gross operating surplus - million euro,FI,2021,3034.77
sbs_sc_ovw,F,GOS_MEUR,Gross operating surplus - million euro,FI,2022,2938.81
sbs_sc_ovw,F,GOS_MEUR,Gross operating surplus - million euro,FI,2023,2449.58
sbs_sc_ovw,F,GOS_MEUR,Gross operating surplus - million euro,FI,2024,2709.18
sbs_sc_ovw,F,GOS_MEUR,Gross operating surplus - million euro,FR,2021,23422.8
sbs_sc_ovw,F,GOS_MEUR,Gross operating surplus - million euro,FR,2022,25177.67
sbs_sc_ovw,F,GOS_MEUR,Gross operating surplus - million euro,FR,2023,28296.29
sbs_sc_ovw,F,GOS_MEUR,Gross operating surplus - million euro,FR,2024,28659.64
sbs_sc_ovw,F,GOS_MEUR,Gross operating surplus - million euro,HU,2021,4083.59
sbs_sc_ovw,F,GOS_MEUR,Gross operating surplus - million euro,HU,2022,4157.69
sbs_sc_ovw,F,GOS_MEUR,Gross operating surplus - million euro,HU,2023,4617.23
sbs_sc_ovw,F,GOS_MEUR,Gross operating surplus - million euro,HU,2024,4509.32
sbs_sc_ovw,F,GOS_MEUR,Gross operating surplus - million euro,IE,2021,3302.9
sbs_sc_ovw,F,GOS_MEUR,Gross operating surplus - million euro,IE,2022,5304.89
sbs_sc_ovw,F,GOS_MEUR,Gross operating surplus - million euro,IE,2023,5272.43
sbs_sc_ovw,F,GOS_MEUR,Gross operating surplus - million euro,IE,2024,3740.5
sbs_sc_ovw,F,GOS_MEUR,Gross operating surplus - million euro,IT,2021,34276.74
sbs_sc_ovw,F,GOS_MEUR,Gross operating surplus - million euro,IT,2022,42353.33
sbs_sc_ovw,F,GOS_MEUR,Gross operating surplus - million euro,IT,2023,52187.03
sbs_sc_ovw,F,GOS_MEUR,Gross operating surplus - million euro,IT,2024,48476.61
sbs_sc_ovw,F,GOS_MEUR,Gross operating surplus - million euro,NL,2021,18487.08
sbs_sc_ovw,F,GOS_MEUR,Gross operating surplus - million euro,NL,2022,20441.16
sbs_sc_ovw,F,GOS_MEUR,Gross operating surplus - million euro,NL,2023,23226.76
sbs_sc_ovw,F,GOS_MEUR,Gross operating surplus - million euro,NL,2024,24253.65
sbs_sc_ovw,F,GOS_MEUR,Gross operating surplus - million euro,PL,2021,12709.12
sbs_sc_ovw,F,GOS_MEUR,Gross operating surplus - million euro,PL,2022,14376.88
sbs_sc_ovw,F,GOS_MEUR,Gross operating surplus - million euro,PL,2023,19388.31
sbs_sc_ovw,F,GOS_MEUR,Gross operating surplus - million euro,PL,2024,19730.33
sbs_sc_ovw,F,GOS_MEUR,Gross operating surplus - million euro,PT,2021,2634.99
sbs_sc_ovw,F,GOS_MEUR,Gross operating surplus - million euro,PT,2022,3048.54
sbs_sc_ovw,F,GOS_MEUR,Gross operating surplus - million euro,PT,2023,3784.27
sbs_sc_ovw,F,GOS_MEUR,Gross operating surplus - million euro,PT,2024,4318.25
sbs_sc_ovw,F,GOS_MEUR,Gross operating surplus - million euro,RO,2021,4486.47
sbs_sc_ovw,F,GOS_MEUR,Gross operating surplus - million euro,RO,2022,6024.75
sbs_sc_ovw,F,GOS_MEUR,Gross operating surplus - million euro,RO,2023,8392.26
sbs_sc_ovw,F,GOS_MEUR,Gross operating surplus - million euro,RO,2024,8621.4
sbs_sc_ovw,F,GOS_MEUR,Gross operating surplus - million euro,SE,2021,7509.64
sbs_sc_ovw,F,GOS_MEUR,Gross operating surplus - million euro,SE,2022,7238.07
sbs_sc_ovw,F,GOS_MEUR,Gross operating surplus - million euro,SE,2023,6320.59
sbs_sc_ovw,F,GOS_MEUR,Gross operating surplus - million euro,SE,2024,5764.78
sbs_sc_ovw,F,NETTUR_MEUR,Net turnover - million euro,AT,2021,63033.16
sbs_sc_ovw,F,NETTUR_MEUR,Net turnover - million euro,AT,2022,70071.0
sbs_sc_ovw,F,NETTUR_MEUR,Net turnover - million euro,AT,2023,72312.47
sbs_sc_ovw,F,NETTUR_MEUR,Net turnover - million euro,AT,2024,72231.82
sbs_sc_ovw,F,NETTUR_MEUR,Net turnover - million euro,BE,2021,81237.27
sbs_sc_ovw,F,NETTUR_MEUR,Net turnover - million euro,BE,2022,95236.46
sbs_sc_ovw,F,NETTUR_MEUR,Net turnover - million euro,BE,2023,111239.18
sbs_sc_ovw,F,NETTUR_MEUR,Net turnover - million euro,BE,2024,105906.93
sbs_sc_ovw,F,NETTUR_MEUR,Net turnover - million euro,CZ,2021,39145.83
sbs_sc_ovw,F,NETTUR_MEUR,Net turnover - million euro,CZ,2022,48035.84
sbs_sc_ovw,F,NETTUR_MEUR,Net turnover - million euro,CZ,2023,51944.93
sbs_sc_ovw,F,NETTUR_MEUR,Net turnover - million euro,CZ,2024,51727.64
sbs_sc_ovw,F,NETTUR_MEUR,Net turnover - million euro,DE,2021,367828.23
sbs_sc_ovw,F,NETTUR_MEUR,Net turnover - million euro,DE,2022,402858.23
sbs_sc_ovw,F,NETTUR_MEUR,Net turnover - million euro,DE,2023,415425.41
sbs_sc_ovw,F,NETTUR_MEUR,Net turnover - million euro,DE,2024,413779.25
sbs_sc_ovw,F,NETTUR_MEUR,Net turnover - million euro,DK,2021,44498.36
sbs_sc_ovw,F,NETTUR_MEUR,Net turnover - million euro,DK,2022,50550.93
sbs_sc_ovw,F,NETTUR_MEUR,Net turnover - million euro,DK,2023,49042.1
sbs_sc_ovw,F,NETTUR_MEUR,Net turnover - million euro,DK,2024,49357.48
sbs_sc_ovw,F,NETTUR_MEUR,Net turnover - million euro,EL,2021,11407.66
sbs_sc_ovw,F,NETTUR_MEUR,Net turnover - million euro,EL,2022,14738.05
sbs_sc_ovw,F,NETTUR_MEUR,Net turnover - million euro,EL,2023,18543.94
sbs_sc_ovw,F,NETTUR_MEUR,Net turnover - million euro,EL,2024,22654.73
sbs_sc_ovw,F,NETTUR_MEUR,Net turnover - million euro,ES,2021,152645.05
sbs_sc_ovw,F,NETTUR_MEUR,Net turnover - million euro,ES,2022,173804.34
sbs_sc_ovw,F,NETTUR_MEUR,Net turnover - million euro,ES,2023,188626.84
sbs_sc_ovw,F,NETTUR_MEUR,Net turnover - million euro,ES,2024,205203.81
sbs_sc_ovw,F,NETTUR_MEUR,Net turnover - million euro,EU27_2020,2021,1901341.73
sbs_sc_ovw,F,NETTUR_MEUR,Net turnover - million euro,EU27_2020,2022,2151793.54
sbs_sc_ovw,F,NETTUR_MEUR,Net turnover - million euro,EU27_2020,2023,2299741.82
sbs_sc_ovw,F,NETTUR_MEUR,Net turnover - million euro,FI,2021,43197.36
sbs_sc_ovw,F,NETTUR_MEUR,Net turnover - million euro,FI,2022,45871.64
sbs_sc_ovw,F,NETTUR_MEUR,Net turnover - million euro,FI,2023,45300.53
sbs_sc_ovw,F,NETTUR_MEUR,Net turnover - million euro,FI,2024,41043.04
sbs_sc_ovw,F,NETTUR_MEUR,Net turnover - million euro,FR,2021,359858.71
sbs_sc_ovw,F,NETTUR_MEUR,Net turnover - million euro,FR,2022,387923.15
sbs_sc_ovw,F,NETTUR_MEUR,Net turnover - million euro,FR,2023,405152.81
sbs_sc_ovw,F,NETTUR_MEUR,Net turnover - million euro,FR,2024,403254.45
sbs_sc_ovw,F,NETTUR_MEUR,Net turnover - million euro,HU,2021,27697.33
sbs_sc_ovw,F,NETTUR_MEUR,Net turnover - million euro,HU,2022,30224.79
sbs_sc_ovw,F,NETTUR_MEUR,Net turnover - million euro,HU,2023,32542.07
sbs_sc_ovw,F,NETTUR_MEUR,Net turnover - million euro,HU,2024,32433.39
sbs_sc_ovw,F,NETTUR_MEUR,Net turnover - million euro,IE,2021,36221.2
sbs_sc_ovw,F,NETTUR_MEUR,Net turnover - million euro,IE,2022,45907.68
sbs_sc_ovw,F,NETTUR_MEUR,Net turnover - million euro,IE,2023,47275.67
sbs_sc_ovw,F,NETTUR_MEUR,Net turnover - million euro,IE,2024,47514.57
sbs_sc_ovw,F,NETTUR_MEUR,Net turnover - million euro,IT,2021,213951.1
sbs_sc_ovw,F,NETTUR_MEUR,Net turnover - million euro,IT,2022,266583.5
sbs_sc_ovw,F,NETTUR_MEUR,Net turnover - million euro,IT,2023,305280.13
sbs_sc_ovw,F,NETTUR_MEUR,Net turnover - million euro,IT,2024,282939.22
sbs_sc_ovw,F,NETTUR_MEUR,Net turnover - million euro,NL,2021,129032.61
sbs_sc_ovw,F,NETTUR_MEUR,Net turnover - million euro,NL,2022,145201.09
sbs_sc_ovw,F,NETTUR_MEUR,Net turnover - million euro,NL,2023,152224.61
sbs_sc_ovw,F,NETTUR_MEUR,Net turnover - million euro,NL,2024,158203.19
sbs_sc_ovw,F,NETTUR_MEUR,Net turnover - million euro,PL,2021,103805.73
sbs_sc_ovw,F,NETTUR_MEUR,Net turnover - million euro,PL,2022,117049.35
sbs_sc_ovw,F,NETTUR_MEUR,Net turnover - million euro,PL,2023,129382.7
sbs_sc_ovw,F,NETTUR_MEUR,Net turnover - million euro,PL,2024,140105.58
sbs_sc_ovw,F,NETTUR_MEUR,Net turnover - million euro,PT,2021,27655.4
sbs_sc_ovw,F,NETTUR_MEUR,Net turnover - million euro,PT,2022,31971.13
sbs_sc_ovw,F,NETTUR_MEUR,Net turnover - million euro,PT,2023,35504.64
sbs_sc_ovw,F,NETTUR_MEUR,Net turnover - million euro,PT,2024,39138.9
sbs_sc_ovw,F,NETTUR_MEUR,Net turnover - million euro,RO,2021,29200.68
sbs_sc_ovw,F,NETTUR_MEUR,Net turnover - million euro,RO,2022,36247.96
sbs_sc_ovw,F,NETTUR_MEUR,Net turnover - million euro,RO,2023,44520.69
sbs_sc_ovw,F,NETTUR_MEUR,Net turnover - million euro,RO,2024,48149.6
sbs_sc_ovw,F,NETTUR_MEUR,Net turnover - million euro,SE,2021,94338.46
sbs_sc_ovw,F,NETTUR_MEUR,Net turnover - million euro,SE,2022,100612.33
sbs_sc_ovw,F,NETTUR_MEUR,Net turnover - million euro,SE,2023,95370.97
sbs_sc_ovw,F,NETTUR_MEUR,Net turnover - million euro,SE,2024,93861.88
sbs_sc_ovw,F,WAGE_MEUR,Wages and salaries - million euro,AT,2021,13293.69
sbs_sc_ovw,F,WAGE_MEUR,Wages and salaries - million euro,AT,2022,14207.37
sbs_sc_ovw,F,WAGE_MEUR,Wages and salaries - million euro,AT,2023,15201.34
sbs_sc_ovw,F,WAGE_MEUR,Wages and salaries - million euro,AT,2024,15884.1
sbs_sc_ovw,F,WAGE_MEUR,Wages and salaries - million euro,BE,2021,7760.19
sbs_sc_ovw,F,WAGE_MEUR,Wages and salaries - million euro,BE,2022,8417.89
sbs_sc_ovw,F,WAGE_MEUR,Wages and salaries - million euro,BE,2023,9437.93
sbs_sc_ovw,F,WAGE_MEUR,Wages and salaries - million euro,BE,2024,9563.26
sbs_sc_ovw,F,WAGE_MEUR,Wages and salaries - million euro,CZ,2021,3448.85
sbs_sc_ovw,F,WAGE_MEUR,Wages and salaries - million euro,CZ,2022,3906.1
sbs_sc_ovw,F,WAGE_MEUR,Wages and salaries - million euro,CZ,2023,4313.69
sbs_sc_ovw,F,WAGE_MEUR,Wages and salaries - million euro,CZ,2024,4376.72
sbs_sc_ovw,F,WAGE_MEUR,Wages and salaries - million euro,DE,2021,77328.63
sbs_sc_ovw,F,WAGE_MEUR,Wages and salaries - million euro,DE,2022,85697.23
sbs_sc_ovw,F,WAGE_MEUR,Wages and salaries - million euro,DE,2023,86016.81
sbs_sc_ovw,F,WAGE_MEUR,Wages and salaries - million euro,DE,2024,88375.7
sbs_sc_ovw,F,WAGE_MEUR,Wages and salaries - million euro,DK,2021,10212.48
sbs_sc_ovw,F,WAGE_MEUR,Wages and salaries - million euro,DK,2022,10993.68
sbs_sc_ovw,F,WAGE_MEUR,Wages and salaries - million euro,DK,2023,10931.53
sbs_sc_ovw,F,WAGE_MEUR,Wages and salaries - million euro,DK,2024,11621.11
sbs_sc_ovw,F,WAGE_MEUR,Wages and salaries - million euro,EL,2021,1073.09
sbs_sc_ovw,F,WAGE_MEUR,Wages and salaries - million euro,EL,2022,1253.53
sbs_sc_ovw,F,WAGE_MEUR,Wages and salaries - million euro,EL,2023,1466.55
sbs_sc_ovw,F,WAGE_MEUR,Wages and salaries - million euro,EL,2024,1830.71
sbs_sc_ovw,F,WAGE_MEUR,Wages and salaries - million euro,ES,2021,27410.54
sbs_sc_ovw,F,WAGE_MEUR,Wages and salaries - million euro,ES,2022,26144.26
sbs_sc_ovw,F,WAGE_MEUR,Wages and salaries - million euro,ES,2023,29130.49
sbs_sc_ovw,F,WAGE_MEUR,Wages and salaries - million euro,ES,2024,32278.44
sbs_sc_ovw,F,WAGE_MEUR,Wages and salaries - million euro,EU27_2020,2021,301984.06
sbs_sc_ovw,F,WAGE_MEUR,Wages and salaries - million euro,EU27_2020,2022,325899.8
sbs_sc_ovw,F,WAGE_MEUR,Wages and salaries - million euro,EU27_2020,2023,342896.98
sbs_sc_ovw,F,WAGE_MEUR,Wages and salaries - million euro,FI,2021,7347.64
sbs_sc_ovw,F,WAGE_MEUR,Wages and salaries - million euro,FI,2022,7595.84
sbs_sc_ovw,F,WAGE_MEUR,Wages and salaries - million euro,FI,2023,7606.98
sbs_sc_ovw,F,WAGE_MEUR,Wages and salaries - million euro,FI,2024,7390.66
sbs_sc_ovw,F,WAGE_MEUR,Wages and salaries - million euro,FR,2021,60723.66
sbs_sc_ovw,F,WAGE_MEUR,Wages and salaries - million euro,FR,2022,64099.7
sbs_sc_ovw,F,WAGE_MEUR,Wages and salaries - million euro,FR,2023,66932.93
sbs_sc_ovw,F,WAGE_MEUR,Wages and salaries - million euro,FR,2024,68191.66
sbs_sc_ovw,F,WAGE_MEUR,Wages and salaries - million euro,HU,2021,2467.21
sbs_sc_ovw,F,WAGE_MEUR,Wages and salaries - million euro,HU,2022,2671.96
sbs_sc_ovw,F,WAGE_MEUR,Wages and salaries - million euro,HU,2023,3210.15
sbs_sc_ovw,F,WAGE_MEUR,Wages and salaries - million euro,HU,2024,3396.06
sbs_sc_ovw,F,WAGE_MEUR,Wages and salaries - million euro,IE,2021,5049.01
sbs_sc_ovw,F,WAGE_MEUR,Wages and salaries - million euro,IE,2022,6209.2
sbs_sc_ovw,F,WAGE_MEUR,Wages and salaries - million euro,IE,2023,6098.04
sbs_sc_ovw,F,WAGE_MEUR,Wages and salaries - million euro,IE,2024,6824.28
sbs_sc_ovw,F,WAGE_MEUR,Wages and salaries - million euro,IT,2021,24728.08
sbs_sc_ovw,F,WAGE_MEUR,Wages and salaries - million euro,IT,2022,28566.0
sbs_sc_ovw,F,WAGE_MEUR,Wages and salaries - million euro,IT,2023,30975.37
sbs_sc_ovw,F,WAGE_MEUR,Wages and salaries - million euro,IT,2024,33302.72
sbs_sc_ovw,F,WAGE_MEUR,Wages and salaries - million euro,NL,2021,16555.8
sbs_sc_ovw,F,WAGE_MEUR,Wages and salaries - million euro,NL,2022,17661.76
sbs_sc_ovw,F,WAGE_MEUR,Wages and salaries - million euro,NL,2023,18498.69
sbs_sc_ovw,F,WAGE_MEUR,Wages and salaries - million euro,NL,2024,19679.39
sbs_sc_ovw,F,WAGE_MEUR,Wages and salaries - million euro,PL,2021,9272.99
sbs_sc_ovw,F,WAGE_MEUR,Wages and salaries - million euro,PL,2022,10007.12
sbs_sc_ovw,F,WAGE_MEUR,Wages and salaries - million euro,PL,2023,11594.59
sbs_sc_ovw,F,WAGE_MEUR,Wages and salaries - million euro,PL,2024,13465.3
sbs_sc_ovw,F,WAGE_MEUR,Wages and salaries - million euro,PT,2021,4737.01
sbs_sc_ovw,F,WAGE_MEUR,Wages and salaries - million euro,PT,2022,5246.07
sbs_sc_ovw,F,WAGE_MEUR,Wages and salaries - million euro,PT,2023,5990.42
sbs_sc_ovw,F,WAGE_MEUR,Wages and salaries - million euro,PT,2024,6736.41
sbs_sc_ovw,F,WAGE_MEUR,Wages and salaries - million euro,RO,2021,4232.19
sbs_sc_ovw,F,WAGE_MEUR,Wages and salaries - million euro,RO,2022,5224.55
sbs_sc_ovw,F,WAGE_MEUR,Wages and salaries - million euro,RO,2023,6466.31
sbs_sc_ovw,F,WAGE_MEUR,Wages and salaries - million euro,RO,2024,7296.58
sbs_sc_ovw,F,WAGE_MEUR,Wages and salaries - million euro,SE,2021,15241.88
sbs_sc_ovw,F,WAGE_MEUR,Wages and salaries - million euro,SE,2022,15671.2
sbs_sc_ovw,F,WAGE_MEUR,Wages and salaries - million euro,SE,2023,15082.06
sbs_sc_ovw,F,WAGE_MEUR,Wages and salaries - million euro,SE,2024,15005.22
sbs_sc_ovw,M,AV_MEUR,Value added - million euro,AT,2021,15866.76
sbs_sc_ovw,M,AV_MEUR,Value added - million euro,AT,2022,17178.85
sbs_sc_ovw,M,AV_MEUR,Value added - million euro,AT,2023,18889.03
sbs_sc_ovw,M,AV_MEUR,Value added - million euro,AT,2024,20092.29
sbs_sc_ovw,M,AV_MEUR,Value added - million euro,BE,2021,30646.91
sbs_sc_ovw,M,AV_MEUR,Value added - million euro,BE,2022,32433.84
sbs_sc_ovw,M,AV_MEUR,Value added - million euro,BE,2023,33722.28
sbs_sc_ovw,M,AV_MEUR,Value added - million euro,BE,2024,37484.9
sbs_sc_ovw,M,AV_MEUR,Value added - million euro,CZ,2021,8530.8
sbs_sc_ovw,M,AV_MEUR,Value added - million euro,CZ,2022,9518.97
sbs_sc_ovw,M,AV_MEUR,Value added - million euro,CZ,2023,10564.7
sbs_sc_ovw,M,AV_MEUR,Value added - million euro,CZ,2024,11022.71
sbs_sc_ovw,M,AV_MEUR,Value added - million euro,DE,2021,200282.93
sbs_sc_ovw,M,AV_MEUR,Value added - million euro,DE,2022,196305.33
sbs_sc_ovw,M,AV_MEUR,Value added - million euro,DE,2023,204621.46
sbs_sc_ovw,M,AV_MEUR,Value added - million euro,DE,2024,211248.7
sbs_sc_ovw,M,AV_MEUR,Value added - million euro,DK,2021,16545.09
sbs_sc_ovw,M,AV_MEUR,Value added - million euro,DK,2022,17221.62
sbs_sc_ovw,M,AV_MEUR,Value added - million euro,DK,2023,18475.26
sbs_sc_ovw,M,AV_MEUR,Value added - million euro,DK,2024,20642.85
sbs_sc_ovw,M,AV_MEUR,Value added - million euro,EL,2021,5152.58
sbs_sc_ovw,M,AV_MEUR,Value added - million euro,EL,2022,6402.77
sbs_sc_ovw,M,AV_MEUR,Value added - million euro,EL,2023,7674.79
sbs_sc_ovw,M,AV_MEUR,Value added - million euro,EL,2024,8778.92
sbs_sc_ovw,M,AV_MEUR,Value added - million euro,ES,2021,50366.21
sbs_sc_ovw,M,AV_MEUR,Value added - million euro,ES,2022,56318.57
sbs_sc_ovw,M,AV_MEUR,Value added - million euro,ES,2023,61015.99
sbs_sc_ovw,M,AV_MEUR,Value added - million euro,ES,2024,68265.16
sbs_sc_ovw,M,AV_MEUR,Value added - million euro,EU27_2020,2021,679316.76
sbs_sc_ovw,M,AV_MEUR,Value added - million euro,EU27_2020,2022,723969.8
sbs_sc_ovw,M,AV_MEUR,Value added - million euro,EU27_2020,2023,779285.16
sbs_sc_ovw,M,AV_MEUR,Value added - million euro,FI,2021,9225.99
sbs_sc_ovw,M,AV_MEUR,Value added - million euro,FI,2022,9492.05
sbs_sc_ovw,M,AV_MEUR,Value added - million euro,FI,2023,9755.82
sbs_sc_ovw,M,AV_MEUR,Value added - million euro,FI,2024,9849.81
sbs_sc_ovw,M,AV_MEUR,Value added - million euro,FR,2021,104315.76
sbs_sc_ovw,M,AV_MEUR,Value added - million euro,FR,2022,112298.96
sbs_sc_ovw,M,AV_MEUR,Value added - million euro,FR,2023,119356.11
sbs_sc_ovw,M,AV_MEUR,Value added - million euro,FR,2024,125972.99
sbs_sc_ovw,M,AV_MEUR,Value added - million euro,HU,2021,6593.02
sbs_sc_ovw,M,AV_MEUR,Value added - million euro,HU,2022,7270.74
sbs_sc_ovw,M,AV_MEUR,Value added - million euro,HU,2023,8542.06
sbs_sc_ovw,M,AV_MEUR,Value added - million euro,HU,2024,8936.56
sbs_sc_ovw,M,AV_MEUR,Value added - million euro,IE,2021,21334.67
sbs_sc_ovw,M,AV_MEUR,Value added - million euro,IE,2022,26963.39
sbs_sc_ovw,M,AV_MEUR,Value added - million euro,IE,2023,30712.76
sbs_sc_ovw,M,AV_MEUR,Value added - million euro,IE,2024,32462.44
sbs_sc_ovw,M,AV_MEUR,Value added - million euro,IT,2021,69912.7
sbs_sc_ovw,M,AV_MEUR,Value added - million euro,IT,2022,77991.3
sbs_sc_ovw,M,AV_MEUR,Value added - million euro,IT,2023,85974.17
sbs_sc_ovw,M,AV_MEUR,Value added - million euro,IT,2024,91372.95
sbs_sc_ovw,M,AV_MEUR,Value added - million euro,NL,2021,60383.85
sbs_sc_ovw,M,AV_MEUR,Value added - million euro,NL,2022,65086.45
sbs_sc_ovw,M,AV_MEUR,Value added - million euro,NL,2023,70624.32
sbs_sc_ovw,M,AV_MEUR,Value added - million euro,NL,2024,76334.53
sbs_sc_ovw,M,AV_MEUR,Value added - million euro,PL,2021,17615.71
sbs_sc_ovw,M,AV_MEUR,Value added - million euro,PL,2022,20105.29
sbs_sc_ovw,M,AV_MEUR,Value added - million euro,PL,2023,22967.59
sbs_sc_ovw,M,AV_MEUR,Value added - million euro,PL,2024,26781.36
sbs_sc_ovw,M,AV_MEUR,Value added - million euro,PT,2021,7962.23
sbs_sc_ovw,M,AV_MEUR,Value added - million euro,PT,2022,9546.43
sbs_sc_ovw,M,AV_MEUR,Value added - million euro,PT,2023,10726.2
sbs_sc_ovw,M,AV_MEUR,Value added - million euro,PT,2024,11968.71
sbs_sc_ovw,M,AV_MEUR,Value added - million euro,RO,2021,5396.18
sbs_sc_ovw,M,AV_MEUR,Value added - million euro,RO,2022,6758.68
sbs_sc_ovw,M,AV_MEUR,Value added - million euro,RO,2023,7821.97
sbs_sc_ovw,M,AV_MEUR,Value added - million euro,RO,2024,8194.55
sbs_sc_ovw,M,AV_MEUR,Value added - million euro,SE,2021,26745.03
sbs_sc_ovw,M,AV_MEUR,Value added - million euro,SE,2022,27570.03
sbs_sc_ovw,M,AV_MEUR,Value added - million euro,SE,2023,28267.79
sbs_sc_ovw,M,AV_MEUR,Value added - million euro,SE,2024,29602.94
sbs_sc_ovw,M,EMP_NR,Persons employed - number,AT,2021,273460.0
sbs_sc_ovw,M,EMP_NR,Persons employed - number,AT,2022,282911.0
sbs_sc_ovw,M,EMP_NR,Persons employed - number,AT,2023,291806.0
sbs_sc_ovw,M,EMP_NR,Persons employed - number,AT,2024,294974.0
sbs_sc_ovw,M,EMP_NR,Persons employed - number,BE,2021,359721.0
sbs_sc_ovw,M,EMP_NR,Persons employed - number,BE,2022,381681.0
sbs_sc_ovw,M,EMP_NR,Persons employed - number,BE,2023,369534.0
sbs_sc_ovw,M,EMP_NR,Persons employed - number,BE,2024,393271.0
sbs_sc_ovw,M,EMP_NR,Persons employed - number,CZ,2021,302717.0
sbs_sc_ovw,M,EMP_NR,Persons employed - number,CZ,2022,310711.0
sbs_sc_ovw,M,EMP_NR,Persons employed - number,CZ,2023,317581.0
sbs_sc_ovw,M,EMP_NR,Persons employed - number,CZ,2024,316287.0
sbs_sc_ovw,M,EMP_NR,Persons employed - number,DE,2021,2644529.0
sbs_sc_ovw,M,EMP_NR,Persons employed - number,DE,2022,2604868.0
sbs_sc_ovw,M,EMP_NR,Persons employed - number,DE,2023,2645642.0
sbs_sc_ovw,M,EMP_NR,Persons employed - number,DE,2024,2724207.0
sbs_sc_ovw,M,EMP_NR,Persons employed - number,DK,2021,178961.0
sbs_sc_ovw,M,EMP_NR,Persons employed - number,DK,2022,191706.0
sbs_sc_ovw,M,EMP_NR,Persons employed - number,DK,2023,199616.0
sbs_sc_ovw,M,EMP_NR,Persons employed - number,DK,2024,204757.0
sbs_sc_ovw,M,EMP_NR,Persons employed - number,EL,2021,264850.0
sbs_sc_ovw,M,EMP_NR,Persons employed - number,EL,2022,276231.0
sbs_sc_ovw,M,EMP_NR,Persons employed - number,EL,2023,291634.0
sbs_sc_ovw,M,EMP_NR,Persons employed - number,EL,2024,308937.0
sbs_sc_ovw,M,EMP_NR,Persons employed - number,ES,2021,1081928.0
sbs_sc_ovw,M,EMP_NR,Persons employed - number,ES,2022,1124732.0
sbs_sc_ovw,M,EMP_NR,Persons employed - number,ES,2023,1150641.0
sbs_sc_ovw,M,EMP_NR,Persons employed - number,ES,2024,1169535.0
sbs_sc_ovw,M,EMP_NR,Persons employed - number,EU27_2020,2021,11637951.0
sbs_sc_ovw,M,EMP_NR,Persons employed - number,EU27_2020,2022,12107415.0
sbs_sc_ovw,M,EMP_NR,Persons employed - number,EU27_2020,2023,12395694.0
sbs_sc_ovw,M,EMP_NR,Persons employed - number,FI,2021,133592.0
sbs_sc_ovw,M,EMP_NR,Persons employed - number,FI,2022,142630.0
sbs_sc_ovw,M,EMP_NR,Persons employed - number,FI,2023,143764.0
sbs_sc_ovw,M,EMP_NR,Persons employed - number,FI,2024,139370.0
sbs_sc_ovw,M,EMP_NR,Persons employed - number,FR,2021,1379707.0
sbs_sc_ovw,M,EMP_NR,Persons employed - number,FR,2022,1498275.0
sbs_sc_ovw,M,EMP_NR,Persons employed - number,FR,2023,1550692.0
sbs_sc_ovw,M,EMP_NR,Persons employed - number,FR,2024,1588126.0
sbs_sc_ovw,M,EMP_NR,Persons employed - number,HU,2021,311517.0
sbs_sc_ovw,M,EMP_NR,Persons employed - number,HU,2022,323341.0
sbs_sc_ovw,M,EMP_NR,Persons employed - number,HU,2023,308371.0
sbs_sc_ovw,M,EMP_NR,Persons employed - number,HU,2024,310078.0
sbs_sc_ovw,M,EMP_NR,Persons employed - number,IE,2021,182657.0
sbs_sc_ovw,M,EMP_NR,Persons employed - number,IE,2022,209359.0
sbs_sc_ovw,M,EMP_NR,Persons employed - number,IE,2023,219316.0
sbs_sc_ovw,M,EMP_NR,Persons employed - number,IE,2024,227829.0
sbs_sc_ovw,M,EMP_NR,Persons employed - number,IT,2021,1384621.0
sbs_sc_ovw,M,EMP_NR,Persons employed - number,IT,2022,1465947.0
sbs_sc_ovw,M,EMP_NR,Persons employed - number,IT,2023,1513099.0
sbs_sc_ovw,M,EMP_NR,Persons employed - number,IT,2024,1539663.0
sbs_sc_ovw,M,EMP_NR,Persons employed - number,NL,2021,759490.0
sbs_sc_ovw,M,EMP_NR,Persons employed - number,NL,2022,789609.0
sbs_sc_ovw,M,EMP_NR,Persons employed - number,NL,2023,815349.0
sbs_sc_ovw,M,EMP_NR,Persons employed - number,NL,2024,842398.0
sbs_sc_ovw,M,EMP_NR,Persons employed - number,PL,2021,767937.0
sbs_sc_ovw,M,EMP_NR,Persons employed - number,PL,2022,791483.0
sbs_sc_ovw,M,EMP_NR,Persons employed - number,PL,2023,798036.0
sbs_sc_ovw,M,EMP_NR,Persons employed - number,PL,2024,811357.0
sbs_sc_ovw,M,EMP_NR,Persons employed - number,PT,2021,298268.0
sbs_sc_ovw,M,EMP_NR,Persons employed - number,PT,2022,321951.0
sbs_sc_ovw,M,EMP_NR,Persons employed - number,PT,2023,340714.0
sbs_sc_ovw,M,EMP_NR,Persons employed - number,PT,2024,358250.0
sbs_sc_ovw,M,EMP_NR,Persons employed - number,RO,2021,259404.0
sbs_sc_ovw,M,EMP_NR,Persons employed - number,RO,2022,266184.0
sbs_sc_ovw,M,EMP_NR,Persons employed - number,RO,2023,281651.0
sbs_sc_ovw,M,EMP_NR,Persons employed - number,RO,2024,279661.0
sbs_sc_ovw,M,EMP_NR,Persons employed - number,SE,2021,359489.0
sbs_sc_ovw,M,EMP_NR,Persons employed - number,SE,2022,395994.0
sbs_sc_ovw,M,EMP_NR,Persons employed - number,SE,2023,401803.0
sbs_sc_ovw,M,EMP_NR,Persons employed - number,SE,2024,399773.0
sbs_sc_ovw,M,GOS_MEUR,Gross operating surplus - million euro,AT,2021,6730.22
sbs_sc_ovw,M,GOS_MEUR,Gross operating surplus - million euro,AT,2022,6994.69
sbs_sc_ovw,M,GOS_MEUR,Gross operating surplus - million euro,AT,2023,7758.2
sbs_sc_ovw,M,GOS_MEUR,Gross operating surplus - million euro,AT,2024,8329.54
sbs_sc_ovw,M,GOS_MEUR,Gross operating surplus - million euro,BE,2021,18496.48
sbs_sc_ovw,M,GOS_MEUR,Gross operating surplus - million euro,BE,2022,18892.64
sbs_sc_ovw,M,GOS_MEUR,Gross operating surplus - million euro,BE,2023,19408.54
sbs_sc_ovw,M,GOS_MEUR,Gross operating surplus - million euro,BE,2024,22638.95
sbs_sc_ovw,M,GOS_MEUR,Gross operating surplus - million euro,CZ,2021,3824.87
sbs_sc_ovw,M,GOS_MEUR,Gross operating surplus - million euro,CZ,2022,3936.29
sbs_sc_ovw,M,GOS_MEUR,Gross operating surplus - million euro,CZ,2023,4425.62
sbs_sc_ovw,M,GOS_MEUR,Gross operating surplus - million euro,CZ,2024,4699.36
sbs_sc_ovw,M,GOS_MEUR,Gross operating surplus - million euro,DE,2021,81185.96
sbs_sc_ovw,M,GOS_MEUR,Gross operating surplus - million euro,DE,2022,74495.74
sbs_sc_ovw,M,GOS_MEUR,Gross operating surplus - million euro,DE,2023,71640.23
sbs_sc_ovw,M,GOS_MEUR,Gross operating surplus - million euro,DE,2024,66220.25
sbs_sc_ovw,M,GOS_MEUR,Gross operating surplus - million euro,DK,2021,2954.57
sbs_sc_ovw,M,GOS_MEUR,Gross operating surplus - million euro,DK,2022,2364.64
sbs_sc_ovw,M,GOS_MEUR,Gross operating surplus - million euro,DK,2023,1806.65
sbs_sc_ovw,M,GOS_MEUR,Gross operating surplus - million euro,DK,2024,3242.92
sbs_sc_ovw,M,GOS_MEUR,Gross operating surplus - million euro,EL,2021,2853.01
sbs_sc_ovw,M,GOS_MEUR,Gross operating surplus - million euro,EL,2022,3485.56
sbs_sc_ovw,M,GOS_MEUR,Gross operating surplus - million euro,EL,2023,4237.94
sbs_sc_ovw,M,GOS_MEUR,Gross operating surplus - million euro,EL,2024,4856.29
sbs_sc_ovw,M,GOS_MEUR,Gross operating surplus - million euro,ES,2021,17311.25
sbs_sc_ovw,M,GOS_MEUR,Gross operating surplus - million euro,ES,2022,20164.19
sbs_sc_ovw,M,GOS_MEUR,Gross operating surplus - million euro,ES,2023,20429.82
sbs_sc_ovw,M,GOS_MEUR,Gross operating surplus - million euro,ES,2024,23490.94
sbs_sc_ovw,M,GOS_MEUR,Gross operating surplus - million euro,EU27_2020,2021,270524.11
sbs_sc_ovw,M,GOS_MEUR,Gross operating surplus - million euro,EU27_2020,2022,281119.47
sbs_sc_ovw,M,GOS_MEUR,Gross operating surplus - million euro,EU27_2020,2023,298817.13
sbs_sc_ovw,M,GOS_MEUR,Gross operating surplus - million euro,FI,2021,2110.1
sbs_sc_ovw,M,GOS_MEUR,Gross operating surplus - million euro,FI,2022,1832.34
sbs_sc_ovw,M,GOS_MEUR,Gross operating surplus - million euro,FI,2023,1718.69
sbs_sc_ovw,M,GOS_MEUR,Gross operating surplus - million euro,FI,2024,1821.83
sbs_sc_ovw,M,GOS_MEUR,Gross operating surplus - million euro,FR,2021,25080.87
sbs_sc_ovw,M,GOS_MEUR,Gross operating surplus - million euro,FR,2022,25977.28
sbs_sc_ovw,M,GOS_MEUR,Gross operating surplus - million euro,FR,2023,28483.93
sbs_sc_ovw,M,GOS_MEUR,Gross operating surplus - million euro,FR,2024,30252.23
sbs_sc_ovw,M,GOS_MEUR,Gross operating surplus - million euro,HU,2021,3058.22
sbs_sc_ovw,M,GOS_MEUR,Gross operating surplus - million euro,HU,2022,3298.82
sbs_sc_ovw,M,GOS_MEUR,Gross operating surplus - million euro,HU,2023,3875.0
sbs_sc_ovw,M,GOS_MEUR,Gross operating surplus - million euro,HU,2024,3812.95
sbs_sc_ovw,M,GOS_MEUR,Gross operating surplus - million euro,IE,2021,11663.62
sbs_sc_ovw,M,GOS_MEUR,Gross operating surplus - million euro,IE,2022,15089.45
sbs_sc_ovw,M,GOS_MEUR,Gross operating surplus - million euro,IE,2023,17817.5
sbs_sc_ovw,M,GOS_MEUR,Gross operating surplus - million euro,IE,2024,24113.6
sbs_sc_ovw,M,GOS_MEUR,Gross operating surplus - million euro,IT,2021,45409.94
sbs_sc_ovw,M,GOS_MEUR,Gross operating surplus - million euro,IT,2022,50702.37
sbs_sc_ovw,M,GOS_MEUR,Gross operating surplus - million euro,IT,2023,56468.84
sbs_sc_ovw,M,GOS_MEUR,Gross operating surplus - million euro,IT,2024,59082.73
sbs_sc_ovw,M,GOS_MEUR,Gross operating surplus - million euro,NL,2021,22597.66
sbs_sc_ovw,M,GOS_MEUR,Gross operating surplus - million euro,NL,2022,23895.77
sbs_sc_ovw,M,GOS_MEUR,Gross operating surplus - million euro,NL,2023,25840.43
sbs_sc_ovw,M,GOS_MEUR,Gross operating surplus - million euro,NL,2024,27329.91
sbs_sc_ovw,M,GOS_MEUR,Gross operating surplus - million euro,PL,2021,7129.31
sbs_sc_ovw,M,GOS_MEUR,Gross operating surplus - million euro,PL,2022,8055.22
sbs_sc_ovw,M,GOS_MEUR,Gross operating surplus - million euro,PL,2023,9598.11
sbs_sc_ovw,M,GOS_MEUR,Gross operating surplus - million euro,PL,2024,10679.43
sbs_sc_ovw,M,GOS_MEUR,Gross operating surplus - million euro,PT,2021,2735.39
sbs_sc_ovw,M,GOS_MEUR,Gross operating surplus - million euro,PT,2022,3384.67
sbs_sc_ovw,M,GOS_MEUR,Gross operating surplus - million euro,PT,2023,3570.86
sbs_sc_ovw,M,GOS_MEUR,Gross operating surplus - million euro,PT,2024,4058.17
sbs_sc_ovw,M,GOS_MEUR,Gross operating surplus - million euro,RO,2021,2610.31
sbs_sc_ovw,M,GOS_MEUR,Gross operating surplus - million euro,RO,2022,3527.67
sbs_sc_ovw,M,GOS_MEUR,Gross operating surplus - million euro,RO,2023,3712.1
sbs_sc_ovw,M,GOS_MEUR,Gross operating surplus - million euro,RO,2024,3590.61
sbs_sc_ovw,M,GOS_MEUR,Gross operating surplus - million euro,SE,2021,6268.82
sbs_sc_ovw,M,GOS_MEUR,Gross operating surplus - million euro,SE,2022,5304.76
sbs_sc_ovw,M,GOS_MEUR,Gross operating surplus - million euro,SE,2023,6212.19
sbs_sc_ovw,M,GOS_MEUR,Gross operating surplus - million euro,SE,2024,6221.74
sbs_sc_ovw,M,NETTUR_MEUR,Net turnover - million euro,AT,2021,32001.47
sbs_sc_ovw,M,NETTUR_MEUR,Net turnover - million euro,AT,2022,34996.75
sbs_sc_ovw,M,NETTUR_MEUR,Net turnover - million euro,AT,2023,37707.5
sbs_sc_ovw,M,NETTUR_MEUR,Net turnover - million euro,AT,2024,39468.5
sbs_sc_ovw,M,NETTUR_MEUR,Net turnover - million euro,BE,2021,69717.86
sbs_sc_ovw,M,NETTUR_MEUR,Net turnover - million euro,BE,2022,79434.1
sbs_sc_ovw,M,NETTUR_MEUR,Net turnover - million euro,BE,2023,86415.24
sbs_sc_ovw,M,NETTUR_MEUR,Net turnover - million euro,BE,2024,87796.57
sbs_sc_ovw,M,NETTUR_MEUR,Net turnover - million euro,CZ,2021,22844.31
sbs_sc_ovw,M,NETTUR_MEUR,Net turnover - million euro,CZ,2022,26340.14
sbs_sc_ovw,M,NETTUR_MEUR,Net turnover - million euro,CZ,2023,28978.09
sbs_sc_ovw,M,NETTUR_MEUR,Net turnover - million euro,CZ,2024,29304.68
sbs_sc_ovw,M,NETTUR_MEUR,Net turnover - million euro,DE,2021,348253.49
sbs_sc_ovw,M,NETTUR_MEUR,Net turnover - million euro,DE,2022,371849.77
sbs_sc_ovw,M,NETTUR_MEUR,Net turnover - million euro,DE,2023,393312.93
sbs_sc_ovw,M,NETTUR_MEUR,Net turnover - million euro,DE,2024,396415.15
sbs_sc_ovw,M,NETTUR_MEUR,Net turnover - million euro,DK,2021,35035.52
sbs_sc_ovw,M,NETTUR_MEUR,Net turnover - million euro,DK,2022,39156.76
sbs_sc_ovw,M,NETTUR_MEUR,Net turnover - million euro,DK,2023,40805.26
sbs_sc_ovw,M,NETTUR_MEUR,Net turnover - million euro,DK,2024,43243.35
sbs_sc_ovw,M,NETTUR_MEUR,Net turnover - million euro,EL,2021,11279.46
sbs_sc_ovw,M,NETTUR_MEUR,Net turnover - million euro,EL,2022,13948.71
sbs_sc_ovw,M,NETTUR_MEUR,Net turnover - million euro,EL,2023,16582.12
sbs_sc_ovw,M,NETTUR_MEUR,Net turnover - million euro,EL,2024,18392.36
sbs_sc_ovw,M,NETTUR_MEUR,Net turnover - million euro,ES,2021,103719.69
sbs_sc_ovw,M,NETTUR_MEUR,Net turnover - million euro,ES,2022,115713.64
sbs_sc_ovw,M,NETTUR_MEUR,Net turnover - million euro,ES,2023,123708.51
sbs_sc_ovw,M,NETTUR_MEUR,Net turnover - million euro,ES,2024,135524.65
sbs_sc_ovw,M,NETTUR_MEUR,Net turnover - million euro,EU27_2020,2021,1434941.91
sbs_sc_ovw,M,NETTUR_MEUR,Net turnover - million euro,EU27_2020,2022,1608524.24
sbs_sc_ovw,M,NETTUR_MEUR,Net turnover - million euro,EU27_2020,2023,1727556.46
sbs_sc_ovw,M,NETTUR_MEUR,Net turnover - million euro,FI,2021,18093.3
sbs_sc_ovw,M,NETTUR_MEUR,Net turnover - million euro,FI,2022,19725.68
sbs_sc_ovw,M,NETTUR_MEUR,Net turnover - million euro,FI,2023,20183.48
sbs_sc_ovw,M,NETTUR_MEUR,Net turnover - million euro,FI,2024,20557.78
sbs_sc_ovw,M,NETTUR_MEUR,Net turnover - million euro,FR,2021,209651.47
sbs_sc_ovw,M,NETTUR_MEUR,Net turnover - million euro,FR,2022,229697.93
sbs_sc_ovw,M,NETTUR_MEUR,Net turnover - million euro,FR,2023,242131.51
sbs_sc_ovw,M,NETTUR_MEUR,Net turnover - million euro,FR,2024,254021.96
sbs_sc_ovw,M,NETTUR_MEUR,Net turnover - million euro,HU,2021,15639.63
sbs_sc_ovw,M,NETTUR_MEUR,Net turnover - million euro,HU,2022,16628.62
sbs_sc_ovw,M,NETTUR_MEUR,Net turnover - million euro,HU,2023,17961.42
sbs_sc_ovw,M,NETTUR_MEUR,Net turnover - million euro,HU,2024,18510.16
sbs_sc_ovw,M,NETTUR_MEUR,Net turnover - million euro,IE,2021,62771.87
sbs_sc_ovw,M,NETTUR_MEUR,Net turnover - million euro,IE,2022,87191.54
sbs_sc_ovw,M,NETTUR_MEUR,Net turnover - million euro,IE,2023,95263.0
sbs_sc_ovw,M,NETTUR_MEUR,Net turnover - million euro,IE,2024,94033.1
sbs_sc_ovw,M,NETTUR_MEUR,Net turnover - million euro,IT,2021,136861.92
sbs_sc_ovw,M,NETTUR_MEUR,Net turnover - million euro,IT,2022,157750.8
sbs_sc_ovw,M,NETTUR_MEUR,Net turnover - million euro,IT,2023,174079.88
sbs_sc_ovw,M,NETTUR_MEUR,Net turnover - million euro,IT,2024,178943.92
sbs_sc_ovw,M,NETTUR_MEUR,Net turnover - million euro,NL,2021,140241.64
sbs_sc_ovw,M,NETTUR_MEUR,Net turnover - million euro,NL,2022,156107.5
sbs_sc_ovw,M,NETTUR_MEUR,Net turnover - million euro,NL,2023,167509.9
sbs_sc_ovw,M,NETTUR_MEUR,Net turnover - million euro,NL,2024,186139.72
sbs_sc_ovw,M,NETTUR_MEUR,Net turnover - million euro,PL,2021,46076.54
sbs_sc_ovw,M,NETTUR_MEUR,Net turnover - million euro,PL,2022,51583.58
sbs_sc_ovw,M,NETTUR_MEUR,Net turnover - million euro,PL,2023,57645.42
sbs_sc_ovw,M,NETTUR_MEUR,Net turnover - million euro,PL,2024,66150.08
sbs_sc_ovw,M,NETTUR_MEUR,Net turnover - million euro,PT,2021,15882.8
sbs_sc_ovw,M,NETTUR_MEUR,Net turnover - million euro,PT,2022,20592.02
sbs_sc_ovw,M,NETTUR_MEUR,Net turnover - million euro,PT,2023,21068.42
sbs_sc_ovw,M,NETTUR_MEUR,Net turnover - million euro,PT,2024,23266.71
sbs_sc_ovw,M,NETTUR_MEUR,Net turnover - million euro,RO,2021,11333.31
sbs_sc_ovw,M,NETTUR_MEUR,Net turnover - million euro,RO,2022,13830.88
sbs_sc_ovw,M,NETTUR_MEUR,Net turnover - million euro,RO,2023,16439.14
sbs_sc_ovw,M,NETTUR_MEUR,Net turnover - million euro,RO,2024,17991.78
sbs_sc_ovw,M,NETTUR_MEUR,Net turnover - million euro,SE,2021,57540.12
sbs_sc_ovw,M,NETTUR_MEUR,Net turnover - million euro,SE,2022,63937.93
sbs_sc_ovw,M,NETTUR_MEUR,Net turnover - million euro,SE,2023,63055.36
sbs_sc_ovw,M,NETTUR_MEUR,Net turnover - million euro,SE,2024,66036.0
sbs_sc_ovw,M,WAGE_MEUR,Wages and salaries - million euro,AT,2021,7038.73
sbs_sc_ovw,M,WAGE_MEUR,Wages and salaries - million euro,AT,2022,7917.97
sbs_sc_ovw,M,WAGE_MEUR,Wages and salaries - million euro,AT,2023,8672.06
sbs_sc_ovw,M,WAGE_MEUR,Wages and salaries - million euro,AT,2024,9166.27
sbs_sc_ovw,M,WAGE_MEUR,Wages and salaries - million euro,BE,2021,9526.75
sbs_sc_ovw,M,WAGE_MEUR,Wages and salaries - million euro,BE,2022,10602.03
sbs_sc_ovw,M,WAGE_MEUR,Wages and salaries - million euro,BE,2023,11229.36
sbs_sc_ovw,M,WAGE_MEUR,Wages and salaries - million euro,BE,2024,11574.88
sbs_sc_ovw,M,WAGE_MEUR,Wages and salaries - million euro,CZ,2021,3595.71
sbs_sc_ovw,M,WAGE_MEUR,Wages and salaries - million euro,CZ,2022,4271.62
sbs_sc_ovw,M,WAGE_MEUR,Wages and salaries - million euro,CZ,2023,4684.13
sbs_sc_ovw,M,WAGE_MEUR,Wages and salaries - million euro,CZ,2024,4818.48
sbs_sc_ovw,M,WAGE_MEUR,Wages and salaries - million euro,DE,2021,99804.47
sbs_sc_ovw,M,WAGE_MEUR,Wages and salaries - million euro,DE,2022,101761.58
sbs_sc_ovw,M,WAGE_MEUR,Wages and salaries - million euro,DE,2023,111547.23
sbs_sc_ovw,M,WAGE_MEUR,Wages and salaries - million euro,DE,2024,122144.01
sbs_sc_ovw,M,WAGE_MEUR,Wages and salaries - million euro,DK,2021,12670.64
sbs_sc_ovw,M,WAGE_MEUR,Wages and salaries - million euro,DK,2022,13843.39
sbs_sc_ovw,M,WAGE_MEUR,Wages and salaries - million euro,DK,2023,15426.4
sbs_sc_ovw,M,WAGE_MEUR,Wages and salaries - million euro,DK,2024,16086.19
sbs_sc_ovw,M,WAGE_MEUR,Wages and salaries - million euro,EL,2021,1856.83
sbs_sc_ovw,M,WAGE_MEUR,Wages and salaries - million euro,EL,2022,2355.74
sbs_sc_ovw,M,WAGE_MEUR,Wages and salaries - million euro,EL,2023,2779.47
sbs_sc_ovw,M,WAGE_MEUR,Wages and salaries - million euro,EL,2024,3169.99
sbs_sc_ovw,M,WAGE_MEUR,Wages and salaries - million euro,ES,2021,26060.89
sbs_sc_ovw,M,WAGE_MEUR,Wages and salaries - million euro,ES,2022,28797.08
sbs_sc_ovw,M,WAGE_MEUR,Wages and salaries - million euro,ES,2023,32183.17
sbs_sc_ovw,M,WAGE_MEUR,Wages and salaries - million euro,ES,2024,35703.11
sbs_sc_ovw,M,WAGE_MEUR,Wages and salaries - million euro,EU27_2020,2021,325248.2
sbs_sc_ovw,M,WAGE_MEUR,Wages and salaries - million euro,EU27_2020,2022,352303.44
sbs_sc_ovw,M,WAGE_MEUR,Wages and salaries - million euro,EU27_2020,2023,383223.97
sbs_sc_ovw,M,WAGE_MEUR,Wages and salaries - million euro,FI,2021,5868.64
sbs_sc_ovw,M,WAGE_MEUR,Wages and salaries - million euro,FI,2022,6291.09
sbs_sc_ovw,M,WAGE_MEUR,Wages and salaries - million euro,FI,2023,6589.16
sbs_sc_ovw,M,WAGE_MEUR,Wages and salaries - million euro,FI,2024,6614.59
sbs_sc_ovw,M,WAGE_MEUR,Wages and salaries - million euro,FR,2021,56206.91
sbs_sc_ovw,M,WAGE_MEUR,Wages and salaries - million euro,FR,2022,61291.63
sbs_sc_ovw,M,WAGE_MEUR,Wages and salaries - million euro,FR,2023,64707.9
sbs_sc_ovw,M,WAGE_MEUR,Wages and salaries - million euro,FR,2024,67998.79
sbs_sc_ovw,M,WAGE_MEUR,Wages and salaries - million euro,HU,2021,3092.12
sbs_sc_ovw,M,WAGE_MEUR,Wages and salaries - million euro,HU,2022,3547.52
sbs_sc_ovw,M,WAGE_MEUR,Wages and salaries - million euro,HU,2023,4194.01
sbs_sc_ovw,M,WAGE_MEUR,Wages and salaries - million euro,HU,2024,4617.26
sbs_sc_ovw,M,WAGE_MEUR,Wages and salaries - million euro,IE,2021,8841.23
sbs_sc_ovw,M,WAGE_MEUR,Wages and salaries - million euro,IE,2022,10847.01
sbs_sc_ovw,M,WAGE_MEUR,Wages and salaries - million euro,IE,2023,11789.11
sbs_sc_ovw,M,WAGE_MEUR,Wages and salaries - million euro,IE,2024,12172.19
sbs_sc_ovw,M,WAGE_MEUR,Wages and salaries - million euro,IT,2021,17739.9
sbs_sc_ovw,M,WAGE_MEUR,Wages and salaries - million euro,IT,2022,19826.11
sbs_sc_ovw,M,WAGE_MEUR,Wages and salaries - million euro,IT,2023,21467.92
sbs_sc_ovw,M,WAGE_MEUR,Wages and salaries - million euro,IT,2024,23439.07
sbs_sc_ovw,M,WAGE_MEUR,Wages and salaries - million euro,NL,2021,31223.14
sbs_sc_ovw,M,WAGE_MEUR,Wages and salaries - million euro,NL,2022,33962.02
sbs_sc_ovw,M,WAGE_MEUR,Wages and salaries - million euro,NL,2023,36840.68
sbs_sc_ovw,M,WAGE_MEUR,Wages and salaries - million euro,NL,2024,40202.68
sbs_sc_ovw,M,WAGE_MEUR,Wages and salaries - million euro,PL,2021,8852.56
sbs_sc_ovw,M,WAGE_MEUR,Wages and salaries - million euro,PL,2022,10171.17
sbs_sc_ovw,M,WAGE_MEUR,Wages and salaries - million euro,PL,2023,11247.78
sbs_sc_ovw,M,WAGE_MEUR,Wages and salaries - million euro,PL,2024,13542.83
sbs_sc_ovw,M,WAGE_MEUR,Wages and salaries - million euro,PT,2021,4034.58
sbs_sc_ovw,M,WAGE_MEUR,Wages and salaries - million euro,PT,2022,4767.12
sbs_sc_ovw,M,WAGE_MEUR,Wages and salaries - million euro,PT,2023,5525.29
sbs_sc_ovw,M,WAGE_MEUR,Wages and salaries - million euro,PT,2024,6128.3
sbs_sc_ovw,M,WAGE_MEUR,Wages and salaries - million euro,RO,2021,2702.92
sbs_sc_ovw,M,WAGE_MEUR,Wages and salaries - million euro,RO,2022,3142.39
sbs_sc_ovw,M,WAGE_MEUR,Wages and salaries - million euro,RO,2023,3984.23
sbs_sc_ovw,M,WAGE_MEUR,Wages and salaries - million euro,RO,2024,4468.26
sbs_sc_ovw,M,WAGE_MEUR,Wages and salaries - million euro,SE,2021,14136.82
sbs_sc_ovw,M,WAGE_MEUR,Wages and salaries - million euro,SE,2022,15273.26
sbs_sc_ovw,M,WAGE_MEUR,Wages and salaries - million euro,SE,2023,14994.52
sbs_sc_ovw,M,WAGE_MEUR,Wages and salaries - million euro,SE,2024,15590.43
