dataset,isco08,isco08_label,geo,year,unit,age,sex,value
lfsa_egai2d,OC21,Science and engineering professionals,AT,2015,THS_PER,Y15-64,T,109.7
lfsa_egai2d,OC21,Science and engineering professionals,AT,2016,THS_PER,Y15-64,T,114.7
lfsa_egai2d,OC21,Science and engineering professionals,AT,2017,THS_PER,Y15-64,T,116.9
lfsa_egai2d,OC21,Science and engineering professionals,AT,2018,THS_PER,Y15-64,T,134.3
lfsa_egai2d,OC21,Science and engineering professionals,AT,2019,THS_PER,Y15-64,T,126.4
lfsa_egai2d,OC21,Science and engineering professionals,AT,2020,THS_PER,Y15-64,T,128.4
lfsa_egai2d,OC21,Science and engineering professionals,AT,2021,THS_PER,Y15-64,T,134.0
lfsa_egai2d,OC21,Science and engineering professionals,AT,2022,THS_PER,Y15-64,T,134.6
lfsa_egai2d,OC21,Science and engineering professionals,AT,2023,THS_PER,Y15-64,T,145.0
lfsa_egai2d,OC21,Science and engineering professionals,AT,2024,THS_PER,Y15-64,T,149.7
lfsa_egai2d,OC21,Science and engineering professionals,AT,2025,THS_PER,Y15-64,T,140.3
lfsa_egai2d,OC21,Science and engineering professionals,BE,2015,THS_PER,Y15-64,T,126.2
lfsa_egai2d,OC21,Science and engineering professionals,BE,2016,THS_PER,Y15-64,T,126.7
lfsa_egai2d,OC21,Science and engineering professionals,BE,2017,THS_PER,Y15-64,T,144.8
lfsa_egai2d,OC21,Science and engineering professionals,BE,2018,THS_PER,Y15-64,T,151.8
lfsa_egai2d,OC21,Science and engineering professionals,BE,2019,THS_PER,Y15-64,T,158.7
lfsa_egai2d,OC21,Science and engineering professionals,BE,2020,THS_PER,Y15-64,T,150.2
lfsa_egai2d,OC21,Science and engineering professionals,BE,2021,THS_PER,Y15-64,T,159.4
lfsa_egai2d,OC21,Science and engineering professionals,BE,2022,THS_PER,Y15-64,T,159.7
lfsa_egai2d,OC21,Science and engineering professionals,BE,2023,THS_PER,Y15-64,T,168.9
lfsa_egai2d,OC21,Science and engineering professionals,BE,2024,THS_PER,Y15-64,T,177.7
lfsa_egai2d,OC21,Science and engineering professionals,BE,2025,THS_PER,Y15-64,T,195.6
lfsa_egai2d,OC21,Science and engineering professionals,CZ,2015,THS_PER,Y15-64,T,114.3
lfsa_egai2d,OC21,Science and engineering professionals,CZ,2016,THS_PER,Y15-64,T,125.5
lfsa_egai2d,OC21,Science and engineering professionals,CZ,2017,THS_PER,Y15-64,T,139.1
lfsa_egai2d,OC21,Science and engineering professionals,CZ,2018,THS_PER,Y15-64,T,138.2
lfsa_egai2d,OC21,Science and engineering professionals,CZ,2019,THS_PER,Y15-64,T,134.5
lfsa_egai2d,OC21,Science and engineering professionals,CZ,2020,THS_PER,Y15-64,T,140.4
lfsa_egai2d,OC21,Science and engineering professionals,CZ,2021,THS_PER,Y15-64,T,149.1
lfsa_egai2d,OC21,Science and engineering professionals,CZ,2022,THS_PER,Y15-64,T,160.2
lfsa_egai2d,OC21,Science and engineering professionals,CZ,2023,THS_PER,Y15-64,T,164.6
lfsa_egai2d,OC21,Science and engineering professionals,CZ,2024,THS_PER,Y15-64,T,170.3
lfsa_egai2d,OC21,Science and engineering professionals,CZ,2025,THS_PER,Y15-64,T,167.5
lfsa_egai2d,OC21,Science and engineering professionals,DE,2015,THS_PER,Y15-64,T,1376.2
lfsa_egai2d,OC21,Science and engineering professionals,DE,2016,THS_PER,Y15-64,T,1467.1
lfsa_egai2d,OC21,Science and engineering professionals,DE,2017,THS_PER,Y15-64,T,1472.1
lfsa_egai2d,OC21,Science and engineering professionals,DE,2018,THS_PER,Y15-64,T,1463.3
lfsa_egai2d,OC21,Science and engineering professionals,DE,2019,THS_PER,Y15-64,T,1472.4
lfsa_egai2d,OC21,Science and engineering professionals,DE,2020,THS_PER,Y15-64,T,1498.6
lfsa_egai2d,OC21,Science and engineering professionals,DE,2021,THS_PER,Y15-64,T,1717.7
lfsa_egai2d,OC21,Science and engineering professionals,DE,2022,THS_PER,Y15-64,T,1716.2
lfsa_egai2d,OC21,Science and engineering professionals,DE,2023,THS_PER,Y15-64,T,1717.7
lfsa_egai2d,OC21,Science and engineering professionals,DE,2024,THS_PER,Y15-64,T,1725.2
lfsa_egai2d,OC21,Science and engineering professionals,DE,2025,THS_PER,Y15-64,T,1853.6
lfsa_egai2d,OC21,Science and engineering professionals,DK,2015,THS_PER,Y15-64,T,71.8
lfsa_egai2d,OC21,Science and engineering professionals,DK,2016,THS_PER,Y15-64,T,77.0
lfsa_egai2d,OC21,Science and engineering professionals,DK,2017,THS_PER,Y15-64,T,77.5
lfsa_egai2d,OC21,Science and engineering professionals,DK,2018,THS_PER,Y15-64,T,82.4
lfsa_egai2d,OC21,Science and engineering professionals,DK,2019,THS_PER,Y15-64,T,89.8
lfsa_egai2d,OC21,Science and engineering professionals,DK,2020,THS_PER,Y15-64,T,94.3
lfsa_egai2d,OC21,Science and engineering professionals,DK,2021,THS_PER,Y15-64,T,93.2
lfsa_egai2d,OC21,Science and engineering professionals,DK,2022,THS_PER,Y15-64,T,91.5
lfsa_egai2d,OC21,Science and engineering professionals,DK,2023,THS_PER,Y15-64,T,97.4
lfsa_egai2d,OC21,Science and engineering professionals,DK,2024,THS_PER,Y15-64,T,109.5
lfsa_egai2d,OC21,Science and engineering professionals,DK,2025,THS_PER,Y15-64,T,114.4
lfsa_egai2d,OC21,Science and engineering professionals,EL,2015,THS_PER,Y15-64,T,105.5
lfsa_egai2d,OC21,Science and engineering professionals,EL,2016,THS_PER,Y15-64,T,117.6
lfsa_egai2d,OC21,Science and engineering professionals,EL,2017,THS_PER,Y15-64,T,119.7
lfsa_egai2d,OC21,Science and engineering professionals,EL,2018,THS_PER,Y15-64,T,115.3
lfsa_egai2d,OC21,Science and engineering professionals,EL,2019,THS_PER,Y15-64,T,112.3
lfsa_egai2d,OC21,Science and engineering professionals,EL,2020,THS_PER,Y15-64,T,122.4
lfsa_egai2d,OC21,Science and engineering professionals,EL,2021,THS_PER,Y15-64,T,117.3
lfsa_egai2d,OC21,Science and engineering professionals,EL,2022,THS_PER,Y15-64,T,131.3
lfsa_egai2d,OC21,Science and engineering professionals,EL,2023,THS_PER,Y15-64,T,137.0
lfsa_egai2d,OC21,Science and engineering professionals,EL,2024,THS_PER,Y15-64,T,152.2
lfsa_egai2d,OC21,Science and engineering professionals,EL,2025,THS_PER,Y15-64,T,162.0
lfsa_egai2d,OC21,Science and engineering professionals,ES,2015,THS_PER,Y15-64,T,494.2
lfsa_egai2d,OC21,Science and engineering professionals,ES,2016,THS_PER,Y15-64,T,516.6
lfsa_egai2d,OC21,Science and engineering professionals,ES,2017,THS_PER,Y15-64,T,516.7
lfsa_egai2d,OC21,Science and engineering professionals,ES,2018,THS_PER,Y15-64,T,539.2
lfsa_egai2d,OC21,Science and engineering professionals,ES,2019,THS_PER,Y15-64,T,555.3
lfsa_egai2d,OC21,Science and engineering professionals,ES,2020,THS_PER,Y15-64,T,551.4
lfsa_egai2d,OC21,Science and engineering professionals,ES,2021,THS_PER,Y15-64,T,606.3
lfsa_egai2d,OC21,Science and engineering professionals,ES,2022,THS_PER,Y15-64,T,606.8
lfsa_egai2d,OC21,Science and engineering professionals,ES,2023,THS_PER,Y15-64,T,692.4
lfsa_egai2d,OC21,Science and engineering professionals,ES,2024,THS_PER,Y15-64,T,723.0
lfsa_egai2d,OC21,Science and engineering professionals,ES,2025,THS_PER,Y15-64,T,742.5
lfsa_egai2d,OC21,Science and engineering professionals,EU27_2020,2015,THS_PER,Y15-64,T,5414.5
lfsa_egai2d,OC21,Science and engineering professionals,EU27_2020,2016,THS_PER,Y15-64,T,5585.5
lfsa_egai2d,OC21,Science and engineering professionals,EU27_2020,2017,THS_PER,Y15-64,T,5729.5
lfsa_egai2d,OC21,Science and engineering professionals,EU27_2020,2018,THS_PER,Y15-64,T,5901.7
lfsa_egai2d,OC21,Science and engineering professionals,EU27_2020,2019,THS_PER,Y15-64,T,6064.6
lfsa_egai2d,OC21,Science and engineering professionals,EU27_2020,2020,THS_PER,Y15-64,T,6251.2
lfsa_egai2d,OC21,Science and engineering professionals,EU27_2020,2021,THS_PER,Y15-64,T,6784.8
lfsa_egai2d,OC21,Science and engineering professionals,EU27_2020,2022,THS_PER,Y15-64,T,6982.7
lfsa_egai2d,OC21,Science and engineering professionals,EU27_2020,2023,THS_PER,Y15-64,T,7277.1
lfsa_egai2d,OC21,Science and engineering professionals,EU27_2020,2024,THS_PER,Y15-64,T,7533.8
lfsa_egai2d,OC21,Science and engineering professionals,EU27_2020,2025,THS_PER,Y15-64,T,7904.6
lfsa_egai2d,OC21,Science and engineering professionals,FI,2015,THS_PER,Y15-64,T,139.6
lfsa_egai2d,OC21,Science and engineering professionals,FI,2016,THS_PER,Y15-64,T,136.2
lfsa_egai2d,OC21,Science and engineering professionals,FI,2017,THS_PER,Y15-64,T,142.4
lfsa_egai2d,OC21,Science and engineering professionals,FI,2018,THS_PER,Y15-64,T,146.7
lfsa_egai2d,OC21,Science and engineering professionals,FI,2019,THS_PER,Y15-64,T,158.5
lfsa_egai2d,OC21,Science and engineering professionals,FI,2020,THS_PER,Y15-64,T,175.6
lfsa_egai2d,OC21,Science and engineering professionals,FI,2021,THS_PER,Y15-64,T,159.8
lfsa_egai2d,OC21,Science and engineering professionals,FI,2022,THS_PER,Y15-64,T,165.9
lfsa_egai2d,OC21,Science and engineering professionals,FI,2023,THS_PER,Y15-64,T,160.4
lfsa_egai2d,OC21,Science and engineering professionals,FI,2024,THS_PER,Y15-64,T,147.4
lfsa_egai2d,OC21,Science and engineering professionals,FI,2025,THS_PER,Y15-64,T,159.1
lfsa_egai2d,OC21,Science and engineering professionals,FR,2015,THS_PER,Y15-64,T,681.3
lfsa_egai2d,OC21,Science and engineering professionals,FR,2016,THS_PER,Y15-64,T,706.5
lfsa_egai2d,OC21,Science and engineering professionals,FR,2017,THS_PER,Y15-64,T,711.9
lfsa_egai2d,OC21,Science and engineering professionals,FR,2018,THS_PER,Y15-64,T,752.4
lfsa_egai2d,OC21,Science and engineering professionals,FR,2019,THS_PER,Y15-64,T,775.6
lfsa_egai2d,OC21,Science and engineering professionals,FR,2020,THS_PER,Y15-64,T,866.4
lfsa_egai2d,OC21,Science and engineering professionals,FR,2021,THS_PER,Y15-64,T,1015.4
lfsa_egai2d,OC21,Science and engineering professionals,FR,2022,THS_PER,Y15-64,T,1091.0
lfsa_egai2d,OC21,Science and engineering professionals,FR,2023,THS_PER,Y15-64,T,1201.0
lfsa_egai2d,OC21,Science and engineering professionals,FR,2024,THS_PER,Y15-64,T,1257.6
lfsa_egai2d,OC21,Science and engineering professionals,FR,2025,THS_PER,Y15-64,T,1363.9
lfsa_egai2d,OC21,Science and engineering professionals,HU,2015,THS_PER,Y15-64,T,121.9
lfsa_egai2d,OC21,Science and engineering professionals,HU,2016,THS_PER,Y15-64,T,126.3
lfsa_egai2d,OC21,Science and engineering professionals,HU,2017,THS_PER,Y15-64,T,141.0
lfsa_egai2d,OC21,Science and engineering professionals,HU,2018,THS_PER,Y15-64,T,136.8
lfsa_egai2d,OC21,Science and engineering professionals,HU,2019,THS_PER,Y15-64,T,148.9
lfsa_egai2d,OC21,Science and engineering professionals,HU,2020,THS_PER,Y15-64,T,180.9
lfsa_egai2d,OC21,Science and engineering professionals,HU,2021,THS_PER,Y15-64,T,173.0
lfsa_egai2d,OC21,Science and engineering professionals,HU,2022,THS_PER,Y15-64,T,169.2
lfsa_egai2d,OC21,Science and engineering professionals,HU,2023,THS_PER,Y15-64,T,147.2
lfsa_egai2d,OC21,Science and engineering professionals,HU,2024,THS_PER,Y15-64,T,163.1
lfsa_egai2d,OC21,Science and engineering professionals,HU,2025,THS_PER,Y15-64,T,156.4
lfsa_egai2d,OC21,Science and engineering professionals,IE,2015,THS_PER,Y15-64,T,66.4
lfsa_egai2d,OC21,Science and engineering professionals,IE,2016,THS_PER,Y15-64,T,69.0
lfsa_egai2d,OC21,Science and engineering professionals,IE,2017,THS_PER,Y15-64,T,76.7
lfsa_egai2d,OC21,Science and engineering professionals,IE,2018,THS_PER,Y15-64,T,81.7
lfsa_egai2d,OC21,Science and engineering professionals,IE,2019,THS_PER,Y15-64,T,84.3
lfsa_egai2d,OC21,Science and engineering professionals,IE,2020,THS_PER,Y15-64,T,92.6
lfsa_egai2d,OC21,Science and engineering professionals,IE,2021,THS_PER,Y15-64,T,102.0
lfsa_egai2d,OC21,Science and engineering professionals,IE,2022,THS_PER,Y15-64,T,107.8
lfsa_egai2d,OC21,Science and engineering professionals,IE,2023,THS_PER,Y15-64,T,107.4
lfsa_egai2d,OC21,Science and engineering professionals,IE,2024,THS_PER,Y15-64,T,114.3
lfsa_egai2d,OC21,Science and engineering professionals,IE,2025,THS_PER,Y15-64,T,131.5
lfsa_egai2d,OC21,Science and engineering professionals,IT,2015,THS_PER,Y15-64,T,498.2
lfsa_egai2d,OC21,Science and engineering professionals,IT,2016,THS_PER,Y15-64,T,502.3
lfsa_egai2d,OC21,Science and engineering professionals,IT,2017,THS_PER,Y15-64,T,486.9
lfsa_egai2d,OC21,Science and engineering professionals,IT,2018,THS_PER,Y15-64,T,495.8
lfsa_egai2d,OC21,Science and engineering professionals,IT,2019,THS_PER,Y15-64,T,514.9
lfsa_egai2d,OC21,Science and engineering professionals,IT,2020,THS_PER,Y15-64,T,517.9
lfsa_egai2d,OC21,Science and engineering professionals,IT,2021,THS_PER,Y15-64,T,527.2
lfsa_egai2d,OC21,Science and engineering professionals,IT,2022,THS_PER,Y15-64,T,547.0
lfsa_egai2d,OC21,Science and engineering professionals,IT,2023,THS_PER,Y15-64,T,608.3
lfsa_egai2d,OC21,Science and engineering professionals,IT,2024,THS_PER,Y15-64,T,639.0
lfsa_egai2d,OC21,Science and engineering professionals,IT,2025,THS_PER,Y15-64,T,634.4
lfsa_egai2d,OC21,Science and engineering professionals,NL,2015,THS_PER,Y15-64,T,223.6
lfsa_egai2d,OC21,Science and engineering professionals,NL,2016,THS_PER,Y15-64,T,221.1
lfsa_egai2d,OC21,Science and engineering professionals,NL,2017,THS_PER,Y15-64,T,226.6
lfsa_egai2d,OC21,Science and engineering professionals,NL,2018,THS_PER,Y15-64,T,250.7
lfsa_egai2d,OC21,Science and engineering professionals,NL,2019,THS_PER,Y15-64,T,269.6
lfsa_egai2d,OC21,Science and engineering professionals,NL,2020,THS_PER,Y15-64,T,277.4
lfsa_egai2d,OC21,Science and engineering professionals,NL,2021,THS_PER,Y15-64,T,333.4
lfsa_egai2d,OC21,Science and engineering professionals,NL,2022,THS_PER,Y15-64,T,357.8
lfsa_egai2d,OC21,Science and engineering professionals,NL,2023,THS_PER,Y15-64,T,361.2
lfsa_egai2d,OC21,Science and engineering professionals,NL,2024,THS_PER,Y15-64,T,391.8
lfsa_egai2d,OC21,Science and engineering professionals,NL,2025,THS_PER,Y15-64,T,413.0
lfsa_egai2d,OC21,Science and engineering professionals,PL,2015,THS_PER,Y15-64,T,418.2
lfsa_egai2d,OC21,Science and engineering professionals,PL,2016,THS_PER,Y15-64,T,417.1
lfsa_egai2d,OC21,Science and engineering professionals,PL,2017,THS_PER,Y15-64,T,468.5
lfsa_egai2d,OC21,Science and engineering professionals,PL,2018,THS_PER,Y15-64,T,485.6
lfsa_egai2d,OC21,Science and engineering professionals,PL,2019,THS_PER,Y15-64,T,501.6
lfsa_egai2d,OC21,Science and engineering professionals,PL,2020,THS_PER,Y15-64,T,495.9
lfsa_egai2d,OC21,Science and engineering professionals,PL,2021,THS_PER,Y15-64,T,521.7
lfsa_egai2d,OC21,Science and engineering professionals,PL,2022,THS_PER,Y15-64,T,521.2
lfsa_egai2d,OC21,Science and engineering professionals,PL,2023,THS_PER,Y15-64,T,572.7
lfsa_egai2d,OC21,Science and engineering professionals,PL,2024,THS_PER,Y15-64,T,559.3
lfsa_egai2d,OC21,Science and engineering professionals,PL,2025,THS_PER,Y15-64,T,582.0
lfsa_egai2d,OC21,Science and engineering professionals,PT,2015,THS_PER,Y15-64,T,138.2
lfsa_egai2d,OC21,Science and engineering professionals,PT,2016,THS_PER,Y15-64,T,129.7
lfsa_egai2d,OC21,Science and engineering professionals,PT,2017,THS_PER,Y15-64,T,140.7
lfsa_egai2d,OC21,Science and engineering professionals,PT,2018,THS_PER,Y15-64,T,163.1
lfsa_egai2d,OC21,Science and engineering professionals,PT,2019,THS_PER,Y15-64,T,171.1
lfsa_egai2d,OC21,Science and engineering professionals,PT,2020,THS_PER,Y15-64,T,166.5
lfsa_egai2d,OC21,Science and engineering professionals,PT,2021,THS_PER,Y15-64,T,156.4
lfsa_egai2d,OC21,Science and engineering professionals,PT,2022,THS_PER,Y15-64,T,173.4
lfsa_egai2d,OC21,Science and engineering professionals,PT,2023,THS_PER,Y15-64,T,182.5
lfsa_egai2d,OC21,Science and engineering professionals,PT,2024,THS_PER,Y15-64,T,190.8
lfsa_egai2d,OC21,Science and engineering professionals,PT,2025,THS_PER,Y15-64,T,200.8
lfsa_egai2d,OC21,Science and engineering professionals,RO,2015,THS_PER,Y15-64,T,284.6
lfsa_egai2d,OC21,Science and engineering professionals,RO,2016,THS_PER,Y15-64,T,296.0
lfsa_egai2d,OC21,Science and engineering professionals,RO,2017,THS_PER,Y15-64,T,292.8
lfsa_egai2d,OC21,Science and engineering professionals,RO,2018,THS_PER,Y15-64,T,293.1
lfsa_egai2d,OC21,Science and engineering professionals,RO,2019,THS_PER,Y15-64,T,296.1
lfsa_egai2d,OC21,Science and engineering professionals,RO,2020,THS_PER,Y15-64,T,276.4
lfsa_egai2d,OC21,Science and engineering professionals,RO,2021,THS_PER,Y15-64,T,274.0
lfsa_egai2d,OC21,Science and engineering professionals,RO,2022,THS_PER,Y15-64,T,293.5
lfsa_egai2d,OC21,Science and engineering professionals,RO,2023,THS_PER,Y15-64,T,264.4
lfsa_egai2d,OC21,Science and engineering professionals,RO,2024,THS_PER,Y15-64,T,274.7
lfsa_egai2d,OC21,Science and engineering professionals,RO,2025,THS_PER,Y15-64,T,274.5
lfsa_egai2d,OC21,Science and engineering professionals,SE,2015,THS_PER,Y15-64,T,162.2
lfsa_egai2d,OC21,Science and engineering professionals,SE,2016,THS_PER,Y15-64,T,168.8
lfsa_egai2d,OC21,Science and engineering professionals,SE,2017,THS_PER,Y15-64,T,172.8
lfsa_egai2d,OC21,Science and engineering professionals,SE,2018,THS_PER,Y15-64,T,180.4
lfsa_egai2d,OC21,Science and engineering professionals,SE,2019,THS_PER,Y15-64,T,189.9
lfsa_egai2d,OC21,Science and engineering professionals,SE,2020,THS_PER,Y15-64,T,191.3
lfsa_egai2d,OC21,Science and engineering professionals,SE,2021,THS_PER,Y15-64,T,204.1
lfsa_egai2d,OC21,Science and engineering professionals,SE,2022,THS_PER,Y15-64,T,208.5
lfsa_egai2d,OC21,Science and engineering professionals,SE,2023,THS_PER,Y15-64,T,200.9
lfsa_egai2d,OC21,Science and engineering professionals,SE,2024,THS_PER,Y15-64,T,203.6
lfsa_egai2d,OC21,Science and engineering professionals,SE,2025,THS_PER,Y15-64,T,209.3
lfsa_egai2d,OC21,Science and engineering professionals,UK,2015,THS_PER,Y15-64,T,1134.2
lfsa_egai2d,OC21,Science and engineering professionals,UK,2016,THS_PER,Y15-64,T,1178.6
lfsa_egai2d,OC21,Science and engineering professionals,UK,2017,THS_PER,Y15-64,T,1180.0
lfsa_egai2d,OC21,Science and engineering professionals,UK,2018,THS_PER,Y15-64,T,1241.5
lfsa_egai2d,OC21,Science and engineering professionals,UK,2019,THS_PER,Y15-64,T,1263.9
lfsa_egai2d,OC31,Science and engineering associate professionals,AT,2015,THS_PER,Y15-64,T,203.5
lfsa_egai2d,OC31,Science and engineering associate professionals,AT,2016,THS_PER,Y15-64,T,203.0
lfsa_egai2d,OC31,Science and engineering associate professionals,AT,2017,THS_PER,Y15-64,T,200.9
lfsa_egai2d,OC31,Science and engineering associate professionals,AT,2018,THS_PER,Y15-64,T,202.4
lfsa_egai2d,OC31,Science and engineering associate professionals,AT,2019,THS_PER,Y15-64,T,210.2
lfsa_egai2d,OC31,Science and engineering associate professionals,AT,2020,THS_PER,Y15-64,T,215.7
lfsa_egai2d,OC31,Science and engineering associate professionals,AT,2021,THS_PER,Y15-64,T,217.4
lfsa_egai2d,OC31,Science and engineering associate professionals,AT,2022,THS_PER,Y15-64,T,215.6
lfsa_egai2d,OC31,Science and engineering associate professionals,AT,2023,THS_PER,Y15-64,T,220.0
lfsa_egai2d,OC31,Science and engineering associate professionals,AT,2024,THS_PER,Y15-64,T,222.7
lfsa_egai2d,OC31,Science and engineering associate professionals,AT,2025,THS_PER,Y15-64,T,219.4
lfsa_egai2d,OC31,Science and engineering associate professionals,BE,2015,THS_PER,Y15-64,T,153.2
lfsa_egai2d,OC31,Science and engineering associate professionals,BE,2016,THS_PER,Y15-64,T,154.0
lfsa_egai2d,OC31,Science and engineering associate professionals,BE,2017,THS_PER,Y15-64,T,155.6
lfsa_egai2d,OC31,Science and engineering associate professionals,BE,2018,THS_PER,Y15-64,T,155.5
lfsa_egai2d,OC31,Science and engineering associate professionals,BE,2019,THS_PER,Y15-64,T,158.0
lfsa_egai2d,OC31,Science and engineering associate professionals,BE,2020,THS_PER,Y15-64,T,161.4
lfsa_egai2d,OC31,Science and engineering associate professionals,BE,2021,THS_PER,Y15-64,T,161.6
lfsa_egai2d,OC31,Science and engineering associate professionals,BE,2022,THS_PER,Y15-64,T,150.9
lfsa_egai2d,OC31,Science and engineering associate professionals,BE,2023,THS_PER,Y15-64,T,155.9
lfsa_egai2d,OC31,Science and engineering associate professionals,BE,2024,THS_PER,Y15-64,T,159.5
lfsa_egai2d,OC31,Science and engineering associate professionals,BE,2025,THS_PER,Y15-64,T,177.3
lfsa_egai2d,OC31,Science and engineering associate professionals,CZ,2015,THS_PER,Y15-64,T,276.0
lfsa_egai2d,OC31,Science and engineering associate professionals,CZ,2016,THS_PER,Y15-64,T,277.0
lfsa_egai2d,OC31,Science and engineering associate professionals,CZ,2017,THS_PER,Y15-64,T,288.3
lfsa_egai2d,OC31,Science and engineering associate professionals,CZ,2018,THS_PER,Y15-64,T,282.7
lfsa_egai2d,OC31,Science and engineering associate professionals,CZ,2019,THS_PER,Y15-64,T,274.0
lfsa_egai2d,OC31,Science and engineering associate professionals,CZ,2020,THS_PER,Y15-64,T,268.2
lfsa_egai2d,OC31,Science and engineering associate professionals,CZ,2021,THS_PER,Y15-64,T,257.7
lfsa_egai2d,OC31,Science and engineering associate professionals,CZ,2022,THS_PER,Y15-64,T,246.4
lfsa_egai2d,OC31,Science and engineering associate professionals,CZ,2023,THS_PER,Y15-64,T,231.6
lfsa_egai2d,OC31,Science and engineering associate professionals,CZ,2024,THS_PER,Y15-64,T,233.7
lfsa_egai2d,OC31,Science and engineering associate professionals,CZ,2025,THS_PER,Y15-64,T,241.5
lfsa_egai2d,OC31,Science and engineering associate professionals,DE,2015,THS_PER,Y15-64,T,2002.7
lfsa_egai2d,OC31,Science and engineering associate professionals,DE,2016,THS_PER,Y15-64,T,1993.1
lfsa_egai2d,OC31,Science and engineering associate professionals,DE,2017,THS_PER,Y15-64,T,1988.6
lfsa_egai2d,OC31,Science and engineering associate professionals,DE,2018,THS_PER,Y15-64,T,1966.8
lfsa_egai2d,OC31,Science and engineering associate professionals,DE,2019,THS_PER,Y15-64,T,2024.0
lfsa_egai2d,OC31,Science and engineering associate professionals,DE,2020,THS_PER,Y15-64,T,1763.0
lfsa_egai2d,OC31,Science and engineering associate professionals,DE,2021,THS_PER,Y15-64,T,1746.8
lfsa_egai2d,OC31,Science and engineering associate professionals,DE,2022,THS_PER,Y15-64,T,1754.6
lfsa_egai2d,OC31,Science and engineering associate professionals,DE,2023,THS_PER,Y15-64,T,1729.1
lfsa_egai2d,OC31,Science and engineering associate professionals,DE,2024,THS_PER,Y15-64,T,1735.9
lfsa_egai2d,OC31,Science and engineering associate professionals,DE,2025,THS_PER,Y15-64,T,1663.4
lfsa_egai2d,OC31,Science and engineering associate professionals,DK,2015,THS_PER,Y15-64,T,114.5
lfsa_egai2d,OC31,Science and engineering associate professionals,DK,2016,THS_PER,Y15-64,T,108.9
lfsa_egai2d,OC31,Science and engineering associate professionals,DK,2017,THS_PER,Y15-64,T,113.0
lfsa_egai2d,OC31,Science and engineering associate professionals,DK,2018,THS_PER,Y15-64,T,125.3
lfsa_egai2d,OC31,Science and engineering associate professionals,DK,2019,THS_PER,Y15-64,T,132.7
lfsa_egai2d,OC31,Science and engineering associate professionals,DK,2020,THS_PER,Y15-64,T,129.4
lfsa_egai2d,OC31,Science and engineering associate professionals,DK,2021,THS_PER,Y15-64,T,132.6
lfsa_egai2d,OC31,Science and engineering associate professionals,DK,2022,THS_PER,Y15-64,T,134.6
lfsa_egai2d,OC31,Science and engineering associate professionals,DK,2023,THS_PER,Y15-64,T,138.8
lfsa_egai2d,OC31,Science and engineering associate professionals,DK,2024,THS_PER,Y15-64,T,131.1
lfsa_egai2d,OC31,Science and engineering associate professionals,DK,2025,THS_PER,Y15-64,T,136.0
lfsa_egai2d,OC31,Science and engineering associate professionals,EL,2015,THS_PER,Y15-64,T,54.8
lfsa_egai2d,OC31,Science and engineering associate professionals,EL,2016,THS_PER,Y15-64,T,49.9
lfsa_egai2d,OC31,Science and engineering associate professionals,EL,2017,THS_PER,Y15-64,T,42.6
lfsa_egai2d,OC31,Science and engineering associate professionals,EL,2018,THS_PER,Y15-64,T,44.6
lfsa_egai2d,OC31,Science and engineering associate professionals,EL,2019,THS_PER,Y15-64,T,50.3
lfsa_egai2d,OC31,Science and engineering associate professionals,EL,2020,THS_PER,Y15-64,T,59.9
lfsa_egai2d,OC31,Science and engineering associate professionals,EL,2021,THS_PER,Y15-64,T,65.3
lfsa_egai2d,OC31,Science and engineering associate professionals,EL,2022,THS_PER,Y15-64,T,67.5
lfsa_egai2d,OC31,Science and engineering associate professionals,EL,2023,THS_PER,Y15-64,T,72.5
lfsa_egai2d,OC31,Science and engineering associate professionals,EL,2024,THS_PER,Y15-64,T,61.2
lfsa_egai2d,OC31,Science and engineering associate professionals,EL,2025,THS_PER,Y15-64,T,52.7
lfsa_egai2d,OC31,Science and engineering associate professionals,ES,2015,THS_PER,Y15-64,T,353.9
lfsa_egai2d,OC31,Science and engineering associate professionals,ES,2016,THS_PER,Y15-64,T,363.3
lfsa_egai2d,OC31,Science and engineering associate professionals,ES,2017,THS_PER,Y15-64,T,407.2
lfsa_egai2d,OC31,Science and engineering associate professionals,ES,2018,THS_PER,Y15-64,T,414.7
lfsa_egai2d,OC31,Science and engineering associate professionals,ES,2019,THS_PER,Y15-64,T,429.0
lfsa_egai2d,OC31,Science and engineering associate professionals,ES,2020,THS_PER,Y15-64,T,457.4
lfsa_egai2d,OC31,Science and engineering associate professionals,ES,2021,THS_PER,Y15-64,T,452.5
lfsa_egai2d,OC31,Science and engineering associate professionals,ES,2022,THS_PER,Y15-64,T,463.0
lfsa_egai2d,OC31,Science and engineering associate professionals,ES,2023,THS_PER,Y15-64,T,464.4
lfsa_egai2d,OC31,Science and engineering associate professionals,ES,2024,THS_PER,Y15-64,T,504.5
lfsa_egai2d,OC31,Science and engineering associate professionals,ES,2025,THS_PER,Y15-64,T,514.7
lfsa_egai2d,OC31,Science and engineering associate professionals,EU27_2020,2015,THS_PER,Y15-64,T,7243.7
lfsa_egai2d,OC31,Science and engineering associate professionals,EU27_2020,2016,THS_PER,Y15-64,T,7353.5
lfsa_egai2d,OC31,Science and engineering associate professionals,EU27_2020,2017,THS_PER,Y15-64,T,7498.0
lfsa_egai2d,OC31,Science and engineering associate professionals,EU27_2020,2018,THS_PER,Y15-64,T,7609.7
lfsa_egai2d,OC31,Science and engineering associate professionals,EU27_2020,2019,THS_PER,Y15-64,T,7727.9
lfsa_egai2d,OC31,Science and engineering associate professionals,EU27_2020,2020,THS_PER,Y15-64,T,7497.7
lfsa_egai2d,OC31,Science and engineering associate professionals,EU27_2020,2021,THS_PER,Y15-64,T,6820.6
lfsa_egai2d,OC31,Science and engineering associate professionals,EU27_2020,2022,THS_PER,Y15-64,T,6847.5
lfsa_egai2d,OC31,Science and engineering associate professionals,EU27_2020,2023,THS_PER,Y15-64,T,6908.1
lfsa_egai2d,OC31,Science and engineering associate professionals,EU27_2020,2024,THS_PER,Y15-64,T,6957.7
lfsa_egai2d,OC31,Science and engineering associate professionals,EU27_2020,2025,THS_PER,Y15-64,T,6917.7
lfsa_egai2d,OC31,Science and engineering associate professionals,FI,2015,THS_PER,Y15-64,T,82.5
lfsa_egai2d,OC31,Science and engineering associate professionals,FI,2016,THS_PER,Y15-64,T,87.4
lfsa_egai2d,OC31,Science and engineering associate professionals,FI,2017,THS_PER,Y15-64,T,89.4
lfsa_egai2d,OC31,Science and engineering associate professionals,FI,2018,THS_PER,Y15-64,T,95.2
lfsa_egai2d,OC31,Science and engineering associate professionals,FI,2019,THS_PER,Y15-64,T,97.3
lfsa_egai2d,OC31,Science and engineering associate professionals,FI,2020,THS_PER,Y15-64,T,97.3
lfsa_egai2d,OC31,Science and engineering associate professionals,FI,2021,THS_PER,Y15-64,T,95.3
lfsa_egai2d,OC31,Science and engineering associate professionals,FI,2022,THS_PER,Y15-64,T,101.1
lfsa_egai2d,OC31,Science and engineering associate professionals,FI,2023,THS_PER,Y15-64,T,102.1
lfsa_egai2d,OC31,Science and engineering associate professionals,FI,2024,THS_PER,Y15-64,T,94.8
lfsa_egai2d,OC31,Science and engineering associate professionals,FI,2025,THS_PER,Y15-64,T,91.8
lfsa_egai2d,OC31,Science and engineering associate professionals,FR,2015,THS_PER,Y15-64,T,1539.8
lfsa_egai2d,OC31,Science and engineering associate professionals,FR,2016,THS_PER,Y15-64,T,1531.8
lfsa_egai2d,OC31,Science and engineering associate professionals,FR,2017,THS_PER,Y15-64,T,1543.6
lfsa_egai2d,OC31,Science and engineering associate professionals,FR,2018,THS_PER,Y15-64,T,1585.0
lfsa_egai2d,OC31,Science and engineering associate professionals,FR,2019,THS_PER,Y15-64,T,1598.2
lfsa_egai2d,OC31,Science and engineering associate professionals,FR,2020,THS_PER,Y15-64,T,1538.2
lfsa_egai2d,OC31,Science and engineering associate professionals,FR,2021,THS_PER,Y15-64,T,922.8
lfsa_egai2d,OC31,Science and engineering associate professionals,FR,2022,THS_PER,Y15-64,T,921.0
lfsa_egai2d,OC31,Science and engineering associate professionals,FR,2023,THS_PER,Y15-64,T,959.8
lfsa_egai2d,OC31,Science and engineering associate professionals,FR,2024,THS_PER,Y15-64,T,955.7
lfsa_egai2d,OC31,Science and engineering associate professionals,FR,2025,THS_PER,Y15-64,T,960.0
lfsa_egai2d,OC31,Science and engineering associate professionals,HU,2015,THS_PER,Y15-64,T,85.1
lfsa_egai2d,OC31,Science and engineering associate professionals,HU,2016,THS_PER,Y15-64,T,85.1
lfsa_egai2d,OC31,Science and engineering associate professionals,HU,2017,THS_PER,Y15-64,T,99.4
lfsa_egai2d,OC31,Science and engineering associate professionals,HU,2018,THS_PER,Y15-64,T,100.8
lfsa_egai2d,OC31,Science and engineering associate professionals,HU,2019,THS_PER,Y15-64,T,113.3
lfsa_egai2d,OC31,Science and engineering associate professionals,HU,2020,THS_PER,Y15-64,T,119.7
lfsa_egai2d,OC31,Science and engineering associate professionals,HU,2021,THS_PER,Y15-64,T,116.3
lfsa_egai2d,OC31,Science and engineering associate professionals,HU,2022,THS_PER,Y15-64,T,120.9
lfsa_egai2d,OC31,Science and engineering associate professionals,HU,2023,THS_PER,Y15-64,T,120.4
lfsa_egai2d,OC31,Science and engineering associate professionals,HU,2024,THS_PER,Y15-64,T,134.7
lfsa_egai2d,OC31,Science and engineering associate professionals,HU,2025,THS_PER,Y15-64,T,143.2
lfsa_egai2d,OC31,Science and engineering associate professionals,IE,2015,THS_PER,Y15-64,T,36.6
lfsa_egai2d,OC31,Science and engineering associate professionals,IE,2016,THS_PER,Y15-64,T,39.3
lfsa_egai2d,OC31,Science and engineering associate professionals,IE,2017,THS_PER,Y15-64,T,37.5
lfsa_egai2d,OC31,Science and engineering associate professionals,IE,2018,THS_PER,Y15-64,T,39.2
lfsa_egai2d,OC31,Science and engineering associate professionals,IE,2019,THS_PER,Y15-64,T,35.8
lfsa_egai2d,OC31,Science and engineering associate professionals,IE,2020,THS_PER,Y15-64,T,38.3
lfsa_egai2d,OC31,Science and engineering associate professionals,IE,2021,THS_PER,Y15-64,T,44.8
lfsa_egai2d,OC31,Science and engineering associate professionals,IE,2022,THS_PER,Y15-64,T,44.0
lfsa_egai2d,OC31,Science and engineering associate professionals,IE,2023,THS_PER,Y15-64,T,45.1
lfsa_egai2d,OC31,Science and engineering associate professionals,IE,2024,THS_PER,Y15-64,T,51.6
lfsa_egai2d,OC31,Science and engineering associate professionals,IE,2025,THS_PER,Y15-64,T,45.9
lfsa_egai2d,OC31,Science and engineering associate professionals,IT,2015,THS_PER,Y15-64,T,870.3
lfsa_egai2d,OC31,Science and engineering associate professionals,IT,2016,THS_PER,Y15-64,T,901.0
lfsa_egai2d,OC31,Science and engineering associate professionals,IT,2017,THS_PER,Y15-64,T,897.9
lfsa_egai2d,OC31,Science and engineering associate professionals,IT,2018,THS_PER,Y15-64,T,902.2
lfsa_egai2d,OC31,Science and engineering associate professionals,IT,2019,THS_PER,Y15-64,T,885.5
lfsa_egai2d,OC31,Science and engineering associate professionals,IT,2020,THS_PER,Y15-64,T,892.7
lfsa_egai2d,OC31,Science and engineering associate professionals,IT,2021,THS_PER,Y15-64,T,864.0
lfsa_egai2d,OC31,Science and engineering associate professionals,IT,2022,THS_PER,Y15-64,T,895.0
lfsa_egai2d,OC31,Science and engineering associate professionals,IT,2023,THS_PER,Y15-64,T,940.0
lfsa_egai2d,OC31,Science and engineering associate professionals,IT,2024,THS_PER,Y15-64,T,913.4
lfsa_egai2d,OC31,Science and engineering associate professionals,IT,2025,THS_PER,Y15-64,T,881.9
lfsa_egai2d,OC31,Science and engineering associate professionals,NL,2015,THS_PER,Y15-64,T,186.5
lfsa_egai2d,OC31,Science and engineering associate professionals,NL,2016,THS_PER,Y15-64,T,199.4
lfsa_egai2d,OC31,Science and engineering associate professionals,NL,2017,THS_PER,Y15-64,T,198.3
lfsa_egai2d,OC31,Science and engineering associate professionals,NL,2018,THS_PER,Y15-64,T,210.1
lfsa_egai2d,OC31,Science and engineering associate professionals,NL,2019,THS_PER,Y15-64,T,213.6
lfsa_egai2d,OC31,Science and engineering associate professionals,NL,2020,THS_PER,Y15-64,T,210.4
lfsa_egai2d,OC31,Science and engineering associate professionals,NL,2021,THS_PER,Y15-64,T,227.6
lfsa_egai2d,OC31,Science and engineering associate professionals,NL,2022,THS_PER,Y15-64,T,243.4
lfsa_egai2d,OC31,Science and engineering associate professionals,NL,2023,THS_PER,Y15-64,T,250.2
lfsa_egai2d,OC31,Science and engineering associate professionals,NL,2024,THS_PER,Y15-64,T,258.7
lfsa_egai2d,OC31,Science and engineering associate professionals,NL,2025,THS_PER,Y15-64,T,264.4
lfsa_egai2d,OC31,Science and engineering associate professionals,PL,2015,THS_PER,Y15-64,T,528.9
lfsa_egai2d,OC31,Science and engineering associate professionals,PL,2016,THS_PER,Y15-64,T,570.1
lfsa_egai2d,OC31,Science and engineering associate professionals,PL,2017,THS_PER,Y15-64,T,606.5
lfsa_egai2d,OC31,Science and engineering associate professionals,PL,2018,THS_PER,Y15-64,T,644.0
lfsa_egai2d,OC31,Science and engineering associate professionals,PL,2019,THS_PER,Y15-64,T,624.5
lfsa_egai2d,OC31,Science and engineering associate professionals,PL,2020,THS_PER,Y15-64,T,655.8
lfsa_egai2d,OC31,Science and engineering associate professionals,PL,2021,THS_PER,Y15-64,T,657.9
lfsa_egai2d,OC31,Science and engineering associate professionals,PL,2022,THS_PER,Y15-64,T,649.0
lfsa_egai2d,OC31,Science and engineering associate professionals,PL,2023,THS_PER,Y15-64,T,614.7
lfsa_egai2d,OC31,Science and engineering associate professionals,PL,2024,THS_PER,Y15-64,T,607.4
lfsa_egai2d,OC31,Science and engineering associate professionals,PL,2025,THS_PER,Y15-64,T,620.8
lfsa_egai2d,OC31,Science and engineering associate professionals,PT,2015,THS_PER,Y15-64,T,107.4
lfsa_egai2d,OC31,Science and engineering associate professionals,PT,2016,THS_PER,Y15-64,T,112.3
lfsa_egai2d,OC31,Science and engineering associate professionals,PT,2017,THS_PER,Y15-64,T,115.2
lfsa_egai2d,OC31,Science and engineering associate professionals,PT,2018,THS_PER,Y15-64,T,119.1
lfsa_egai2d,OC31,Science and engineering associate professionals,PT,2019,THS_PER,Y15-64,T,127.7
lfsa_egai2d,OC31,Science and engineering associate professionals,PT,2020,THS_PER,Y15-64,T,126.7
lfsa_egai2d,OC31,Science and engineering associate professionals,PT,2021,THS_PER,Y15-64,T,111.4
lfsa_egai2d,OC31,Science and engineering associate professionals,PT,2022,THS_PER,Y15-64,T,106.2
lfsa_egai2d,OC31,Science and engineering associate professionals,PT,2023,THS_PER,Y15-64,T,111.4
lfsa_egai2d,OC31,Science and engineering associate professionals,PT,2024,THS_PER,Y15-64,T,121.5
lfsa_egai2d,OC31,Science and engineering associate professionals,PT,2025,THS_PER,Y15-64,T,122.8
lfsa_egai2d,OC31,Science and engineering associate professionals,RO,2015,THS_PER,Y15-64,T,86.6
lfsa_egai2d,OC31,Science and engineering associate professionals,RO,2016,THS_PER,Y15-64,T,96.9
lfsa_egai2d,OC31,Science and engineering associate professionals,RO,2017,THS_PER,Y15-64,T,101.6
lfsa_egai2d,OC31,Science and engineering associate professionals,RO,2018,THS_PER,Y15-64,T,101.6
lfsa_egai2d,OC31,Science and engineering associate professionals,RO,2019,THS_PER,Y15-64,T,106.4
lfsa_egai2d,OC31,Science and engineering associate professionals,RO,2020,THS_PER,Y15-64,T,108.3
lfsa_egai2d,OC31,Science and engineering associate professionals,RO,2021,THS_PER,Y15-64,T,104.5
lfsa_egai2d,OC31,Science and engineering associate professionals,RO,2022,THS_PER,Y15-64,T,97.8
lfsa_egai2d,OC31,Science and engineering associate professionals,RO,2023,THS_PER,Y15-64,T,99.0
lfsa_egai2d,OC31,Science and engineering associate professionals,RO,2024,THS_PER,Y15-64,T,107.7
lfsa_egai2d,OC31,Science and engineering associate professionals,RO,2025,THS_PER,Y15-64,T,104.0
lfsa_egai2d,OC31,Science and engineering associate professionals,SE,2015,THS_PER,Y15-64,T,210.0
lfsa_egai2d,OC31,Science and engineering associate professionals,SE,2016,THS_PER,Y15-64,T,222.4
lfsa_egai2d,OC31,Science and engineering associate professionals,SE,2017,THS_PER,Y15-64,T,232.1
lfsa_egai2d,OC31,Science and engineering associate professionals,SE,2018,THS_PER,Y15-64,T,238.7
lfsa_egai2d,OC31,Science and engineering associate professionals,SE,2019,THS_PER,Y15-64,T,253.2
lfsa_egai2d,OC31,Science and engineering associate professionals,SE,2020,THS_PER,Y15-64,T,258.8
lfsa_egai2d,OC31,Science and engineering associate professionals,SE,2021,THS_PER,Y15-64,T,243.6
lfsa_egai2d,OC31,Science and engineering associate professionals,SE,2022,THS_PER,Y15-64,T,244.3
lfsa_egai2d,OC31,Science and engineering associate professionals,SE,2023,THS_PER,Y15-64,T,260.7
lfsa_egai2d,OC31,Science and engineering associate professionals,SE,2024,THS_PER,Y15-64,T,253.2
lfsa_egai2d,OC31,Science and engineering associate professionals,SE,2025,THS_PER,Y15-64,T,243.2
lfsa_egai2d,OC31,Science and engineering associate professionals,UK,2015,THS_PER,Y15-64,T,476.2
lfsa_egai2d,OC31,Science and engineering associate professionals,UK,2016,THS_PER,Y15-64,T,506.7
lfsa_egai2d,OC31,Science and engineering associate professionals,UK,2017,THS_PER,Y15-64,T,542.2
lfsa_egai2d,OC31,Science and engineering associate professionals,UK,2018,THS_PER,Y15-64,T,555.2
lfsa_egai2d,OC31,Science and engineering associate professionals,UK,2019,THS_PER,Y15-64,T,549.1
lfsa_egai2d,OC25,Information and communications technology professionals,AT,2015,THS_PER,Y15-64,T,76.9
lfsa_egai2d,OC25,Information and communications technology professionals,AT,2016,THS_PER,Y15-64,T,79.6
lfsa_egai2d,OC25,Information and communications technology professionals,AT,2017,THS_PER,Y15-64,T,81.4
lfsa_egai2d,OC25,Information and communications technology professionals,AT,2018,THS_PER,Y15-64,T,86.5
lfsa_egai2d,OC25,Information and communications technology professionals,AT,2019,THS_PER,Y15-64,T,85.8
lfsa_egai2d,OC25,Information and communications technology professionals,AT,2020,THS_PER,Y15-64,T,90.7
lfsa_egai2d,OC25,Information and communications technology professionals,AT,2021,THS_PER,Y15-64,T,96.7
lfsa_egai2d,OC25,Information and communications technology professionals,AT,2022,THS_PER,Y15-64,T,118.6
lfsa_egai2d,OC25,Information and communications technology professionals,AT,2023,THS_PER,Y15-64,T,120.8
lfsa_egai2d,OC25,Information and communications technology professionals,AT,2024,THS_PER,Y15-64,T,128.4
lfsa_egai2d,OC25,Information and communications technology professionals,AT,2025,THS_PER,Y15-64,T,137.1
lfsa_egai2d,OC25,Information and communications technology professionals,BE,2015,THS_PER,Y15-64,T,94.9
lfsa_egai2d,OC25,Information and communications technology professionals,BE,2016,THS_PER,Y15-64,T,102.7
lfsa_egai2d,OC25,Information and communications technology professionals,BE,2017,THS_PER,Y15-64,T,123.8
lfsa_egai2d,OC25,Information and communications technology professionals,BE,2018,THS_PER,Y15-64,T,129.0
lfsa_egai2d,OC25,Information and communications technology professionals,BE,2019,THS_PER,Y15-64,T,132.0
lfsa_egai2d,OC25,Information and communications technology professionals,BE,2020,THS_PER,Y15-64,T,137.9
lfsa_egai2d,OC25,Information and communications technology professionals,BE,2021,THS_PER,Y15-64,T,164.3
lfsa_egai2d,OC25,Information and communications technology professionals,BE,2022,THS_PER,Y15-64,T,174.4
lfsa_egai2d,OC25,Information and communications technology professionals,BE,2023,THS_PER,Y15-64,T,169.8
lfsa_egai2d,OC25,Information and communications technology professionals,BE,2024,THS_PER,Y15-64,T,182.0
lfsa_egai2d,OC25,Information and communications technology professionals,BE,2025,THS_PER,Y15-64,T,184.9
lfsa_egai2d,OC25,Information and communications technology professionals,CZ,2015,THS_PER,Y15-64,T,65.7
lfsa_egai2d,OC25,Information and communications technology professionals,CZ,2016,THS_PER,Y15-64,T,71.4
lfsa_egai2d,OC25,Information and communications technology professionals,CZ,2017,THS_PER,Y15-64,T,71.2
lfsa_egai2d,OC25,Information and communications technology professionals,CZ,2018,THS_PER,Y15-64,T,83.2
lfsa_egai2d,OC25,Information and communications technology professionals,CZ,2019,THS_PER,Y15-64,T,96.5
lfsa_egai2d,OC25,Information and communications technology professionals,CZ,2020,THS_PER,Y15-64,T,104.5
lfsa_egai2d,OC25,Information and communications technology professionals,CZ,2021,THS_PER,Y15-64,T,114.0
lfsa_egai2d,OC25,Information and communications technology professionals,CZ,2022,THS_PER,Y15-64,T,107.6
lfsa_egai2d,OC25,Information and communications technology professionals,CZ,2023,THS_PER,Y15-64,T,114.3
lfsa_egai2d,OC25,Information and communications technology professionals,CZ,2024,THS_PER,Y15-64,T,138.3
lfsa_egai2d,OC25,Information and communications technology professionals,CZ,2025,THS_PER,Y15-64,T,144.1
lfsa_egai2d,OC25,Information and communications technology professionals,DE,2015,THS_PER,Y15-64,T,682.2
lfsa_egai2d,OC25,Information and communications technology professionals,DE,2016,THS_PER,Y15-64,T,736.2
lfsa_egai2d,OC25,Information and communications technology professionals,DE,2017,THS_PER,Y15-64,T,773.2
lfsa_egai2d,OC25,Information and communications technology professionals,DE,2018,THS_PER,Y15-64,T,798.1
lfsa_egai2d,OC25,Information and communications technology professionals,DE,2019,THS_PER,Y15-64,T,840.2
lfsa_egai2d,OC25,Information and communications technology professionals,DE,2020,THS_PER,Y15-64,T,883.7
lfsa_egai2d,OC25,Information and communications technology professionals,DE,2021,THS_PER,Y15-64,T,898.5
lfsa_egai2d,OC25,Information and communications technology professionals,DE,2022,THS_PER,Y15-64,T,979.5
lfsa_egai2d,OC25,Information and communications technology professionals,DE,2023,THS_PER,Y15-64,T,1025.7
lfsa_egai2d,OC25,Information and communications technology professionals,DE,2024,THS_PER,Y15-64,T,1100.9
lfsa_egai2d,OC25,Information and communications technology professionals,DE,2025,THS_PER,Y15-64,T,1130.5
lfsa_egai2d,OC25,Information and communications technology professionals,DK,2015,THS_PER,Y15-64,T,63.2
lfsa_egai2d,OC25,Information and communications technology professionals,DK,2016,THS_PER,Y15-64,T,72.8
lfsa_egai2d,OC25,Information and communications technology professionals,DK,2017,THS_PER,Y15-64,T,71.6
lfsa_egai2d,OC25,Information and communications technology professionals,DK,2018,THS_PER,Y15-64,T,73.4
lfsa_egai2d,OC25,Information and communications technology professionals,DK,2019,THS_PER,Y15-64,T,76.7
lfsa_egai2d,OC25,Information and communications technology professionals,DK,2020,THS_PER,Y15-64,T,81.4
lfsa_egai2d,OC25,Information and communications technology professionals,DK,2021,THS_PER,Y15-64,T,88.0
lfsa_egai2d,OC25,Information and communications technology professionals,DK,2022,THS_PER,Y15-64,T,90.6
lfsa_egai2d,OC25,Information and communications technology professionals,DK,2023,THS_PER,Y15-64,T,97.8
lfsa_egai2d,OC25,Information and communications technology professionals,DK,2024,THS_PER,Y15-64,T,100.1
lfsa_egai2d,OC25,Information and communications technology professionals,DK,2025,THS_PER,Y15-64,T,99.4
lfsa_egai2d,OC25,Information and communications technology professionals,EL,2015,THS_PER,Y15-64,T,11.9
lfsa_egai2d,OC25,Information and communications technology professionals,EL,2016,THS_PER,Y15-64,T,13.9
lfsa_egai2d,OC25,Information and communications technology professionals,EL,2017,THS_PER,Y15-64,T,22.2
lfsa_egai2d,OC25,Information and communications technology professionals,EL,2018,THS_PER,Y15-64,T,28.0
lfsa_egai2d,OC25,Information and communications technology professionals,EL,2019,THS_PER,Y15-64,T,27.5
lfsa_egai2d,OC25,Information and communications technology professionals,EL,2020,THS_PER,Y15-64,T,31.0
lfsa_egai2d,OC25,Information and communications technology professionals,EL,2021,THS_PER,Y15-64,T,40.3
lfsa_egai2d,OC25,Information and communications technology professionals,EL,2022,THS_PER,Y15-64,T,43.3
lfsa_egai2d,OC25,Information and communications technology professionals,EL,2023,THS_PER,Y15-64,T,42.3
lfsa_egai2d,OC25,Information and communications technology professionals,EL,2024,THS_PER,Y15-64,T,51.9
lfsa_egai2d,OC25,Information and communications technology professionals,EL,2025,THS_PER,Y15-64,T,59.6
lfsa_egai2d,OC25,Information and communications technology professionals,ES,2015,THS_PER,Y15-64,T,140.6
lfsa_egai2d,OC25,Information and communications technology professionals,ES,2016,THS_PER,Y15-64,T,155.4
lfsa_egai2d,OC25,Information and communications technology professionals,ES,2017,THS_PER,Y15-64,T,180.1
lfsa_egai2d,OC25,Information and communications technology professionals,ES,2018,THS_PER,Y15-64,T,182.5
lfsa_egai2d,OC25,Information and communications technology professionals,ES,2019,THS_PER,Y15-64,T,194.7
lfsa_egai2d,OC25,Information and communications technology professionals,ES,2020,THS_PER,Y15-64,T,202.1
lfsa_egai2d,OC25,Information and communications technology professionals,ES,2021,THS_PER,Y15-64,T,191.7
lfsa_egai2d,OC25,Information and communications technology professionals,ES,2022,THS_PER,Y15-64,T,227.0
lfsa_egai2d,OC25,Information and communications technology professionals,ES,2023,THS_PER,Y15-64,T,246.9
lfsa_egai2d,OC25,Information and communications technology professionals,ES,2024,THS_PER,Y15-64,T,273.8
lfsa_egai2d,OC25,Information and communications technology professionals,ES,2025,THS_PER,Y15-64,T,315.5
lfsa_egai2d,OC25,Information and communications technology professionals,EU27_2020,2015,THS_PER,Y15-64,T,2716.1
lfsa_egai2d,OC25,Information and communications technology professionals,EU27_2020,2016,THS_PER,Y15-64,T,2902.8
lfsa_egai2d,OC25,Information and communications technology professionals,EU27_2020,2017,THS_PER,Y15-64,T,3097.3
lfsa_egai2d,OC25,Information and communications technology professionals,EU27_2020,2018,THS_PER,Y15-64,T,3287.7
lfsa_egai2d,OC25,Information and communications technology professionals,EU27_2020,2019,THS_PER,Y15-64,T,3579.5
lfsa_egai2d,OC25,Information and communications technology professionals,EU27_2020,2020,THS_PER,Y15-64,T,3870.3
lfsa_egai2d,OC25,Information and communications technology professionals,EU27_2020,2021,THS_PER,Y15-64,T,4296.8
lfsa_egai2d,OC25,Information and communications technology professionals,EU27_2020,2022,THS_PER,Y15-64,T,4610.0
lfsa_egai2d,OC25,Information and communications technology professionals,EU27_2020,2023,THS_PER,Y15-64,T,4921.2
lfsa_egai2d,OC25,Information and communications technology professionals,EU27_2020,2024,THS_PER,Y15-64,T,5261.3
lfsa_egai2d,OC25,Information and communications technology professionals,EU27_2020,2025,THS_PER,Y15-64,T,5423.0
lfsa_egai2d,OC25,Information and communications technology professionals,FI,2015,THS_PER,Y15-64,T,78.3
lfsa_egai2d,OC25,Information and communications technology professionals,FI,2016,THS_PER,Y15-64,T,83.7
lfsa_egai2d,OC25,Information and communications technology professionals,FI,2017,THS_PER,Y15-64,T,88.7
lfsa_egai2d,OC25,Information and communications technology professionals,FI,2018,THS_PER,Y15-64,T,92.3
lfsa_egai2d,OC25,Information and communications technology professionals,FI,2019,THS_PER,Y15-64,T,94.3
lfsa_egai2d,OC25,Information and communications technology professionals,FI,2020,THS_PER,Y15-64,T,110.1
lfsa_egai2d,OC25,Information and communications technology professionals,FI,2021,THS_PER,Y15-64,T,102.8
lfsa_egai2d,OC25,Information and communications technology professionals,FI,2022,THS_PER,Y15-64,T,108.1
lfsa_egai2d,OC25,Information and communications technology professionals,FI,2023,THS_PER,Y15-64,T,110.1
lfsa_egai2d,OC25,Information and communications technology professionals,FI,2024,THS_PER,Y15-64,T,113.5
lfsa_egai2d,OC25,Information and communications technology professionals,FI,2025,THS_PER,Y15-64,T,110.6
lfsa_egai2d,OC25,Information and communications technology professionals,FR,2015,THS_PER,Y15-64,T,362.5
lfsa_egai2d,OC25,Information and communications technology professionals,FR,2016,THS_PER,Y15-64,T,378.5
lfsa_egai2d,OC25,Information and communications technology professionals,FR,2017,THS_PER,Y15-64,T,420.3
lfsa_egai2d,OC25,Information and communications technology professionals,FR,2018,THS_PER,Y15-64,T,436.1
lfsa_egai2d,OC25,Information and communications technology professionals,FR,2019,THS_PER,Y15-64,T,491.2
lfsa_egai2d,OC25,Information and communications technology professionals,FR,2020,THS_PER,Y15-64,T,538.8
lfsa_egai2d,OC25,Information and communications technology professionals,FR,2021,THS_PER,Y15-64,T,760.1
lfsa_egai2d,OC25,Information and communications technology professionals,FR,2022,THS_PER,Y15-64,T,743.4
lfsa_egai2d,OC25,Information and communications technology professionals,FR,2023,THS_PER,Y15-64,T,820.3
lfsa_egai2d,OC25,Information and communications technology professionals,FR,2024,THS_PER,Y15-64,T,875.5
lfsa_egai2d,OC25,Information and communications technology professionals,FR,2025,THS_PER,Y15-64,T,884.7
lfsa_egai2d,OC25,Information and communications technology professionals,HU,2015,THS_PER,Y15-64,T,54.8
lfsa_egai2d,OC25,Information and communications technology professionals,HU,2016,THS_PER,Y15-64,T,58.2
lfsa_egai2d,OC25,Information and communications technology professionals,HU,2017,THS_PER,Y15-64,T,56.7
lfsa_egai2d,OC25,Information and communications technology professionals,HU,2018,THS_PER,Y15-64,T,64.0
lfsa_egai2d,OC25,Information and communications technology professionals,HU,2019,THS_PER,Y15-64,T,62.7
lfsa_egai2d,OC25,Information and communications technology professionals,HU,2020,THS_PER,Y15-64,T,82.0
lfsa_egai2d,OC25,Information and communications technology professionals,HU,2021,THS_PER,Y15-64,T,97.8
lfsa_egai2d,OC25,Information and communications technology professionals,HU,2022,THS_PER,Y15-64,T,108.9
lfsa_egai2d,OC25,Information and communications technology professionals,HU,2023,THS_PER,Y15-64,T,118.0
lfsa_egai2d,OC25,Information and communications technology professionals,HU,2024,THS_PER,Y15-64,T,126.2
lfsa_egai2d,OC25,Information and communications technology professionals,HU,2025,THS_PER,Y15-64,T,133.2
lfsa_egai2d,OC25,Information and communications technology professionals,IE,2015,THS_PER,Y15-64,T,50.4
lfsa_egai2d,OC25,Information and communications technology professionals,IE,2016,THS_PER,Y15-64,T,59.0
lfsa_egai2d,OC25,Information and communications technology professionals,IE,2017,THS_PER,Y15-64,T,61.3
lfsa_egai2d,OC25,Information and communications technology professionals,IE,2018,THS_PER,Y15-64,T,57.1
lfsa_egai2d,OC25,Information and communications technology professionals,IE,2019,THS_PER,Y15-64,T,62.1
lfsa_egai2d,OC25,Information and communications technology professionals,IE,2020,THS_PER,Y15-64,T,72.8
lfsa_egai2d,OC25,Information and communications technology professionals,IE,2021,THS_PER,Y15-64,T,84.8
lfsa_egai2d,OC25,Information and communications technology professionals,IE,2022,THS_PER,Y15-64,T,89.5
lfsa_egai2d,OC25,Information and communications technology professionals,IE,2023,THS_PER,Y15-64,T,96.0
lfsa_egai2d,OC25,Information and communications technology professionals,IE,2024,THS_PER,Y15-64,T,105.6
lfsa_egai2d,OC25,Information and communications technology professionals,IE,2025,THS_PER,Y15-64,T,110.2
lfsa_egai2d,OC25,Information and communications technology professionals,IT,2015,THS_PER,Y15-64,T,160.2
lfsa_egai2d,OC25,Information and communications technology professionals,IT,2016,THS_PER,Y15-64,T,174.3
lfsa_egai2d,OC25,Information and communications technology professionals,IT,2017,THS_PER,Y15-64,T,182.3
lfsa_egai2d,OC25,Information and communications technology professionals,IT,2018,THS_PER,Y15-64,T,191.7
lfsa_egai2d,OC25,Information and communications technology professionals,IT,2019,THS_PER,Y15-64,T,205.1
lfsa_egai2d,OC25,Information and communications technology professionals,IT,2020,THS_PER,Y15-64,T,209.8
lfsa_egai2d,OC25,Information and communications technology professionals,IT,2021,THS_PER,Y15-64,T,205.7
lfsa_egai2d,OC25,Information and communications technology professionals,IT,2022,THS_PER,Y15-64,T,217.9
lfsa_egai2d,OC25,Information and communications technology professionals,IT,2023,THS_PER,Y15-64,T,233.5
lfsa_egai2d,OC25,Information and communications technology professionals,IT,2024,THS_PER,Y15-64,T,214.7
lfsa_egai2d,OC25,Information and communications technology professionals,IT,2025,THS_PER,Y15-64,T,188.0
lfsa_egai2d,OC25,Information and communications technology professionals,NL,2015,THS_PER,Y15-64,T,264.7
lfsa_egai2d,OC25,Information and communications technology professionals,NL,2016,THS_PER,Y15-64,T,276.7
lfsa_egai2d,OC25,Information and communications technology professionals,NL,2017,THS_PER,Y15-64,T,279.2
lfsa_egai2d,OC25,Information and communications technology professionals,NL,2018,THS_PER,Y15-64,T,302.8
lfsa_egai2d,OC25,Information and communications technology professionals,NL,2019,THS_PER,Y15-64,T,327.4
lfsa_egai2d,OC25,Information and communications technology professionals,NL,2020,THS_PER,Y15-64,T,347.8
lfsa_egai2d,OC25,Information and communications technology professionals,NL,2021,THS_PER,Y15-64,T,420.9
lfsa_egai2d,OC25,Information and communications technology professionals,NL,2022,THS_PER,Y15-64,T,459.4
lfsa_egai2d,OC25,Information and communications technology professionals,NL,2023,THS_PER,Y15-64,T,452.9
lfsa_egai2d,OC25,Information and communications technology professionals,NL,2024,THS_PER,Y15-64,T,461.2
lfsa_egai2d,OC25,Information and communications technology professionals,NL,2025,THS_PER,Y15-64,T,476.6
lfsa_egai2d,OC25,Information and communications technology professionals,PL,2015,THS_PER,Y15-64,T,217.0
lfsa_egai2d,OC25,Information and communications technology professionals,PL,2016,THS_PER,Y15-64,T,211.5
lfsa_egai2d,OC25,Information and communications technology professionals,PL,2017,THS_PER,Y15-64,T,220.4
lfsa_egai2d,OC25,Information and communications technology professionals,PL,2018,THS_PER,Y15-64,T,249.7
lfsa_egai2d,OC25,Information and communications technology professionals,PL,2019,THS_PER,Y15-64,T,313.8
lfsa_egai2d,OC25,Information and communications technology professionals,PL,2020,THS_PER,Y15-64,T,330.3
lfsa_egai2d,OC25,Information and communications technology professionals,PL,2021,THS_PER,Y15-64,T,344.1
lfsa_egai2d,OC25,Information and communications technology professionals,PL,2022,THS_PER,Y15-64,T,354.4
lfsa_egai2d,OC25,Information and communications technology professionals,PL,2023,THS_PER,Y15-64,T,436.8
lfsa_egai2d,OC25,Information and communications technology professionals,PL,2024,THS_PER,Y15-64,T,477.8
lfsa_egai2d,OC25,Information and communications technology professionals,PL,2025,THS_PER,Y15-64,T,517.1
lfsa_egai2d,OC25,Information and communications technology professionals,PT,2015,THS_PER,Y15-64,T,56.5
lfsa_egai2d,OC25,Information and communications technology professionals,PT,2016,THS_PER,Y15-64,T,59.0
lfsa_egai2d,OC25,Information and communications technology professionals,PT,2017,THS_PER,Y15-64,T,55.8
lfsa_egai2d,OC25,Information and communications technology professionals,PT,2018,THS_PER,Y15-64,T,68.4
lfsa_egai2d,OC25,Information and communications technology professionals,PT,2019,THS_PER,Y15-64,T,82.4
lfsa_egai2d,OC25,Information and communications technology professionals,PT,2020,THS_PER,Y15-64,T,104.7
lfsa_egai2d,OC25,Information and communications technology professionals,PT,2021,THS_PER,Y15-64,T,100.2
lfsa_egai2d,OC25,Information and communications technology professionals,PT,2022,THS_PER,Y15-64,T,116.4
lfsa_egai2d,OC25,Information and communications technology professionals,PT,2023,THS_PER,Y15-64,T,131.5
lfsa_egai2d,OC25,Information and communications technology professionals,PT,2024,THS_PER,Y15-64,T,149.8
lfsa_egai2d,OC25,Information and communications technology professionals,PT,2025,THS_PER,Y15-64,T,166.7
lfsa_egai2d,OC25,Information and communications technology professionals,RO,2015,THS_PER,Y15-64,T,60.1
lfsa_egai2d,OC25,Information and communications technology professionals,RO,2016,THS_PER,Y15-64,T,60.5
lfsa_egai2d,OC25,Information and communications technology professionals,RO,2017,THS_PER,Y15-64,T,67.6
lfsa_egai2d,OC25,Information and communications technology professionals,RO,2018,THS_PER,Y15-64,T,71.7
lfsa_egai2d,OC25,Information and communications technology professionals,RO,2019,THS_PER,Y15-64,T,80.1
lfsa_egai2d,OC25,Information and communications technology professionals,RO,2020,THS_PER,Y15-64,T,92.2
lfsa_egai2d,OC25,Information and communications technology professionals,RO,2021,THS_PER,Y15-64,T,99.3
lfsa_egai2d,OC25,Information and communications technology professionals,RO,2022,THS_PER,Y15-64,T,108.4
lfsa_egai2d,OC25,Information and communications technology professionals,RO,2023,THS_PER,Y15-64,T,94.9
lfsa_egai2d,OC25,Information and communications technology professionals,RO,2024,THS_PER,Y15-64,T,122.7
lfsa_egai2d,OC25,Information and communications technology professionals,RO,2025,THS_PER,Y15-64,T,115.4
lfsa_egai2d,OC25,Information and communications technology professionals,SE,2015,THS_PER,Y15-64,T,141.3
lfsa_egai2d,OC25,Information and communications technology professionals,SE,2016,THS_PER,Y15-64,T,162.2
lfsa_egai2d,OC25,Information and communications technology professionals,SE,2017,THS_PER,Y15-64,T,178.5
lfsa_egai2d,OC25,Information and communications technology professionals,SE,2018,THS_PER,Y15-64,T,190.0
lfsa_egai2d,OC25,Information and communications technology professionals,SE,2019,THS_PER,Y15-64,T,209.1
lfsa_egai2d,OC25,Information and communications technology professionals,SE,2020,THS_PER,Y15-64,T,223.9
lfsa_egai2d,OC25,Information and communications technology professionals,SE,2021,THS_PER,Y15-64,T,245.5
lfsa_egai2d,OC25,Information and communications technology professionals,SE,2022,THS_PER,Y15-64,T,281.2
lfsa_egai2d,OC25,Information and communications technology professionals,SE,2023,THS_PER,Y15-64,T,288.9
lfsa_egai2d,OC25,Information and communications technology professionals,SE,2024,THS_PER,Y15-64,T,283.9
lfsa_egai2d,OC25,Information and communications technology professionals,SE,2025,THS_PER,Y15-64,T,292.6
lfsa_egai2d,OC25,Information and communications technology professionals,UK,2015,THS_PER,Y15-64,T,930.3
lfsa_egai2d,OC25,Information and communications technology professionals,UK,2016,THS_PER,Y15-64,T,950.5
lfsa_egai2d,OC25,Information and communications technology professionals,UK,2017,THS_PER,Y15-64,T,919.7
lfsa_egai2d,OC25,Information and communications technology professionals,UK,2018,THS_PER,Y15-64,T,986.6
lfsa_egai2d,OC25,Information and communications technology professionals,UK,2019,THS_PER,Y15-64,T,1043.7
lfsa_egai2d,OC71,"Building and related trades workers, excluding electricians",AT,2015,THS_PER,Y15-64,T,189.8
lfsa_egai2d,OC71,"Building and related trades workers, excluding electricians",AT,2016,THS_PER,Y15-64,T,186.0
lfsa_egai2d,OC71,"Building and related trades workers, excluding electricians",AT,2017,THS_PER,Y15-64,T,194.1
lfsa_egai2d,OC71,"Building and related trades workers, excluding electricians",AT,2018,THS_PER,Y15-64,T,184.2
lfsa_egai2d,OC71,"Building and related trades workers, excluding electricians",AT,2019,THS_PER,Y15-64,T,182.9
lfsa_egai2d,OC71,"Building and related trades workers, excluding electricians",AT,2020,THS_PER,Y15-64,T,187.3
lfsa_egai2d,OC71,"Building and related trades workers, excluding electricians",AT,2021,THS_PER,Y15-64,T,197.4
lfsa_egai2d,OC71,"Building and related trades workers, excluding electricians",AT,2022,THS_PER,Y15-64,T,191.5
lfsa_egai2d,OC71,"Building and related trades workers, excluding electricians",AT,2023,THS_PER,Y15-64,T,173.9
lfsa_egai2d,OC71,"Building and related trades workers, excluding electricians",AT,2024,THS_PER,Y15-64,T,171.2
lfsa_egai2d,OC71,"Building and related trades workers, excluding electricians",AT,2025,THS_PER,Y15-64,T,181.4
lfsa_egai2d,OC71,"Building and related trades workers, excluding electricians",BE,2015,THS_PER,Y15-64,T,219.2
lfsa_egai2d,OC71,"Building and related trades workers, excluding electricians",BE,2016,THS_PER,Y15-64,T,203.9
lfsa_egai2d,OC71,"Building and related trades workers, excluding electricians",BE,2017,THS_PER,Y15-64,T,195.0
lfsa_egai2d,OC71,"Building and related trades workers, excluding electricians",BE,2018,THS_PER,Y15-64,T,205.2
lfsa_egai2d,OC71,"Building and related trades workers, excluding electricians",BE,2019,THS_PER,Y15-64,T,209.6
lfsa_egai2d,OC71,"Building and related trades workers, excluding electricians",BE,2020,THS_PER,Y15-64,T,201.2
lfsa_egai2d,OC71,"Building and related trades workers, excluding electricians",BE,2021,THS_PER,Y15-64,T,192.7
lfsa_egai2d,OC71,"Building and related trades workers, excluding electricians",BE,2022,THS_PER,Y15-64,T,196.3
lfsa_egai2d,OC71,"Building and related trades workers, excluding electricians",BE,2023,THS_PER,Y15-64,T,211.1
lfsa_egai2d,OC71,"Building and related trades workers, excluding electricians",BE,2024,THS_PER,Y15-64,T,202.7
lfsa_egai2d,OC71,"Building and related trades workers, excluding electricians",BE,2025,THS_PER,Y15-64,T,180.2
lfsa_egai2d,OC71,"Building and related trades workers, excluding electricians",CZ,2015,THS_PER,Y15-64,T,252.0
lfsa_egai2d,OC71,"Building and related trades workers, excluding electricians",CZ,2016,THS_PER,Y15-64,T,234.8
lfsa_egai2d,OC71,"Building and related trades workers, excluding electricians",CZ,2017,THS_PER,Y15-64,T,245.8
lfsa_egai2d,OC71,"Building and related trades workers, excluding electricians",CZ,2018,THS_PER,Y15-64,T,246.9
lfsa_egai2d,OC71,"Building and related trades workers, excluding electricians",CZ,2019,THS_PER,Y15-64,T,236.5
lfsa_egai2d,OC71,"Building and related trades workers, excluding electricians",CZ,2020,THS_PER,Y15-64,T,248.6
lfsa_egai2d,OC71,"Building and related trades workers, excluding electricians",CZ,2021,THS_PER,Y15-64,T,236.6
lfsa_egai2d,OC71,"Building and related trades workers, excluding electricians",CZ,2022,THS_PER,Y15-64,T,242.4
lfsa_egai2d,OC71,"Building and related trades workers, excluding electricians",CZ,2023,THS_PER,Y15-64,T,240.7
lfsa_egai2d,OC71,"Building and related trades workers, excluding electricians",CZ,2024,THS_PER,Y15-64,T,253.2
lfsa_egai2d,OC71,"Building and related trades workers, excluding electricians",CZ,2025,THS_PER,Y15-64,T,243.8
lfsa_egai2d,OC71,"Building and related trades workers, excluding electricians",DE,2015,THS_PER,Y15-64,T,1320.8
lfsa_egai2d,OC71,"Building and related trades workers, excluding electricians",DE,2016,THS_PER,Y15-64,T,1314.8
lfsa_egai2d,OC71,"Building and related trades workers, excluding electricians",DE,2017,THS_PER,Y15-64,T,1314.4
lfsa_egai2d,OC71,"Building and related trades workers, excluding electricians",DE,2018,THS_PER,Y15-64,T,1283.4
lfsa_egai2d,OC71,"Building and related trades workers, excluding electricians",DE,2019,THS_PER,Y15-64,T,1280.9
lfsa_egai2d,OC71,"Building and related trades workers, excluding electricians",DE,2020,THS_PER,Y15-64,T,963.1
lfsa_egai2d,OC71,"Building and related trades workers, excluding electricians",DE,2021,THS_PER,Y15-64,T,1072.1
lfsa_egai2d,OC71,"Building and related trades workers, excluding electricians",DE,2022,THS_PER,Y15-64,T,1060.1
lfsa_egai2d,OC71,"Building and related trades workers, excluding electricians",DE,2023,THS_PER,Y15-64,T,1055.2
lfsa_egai2d,OC71,"Building and related trades workers, excluding electricians",DE,2024,THS_PER,Y15-64,T,1033.1
lfsa_egai2d,OC71,"Building and related trades workers, excluding electricians",DE,2025,THS_PER,Y15-64,T,1007.7
lfsa_egai2d,OC71,"Building and related trades workers, excluding electricians",DK,2015,THS_PER,Y15-64,T,88.5
lfsa_egai2d,OC71,"Building and related trades workers, excluding electricians",DK,2016,THS_PER,Y15-64,T,81.5
lfsa_egai2d,OC71,"Building and related trades workers, excluding electricians",DK,2017,THS_PER,Y15-64,T,91.4
lfsa_egai2d,OC71,"Building and related trades workers, excluding electricians",DK,2018,THS_PER,Y15-64,T,92.3
lfsa_egai2d,OC71,"Building and related trades workers, excluding electricians",DK,2019,THS_PER,Y15-64,T,89.2
lfsa_egai2d,OC71,"Building and related trades workers, excluding electricians",DK,2020,THS_PER,Y15-64,T,90.3
lfsa_egai2d,OC71,"Building and related trades workers, excluding electricians",DK,2021,THS_PER,Y15-64,T,97.4
lfsa_egai2d,OC71,"Building and related trades workers, excluding electricians",DK,2022,THS_PER,Y15-64,T,92.8
lfsa_egai2d,OC71,"Building and related trades workers, excluding electricians",DK,2023,THS_PER,Y15-64,T,88.5
lfsa_egai2d,OC71,"Building and related trades workers, excluding electricians",DK,2024,THS_PER,Y15-64,T,80.8
lfsa_egai2d,OC71,"Building and related trades workers, excluding electricians",DK,2025,THS_PER,Y15-64,T,81.9
lfsa_egai2d,OC71,"Building and related trades workers, excluding electricians",EL,2015,THS_PER,Y15-64,T,101.7
lfsa_egai2d,OC71,"Building and related trades workers, excluding electricians",EL,2016,THS_PER,Y15-64,T,103.3
lfsa_egai2d,OC71,"Building and related trades workers, excluding electricians",EL,2017,THS_PER,Y15-64,T,99.5
lfsa_egai2d,OC71,"Building and related trades workers, excluding electricians",EL,2018,THS_PER,Y15-64,T,96.6
lfsa_egai2d,OC71,"Building and related trades workers, excluding electricians",EL,2019,THS_PER,Y15-64,T,99.5
lfsa_egai2d,OC71,"Building and related trades workers, excluding electricians",EL,2020,THS_PER,Y15-64,T,99.0
lfsa_egai2d,OC71,"Building and related trades workers, excluding electricians",EL,2021,THS_PER,Y15-64,T,111.5
lfsa_egai2d,OC71,"Building and related trades workers, excluding electricians",EL,2022,THS_PER,Y15-64,T,120.6
lfsa_egai2d,OC71,"Building and related trades workers, excluding electricians",EL,2023,THS_PER,Y15-64,T,127.1
lfsa_egai2d,OC71,"Building and related trades workers, excluding electricians",EL,2024,THS_PER,Y15-64,T,135.0
lfsa_egai2d,OC71,"Building and related trades workers, excluding electricians",EL,2025,THS_PER,Y15-64,T,141.6
lfsa_egai2d,OC71,"Building and related trades workers, excluding electricians",ES,2015,THS_PER,Y15-64,T,743.5
lfsa_egai2d,OC71,"Building and related trades workers, excluding electricians",ES,2016,THS_PER,Y15-64,T,759.7
lfsa_egai2d,OC71,"Building and related trades workers, excluding electricians",ES,2017,THS_PER,Y15-64,T,782.8
lfsa_egai2d,OC71,"Building and related trades workers, excluding electricians",ES,2018,THS_PER,Y15-64,T,837.4
lfsa_egai2d,OC71,"Building and related trades workers, excluding electricians",ES,2019,THS_PER,Y15-64,T,874.6
lfsa_egai2d,OC71,"Building and related trades workers, excluding electricians",ES,2020,THS_PER,Y15-64,T,848.8
lfsa_egai2d,OC71,"Building and related trades workers, excluding electricians",ES,2021,THS_PER,Y15-64,T,886.1
lfsa_egai2d,OC71,"Building and related trades workers, excluding electricians",ES,2022,THS_PER,Y15-64,T,903.0
lfsa_egai2d,OC71,"Building and related trades workers, excluding electricians",ES,2023,THS_PER,Y15-64,T,934.7
lfsa_egai2d,OC71,"Building and related trades workers, excluding electricians",ES,2024,THS_PER,Y15-64,T,959.5
lfsa_egai2d,OC71,"Building and related trades workers, excluding electricians",ES,2025,THS_PER,Y15-64,T,1001.2
lfsa_egai2d,OC71,"Building and related trades workers, excluding electricians",EU27_2020,2015,THS_PER,Y15-64,T,7393.9
lfsa_egai2d,OC71,"Building and related trades workers, excluding electricians",EU27_2020,2016,THS_PER,Y15-64,T,7460.8
lfsa_egai2d,OC71,"Building and related trades workers, excluding electricians",EU27_2020,2017,THS_PER,Y15-64,T,7547.8
lfsa_egai2d,OC71,"Building and related trades workers, excluding electricians",EU27_2020,2018,THS_PER,Y15-64,T,7553.0
lfsa_egai2d,OC71,"Building and related trades workers, excluding electricians",EU27_2020,2019,THS_PER,Y15-64,T,7632.6
lfsa_egai2d,OC71,"Building and related trades workers, excluding electricians",EU27_2020,2020,THS_PER,Y15-64,T,7201.3
lfsa_egai2d,OC71,"Building and related trades workers, excluding electricians",EU27_2020,2021,THS_PER,Y15-64,T,7476.0
lfsa_egai2d,OC71,"Building and related trades workers, excluding electricians",EU27_2020,2022,THS_PER,Y15-64,T,7621.2
lfsa_egai2d,OC71,"Building and related trades workers, excluding electricians",EU27_2020,2023,THS_PER,Y15-64,T,7598.8
lfsa_egai2d,OC71,"Building and related trades workers, excluding electricians",EU27_2020,2024,THS_PER,Y15-64,T,7594.9
lfsa_egai2d,OC71,"Building and related trades workers, excluding electricians",EU27_2020,2025,THS_PER,Y15-64,T,7528.6
lfsa_egai2d,OC71,"Building and related trades workers, excluding electricians",FI,2015,THS_PER,Y15-64,T,94.3
lfsa_egai2d,OC71,"Building and related trades workers, excluding electricians",FI,2016,THS_PER,Y15-64,T,104.5
lfsa_egai2d,OC71,"Building and related trades workers, excluding electricians",FI,2017,THS_PER,Y15-64,T,102.5
lfsa_egai2d,OC71,"Building and related trades workers, excluding electricians",FI,2018,THS_PER,Y15-64,T,102.3
lfsa_egai2d,OC71,"Building and related trades workers, excluding electricians",FI,2019,THS_PER,Y15-64,T,101.4
lfsa_egai2d,OC71,"Building and related trades workers, excluding electricians",FI,2020,THS_PER,Y15-64,T,95.6
lfsa_egai2d,OC71,"Building and related trades workers, excluding electricians",FI,2021,THS_PER,Y15-64,T,101.6
lfsa_egai2d,OC71,"Building and related trades workers, excluding electricians",FI,2022,THS_PER,Y15-64,T,97.6
lfsa_egai2d,OC71,"Building and related trades workers, excluding electricians",FI,2023,THS_PER,Y15-64,T,93.8
lfsa_egai2d,OC71,"Building and related trades workers, excluding electricians",FI,2024,THS_PER,Y15-64,T,87.4
lfsa_egai2d,OC71,"Building and related trades workers, excluding electricians",FI,2025,THS_PER,Y15-64,T,89.6
lfsa_egai2d,OC71,"Building and related trades workers, excluding electricians",FR,2015,THS_PER,Y15-64,T,911.7
lfsa_egai2d,OC71,"Building and related trades workers, excluding electricians",FR,2016,THS_PER,Y15-64,T,909.5
lfsa_egai2d,OC71,"Building and related trades workers, excluding electricians",FR,2017,THS_PER,Y15-64,T,917.9
lfsa_egai2d,OC71,"Building and related trades workers, excluding electricians",FR,2018,THS_PER,Y15-64,T,916.4
lfsa_egai2d,OC71,"Building and related trades workers, excluding electricians",FR,2019,THS_PER,Y15-64,T,913.5
lfsa_egai2d,OC71,"Building and related trades workers, excluding electricians",FR,2020,THS_PER,Y15-64,T,903.9
lfsa_egai2d,OC71,"Building and related trades workers, excluding electricians",FR,2021,THS_PER,Y15-64,T,959.7
lfsa_egai2d,OC71,"Building and related trades workers, excluding electricians",FR,2022,THS_PER,Y15-64,T,1008.2
lfsa_egai2d,OC71,"Building and related trades workers, excluding electricians",FR,2023,THS_PER,Y15-64,T,981.7
lfsa_egai2d,OC71,"Building and related trades workers, excluding electricians",FR,2024,THS_PER,Y15-64,T,964.2
lfsa_egai2d,OC71,"Building and related trades workers, excluding electricians",FR,2025,THS_PER,Y15-64,T,934.1
lfsa_egai2d,OC71,"Building and related trades workers, excluding electricians",HU,2015,THS_PER,Y15-64,T,167.0
lfsa_egai2d,OC71,"Building and related trades workers, excluding electricians",HU,2016,THS_PER,Y15-64,T,172.8
lfsa_egai2d,OC71,"Building and related trades workers, excluding electricians",HU,2017,THS_PER,Y15-64,T,180.1
lfsa_egai2d,OC71,"Building and related trades workers, excluding electricians",HU,2018,THS_PER,Y15-64,T,191.0
lfsa_egai2d,OC71,"Building and related trades workers, excluding electricians",HU,2019,THS_PER,Y15-64,T,204.1
lfsa_egai2d,OC71,"Building and related trades workers, excluding electricians",HU,2020,THS_PER,Y15-64,T,211.3
lfsa_egai2d,OC71,"Building and related trades workers, excluding electricians",HU,2021,THS_PER,Y15-64,T,203.1
lfsa_egai2d,OC71,"Building and related trades workers, excluding electricians",HU,2022,THS_PER,Y15-64,T,191.2
lfsa_egai2d,OC71,"Building and related trades workers, excluding electricians",HU,2023,THS_PER,Y15-64,T,201.0
lfsa_egai2d,OC71,"Building and related trades workers, excluding electricians",HU,2024,THS_PER,Y15-64,T,189.7
lfsa_egai2d,OC71,"Building and related trades workers, excluding electricians",HU,2025,THS_PER,Y15-64,T,179.3
lfsa_egai2d,OC71,"Building and related trades workers, excluding electricians",IE,2015,THS_PER,Y15-64,T,53.0
lfsa_egai2d,OC71,"Building and related trades workers, excluding electricians",IE,2016,THS_PER,Y15-64,T,55.9
lfsa_egai2d,OC71,"Building and related trades workers, excluding electricians",IE,2017,THS_PER,Y15-64,T,65.0
lfsa_egai2d,OC71,"Building and related trades workers, excluding electricians",IE,2018,THS_PER,Y15-64,T,72.2
lfsa_egai2d,OC71,"Building and related trades workers, excluding electricians",IE,2019,THS_PER,Y15-64,T,75.4
lfsa_egai2d,OC71,"Building and related trades workers, excluding electricians",IE,2020,THS_PER,Y15-64,T,63.3
lfsa_egai2d,OC71,"Building and related trades workers, excluding electricians",IE,2021,THS_PER,Y15-64,T,64.0
lfsa_egai2d,OC71,"Building and related trades workers, excluding electricians",IE,2022,THS_PER,Y15-64,T,72.6
lfsa_egai2d,OC71,"Building and related trades workers, excluding electricians",IE,2023,THS_PER,Y15-64,T,74.2
lfsa_egai2d,OC71,"Building and related trades workers, excluding electricians",IE,2024,THS_PER,Y15-64,T,72.7
lfsa_egai2d,OC71,"Building and related trades workers, excluding electricians",IE,2025,THS_PER,Y15-64,T,74.8
lfsa_egai2d,OC71,"Building and related trades workers, excluding electricians",IT,2015,THS_PER,Y15-64,T,927.9
lfsa_egai2d,OC71,"Building and related trades workers, excluding electricians",IT,2016,THS_PER,Y15-64,T,918.6
lfsa_egai2d,OC71,"Building and related trades workers, excluding electricians",IT,2017,THS_PER,Y15-64,T,925.3
lfsa_egai2d,OC71,"Building and related trades workers, excluding electricians",IT,2018,THS_PER,Y15-64,T,897.4
lfsa_egai2d,OC71,"Building and related trades workers, excluding electricians",IT,2019,THS_PER,Y15-64,T,872.3
lfsa_egai2d,OC71,"Building and related trades workers, excluding electricians",IT,2020,THS_PER,Y15-64,T,845.6
lfsa_egai2d,OC71,"Building and related trades workers, excluding electricians",IT,2021,THS_PER,Y15-64,T,908.8
lfsa_egai2d,OC71,"Building and related trades workers, excluding electricians",IT,2022,THS_PER,Y15-64,T,974.9
lfsa_egai2d,OC71,"Building and related trades workers, excluding electricians",IT,2023,THS_PER,Y15-64,T,944.6
lfsa_egai2d,OC71,"Building and related trades workers, excluding electricians",IT,2024,THS_PER,Y15-64,T,981.9
lfsa_egai2d,OC71,"Building and related trades workers, excluding electricians",IT,2025,THS_PER,Y15-64,T,1012.3
lfsa_egai2d,OC71,"Building and related trades workers, excluding electricians",NL,2015,THS_PER,Y15-64,T,265.7
lfsa_egai2d,OC71,"Building and related trades workers, excluding electricians",NL,2016,THS_PER,Y15-64,T,266.1
lfsa_egai2d,OC71,"Building and related trades workers, excluding electricians",NL,2017,THS_PER,Y15-64,T,261.3
lfsa_egai2d,OC71,"Building and related trades workers, excluding electricians",NL,2018,THS_PER,Y15-64,T,251.3
lfsa_egai2d,OC71,"Building and related trades workers, excluding electricians",NL,2019,THS_PER,Y15-64,T,263.1
lfsa_egai2d,OC71,"Building and related trades workers, excluding electricians",NL,2020,THS_PER,Y15-64,T,241.6
lfsa_egai2d,OC71,"Building and related trades workers, excluding electricians",NL,2021,THS_PER,Y15-64,T,220.6
lfsa_egai2d,OC71,"Building and related trades workers, excluding electricians",NL,2022,THS_PER,Y15-64,T,224.4
lfsa_egai2d,OC71,"Building and related trades workers, excluding electricians",NL,2023,THS_PER,Y15-64,T,234.7
lfsa_egai2d,OC71,"Building and related trades workers, excluding electricians",NL,2024,THS_PER,Y15-64,T,239.8
lfsa_egai2d,OC71,"Building and related trades workers, excluding electricians",NL,2025,THS_PER,Y15-64,T,227.4
lfsa_egai2d,OC71,"Building and related trades workers, excluding electricians",PL,2015,THS_PER,Y15-64,T,850.7
lfsa_egai2d,OC71,"Building and related trades workers, excluding electricians",PL,2016,THS_PER,Y15-64,T,879.4
lfsa_egai2d,OC71,"Building and related trades workers, excluding electricians",PL,2017,THS_PER,Y15-64,T,862.5
lfsa_egai2d,OC71,"Building and related trades workers, excluding electricians",PL,2018,THS_PER,Y15-64,T,875.3
lfsa_egai2d,OC71,"Building and related trades workers, excluding electricians",PL,2019,THS_PER,Y15-64,T,940.1
lfsa_egai2d,OC71,"Building and related trades workers, excluding electricians",PL,2020,THS_PER,Y15-64,T,946.3
lfsa_egai2d,OC71,"Building and related trades workers, excluding electricians",PL,2021,THS_PER,Y15-64,T,938.3
lfsa_egai2d,OC71,"Building and related trades workers, excluding electricians",PL,2022,THS_PER,Y15-64,T,951.0
lfsa_egai2d,OC71,"Building and related trades workers, excluding electricians",PL,2023,THS_PER,Y15-64,T,913.7
lfsa_egai2d,OC71,"Building and related trades workers, excluding electricians",PL,2024,THS_PER,Y15-64,T,914.9
lfsa_egai2d,OC71,"Building and related trades workers, excluding electricians",PL,2025,THS_PER,Y15-64,T,890.3
lfsa_egai2d,OC71,"Building and related trades workers, excluding electricians",PT,2015,THS_PER,Y15-64,T,172.3
lfsa_egai2d,OC71,"Building and related trades workers, excluding electricians",PT,2016,THS_PER,Y15-64,T,183.1
lfsa_egai2d,OC71,"Building and related trades workers, excluding electricians",PT,2017,THS_PER,Y15-64,T,198.4
lfsa_egai2d,OC71,"Building and related trades workers, excluding electricians",PT,2018,THS_PER,Y15-64,T,196.7
lfsa_egai2d,OC71,"Building and related trades workers, excluding electricians",PT,2019,THS_PER,Y15-64,T,193.4
lfsa_egai2d,OC71,"Building and related trades workers, excluding electricians",PT,2020,THS_PER,Y15-64,T,188.3
lfsa_egai2d,OC71,"Building and related trades workers, excluding electricians",PT,2021,THS_PER,Y15-64,T,183.3
lfsa_egai2d,OC71,"Building and related trades workers, excluding electricians",PT,2022,THS_PER,Y15-64,T,199.3
lfsa_egai2d,OC71,"Building and related trades workers, excluding electricians",PT,2023,THS_PER,Y15-64,T,214.3
lfsa_egai2d,OC71,"Building and related trades workers, excluding electricians",PT,2024,THS_PER,Y15-64,T,209.9
lfsa_egai2d,OC71,"Building and related trades workers, excluding electricians",PT,2025,THS_PER,Y15-64,T,212.1
lfsa_egai2d,OC71,"Building and related trades workers, excluding electricians",RO,2015,THS_PER,Y15-64,T,399.0
lfsa_egai2d,OC71,"Building and related trades workers, excluding electricians",RO,2016,THS_PER,Y15-64,T,430.2
lfsa_egai2d,OC71,"Building and related trades workers, excluding electricians",RO,2017,THS_PER,Y15-64,T,442.6
lfsa_egai2d,OC71,"Building and related trades workers, excluding electricians",RO,2018,THS_PER,Y15-64,T,426.1
lfsa_egai2d,OC71,"Building and related trades workers, excluding electricians",RO,2019,THS_PER,Y15-64,T,410.4
lfsa_egai2d,OC71,"Building and related trades workers, excluding electricians",RO,2020,THS_PER,Y15-64,T,409.8
lfsa_egai2d,OC71,"Building and related trades workers, excluding electricians",RO,2021,THS_PER,Y15-64,T,442.8
lfsa_egai2d,OC71,"Building and related trades workers, excluding electricians",RO,2022,THS_PER,Y15-64,T,432.4
lfsa_egai2d,OC71,"Building and related trades workers, excluding electricians",RO,2023,THS_PER,Y15-64,T,454.4
lfsa_egai2d,OC71,"Building and related trades workers, excluding electricians",RO,2024,THS_PER,Y15-64,T,457.6
lfsa_egai2d,OC71,"Building and related trades workers, excluding electricians",RO,2025,THS_PER,Y15-64,T,447.3
lfsa_egai2d,OC71,"Building and related trades workers, excluding electricians",SE,2015,THS_PER,Y15-64,T,190.9
lfsa_egai2d,OC71,"Building and related trades workers, excluding electricians",SE,2016,THS_PER,Y15-64,T,191.2
lfsa_egai2d,OC71,"Building and related trades workers, excluding electricians",SE,2017,THS_PER,Y15-64,T,202.1
lfsa_egai2d,OC71,"Building and related trades workers, excluding electricians",SE,2018,THS_PER,Y15-64,T,203.0
lfsa_egai2d,OC71,"Building and related trades workers, excluding electricians",SE,2019,THS_PER,Y15-64,T,200.4
lfsa_egai2d,OC71,"Building and related trades workers, excluding electricians",SE,2020,THS_PER,Y15-64,T,190.3
lfsa_egai2d,OC71,"Building and related trades workers, excluding electricians",SE,2021,THS_PER,Y15-64,T,186.5
lfsa_egai2d,OC71,"Building and related trades workers, excluding electricians",SE,2022,THS_PER,Y15-64,T,186.4
lfsa_egai2d,OC71,"Building and related trades workers, excluding electricians",SE,2023,THS_PER,Y15-64,T,172.1
lfsa_egai2d,OC71,"Building and related trades workers, excluding electricians",SE,2024,THS_PER,Y15-64,T,172.9
lfsa_egai2d,OC71,"Building and related trades workers, excluding electricians",SE,2025,THS_PER,Y15-64,T,173.6
lfsa_egai2d,OC71,"Building and related trades workers, excluding electricians",UK,2015,THS_PER,Y15-64,T,1080.0
lfsa_egai2d,OC71,"Building and related trades workers, excluding electricians",UK,2016,THS_PER,Y15-64,T,1054.5
lfsa_egai2d,OC71,"Building and related trades workers, excluding electricians",UK,2017,THS_PER,Y15-64,T,1080.5
lfsa_egai2d,OC71,"Building and related trades workers, excluding electricians",UK,2018,THS_PER,Y15-64,T,1075.7
lfsa_egai2d,OC71,"Building and related trades workers, excluding electricians",UK,2019,THS_PER,Y15-64,T,1050.6
lfsa_egai2d,OC93,"Labourers in mining, construction, manufacturing and transport",AT,2015,THS_PER,Y15-64,T,108.2
lfsa_egai2d,OC93,"Labourers in mining, construction, manufacturing and transport",AT,2016,THS_PER,Y15-64,T,116.2
lfsa_egai2d,OC93,"Labourers in mining, construction, manufacturing and transport",AT,2017,THS_PER,Y15-64,T,124.0
lfsa_egai2d,OC93,"Labourers in mining, construction, manufacturing and transport",AT,2018,THS_PER,Y15-64,T,125.3
lfsa_egai2d,OC93,"Labourers in mining, construction, manufacturing and transport",AT,2019,THS_PER,Y15-64,T,131.8
lfsa_egai2d,OC93,"Labourers in mining, construction, manufacturing and transport",AT,2020,THS_PER,Y15-64,T,131.8
lfsa_egai2d,OC93,"Labourers in mining, construction, manufacturing and transport",AT,2021,THS_PER,Y15-64,T,138.4
lfsa_egai2d,OC93,"Labourers in mining, construction, manufacturing and transport",AT,2022,THS_PER,Y15-64,T,147.5
lfsa_egai2d,OC93,"Labourers in mining, construction, manufacturing and transport",AT,2023,THS_PER,Y15-64,T,143.0
lfsa_egai2d,OC93,"Labourers in mining, construction, manufacturing and transport",AT,2024,THS_PER,Y15-64,T,135.1
lfsa_egai2d,OC93,"Labourers in mining, construction, manufacturing and transport",AT,2025,THS_PER,Y15-64,T,122.1
lfsa_egai2d,OC93,"Labourers in mining, construction, manufacturing and transport",BE,2015,THS_PER,Y15-64,T,95.9
lfsa_egai2d,OC93,"Labourers in mining, construction, manufacturing and transport",BE,2016,THS_PER,Y15-64,T,102.7
lfsa_egai2d,OC93,"Labourers in mining, construction, manufacturing and transport",BE,2017,THS_PER,Y15-64,T,97.7
lfsa_egai2d,OC93,"Labourers in mining, construction, manufacturing and transport",BE,2018,THS_PER,Y15-64,T,101.8
lfsa_egai2d,OC93,"Labourers in mining, construction, manufacturing and transport",BE,2019,THS_PER,Y15-64,T,110.1
lfsa_egai2d,OC93,"Labourers in mining, construction, manufacturing and transport",BE,2020,THS_PER,Y15-64,T,93.8
lfsa_egai2d,OC93,"Labourers in mining, construction, manufacturing and transport",BE,2021,THS_PER,Y15-64,T,99.6
lfsa_egai2d,OC93,"Labourers in mining, construction, manufacturing and transport",BE,2022,THS_PER,Y15-64,T,104.4
lfsa_egai2d,OC93,"Labourers in mining, construction, manufacturing and transport",BE,2023,THS_PER,Y15-64,T,103.2
lfsa_egai2d,OC93,"Labourers in mining, construction, manufacturing and transport",BE,2024,THS_PER,Y15-64,T,101.4
lfsa_egai2d,OC93,"Labourers in mining, construction, manufacturing and transport",BE,2025,THS_PER,Y15-64,T,98.4
lfsa_egai2d,OC93,"Labourers in mining, construction, manufacturing and transport",CZ,2015,THS_PER,Y15-64,T,122.4
lfsa_egai2d,OC93,"Labourers in mining, construction, manufacturing and transport",CZ,2016,THS_PER,Y15-64,T,125.2
lfsa_egai2d,OC93,"Labourers in mining, construction, manufacturing and transport",CZ,2017,THS_PER,Y15-64,T,125.6
lfsa_egai2d,OC93,"Labourers in mining, construction, manufacturing and transport",CZ,2018,THS_PER,Y15-64,T,133.4
lfsa_egai2d,OC93,"Labourers in mining, construction, manufacturing and transport",CZ,2019,THS_PER,Y15-64,T,146.0
lfsa_egai2d,OC93,"Labourers in mining, construction, manufacturing and transport",CZ,2020,THS_PER,Y15-64,T,147.7
lfsa_egai2d,OC93,"Labourers in mining, construction, manufacturing and transport",CZ,2021,THS_PER,Y15-64,T,145.6
lfsa_egai2d,OC93,"Labourers in mining, construction, manufacturing and transport",CZ,2022,THS_PER,Y15-64,T,130.8
lfsa_egai2d,OC93,"Labourers in mining, construction, manufacturing and transport",CZ,2023,THS_PER,Y15-64,T,117.4
lfsa_egai2d,OC93,"Labourers in mining, construction, manufacturing and transport",CZ,2024,THS_PER,Y15-64,T,119.6
lfsa_egai2d,OC93,"Labourers in mining, construction, manufacturing and transport",CZ,2025,THS_PER,Y15-64,T,119.9
lfsa_egai2d,OC93,"Labourers in mining, construction, manufacturing and transport",DE,2015,THS_PER,Y15-64,T,1205.3
lfsa_egai2d,OC93,"Labourers in mining, construction, manufacturing and transport",DE,2016,THS_PER,Y15-64,T,1232.4
lfsa_egai2d,OC93,"Labourers in mining, construction, manufacturing and transport",DE,2017,THS_PER,Y15-64,T,1248.8
lfsa_egai2d,OC93,"Labourers in mining, construction, manufacturing and transport",DE,2018,THS_PER,Y15-64,T,1260.3
lfsa_egai2d,OC93,"Labourers in mining, construction, manufacturing and transport",DE,2019,THS_PER,Y15-64,T,1256.8
lfsa_egai2d,OC93,"Labourers in mining, construction, manufacturing and transport",DE,2020,THS_PER,Y15-64,T,1060.3
lfsa_egai2d,OC93,"Labourers in mining, construction, manufacturing and transport",DE,2021,THS_PER,Y15-64,T,1144.4
lfsa_egai2d,OC93,"Labourers in mining, construction, manufacturing and transport",DE,2022,THS_PER,Y15-64,T,1159.1
lfsa_egai2d,OC93,"Labourers in mining, construction, manufacturing and transport",DE,2023,THS_PER,Y15-64,T,1175.4
lfsa_egai2d,OC93,"Labourers in mining, construction, manufacturing and transport",DE,2024,THS_PER,Y15-64,T,1125.1
lfsa_egai2d,OC93,"Labourers in mining, construction, manufacturing and transport",DE,2025,THS_PER,Y15-64,T,1124.4
lfsa_egai2d,OC93,"Labourers in mining, construction, manufacturing and transport",DK,2015,THS_PER,Y15-64,T,101.2
lfsa_egai2d,OC93,"Labourers in mining, construction, manufacturing and transport",DK,2016,THS_PER,Y15-64,T,107.6
lfsa_egai2d,OC93,"Labourers in mining, construction, manufacturing and transport",DK,2017,THS_PER,Y15-64,T,103.6
lfsa_egai2d,OC93,"Labourers in mining, construction, manufacturing and transport",DK,2018,THS_PER,Y15-64,T,109.2
lfsa_egai2d,OC93,"Labourers in mining, construction, manufacturing and transport",DK,2019,THS_PER,Y15-64,T,111.5
lfsa_egai2d,OC93,"Labourers in mining, construction, manufacturing and transport",DK,2020,THS_PER,Y15-64,T,107.6
lfsa_egai2d,OC93,"Labourers in mining, construction, manufacturing and transport",DK,2021,THS_PER,Y15-64,T,112.9
lfsa_egai2d,OC93,"Labourers in mining, construction, manufacturing and transport",DK,2022,THS_PER,Y15-64,T,119.7
lfsa_egai2d,OC93,"Labourers in mining, construction, manufacturing and transport",DK,2023,THS_PER,Y15-64,T,115.5
lfsa_egai2d,OC93,"Labourers in mining, construction, manufacturing and transport",DK,2024,THS_PER,Y15-64,T,117.7
lfsa_egai2d,OC93,"Labourers in mining, construction, manufacturing and transport",DK,2025,THS_PER,Y15-64,T,109.2
lfsa_egai2d,OC93,"Labourers in mining, construction, manufacturing and transport",EL,2015,THS_PER,Y15-64,T,58.7
lfsa_egai2d,OC93,"Labourers in mining, construction, manufacturing and transport",EL,2016,THS_PER,Y15-64,T,59.6
lfsa_egai2d,OC93,"Labourers in mining, construction, manufacturing and transport",EL,2017,THS_PER,Y15-64,T,65.0
lfsa_egai2d,OC93,"Labourers in mining, construction, manufacturing and transport",EL,2018,THS_PER,Y15-64,T,65.9
lfsa_egai2d,OC93,"Labourers in mining, construction, manufacturing and transport",EL,2019,THS_PER,Y15-64,T,67.1
lfsa_egai2d,OC93,"Labourers in mining, construction, manufacturing and transport",EL,2020,THS_PER,Y15-64,T,64.0
lfsa_egai2d,OC93,"Labourers in mining, construction, manufacturing and transport",EL,2021,THS_PER,Y15-64,T,70.2
lfsa_egai2d,OC93,"Labourers in mining, construction, manufacturing and transport",EL,2022,THS_PER,Y15-64,T,68.8
lfsa_egai2d,OC93,"Labourers in mining, construction, manufacturing and transport",EL,2023,THS_PER,Y15-64,T,65.7
lfsa_egai2d,OC93,"Labourers in mining, construction, manufacturing and transport",EL,2024,THS_PER,Y15-64,T,56.9
lfsa_egai2d,OC93,"Labourers in mining, construction, manufacturing and transport",EL,2025,THS_PER,Y15-64,T,68.8
lfsa_egai2d,OC93,"Labourers in mining, construction, manufacturing and transport",ES,2015,THS_PER,Y15-64,T,520.5
lfsa_egai2d,OC93,"Labourers in mining, construction, manufacturing and transport",ES,2016,THS_PER,Y15-64,T,569.2
lfsa_egai2d,OC93,"Labourers in mining, construction, manufacturing and transport",ES,2017,THS_PER,Y15-64,T,571.8
lfsa_egai2d,OC93,"Labourers in mining, construction, manufacturing and transport",ES,2018,THS_PER,Y15-64,T,626.1
lfsa_egai2d,OC93,"Labourers in mining, construction, manufacturing and transport",ES,2019,THS_PER,Y15-64,T,664.6
lfsa_egai2d,OC93,"Labourers in mining, construction, manufacturing and transport",ES,2020,THS_PER,Y15-64,T,610.9
lfsa_egai2d,OC93,"Labourers in mining, construction, manufacturing and transport",ES,2021,THS_PER,Y15-64,T,657.1
lfsa_egai2d,OC93,"Labourers in mining, construction, manufacturing and transport",ES,2022,THS_PER,Y15-64,T,702.7
lfsa_egai2d,OC93,"Labourers in mining, construction, manufacturing and transport",ES,2023,THS_PER,Y15-64,T,714.3
lfsa_egai2d,OC93,"Labourers in mining, construction, manufacturing and transport",ES,2024,THS_PER,Y15-64,T,751.2
lfsa_egai2d,OC93,"Labourers in mining, construction, manufacturing and transport",ES,2025,THS_PER,Y15-64,T,780.3
lfsa_egai2d,OC93,"Labourers in mining, construction, manufacturing and transport",EU27_2020,2015,THS_PER,Y15-64,T,4905.5
lfsa_egai2d,OC93,"Labourers in mining, construction, manufacturing and transport",EU27_2020,2016,THS_PER,Y15-64,T,5028.4
lfsa_egai2d,OC93,"Labourers in mining, construction, manufacturing and transport",EU27_2020,2017,THS_PER,Y15-64,T,5140.9
lfsa_egai2d,OC93,"Labourers in mining, construction, manufacturing and transport",EU27_2020,2018,THS_PER,Y15-64,T,5222.3
lfsa_egai2d,OC93,"Labourers in mining, construction, manufacturing and transport",EU27_2020,2019,THS_PER,Y15-64,T,5334.8
lfsa_egai2d,OC93,"Labourers in mining, construction, manufacturing and transport",EU27_2020,2020,THS_PER,Y15-64,T,5008.2
lfsa_egai2d,OC93,"Labourers in mining, construction, manufacturing and transport",EU27_2020,2021,THS_PER,Y15-64,T,5265.0
lfsa_egai2d,OC93,"Labourers in mining, construction, manufacturing and transport",EU27_2020,2022,THS_PER,Y15-64,T,5361.2
lfsa_egai2d,OC93,"Labourers in mining, construction, manufacturing and transport",EU27_2020,2023,THS_PER,Y15-64,T,5344.4
lfsa_egai2d,OC93,"Labourers in mining, construction, manufacturing and transport",EU27_2020,2024,THS_PER,Y15-64,T,5238.3
lfsa_egai2d,OC93,"Labourers in mining, construction, manufacturing and transport",EU27_2020,2025,THS_PER,Y15-64,T,5239.9
lfsa_egai2d,OC93,"Labourers in mining, construction, manufacturing and transport",FI,2015,THS_PER,Y15-64,T,45.7
lfsa_egai2d,OC93,"Labourers in mining, construction, manufacturing and transport",FI,2016,THS_PER,Y15-64,T,45.8
lfsa_egai2d,OC93,"Labourers in mining, construction, manufacturing and transport",FI,2017,THS_PER,Y15-64,T,46.2
lfsa_egai2d,OC93,"Labourers in mining, construction, manufacturing and transport",FI,2018,THS_PER,Y15-64,T,50.7
lfsa_egai2d,OC93,"Labourers in mining, construction, manufacturing and transport",FI,2019,THS_PER,Y15-64,T,50.1
lfsa_egai2d,OC93,"Labourers in mining, construction, manufacturing and transport",FI,2020,THS_PER,Y15-64,T,49.5
lfsa_egai2d,OC93,"Labourers in mining, construction, manufacturing and transport",FI,2021,THS_PER,Y15-64,T,55.7
lfsa_egai2d,OC93,"Labourers in mining, construction, manufacturing and transport",FI,2022,THS_PER,Y15-64,T,56.2
lfsa_egai2d,OC93,"Labourers in mining, construction, manufacturing and transport",FI,2023,THS_PER,Y15-64,T,55.3
lfsa_egai2d,OC93,"Labourers in mining, construction, manufacturing and transport",FI,2024,THS_PER,Y15-64,T,56.2
lfsa_egai2d,OC93,"Labourers in mining, construction, manufacturing and transport",FI,2025,THS_PER,Y15-64,T,58.3
lfsa_egai2d,OC93,"Labourers in mining, construction, manufacturing and transport",FR,2015,THS_PER,Y15-64,T,608.5
lfsa_egai2d,OC93,"Labourers in mining, construction, manufacturing and transport",FR,2016,THS_PER,Y15-64,T,617.5
lfsa_egai2d,OC93,"Labourers in mining, construction, manufacturing and transport",FR,2017,THS_PER,Y15-64,T,642.9
lfsa_egai2d,OC93,"Labourers in mining, construction, manufacturing and transport",FR,2018,THS_PER,Y15-64,T,616.4
lfsa_egai2d,OC93,"Labourers in mining, construction, manufacturing and transport",FR,2019,THS_PER,Y15-64,T,602.2
lfsa_egai2d,OC93,"Labourers in mining, construction, manufacturing and transport",FR,2020,THS_PER,Y15-64,T,618.4
lfsa_egai2d,OC93,"Labourers in mining, construction, manufacturing and transport",FR,2021,THS_PER,Y15-64,T,664.8
lfsa_egai2d,OC93,"Labourers in mining, construction, manufacturing and transport",FR,2022,THS_PER,Y15-64,T,686.5
lfsa_egai2d,OC93,"Labourers in mining, construction, manufacturing and transport",FR,2023,THS_PER,Y15-64,T,663.7
lfsa_egai2d,OC93,"Labourers in mining, construction, manufacturing and transport",FR,2024,THS_PER,Y15-64,T,665.1
lfsa_egai2d,OC93,"Labourers in mining, construction, manufacturing and transport",FR,2025,THS_PER,Y15-64,T,662.7
lfsa_egai2d,OC93,"Labourers in mining, construction, manufacturing and transport",HU,2015,THS_PER,Y15-64,T,106.9
lfsa_egai2d,OC93,"Labourers in mining, construction, manufacturing and transport",HU,2016,THS_PER,Y15-64,T,106.0
lfsa_egai2d,OC93,"Labourers in mining, construction, manufacturing and transport",HU,2017,THS_PER,Y15-64,T,126.6
lfsa_egai2d,OC93,"Labourers in mining, construction, manufacturing and transport",HU,2018,THS_PER,Y15-64,T,127.7
lfsa_egai2d,OC93,"Labourers in mining, construction, manufacturing and transport",HU,2019,THS_PER,Y15-64,T,120.0
lfsa_egai2d,OC93,"Labourers in mining, construction, manufacturing and transport",HU,2020,THS_PER,Y15-64,T,115.2
lfsa_egai2d,OC93,"Labourers in mining, construction, manufacturing and transport",HU,2021,THS_PER,Y15-64,T,126.2
lfsa_egai2d,OC93,"Labourers in mining, construction, manufacturing and transport",HU,2022,THS_PER,Y15-64,T,137.8
lfsa_egai2d,OC93,"Labourers in mining, construction, manufacturing and transport",HU,2023,THS_PER,Y15-64,T,144.4
lfsa_egai2d,OC93,"Labourers in mining, construction, manufacturing and transport",HU,2024,THS_PER,Y15-64,T,133.2
lfsa_egai2d,OC93,"Labourers in mining, construction, manufacturing and transport",HU,2025,THS_PER,Y15-64,T,129.1
lfsa_egai2d,OC93,"Labourers in mining, construction, manufacturing and transport",IE,2015,THS_PER,Y15-64,T,72.5
lfsa_egai2d,OC93,"Labourers in mining, construction, manufacturing and transport",IE,2016,THS_PER,Y15-64,T,75.7
lfsa_egai2d,OC93,"Labourers in mining, construction, manufacturing and transport",IE,2017,THS_PER,Y15-64,T,65.4
lfsa_egai2d,OC93,"Labourers in mining, construction, manufacturing and transport",IE,2018,THS_PER,Y15-64,T,63.7
lfsa_egai2d,OC93,"Labourers in mining, construction, manufacturing and transport",IE,2019,THS_PER,Y15-64,T,65.7
lfsa_egai2d,OC93,"Labourers in mining, construction, manufacturing and transport",IE,2020,THS_PER,Y15-64,T,63.0
lfsa_egai2d,OC93,"Labourers in mining, construction, manufacturing and transport",IE,2021,THS_PER,Y15-64,T,62.9
lfsa_egai2d,OC93,"Labourers in mining, construction, manufacturing and transport",IE,2022,THS_PER,Y15-64,T,62.9
lfsa_egai2d,OC93,"Labourers in mining, construction, manufacturing and transport",IE,2023,THS_PER,Y15-64,T,64.6
lfsa_egai2d,OC93,"Labourers in mining, construction, manufacturing and transport",IE,2024,THS_PER,Y15-64,T,69.2
lfsa_egai2d,OC93,"Labourers in mining, construction, manufacturing and transport",IE,2025,THS_PER,Y15-64,T,65.8
lfsa_egai2d,OC93,"Labourers in mining, construction, manufacturing and transport",IT,2015,THS_PER,Y15-64,T,414.0
lfsa_egai2d,OC93,"Labourers in mining, construction, manufacturing and transport",IT,2016,THS_PER,Y15-64,T,440.9
lfsa_egai2d,OC93,"Labourers in mining, construction, manufacturing and transport",IT,2017,THS_PER,Y15-64,T,447.6
lfsa_egai2d,OC93,"Labourers in mining, construction, manufacturing and transport",IT,2018,THS_PER,Y15-64,T,448.3
lfsa_egai2d,OC93,"Labourers in mining, construction, manufacturing and transport",IT,2019,THS_PER,Y15-64,T,458.6
lfsa_egai2d,OC93,"Labourers in mining, construction, manufacturing and transport",IT,2020,THS_PER,Y15-64,T,442.1
lfsa_egai2d,OC93,"Labourers in mining, construction, manufacturing and transport",IT,2021,THS_PER,Y15-64,T,462.8
lfsa_egai2d,OC93,"Labourers in mining, construction, manufacturing and transport",IT,2022,THS_PER,Y15-64,T,493.2
lfsa_egai2d,OC93,"Labourers in mining, construction, manufacturing and transport",IT,2023,THS_PER,Y15-64,T,507.9
lfsa_egai2d,OC93,"Labourers in mining, construction, manufacturing and transport",IT,2024,THS_PER,Y15-64,T,511.8
lfsa_egai2d,OC93,"Labourers in mining, construction, manufacturing and transport",IT,2025,THS_PER,Y15-64,T,485.3
lfsa_egai2d,OC93,"Labourers in mining, construction, manufacturing and transport",NL,2015,THS_PER,Y15-64,T,283.8
lfsa_egai2d,OC93,"Labourers in mining, construction, manufacturing and transport",NL,2016,THS_PER,Y15-64,T,289.1
lfsa_egai2d,OC93,"Labourers in mining, construction, manufacturing and transport",NL,2017,THS_PER,Y15-64,T,306.7
lfsa_egai2d,OC93,"Labourers in mining, construction, manufacturing and transport",NL,2018,THS_PER,Y15-64,T,320.1
lfsa_egai2d,OC93,"Labourers in mining, construction, manufacturing and transport",NL,2019,THS_PER,Y15-64,T,320.3
lfsa_egai2d,OC93,"Labourers in mining, construction, manufacturing and transport",NL,2020,THS_PER,Y15-64,T,318.2
lfsa_egai2d,OC93,"Labourers in mining, construction, manufacturing and transport",NL,2021,THS_PER,Y15-64,T,366.3
lfsa_egai2d,OC93,"Labourers in mining, construction, manufacturing and transport",NL,2022,THS_PER,Y15-64,T,353.2
lfsa_egai2d,OC93,"Labourers in mining, construction, manufacturing and transport",NL,2023,THS_PER,Y15-64,T,359.4
lfsa_egai2d,OC93,"Labourers in mining, construction, manufacturing and transport",NL,2024,THS_PER,Y15-64,T,343.2
lfsa_egai2d,OC93,"Labourers in mining, construction, manufacturing and transport",NL,2025,THS_PER,Y15-64,T,338.1
lfsa_egai2d,OC93,"Labourers in mining, construction, manufacturing and transport",PL,2015,THS_PER,Y15-64,T,418.1
lfsa_egai2d,OC93,"Labourers in mining, construction, manufacturing and transport",PL,2016,THS_PER,Y15-64,T,374.7
lfsa_egai2d,OC93,"Labourers in mining, construction, manufacturing and transport",PL,2017,THS_PER,Y15-64,T,374.2
lfsa_egai2d,OC93,"Labourers in mining, construction, manufacturing and transport",PL,2018,THS_PER,Y15-64,T,358.0
lfsa_egai2d,OC93,"Labourers in mining, construction, manufacturing and transport",PL,2019,THS_PER,Y15-64,T,331.3
lfsa_egai2d,OC93,"Labourers in mining, construction, manufacturing and transport",PL,2020,THS_PER,Y15-64,T,317.7
lfsa_egai2d,OC93,"Labourers in mining, construction, manufacturing and transport",PL,2021,THS_PER,Y15-64,T,295.9
lfsa_egai2d,OC93,"Labourers in mining, construction, manufacturing and transport",PL,2022,THS_PER,Y15-64,T,259.0
lfsa_egai2d,OC93,"Labourers in mining, construction, manufacturing and transport",PL,2023,THS_PER,Y15-64,T,202.9
lfsa_egai2d,OC93,"Labourers in mining, construction, manufacturing and transport",PL,2024,THS_PER,Y15-64,T,203.0
lfsa_egai2d,OC93,"Labourers in mining, construction, manufacturing and transport",PL,2025,THS_PER,Y15-64,T,226.8
lfsa_egai2d,OC93,"Labourers in mining, construction, manufacturing and transport",PT,2015,THS_PER,Y15-64,T,86.0
lfsa_egai2d,OC93,"Labourers in mining, construction, manufacturing and transport",PT,2016,THS_PER,Y15-64,T,85.4
lfsa_egai2d,OC93,"Labourers in mining, construction, manufacturing and transport",PT,2017,THS_PER,Y15-64,T,96.6
lfsa_egai2d,OC93,"Labourers in mining, construction, manufacturing and transport",PT,2018,THS_PER,Y15-64,T,87.7
lfsa_egai2d,OC93,"Labourers in mining, construction, manufacturing and transport",PT,2019,THS_PER,Y15-64,T,78.0
lfsa_egai2d,OC93,"Labourers in mining, construction, manufacturing and transport",PT,2020,THS_PER,Y15-64,T,62.2
lfsa_egai2d,OC93,"Labourers in mining, construction, manufacturing and transport",PT,2021,THS_PER,Y15-64,T,79.2
lfsa_egai2d,OC93,"Labourers in mining, construction, manufacturing and transport",PT,2022,THS_PER,Y15-64,T,91.3
lfsa_egai2d,OC93,"Labourers in mining, construction, manufacturing and transport",PT,2023,THS_PER,Y15-64,T,96.8
lfsa_egai2d,OC93,"Labourers in mining, construction, manufacturing and transport",PT,2024,THS_PER,Y15-64,T,86.9
lfsa_egai2d,OC93,"Labourers in mining, construction, manufacturing and transport",PT,2025,THS_PER,Y15-64,T,91.3
lfsa_egai2d,OC93,"Labourers in mining, construction, manufacturing and transport",RO,2015,THS_PER,Y15-64,T,264.4
lfsa_egai2d,OC93,"Labourers in mining, construction, manufacturing and transport",RO,2016,THS_PER,Y15-64,T,283.6
lfsa_egai2d,OC93,"Labourers in mining, construction, manufacturing and transport",RO,2017,THS_PER,Y15-64,T,286.5
lfsa_egai2d,OC93,"Labourers in mining, construction, manufacturing and transport",RO,2018,THS_PER,Y15-64,T,291.9
lfsa_egai2d,OC93,"Labourers in mining, construction, manufacturing and transport",RO,2019,THS_PER,Y15-64,T,373.6
lfsa_egai2d,OC93,"Labourers in mining, construction, manufacturing and transport",RO,2020,THS_PER,Y15-64,T,387.1
lfsa_egai2d,OC93,"Labourers in mining, construction, manufacturing and transport",RO,2021,THS_PER,Y15-64,T,346.2
lfsa_egai2d,OC93,"Labourers in mining, construction, manufacturing and transport",RO,2022,THS_PER,Y15-64,T,346.6
lfsa_egai2d,OC93,"Labourers in mining, construction, manufacturing and transport",RO,2023,THS_PER,Y15-64,T,358.1
lfsa_egai2d,OC93,"Labourers in mining, construction, manufacturing and transport",RO,2024,THS_PER,Y15-64,T,337.2
lfsa_egai2d,OC93,"Labourers in mining, construction, manufacturing and transport",RO,2025,THS_PER,Y15-64,T,354.4
lfsa_egai2d,OC93,"Labourers in mining, construction, manufacturing and transport",SE,2015,THS_PER,Y15-64,T,48.2
lfsa_egai2d,OC93,"Labourers in mining, construction, manufacturing and transport",SE,2016,THS_PER,Y15-64,T,45.8
lfsa_egai2d,OC93,"Labourers in mining, construction, manufacturing and transport",SE,2017,THS_PER,Y15-64,T,46.2
lfsa_egai2d,OC93,"Labourers in mining, construction, manufacturing and transport",SE,2018,THS_PER,Y15-64,T,52.2
lfsa_egai2d,OC93,"Labourers in mining, construction, manufacturing and transport",SE,2019,THS_PER,Y15-64,T,57.9
lfsa_egai2d,OC93,"Labourers in mining, construction, manufacturing and transport",SE,2020,THS_PER,Y15-64,T,49.2
lfsa_egai2d,OC93,"Labourers in mining, construction, manufacturing and transport",SE,2021,THS_PER,Y15-64,T,48.2
lfsa_egai2d,OC93,"Labourers in mining, construction, manufacturing and transport",SE,2022,THS_PER,Y15-64,T,47.9
lfsa_egai2d,OC93,"Labourers in mining, construction, manufacturing and transport",SE,2023,THS_PER,Y15-64,T,50.2
lfsa_egai2d,OC93,"Labourers in mining, construction, manufacturing and transport",SE,2024,THS_PER,Y15-64,T,44.3
lfsa_egai2d,OC93,"Labourers in mining, construction, manufacturing and transport",SE,2025,THS_PER,Y15-64,T,45.4
lfsa_egai2d,OC93,"Labourers in mining, construction, manufacturing and transport",UK,2015,THS_PER,Y15-64,T,1021.4
lfsa_egai2d,OC93,"Labourers in mining, construction, manufacturing and transport",UK,2016,THS_PER,Y15-64,T,1023.8
lfsa_egai2d,OC93,"Labourers in mining, construction, manufacturing and transport",UK,2017,THS_PER,Y15-64,T,1038.6
lfsa_egai2d,OC93,"Labourers in mining, construction, manufacturing and transport",UK,2018,THS_PER,Y15-64,T,1036.4
lfsa_egai2d,OC93,"Labourers in mining, construction, manufacturing and transport",UK,2019,THS_PER,Y15-64,T,962.2
lfsa_egai2d,OC2,Professionals,AT,2015,THS_PER,Y15-64,T,668.0
lfsa_egai2d,OC2,Professionals,AT,2016,THS_PER,Y15-64,T,702.0
lfsa_egai2d,OC2,Professionals,AT,2017,THS_PER,Y15-64,T,733.7
lfsa_egai2d,OC2,Professionals,AT,2018,THS_PER,Y15-64,T,848.2
lfsa_egai2d,OC2,Professionals,AT,2019,THS_PER,Y15-64,T,858.2
lfsa_egai2d,OC2,Professionals,AT,2020,THS_PER,Y15-64,T,864.1
lfsa_egai2d,OC2,Professionals,AT,2021,THS_PER,Y15-64,T,881.4
lfsa_egai2d,OC2,Professionals,AT,2022,THS_PER,Y15-64,T,913.0
lfsa_egai2d,OC2,Professionals,AT,2023,THS_PER,Y15-64,T,964.6
lfsa_egai2d,OC2,Professionals,AT,2024,THS_PER,Y15-64,T,997.1
lfsa_egai2d,OC2,Professionals,AT,2025,THS_PER,Y15-64,T,1000.0
lfsa_egai2d,OC2,Professionals,BE,2015,THS_PER,Y15-64,T,1030.1
lfsa_egai2d,OC2,Professionals,BE,2016,THS_PER,Y15-64,T,1082.0
lfsa_egai2d,OC2,Professionals,BE,2017,THS_PER,Y15-64,T,1159.0
lfsa_egai2d,OC2,Professionals,BE,2018,THS_PER,Y15-64,T,1175.8
lfsa_egai2d,OC2,Professionals,BE,2019,THS_PER,Y15-64,T,1202.2
lfsa_egai2d,OC2,Professionals,BE,2020,THS_PER,Y15-64,T,1255.8
lfsa_egai2d,OC2,Professionals,BE,2021,THS_PER,Y15-64,T,1300.9
lfsa_egai2d,OC2,Professionals,BE,2022,THS_PER,Y15-64,T,1308.1
lfsa_egai2d,OC2,Professionals,BE,2023,THS_PER,Y15-64,T,1292.6
lfsa_egai2d,OC2,Professionals,BE,2024,THS_PER,Y15-64,T,1369.3
lfsa_egai2d,OC2,Professionals,BE,2025,THS_PER,Y15-64,T,1465.8
lfsa_egai2d,OC2,Professionals,CZ,2015,THS_PER,Y15-64,T,739.7
lfsa_egai2d,OC2,Professionals,CZ,2016,THS_PER,Y15-64,T,758.5
lfsa_egai2d,OC2,Professionals,CZ,2017,THS_PER,Y15-64,T,772.2
lfsa_egai2d,OC2,Professionals,CZ,2018,THS_PER,Y15-64,T,818.9
lfsa_egai2d,OC2,Professionals,CZ,2019,THS_PER,Y15-64,T,818.4
lfsa_egai2d,OC2,Professionals,CZ,2020,THS_PER,Y15-64,T,849.3
lfsa_egai2d,OC2,Professionals,CZ,2021,THS_PER,Y15-64,T,930.3
lfsa_egai2d,OC2,Professionals,CZ,2022,THS_PER,Y15-64,T,916.5
lfsa_egai2d,OC2,Professionals,CZ,2023,THS_PER,Y15-64,T,949.6
lfsa_egai2d,OC2,Professionals,CZ,2024,THS_PER,Y15-64,T,1021.0
lfsa_egai2d,OC2,Professionals,CZ,2025,THS_PER,Y15-64,T,1060.1
lfsa_egai2d,OC2,Professionals,DE,2015,THS_PER,Y15-64,T,6716.0
lfsa_egai2d,OC2,Professionals,DE,2016,THS_PER,Y15-64,T,7036.1
lfsa_egai2d,OC2,Professionals,DE,2017,THS_PER,Y15-64,T,7168.3
lfsa_egai2d,OC2,Professionals,DE,2018,THS_PER,Y15-64,T,7223.6
lfsa_egai2d,OC2,Professionals,DE,2019,THS_PER,Y15-64,T,7405.9
lfsa_egai2d,OC2,Professionals,DE,2020,THS_PER,Y15-64,T,8143.2
lfsa_egai2d,OC2,Professionals,DE,2021,THS_PER,Y15-64,T,8691.0
lfsa_egai2d,OC2,Professionals,DE,2022,THS_PER,Y15-64,T,8943.4
lfsa_egai2d,OC2,Professionals,DE,2023,THS_PER,Y15-64,T,9213.9
lfsa_egai2d,OC2,Professionals,DE,2024,THS_PER,Y15-64,T,9434.7
lfsa_egai2d,OC2,Professionals,DE,2025,THS_PER,Y15-64,T,9606.7
lfsa_egai2d,OC2,Professionals,DK,2015,THS_PER,Y15-64,T,681.3
lfsa_egai2d,OC2,Professionals,DK,2016,THS_PER,Y15-64,T,698.6
lfsa_egai2d,OC2,Professionals,DK,2017,THS_PER,Y15-64,T,716.8
lfsa_egai2d,OC2,Professionals,DK,2018,THS_PER,Y15-64,T,755.0
lfsa_egai2d,OC2,Professionals,DK,2019,THS_PER,Y15-64,T,773.4
lfsa_egai2d,OC2,Professionals,DK,2020,THS_PER,Y15-64,T,790.3
lfsa_egai2d,OC2,Professionals,DK,2021,THS_PER,Y15-64,T,775.2
lfsa_egai2d,OC2,Professionals,DK,2022,THS_PER,Y15-64,T,802.8
lfsa_egai2d,OC2,Professionals,DK,2023,THS_PER,Y15-64,T,827.5
lfsa_egai2d,OC2,Professionals,DK,2024,THS_PER,Y15-64,T,846.3
lfsa_egai2d,OC2,Professionals,DK,2025,THS_PER,Y15-64,T,859.6
lfsa_egai2d,OC2,Professionals,EL,2015,THS_PER,Y15-64,T,658.6
lfsa_egai2d,OC2,Professionals,EL,2016,THS_PER,Y15-64,T,698.2
lfsa_egai2d,OC2,Professionals,EL,2017,THS_PER,Y15-64,T,717.6
lfsa_egai2d,OC2,Professionals,EL,2018,THS_PER,Y15-64,T,724.3
lfsa_egai2d,OC2,Professionals,EL,2019,THS_PER,Y15-64,T,733.7
lfsa_egai2d,OC2,Professionals,EL,2020,THS_PER,Y15-64,T,758.0
lfsa_egai2d,OC2,Professionals,EL,2021,THS_PER,Y15-64,T,798.8
lfsa_egai2d,OC2,Professionals,EL,2022,THS_PER,Y15-64,T,880.9
lfsa_egai2d,OC2,Professionals,EL,2023,THS_PER,Y15-64,T,893.5
lfsa_egai2d,OC2,Professionals,EL,2024,THS_PER,Y15-64,T,922.0
lfsa_egai2d,OC2,Professionals,EL,2025,THS_PER,Y15-64,T,944.5
lfsa_egai2d,OC2,Professionals,ES,2015,THS_PER,Y15-64,T,3080.9
lfsa_egai2d,OC2,Professionals,ES,2016,THS_PER,Y15-64,T,3244.5
lfsa_egai2d,OC2,Professionals,ES,2017,THS_PER,Y15-64,T,3317.0
lfsa_egai2d,OC2,Professionals,ES,2018,THS_PER,Y15-64,T,3406.5
lfsa_egai2d,OC2,Professionals,ES,2019,THS_PER,Y15-64,T,3607.8
lfsa_egai2d,OC2,Professionals,ES,2020,THS_PER,Y15-64,T,3633.3
lfsa_egai2d,OC2,Professionals,ES,2021,THS_PER,Y15-64,T,3760.6
lfsa_egai2d,OC2,Professionals,ES,2022,THS_PER,Y15-64,T,3847.4
lfsa_egai2d,OC2,Professionals,ES,2023,THS_PER,Y15-64,T,4049.1
lfsa_egai2d,OC2,Professionals,ES,2024,THS_PER,Y15-64,T,4233.3
lfsa_egai2d,OC2,Professionals,ES,2025,THS_PER,Y15-64,T,4399.4
lfsa_egai2d,OC2,Professionals,EU27_2020,2015,THS_PER,Y15-64,T,33244.0
lfsa_egai2d,OC2,Professionals,EU27_2020,2016,THS_PER,Y15-64,T,34256.4
lfsa_egai2d,OC2,Professionals,EU27_2020,2017,THS_PER,Y15-64,T,35172.2
lfsa_egai2d,OC2,Professionals,EU27_2020,2018,THS_PER,Y15-64,T,36182.8
lfsa_egai2d,OC2,Professionals,EU27_2020,2019,THS_PER,Y15-64,T,37501.2
lfsa_egai2d,OC2,Professionals,EU27_2020,2020,THS_PER,Y15-64,T,39175.2
lfsa_egai2d,OC2,Professionals,EU27_2020,2021,THS_PER,Y15-64,T,41325.9
lfsa_egai2d,OC2,Professionals,EU27_2020,2022,THS_PER,Y15-64,T,42535.7
lfsa_egai2d,OC2,Professionals,EU27_2020,2023,THS_PER,Y15-64,T,44112.4
lfsa_egai2d,OC2,Professionals,EU27_2020,2024,THS_PER,Y15-64,T,45631.1
lfsa_egai2d,OC2,Professionals,EU27_2020,2025,THS_PER,Y15-64,T,46949.8
lfsa_egai2d,OC2,Professionals,FI,2015,THS_PER,Y15-64,T,576.1
lfsa_egai2d,OC2,Professionals,FI,2016,THS_PER,Y15-64,T,569.7
lfsa_egai2d,OC2,Professionals,FI,2017,THS_PER,Y15-64,T,599.3
lfsa_egai2d,OC2,Professionals,FI,2018,THS_PER,Y15-64,T,623.1
lfsa_egai2d,OC2,Professionals,FI,2019,THS_PER,Y15-64,T,656.4
lfsa_egai2d,OC2,Professionals,FI,2020,THS_PER,Y15-64,T,715.9
lfsa_egai2d,OC2,Professionals,FI,2021,THS_PER,Y15-64,T,652.0
lfsa_egai2d,OC2,Professionals,FI,2022,THS_PER,Y15-64,T,675.3
lfsa_egai2d,OC2,Professionals,FI,2023,THS_PER,Y15-64,T,685.9
lfsa_egai2d,OC2,Professionals,FI,2024,THS_PER,Y15-64,T,662.5
lfsa_egai2d,OC2,Professionals,FI,2025,THS_PER,Y15-64,T,670.5
lfsa_egai2d,OC2,Professionals,FR,2015,THS_PER,Y15-64,T,4479.1
lfsa_egai2d,OC2,Professionals,FR,2016,THS_PER,Y15-64,T,4603.6
lfsa_egai2d,OC2,Professionals,FR,2017,THS_PER,Y15-64,T,4729.3
lfsa_egai2d,OC2,Professionals,FR,2018,THS_PER,Y15-64,T,4880.8
lfsa_egai2d,OC2,Professionals,FR,2019,THS_PER,Y15-64,T,5030.1
lfsa_egai2d,OC2,Professionals,FR,2020,THS_PER,Y15-64,T,5334.0
lfsa_egai2d,OC2,Professionals,FR,2021,THS_PER,Y15-64,T,6251.8
lfsa_egai2d,OC2,Professionals,FR,2022,THS_PER,Y15-64,T,6354.0
lfsa_egai2d,OC2,Professionals,FR,2023,THS_PER,Y15-64,T,6699.4
lfsa_egai2d,OC2,Professionals,FR,2024,THS_PER,Y15-64,T,6974.1
lfsa_egai2d,OC2,Professionals,FR,2025,THS_PER,Y15-64,T,7336.7
lfsa_egai2d,OC2,Professionals,HU,2015,THS_PER,Y15-64,T,650.2
lfsa_egai2d,OC2,Professionals,HU,2016,THS_PER,Y15-64,T,646.4
lfsa_egai2d,OC2,Professionals,HU,2017,THS_PER,Y15-64,T,638.2
lfsa_egai2d,OC2,Professionals,HU,2018,THS_PER,Y15-64,T,669.2
lfsa_egai2d,OC2,Professionals,HU,2019,THS_PER,Y15-64,T,731.4
lfsa_egai2d,OC2,Professionals,HU,2020,THS_PER,Y15-64,T,813.6
lfsa_egai2d,OC2,Professionals,HU,2021,THS_PER,Y15-64,T,873.3
lfsa_egai2d,OC2,Professionals,HU,2022,THS_PER,Y15-64,T,851.3
lfsa_egai2d,OC2,Professionals,HU,2023,THS_PER,Y15-64,T,850.4
lfsa_egai2d,OC2,Professionals,HU,2024,THS_PER,Y15-64,T,917.5
lfsa_egai2d,OC2,Professionals,HU,2025,THS_PER,Y15-64,T,953.7
lfsa_egai2d,OC2,Professionals,IE,2015,THS_PER,Y15-64,T,472.7
lfsa_egai2d,OC2,Professionals,IE,2016,THS_PER,Y15-64,T,490.2
lfsa_egai2d,OC2,Professionals,IE,2017,THS_PER,Y15-64,T,507.3
lfsa_egai2d,OC2,Professionals,IE,2018,THS_PER,Y15-64,T,517.2
lfsa_egai2d,OC2,Professionals,IE,2019,THS_PER,Y15-64,T,546.5
lfsa_egai2d,OC2,Professionals,IE,2020,THS_PER,Y15-64,T,575.2
lfsa_egai2d,OC2,Professionals,IE,2021,THS_PER,Y15-64,T,618.7
lfsa_egai2d,OC2,Professionals,IE,2022,THS_PER,Y15-64,T,657.2
lfsa_egai2d,OC2,Professionals,IE,2023,THS_PER,Y15-64,T,691.2
lfsa_egai2d,OC2,Professionals,IE,2024,THS_PER,Y15-64,T,738.1
lfsa_egai2d,OC2,Professionals,IE,2025,THS_PER,Y15-64,T,795.4
lfsa_egai2d,OC2,Professionals,IT,2015,THS_PER,Y15-64,T,3134.7
lfsa_egai2d,OC2,Professionals,IT,2016,THS_PER,Y15-64,T,3211.0
lfsa_egai2d,OC2,Professionals,IT,2017,THS_PER,Y15-64,T,3281.1
lfsa_egai2d,OC2,Professionals,IT,2018,THS_PER,Y15-64,T,3317.7
lfsa_egai2d,OC2,Professionals,IT,2019,THS_PER,Y15-64,T,3396.1
lfsa_egai2d,OC2,Professionals,IT,2020,THS_PER,Y15-64,T,3380.9
lfsa_egai2d,OC2,Professionals,IT,2021,THS_PER,Y15-64,T,3226.0
lfsa_egai2d,OC2,Professionals,IT,2022,THS_PER,Y15-64,T,3321.5
lfsa_egai2d,OC2,Professionals,IT,2023,THS_PER,Y15-64,T,3483.4
lfsa_egai2d,OC2,Professionals,IT,2024,THS_PER,Y15-64,T,3610.1
lfsa_egai2d,OC2,Professionals,IT,2025,THS_PER,Y15-64,T,3651.2
lfsa_egai2d,OC2,Professionals,NL,2015,THS_PER,Y15-64,T,2039.0
lfsa_egai2d,OC2,Professionals,NL,2016,THS_PER,Y15-64,T,2110.6
lfsa_egai2d,OC2,Professionals,NL,2017,THS_PER,Y15-64,T,2153.9
lfsa_egai2d,OC2,Professionals,NL,2018,THS_PER,Y15-64,T,2269.7
lfsa_egai2d,OC2,Professionals,NL,2019,THS_PER,Y15-64,T,2351.3
lfsa_egai2d,OC2,Professionals,NL,2020,THS_PER,Y15-64,T,2469.4
lfsa_egai2d,OC2,Professionals,NL,2021,THS_PER,Y15-64,T,2710.5
lfsa_egai2d,OC2,Professionals,NL,2022,THS_PER,Y15-64,T,2902.2
lfsa_egai2d,OC2,Professionals,NL,2023,THS_PER,Y15-64,T,2941.1
lfsa_egai2d,OC2,Professionals,NL,2024,THS_PER,Y15-64,T,3017.6
lfsa_egai2d,OC2,Professionals,NL,2025,THS_PER,Y15-64,T,3134.5
lfsa_egai2d,OC2,Professionals,PL,2015,THS_PER,Y15-64,T,3018.7
lfsa_egai2d,OC2,Professionals,PL,2016,THS_PER,Y15-64,T,2984.3
lfsa_egai2d,OC2,Professionals,PL,2017,THS_PER,Y15-64,T,3092.6
lfsa_egai2d,OC2,Professionals,PL,2018,THS_PER,Y15-64,T,3200.6
lfsa_egai2d,OC2,Professionals,PL,2019,THS_PER,Y15-64,T,3471.4
lfsa_egai2d,OC2,Professionals,PL,2020,THS_PER,Y15-64,T,3492.7
lfsa_egai2d,OC2,Professionals,PL,2021,THS_PER,Y15-64,T,3572.3
lfsa_egai2d,OC2,Professionals,PL,2022,THS_PER,Y15-64,T,3582.3
lfsa_egai2d,OC2,Professionals,PL,2023,THS_PER,Y15-64,T,3919.6
lfsa_egai2d,OC2,Professionals,PL,2024,THS_PER,Y15-64,T,3945.6
lfsa_egai2d,OC2,Professionals,PL,2025,THS_PER,Y15-64,T,4008.6
lfsa_egai2d,OC2,Professionals,PT,2015,THS_PER,Y15-64,T,801.8
lfsa_egai2d,OC2,Professionals,PT,2016,THS_PER,Y15-64,T,813.4
lfsa_egai2d,OC2,Professionals,PT,2017,THS_PER,Y15-64,T,859.9
lfsa_egai2d,OC2,Professionals,PT,2018,THS_PER,Y15-64,T,904.2
lfsa_egai2d,OC2,Professionals,PT,2019,THS_PER,Y15-64,T,929.4
lfsa_egai2d,OC2,Professionals,PT,2020,THS_PER,Y15-64,T,1014.8
lfsa_egai2d,OC2,Professionals,PT,2021,THS_PER,Y15-64,T,1033.2
lfsa_egai2d,OC2,Professionals,PT,2022,THS_PER,Y15-64,T,1066.5
lfsa_egai2d,OC2,Professionals,PT,2023,THS_PER,Y15-64,T,1074.1
lfsa_egai2d,OC2,Professionals,PT,2024,THS_PER,Y15-64,T,1131.0
lfsa_egai2d,OC2,Professionals,PT,2025,THS_PER,Y15-64,T,1187.3
lfsa_egai2d,OC2,Professionals,RO,2015,THS_PER,Y15-64,T,1256.6
lfsa_egai2d,OC2,Professionals,RO,2016,THS_PER,Y15-64,T,1280.3
lfsa_egai2d,OC2,Professionals,RO,2017,THS_PER,Y15-64,T,1326.3
lfsa_egai2d,OC2,Professionals,RO,2018,THS_PER,Y15-64,T,1328.1
lfsa_egai2d,OC2,Professionals,RO,2019,THS_PER,Y15-64,T,1341.7
lfsa_egai2d,OC2,Professionals,RO,2020,THS_PER,Y15-64,T,1314.2
lfsa_egai2d,OC2,Professionals,RO,2021,THS_PER,Y15-64,T,1347.7
lfsa_egai2d,OC2,Professionals,RO,2022,THS_PER,Y15-64,T,1410.6
lfsa_egai2d,OC2,Professionals,RO,2023,THS_PER,Y15-64,T,1340.8
lfsa_egai2d,OC2,Professionals,RO,2024,THS_PER,Y15-64,T,1398.7
lfsa_egai2d,OC2,Professionals,RO,2025,THS_PER,Y15-64,T,1403.9
lfsa_egai2d,OC2,Professionals,SE,2015,THS_PER,Y15-64,T,1242.5
lfsa_egai2d,OC2,Professionals,SE,2016,THS_PER,Y15-64,T,1311.0
lfsa_egai2d,OC2,Professionals,SE,2017,THS_PER,Y15-64,T,1345.6
lfsa_egai2d,OC2,Professionals,SE,2018,THS_PER,Y15-64,T,1407.8
lfsa_egai2d,OC2,Professionals,SE,2019,THS_PER,Y15-64,T,1472.0
lfsa_egai2d,OC2,Professionals,SE,2020,THS_PER,Y15-64,T,1497.9
lfsa_egai2d,OC2,Professionals,SE,2021,THS_PER,Y15-64,T,1542.9
lfsa_egai2d,OC2,Professionals,SE,2022,THS_PER,Y15-64,T,1649.6
lfsa_egai2d,OC2,Professionals,SE,2023,THS_PER,Y15-64,T,1696.2
lfsa_egai2d,OC2,Professionals,SE,2024,THS_PER,Y15-64,T,1686.3
lfsa_egai2d,OC2,Professionals,SE,2025,THS_PER,Y15-64,T,1689.0
lfsa_egai2d,OC2,Professionals,UK,2015,THS_PER,Y15-64,T,7405.6
lfsa_egai2d,OC2,Professionals,UK,2016,THS_PER,Y15-64,T,7722.3
lfsa_egai2d,OC2,Professionals,UK,2017,THS_PER,Y15-64,T,7730.7
lfsa_egai2d,OC2,Professionals,UK,2018,THS_PER,Y15-64,T,7919.2
lfsa_egai2d,OC2,Professionals,UK,2019,THS_PER,Y15-64,T,8365.8
lfsa_egai2d,OC3,Technicians and associate professionals,AT,2015,THS_PER,Y15-64,T,798.2
lfsa_egai2d,OC3,Technicians and associate professionals,AT,2016,THS_PER,Y15-64,T,798.2
lfsa_egai2d,OC3,Technicians and associate professionals,AT,2017,THS_PER,Y15-64,T,812.2
lfsa_egai2d,OC3,Technicians and associate professionals,AT,2018,THS_PER,Y15-64,T,733.2
lfsa_egai2d,OC3,Technicians and associate professionals,AT,2019,THS_PER,Y15-64,T,740.2
lfsa_egai2d,OC3,Technicians and associate professionals,AT,2020,THS_PER,Y15-64,T,765.0
lfsa_egai2d,OC3,Technicians and associate professionals,AT,2021,THS_PER,Y15-64,T,766.9
lfsa_egai2d,OC3,Technicians and associate professionals,AT,2022,THS_PER,Y15-64,T,791.4
lfsa_egai2d,OC3,Technicians and associate professionals,AT,2023,THS_PER,Y15-64,T,801.5
lfsa_egai2d,OC3,Technicians and associate professionals,AT,2024,THS_PER,Y15-64,T,792.5
lfsa_egai2d,OC3,Technicians and associate professionals,AT,2025,THS_PER,Y15-64,T,809.2
lfsa_egai2d,OC3,Technicians and associate professionals,BE,2015,THS_PER,Y15-64,T,649.8
lfsa_egai2d,OC3,Technicians and associate professionals,BE,2016,THS_PER,Y15-64,T,619.6
lfsa_egai2d,OC3,Technicians and associate professionals,BE,2017,THS_PER,Y15-64,T,655.8
lfsa_egai2d,OC3,Technicians and associate professionals,BE,2018,THS_PER,Y15-64,T,670.6
lfsa_egai2d,OC3,Technicians and associate professionals,BE,2019,THS_PER,Y15-64,T,667.8
lfsa_egai2d,OC3,Technicians and associate professionals,BE,2020,THS_PER,Y15-64,T,680.1
lfsa_egai2d,OC3,Technicians and associate professionals,BE,2021,THS_PER,Y15-64,T,695.5
lfsa_egai2d,OC3,Technicians and associate professionals,BE,2022,THS_PER,Y15-64,T,732.5
lfsa_egai2d,OC3,Technicians and associate professionals,BE,2023,THS_PER,Y15-64,T,744.7
lfsa_egai2d,OC3,Technicians and associate professionals,BE,2024,THS_PER,Y15-64,T,744.9
lfsa_egai2d,OC3,Technicians and associate professionals,BE,2025,THS_PER,Y15-64,T,765.7
lfsa_egai2d,OC3,Technicians and associate professionals,CZ,2015,THS_PER,Y15-64,T,840.5
lfsa_egai2d,OC3,Technicians and associate professionals,CZ,2016,THS_PER,Y15-64,T,865.3
lfsa_egai2d,OC3,Technicians and associate professionals,CZ,2017,THS_PER,Y15-64,T,909.6
lfsa_egai2d,OC3,Technicians and associate professionals,CZ,2018,THS_PER,Y15-64,T,892.6
lfsa_egai2d,OC3,Technicians and associate professionals,CZ,2019,THS_PER,Y15-64,T,886.2
lfsa_egai2d,OC3,Technicians and associate professionals,CZ,2020,THS_PER,Y15-64,T,895.1
lfsa_egai2d,OC3,Technicians and associate professionals,CZ,2021,THS_PER,Y15-64,T,855.4
lfsa_egai2d,OC3,Technicians and associate professionals,CZ,2022,THS_PER,Y15-64,T,829.1
lfsa_egai2d,OC3,Technicians and associate professionals,CZ,2023,THS_PER,Y15-64,T,798.9
lfsa_egai2d,OC3,Technicians and associate professionals,CZ,2024,THS_PER,Y15-64,T,829.9
lfsa_egai2d,OC3,Technicians and associate professionals,CZ,2025,THS_PER,Y15-64,T,853.6
lfsa_egai2d,OC3,Technicians and associate professionals,DE,2015,THS_PER,Y15-64,T,8852.6
lfsa_egai2d,OC3,Technicians and associate professionals,DE,2016,THS_PER,Y15-64,T,9019.4
lfsa_egai2d,OC3,Technicians and associate professionals,DE,2017,THS_PER,Y15-64,T,9090.7
lfsa_egai2d,OC3,Technicians and associate professionals,DE,2018,THS_PER,Y15-64,T,9266.0
lfsa_egai2d,OC3,Technicians and associate professionals,DE,2019,THS_PER,Y15-64,T,9561.4
lfsa_egai2d,OC3,Technicians and associate professionals,DE,2020,THS_PER,Y15-64,T,8072.1
lfsa_egai2d,OC3,Technicians and associate professionals,DE,2021,THS_PER,Y15-64,T,8051.6
lfsa_egai2d,OC3,Technicians and associate professionals,DE,2022,THS_PER,Y15-64,T,8081.1
lfsa_egai2d,OC3,Technicians and associate professionals,DE,2023,THS_PER,Y15-64,T,8074.9
lfsa_egai2d,OC3,Technicians and associate professionals,DE,2024,THS_PER,Y15-64,T,8131.9
lfsa_egai2d,OC3,Technicians and associate professionals,DE,2025,THS_PER,Y15-64,T,8191.6
lfsa_egai2d,OC3,Technicians and associate professionals,DK,2015,THS_PER,Y15-64,T,454.2
lfsa_egai2d,OC3,Technicians and associate professionals,DK,2016,THS_PER,Y15-64,T,467.8
lfsa_egai2d,OC3,Technicians and associate professionals,DK,2017,THS_PER,Y15-64,T,489.9
lfsa_egai2d,OC3,Technicians and associate professionals,DK,2018,THS_PER,Y15-64,T,488.5
lfsa_egai2d,OC3,Technicians and associate professionals,DK,2019,THS_PER,Y15-64,T,496.1
lfsa_egai2d,OC3,Technicians and associate professionals,DK,2020,THS_PER,Y15-64,T,497.9
lfsa_egai2d,OC3,Technicians and associate professionals,DK,2021,THS_PER,Y15-64,T,511.1
lfsa_egai2d,OC3,Technicians and associate professionals,DK,2022,THS_PER,Y15-64,T,518.4
lfsa_egai2d,OC3,Technicians and associate professionals,DK,2023,THS_PER,Y15-64,T,515.1
lfsa_egai2d,OC3,Technicians and associate professionals,DK,2024,THS_PER,Y15-64,T,495.0
lfsa_egai2d,OC3,Technicians and associate professionals,DK,2025,THS_PER,Y15-64,T,481.0
lfsa_egai2d,OC3,Technicians and associate professionals,EL,2015,THS_PER,Y15-64,T,294.6
lfsa_egai2d,OC3,Technicians and associate professionals,EL,2016,THS_PER,Y15-64,T,298.6
lfsa_egai2d,OC3,Technicians and associate professionals,EL,2017,THS_PER,Y15-64,T,295.7
lfsa_egai2d,OC3,Technicians and associate professionals,EL,2018,THS_PER,Y15-64,T,300.9
lfsa_egai2d,OC3,Technicians and associate professionals,EL,2019,THS_PER,Y15-64,T,309.5
lfsa_egai2d,OC3,Technicians and associate professionals,EL,2020,THS_PER,Y15-64,T,327.2
lfsa_egai2d,OC3,Technicians and associate professionals,EL,2021,THS_PER,Y15-64,T,305.1
lfsa_egai2d,OC3,Technicians and associate professionals,EL,2022,THS_PER,Y15-64,T,292.1
lfsa_egai2d,OC3,Technicians and associate professionals,EL,2023,THS_PER,Y15-64,T,288.3
lfsa_egai2d,OC3,Technicians and associate professionals,EL,2024,THS_PER,Y15-64,T,272.9
lfsa_egai2d,OC3,Technicians and associate professionals,EL,2025,THS_PER,Y15-64,T,295.6
lfsa_egai2d,OC3,Technicians and associate professionals,ES,2015,THS_PER,Y15-64,T,1971.4
lfsa_egai2d,OC3,Technicians and associate professionals,ES,2016,THS_PER,Y15-64,T,2018.7
lfsa_egai2d,OC3,Technicians and associate professionals,ES,2017,THS_PER,Y15-64,T,2096.1
lfsa_egai2d,OC3,Technicians and associate professionals,ES,2018,THS_PER,Y15-64,T,2155.7
lfsa_egai2d,OC3,Technicians and associate professionals,ES,2019,THS_PER,Y15-64,T,2220.9
lfsa_egai2d,OC3,Technicians and associate professionals,ES,2020,THS_PER,Y15-64,T,2252.1
lfsa_egai2d,OC3,Technicians and associate professionals,ES,2021,THS_PER,Y15-64,T,2313.3
lfsa_egai2d,OC3,Technicians and associate professionals,ES,2022,THS_PER,Y15-64,T,2411.7
lfsa_egai2d,OC3,Technicians and associate professionals,ES,2023,THS_PER,Y15-64,T,2525.9
lfsa_egai2d,OC3,Technicians and associate professionals,ES,2024,THS_PER,Y15-64,T,2647.0
lfsa_egai2d,OC3,Technicians and associate professionals,ES,2025,THS_PER,Y15-64,T,2694.3
lfsa_egai2d,OC3,Technicians and associate professionals,EU27_2020,2015,THS_PER,Y15-64,T,30758.7
lfsa_egai2d,OC3,Technicians and associate professionals,EU27_2020,2016,THS_PER,Y15-64,T,31357.6
lfsa_egai2d,OC3,Technicians and associate professionals,EU27_2020,2017,THS_PER,Y15-64,T,31825.9
lfsa_egai2d,OC3,Technicians and associate professionals,EU27_2020,2018,THS_PER,Y15-64,T,32239.7
lfsa_egai2d,OC3,Technicians and associate professionals,EU27_2020,2019,THS_PER,Y15-64,T,32772.2
lfsa_egai2d,OC3,Technicians and associate professionals,EU27_2020,2020,THS_PER,Y15-64,T,31273.7
lfsa_egai2d,OC3,Technicians and associate professionals,EU27_2020,2021,THS_PER,Y15-64,T,30961.9
lfsa_egai2d,OC3,Technicians and associate professionals,EU27_2020,2022,THS_PER,Y15-64,T,31399.4
lfsa_egai2d,OC3,Technicians and associate professionals,EU27_2020,2023,THS_PER,Y15-64,T,31860.5
lfsa_egai2d,OC3,Technicians and associate professionals,EU27_2020,2024,THS_PER,Y15-64,T,32213.0
lfsa_egai2d,OC3,Technicians and associate professionals,EU27_2020,2025,THS_PER,Y15-64,T,32377.2
lfsa_egai2d,OC3,Technicians and associate professionals,FI,2015,THS_PER,Y15-64,T,442.0
lfsa_egai2d,OC3,Technicians and associate professionals,FI,2016,THS_PER,Y15-64,T,455.1
lfsa_egai2d,OC3,Technicians and associate professionals,FI,2017,THS_PER,Y15-64,T,459.8
lfsa_egai2d,OC3,Technicians and associate professionals,FI,2018,THS_PER,Y15-64,T,477.5
lfsa_egai2d,OC3,Technicians and associate professionals,FI,2019,THS_PER,Y15-64,T,486.4
lfsa_egai2d,OC3,Technicians and associate professionals,FI,2020,THS_PER,Y15-64,T,482.2
lfsa_egai2d,OC3,Technicians and associate professionals,FI,2021,THS_PER,Y15-64,T,471.1
lfsa_egai2d,OC3,Technicians and associate professionals,FI,2022,THS_PER,Y15-64,T,484.6
lfsa_egai2d,OC3,Technicians and associate professionals,FI,2023,THS_PER,Y15-64,T,485.5
lfsa_egai2d,OC3,Technicians and associate professionals,FI,2024,THS_PER,Y15-64,T,466.2
lfsa_egai2d,OC3,Technicians and associate professionals,FI,2025,THS_PER,Y15-64,T,459.9
lfsa_egai2d,OC3,Technicians and associate professionals,FR,2015,THS_PER,Y15-64,T,5324.0
lfsa_egai2d,OC3,Technicians and associate professionals,FR,2016,THS_PER,Y15-64,T,5358.7
lfsa_egai2d,OC3,Technicians and associate professionals,FR,2017,THS_PER,Y15-64,T,5310.2
lfsa_egai2d,OC3,Technicians and associate professionals,FR,2018,THS_PER,Y15-64,T,5352.2
lfsa_egai2d,OC3,Technicians and associate professionals,FR,2019,THS_PER,Y15-64,T,5393.5
lfsa_egai2d,OC3,Technicians and associate professionals,FR,2020,THS_PER,Y15-64,T,5315.7
lfsa_egai2d,OC3,Technicians and associate professionals,FR,2021,THS_PER,Y15-64,T,4833.0
lfsa_egai2d,OC3,Technicians and associate professionals,FR,2022,THS_PER,Y15-64,T,4963.1
lfsa_egai2d,OC3,Technicians and associate professionals,FR,2023,THS_PER,Y15-64,T,5119.9
lfsa_egai2d,OC3,Technicians and associate professionals,FR,2024,THS_PER,Y15-64,T,5102.3
lfsa_egai2d,OC3,Technicians and associate professionals,FR,2025,THS_PER,Y15-64,T,5109.6
lfsa_egai2d,OC3,Technicians and associate professionals,HU,2015,THS_PER,Y15-64,T,605.8
lfsa_egai2d,OC3,Technicians and associate professionals,HU,2016,THS_PER,Y15-64,T,628.2
lfsa_egai2d,OC3,Technicians and associate professionals,HU,2017,THS_PER,Y15-64,T,655.7
lfsa_egai2d,OC3,Technicians and associate professionals,HU,2018,THS_PER,Y15-64,T,643.2
lfsa_egai2d,OC3,Technicians and associate professionals,HU,2019,THS_PER,Y15-64,T,640.9
lfsa_egai2d,OC3,Technicians and associate professionals,HU,2020,THS_PER,Y15-64,T,631.0
lfsa_egai2d,OC3,Technicians and associate professionals,HU,2021,THS_PER,Y15-64,T,676.6
lfsa_egai2d,OC3,Technicians and associate professionals,HU,2022,THS_PER,Y15-64,T,709.3
lfsa_egai2d,OC3,Technicians and associate professionals,HU,2023,THS_PER,Y15-64,T,717.4
lfsa_egai2d,OC3,Technicians and associate professionals,HU,2024,THS_PER,Y15-64,T,751.3
lfsa_egai2d,OC3,Technicians and associate professionals,HU,2025,THS_PER,Y15-64,T,723.5
lfsa_egai2d,OC3,Technicians and associate professionals,IE,2015,THS_PER,Y15-64,T,223.3
lfsa_egai2d,OC3,Technicians and associate professionals,IE,2016,THS_PER,Y15-64,T,236.0
lfsa_egai2d,OC3,Technicians and associate professionals,IE,2017,THS_PER,Y15-64,T,243.9
lfsa_egai2d,OC3,Technicians and associate professionals,IE,2018,THS_PER,Y15-64,T,253.9
lfsa_egai2d,OC3,Technicians and associate professionals,IE,2019,THS_PER,Y15-64,T,259.9
lfsa_egai2d,OC3,Technicians and associate professionals,IE,2020,THS_PER,Y15-64,T,261.6
lfsa_egai2d,OC3,Technicians and associate professionals,IE,2021,THS_PER,Y15-64,T,293.8
lfsa_egai2d,OC3,Technicians and associate professionals,IE,2022,THS_PER,Y15-64,T,308.8
lfsa_egai2d,OC3,Technicians and associate professionals,IE,2023,THS_PER,Y15-64,T,318.2
lfsa_egai2d,OC3,Technicians and associate professionals,IE,2024,THS_PER,Y15-64,T,341.5
lfsa_egai2d,OC3,Technicians and associate professionals,IE,2025,THS_PER,Y15-64,T,326.2
lfsa_egai2d,OC3,Technicians and associate professionals,IT,2015,THS_PER,Y15-64,T,3867.4
lfsa_egai2d,OC3,Technicians and associate professionals,IT,2016,THS_PER,Y15-64,T,3916.5
lfsa_egai2d,OC3,Technicians and associate professionals,IT,2017,THS_PER,Y15-64,T,3954.3
lfsa_egai2d,OC3,Technicians and associate professionals,IT,2018,THS_PER,Y15-64,T,3982.5
lfsa_egai2d,OC3,Technicians and associate professionals,IT,2019,THS_PER,Y15-64,T,4000.2
lfsa_egai2d,OC3,Technicians and associate professionals,IT,2020,THS_PER,Y15-64,T,3913.8
lfsa_egai2d,OC3,Technicians and associate professionals,IT,2021,THS_PER,Y15-64,T,3788.6
lfsa_egai2d,OC3,Technicians and associate professionals,IT,2022,THS_PER,Y15-64,T,3813.4
lfsa_egai2d,OC3,Technicians and associate professionals,IT,2023,THS_PER,Y15-64,T,4053.6
lfsa_egai2d,OC3,Technicians and associate professionals,IT,2024,THS_PER,Y15-64,T,4130.4
lfsa_egai2d,OC3,Technicians and associate professionals,IT,2025,THS_PER,Y15-64,T,4073.4
lfsa_egai2d,OC3,Technicians and associate professionals,NL,2015,THS_PER,Y15-64,T,1245.1
lfsa_egai2d,OC3,Technicians and associate professionals,NL,2016,THS_PER,Y15-64,T,1303.5
lfsa_egai2d,OC3,Technicians and associate professionals,NL,2017,THS_PER,Y15-64,T,1320.9
lfsa_egai2d,OC3,Technicians and associate professionals,NL,2018,THS_PER,Y15-64,T,1372.8
lfsa_egai2d,OC3,Technicians and associate professionals,NL,2019,THS_PER,Y15-64,T,1431.7
lfsa_egai2d,OC3,Technicians and associate professionals,NL,2020,THS_PER,Y15-64,T,1449.1
lfsa_egai2d,OC3,Technicians and associate professionals,NL,2021,THS_PER,Y15-64,T,1542.0
lfsa_egai2d,OC3,Technicians and associate professionals,NL,2022,THS_PER,Y15-64,T,1575.5
lfsa_egai2d,OC3,Technicians and associate professionals,NL,2023,THS_PER,Y15-64,T,1608.3
lfsa_egai2d,OC3,Technicians and associate professionals,NL,2024,THS_PER,Y15-64,T,1615.6
lfsa_egai2d,OC3,Technicians and associate professionals,NL,2025,THS_PER,Y15-64,T,1624.0
lfsa_egai2d,OC3,Technicians and associate professionals,PL,2015,THS_PER,Y15-64,T,1938.0
lfsa_egai2d,OC3,Technicians and associate professionals,PL,2016,THS_PER,Y15-64,T,2025.4
lfsa_egai2d,OC3,Technicians and associate professionals,PL,2017,THS_PER,Y15-64,T,2096.0
lfsa_egai2d,OC3,Technicians and associate professionals,PL,2018,THS_PER,Y15-64,T,2160.0
lfsa_egai2d,OC3,Technicians and associate professionals,PL,2019,THS_PER,Y15-64,T,2177.5
lfsa_egai2d,OC3,Technicians and associate professionals,PL,2020,THS_PER,Y15-64,T,2245.9
lfsa_egai2d,OC3,Technicians and associate professionals,PL,2021,THS_PER,Y15-64,T,2330.6
lfsa_egai2d,OC3,Technicians and associate professionals,PL,2022,THS_PER,Y15-64,T,2332.2
lfsa_egai2d,OC3,Technicians and associate professionals,PL,2023,THS_PER,Y15-64,T,2290.2
lfsa_egai2d,OC3,Technicians and associate professionals,PL,2024,THS_PER,Y15-64,T,2275.9
lfsa_egai2d,OC3,Technicians and associate professionals,PL,2025,THS_PER,Y15-64,T,2275.4
lfsa_egai2d,OC3,Technicians and associate professionals,PT,2015,THS_PER,Y15-64,T,507.1
lfsa_egai2d,OC3,Technicians and associate professionals,PT,2016,THS_PER,Y15-64,T,539.6
lfsa_egai2d,OC3,Technicians and associate professionals,PT,2017,THS_PER,Y15-64,T,539.5
lfsa_egai2d,OC3,Technicians and associate professionals,PT,2018,THS_PER,Y15-64,T,544.4
lfsa_egai2d,OC3,Technicians and associate professionals,PT,2019,THS_PER,Y15-64,T,534.8
lfsa_egai2d,OC3,Technicians and associate professionals,PT,2020,THS_PER,Y15-64,T,511.1
lfsa_egai2d,OC3,Technicians and associate professionals,PT,2021,THS_PER,Y15-64,T,541.7
lfsa_egai2d,OC3,Technicians and associate professionals,PT,2022,THS_PER,Y15-64,T,559.0
lfsa_egai2d,OC3,Technicians and associate professionals,PT,2023,THS_PER,Y15-64,T,535.0
lfsa_egai2d,OC3,Technicians and associate professionals,PT,2024,THS_PER,Y15-64,T,572.0
lfsa_egai2d,OC3,Technicians and associate professionals,PT,2025,THS_PER,Y15-64,T,597.5
lfsa_egai2d,OC3,Technicians and associate professionals,RO,2015,THS_PER,Y15-64,T,490.8
lfsa_egai2d,OC3,Technicians and associate professionals,RO,2016,THS_PER,Y15-64,T,504.3
lfsa_egai2d,OC3,Technicians and associate professionals,RO,2017,THS_PER,Y15-64,T,518.7
lfsa_egai2d,OC3,Technicians and associate professionals,RO,2018,THS_PER,Y15-64,T,522.7
lfsa_egai2d,OC3,Technicians and associate professionals,RO,2019,THS_PER,Y15-64,T,550.5
lfsa_egai2d,OC3,Technicians and associate professionals,RO,2020,THS_PER,Y15-64,T,552.6
lfsa_egai2d,OC3,Technicians and associate professionals,RO,2021,THS_PER,Y15-64,T,538.4
lfsa_egai2d,OC3,Technicians and associate professionals,RO,2022,THS_PER,Y15-64,T,544.6
lfsa_egai2d,OC3,Technicians and associate professionals,RO,2023,THS_PER,Y15-64,T,535.5
lfsa_egai2d,OC3,Technicians and associate professionals,RO,2024,THS_PER,Y15-64,T,560.2
lfsa_egai2d,OC3,Technicians and associate professionals,RO,2025,THS_PER,Y15-64,T,563.2
lfsa_egai2d,OC3,Technicians and associate professionals,SE,2015,THS_PER,Y15-64,T,833.8
lfsa_egai2d,OC3,Technicians and associate professionals,SE,2016,THS_PER,Y15-64,T,858.9
lfsa_egai2d,OC3,Technicians and associate professionals,SE,2017,THS_PER,Y15-64,T,887.8
lfsa_egai2d,OC3,Technicians and associate professionals,SE,2018,THS_PER,Y15-64,T,909.8
lfsa_egai2d,OC3,Technicians and associate professionals,SE,2019,THS_PER,Y15-64,T,909.3
lfsa_egai2d,OC3,Technicians and associate professionals,SE,2020,THS_PER,Y15-64,T,919.3
lfsa_egai2d,OC3,Technicians and associate professionals,SE,2021,THS_PER,Y15-64,T,880.0
lfsa_egai2d,OC3,Technicians and associate professionals,SE,2022,THS_PER,Y15-64,T,891.9
lfsa_egai2d,OC3,Technicians and associate professionals,SE,2023,THS_PER,Y15-64,T,924.4
lfsa_egai2d,OC3,Technicians and associate professionals,SE,2024,THS_PER,Y15-64,T,914.0
lfsa_egai2d,OC3,Technicians and associate professionals,SE,2025,THS_PER,Y15-64,T,903.5
lfsa_egai2d,OC3,Technicians and associate professionals,UK,2015,THS_PER,Y15-64,T,3743.2
lfsa_egai2d,OC3,Technicians and associate professionals,UK,2016,THS_PER,Y15-64,T,3786.4
lfsa_egai2d,OC3,Technicians and associate professionals,UK,2017,THS_PER,Y15-64,T,3866.6
lfsa_egai2d,OC3,Technicians and associate professionals,UK,2018,THS_PER,Y15-64,T,3963.1
lfsa_egai2d,OC3,Technicians and associate professionals,UK,2019,THS_PER,Y15-64,T,3916.8
