dataset,nace,nace_label,indic,indic_label,geo,year,value
sbs_ovw_act,M7112,Engineering activities and related technical consultancy,AV_MEUR,Value added - million euro,AT,2021,3213.92
sbs_ovw_act,M7112,Engineering activities and related technical consultancy,AV_MEUR,Value added - million euro,AT,2022,3499.86
sbs_ovw_act,M7112,Engineering activities and related technical consultancy,AV_MEUR,Value added - million euro,AT,2023,3729.72
sbs_ovw_act,M7112,Engineering activities and related technical consultancy,AV_MEUR,Value added - million euro,AT,2024,3981.95
sbs_ovw_act,M7112,Engineering activities and related technical consultancy,AV_MEUR,Value added - million euro,BE,2021,3136.13
sbs_ovw_act,M7112,Engineering activities and related technical consultancy,AV_MEUR,Value added - million euro,BE,2022,3389.15
sbs_ovw_act,M7112,Engineering activities and related technical consultancy,AV_MEUR,Value added - million euro,BE,2023,3806.38
sbs_ovw_act,M7112,Engineering activities and related technical consultancy,AV_MEUR,Value added - million euro,BE,2024,3914.82
sbs_ovw_act,M7112,Engineering activities and related technical consultancy,AV_MEUR,Value added - million euro,CZ,2021,1509.87
sbs_ovw_act,M7112,Engineering activities and related technical consultancy,AV_MEUR,Value added - million euro,CZ,2022,1683.61
sbs_ovw_act,M7112,Engineering activities and related technical consultancy,AV_MEUR,Value added - million euro,CZ,2023,1894.61
sbs_ovw_act,M7112,Engineering activities and related technical consultancy,AV_MEUR,Value added - million euro,CZ,2024,1988.68
sbs_ovw_act,M7112,Engineering activities and related technical consultancy,AV_MEUR,Value added - million euro,DE,2021,43698.2
sbs_ovw_act,M7112,Engineering activities and related technical consultancy,AV_MEUR,Value added - million euro,DE,2022,33701.78
sbs_ovw_act,M7112,Engineering activities and related technical consultancy,AV_MEUR,Value added - million euro,DE,2023,46621.56
sbs_ovw_act,M7112,Engineering activities and related technical consultancy,AV_MEUR,Value added - million euro,DE,2024,45401.14
sbs_ovw_act,M7112,Engineering activities and related technical consultancy,AV_MEUR,Value added - million euro,DK,2021,3688.61
sbs_ovw_act,M7112,Engineering activities and related technical consultancy,AV_MEUR,Value added - million euro,DK,2022,3977.65
sbs_ovw_act,M7112,Engineering activities and related technical consultancy,AV_MEUR,Value added - million euro,DK,2023,4272.92
sbs_ovw_act,M7112,Engineering activities and related technical consultancy,AV_MEUR,Value added - million euro,DK,2024,4735.3
sbs_ovw_act,M7112,Engineering activities and related technical consultancy,AV_MEUR,Value added - million euro,EL,2021,918.53
sbs_ovw_act,M7112,Engineering activities and related technical consultancy,AV_MEUR,Value added - million euro,EL,2022,1141.82
sbs_ovw_act,M7112,Engineering activities and related technical consultancy,AV_MEUR,Value added - million euro,EL,2023,1432.79
sbs_ovw_act,M7112,Engineering activities and related technical consultancy,AV_MEUR,Value added - million euro,EL,2024,1748.74
sbs_ovw_act,M7112,Engineering activities and related technical consultancy,AV_MEUR,Value added - million euro,ES,2021,8292.94
sbs_ovw_act,M7112,Engineering activities and related technical consultancy,AV_MEUR,Value added - million euro,ES,2022,9289.7
sbs_ovw_act,M7112,Engineering activities and related technical consultancy,AV_MEUR,Value added - million euro,ES,2023,11143.05
sbs_ovw_act,M7112,Engineering activities and related technical consultancy,AV_MEUR,Value added - million euro,ES,2024,12146.69
sbs_ovw_act,M7112,Engineering activities and related technical consultancy,AV_MEUR,Value added - million euro,EU27_2020,2021,125054.3
sbs_ovw_act,M7112,Engineering activities and related technical consultancy,AV_MEUR,Value added - million euro,EU27_2020,2022,124698.22
sbs_ovw_act,M7112,Engineering activities and related technical consultancy,AV_MEUR,Value added - million euro,EU27_2020,2023,147964.98
sbs_ovw_act,M7112,Engineering activities and related technical consultancy,AV_MEUR,Value added - million euro,FI,2021,2843.2
sbs_ovw_act,M7112,Engineering activities and related technical consultancy,AV_MEUR,Value added - million euro,FI,2022,2977.25
sbs_ovw_act,M7112,Engineering activities and related technical consultancy,AV_MEUR,Value added - million euro,FI,2023,3156.21
sbs_ovw_act,M7112,Engineering activities and related technical consultancy,AV_MEUR,Value added - million euro,FI,2024,3127.17
sbs_ovw_act,M7112,Engineering activities and related technical consultancy,AV_MEUR,Value added - million euro,FR,2021,19791.83
sbs_ovw_act,M7112,Engineering activities and related technical consultancy,AV_MEUR,Value added - million euro,FR,2022,21669.9
sbs_ovw_act,M7112,Engineering activities and related technical consultancy,AV_MEUR,Value added - million euro,FR,2023,23326.72
sbs_ovw_act,M7112,Engineering activities and related technical consultancy,AV_MEUR,Value added - million euro,FR,2024,24493.44
sbs_ovw_act,M7112,Engineering activities and related technical consultancy,AV_MEUR,Value added - million euro,HU,2021,1031.55
sbs_ovw_act,M7112,Engineering activities and related technical consultancy,AV_MEUR,Value added - million euro,HU,2022,1153.56
sbs_ovw_act,M7112,Engineering activities and related technical consultancy,AV_MEUR,Value added - million euro,HU,2023,1433.51
sbs_ovw_act,M7112,Engineering activities and related technical consultancy,AV_MEUR,Value added - million euro,HU,2024,1502.25
sbs_ovw_act,M7112,Engineering activities and related technical consultancy,AV_MEUR,Value added - million euro,IE,2021,2173.79
sbs_ovw_act,M7112,Engineering activities and related technical consultancy,AV_MEUR,Value added - million euro,IE,2022,2799.03
sbs_ovw_act,M7112,Engineering activities and related technical consultancy,AV_MEUR,Value added - million euro,IE,2023,3257.35
sbs_ovw_act,M7112,Engineering activities and related technical consultancy,AV_MEUR,Value added - million euro,IE,2024,3169.49
sbs_ovw_act,M7112,Engineering activities and related technical consultancy,AV_MEUR,Value added - million euro,IT,2021,10395.63
sbs_ovw_act,M7112,Engineering activities and related technical consultancy,AV_MEUR,Value added - million euro,IT,2022,12757.44
sbs_ovw_act,M7112,Engineering activities and related technical consultancy,AV_MEUR,Value added - million euro,IT,2023,14568.64
sbs_ovw_act,M7112,Engineering activities and related technical consultancy,AV_MEUR,Value added - million euro,IT,2024,15483.47
sbs_ovw_act,M7112,Engineering activities and related technical consultancy,AV_MEUR,Value added - million euro,NL,2021,9324.05
sbs_ovw_act,M7112,Engineering activities and related technical consultancy,AV_MEUR,Value added - million euro,NL,2022,9957.57
sbs_ovw_act,M7112,Engineering activities and related technical consultancy,AV_MEUR,Value added - million euro,NL,2023,10796.49
sbs_ovw_act,M7112,Engineering activities and related technical consultancy,AV_MEUR,Value added - million euro,NL,2024,12430.14
sbs_ovw_act,M7112,Engineering activities and related technical consultancy,AV_MEUR,Value added - million euro,PL,2021,2443.48
sbs_ovw_act,M7112,Engineering activities and related technical consultancy,AV_MEUR,Value added - million euro,PL,2022,2673.87
sbs_ovw_act,M7112,Engineering activities and related technical consultancy,AV_MEUR,Value added - million euro,PL,2023,2817.41
sbs_ovw_act,M7112,Engineering activities and related technical consultancy,AV_MEUR,Value added - million euro,PL,2024,3437.28
sbs_ovw_act,M7112,Engineering activities and related technical consultancy,AV_MEUR,Value added - million euro,PT,2021,1116.91
sbs_ovw_act,M7112,Engineering activities and related technical consultancy,AV_MEUR,Value added - million euro,PT,2022,1294.05
sbs_ovw_act,M7112,Engineering activities and related technical consultancy,AV_MEUR,Value added - million euro,PT,2023,1572.4
sbs_ovw_act,M7112,Engineering activities and related technical consultancy,AV_MEUR,Value added - million euro,PT,2024,1828.31
sbs_ovw_act,M7112,Engineering activities and related technical consultancy,AV_MEUR,Value added - million euro,RO,2021,1092.58
sbs_ovw_act,M7112,Engineering activities and related technical consultancy,AV_MEUR,Value added - million euro,RO,2022,1642.95
sbs_ovw_act,M7112,Engineering activities and related technical consultancy,AV_MEUR,Value added - million euro,RO,2023,1995.94
sbs_ovw_act,M7112,Engineering activities and related technical consultancy,AV_MEUR,Value added - million euro,RO,2024,2138.48
sbs_ovw_act,M7112,Engineering activities and related technical consultancy,AV_MEUR,Value added - million euro,SE,2021,7535.05
sbs_ovw_act,M7112,Engineering activities and related technical consultancy,AV_MEUR,Value added - million euro,SE,2022,7768.22
sbs_ovw_act,M7112,Engineering activities and related technical consultancy,AV_MEUR,Value added - million euro,SE,2023,8435.97
sbs_ovw_act,M7112,Engineering activities and related technical consultancy,AV_MEUR,Value added - million euro,SE,2024,8869.19
sbs_ovw_act,M7112,Engineering activities and related technical consultancy,EMP_NR,Persons employed - number,AT,2021,46424.0
sbs_ovw_act,M7112,Engineering activities and related technical consultancy,EMP_NR,Persons employed - number,AT,2022,47539.0
sbs_ovw_act,M7112,Engineering activities and related technical consultancy,EMP_NR,Persons employed - number,AT,2023,48298.0
sbs_ovw_act,M7112,Engineering activities and related technical consultancy,EMP_NR,Persons employed - number,AT,2024,48422.0
sbs_ovw_act,M7112,Engineering activities and related technical consultancy,EMP_NR,Persons employed - number,BE,2021,36440.0
sbs_ovw_act,M7112,Engineering activities and related technical consultancy,EMP_NR,Persons employed - number,BE,2022,36623.0
sbs_ovw_act,M7112,Engineering activities and related technical consultancy,EMP_NR,Persons employed - number,BE,2023,38163.0
sbs_ovw_act,M7112,Engineering activities and related technical consultancy,EMP_NR,Persons employed - number,BE,2024,39332.0
sbs_ovw_act,M7112,Engineering activities and related technical consultancy,EMP_NR,Persons employed - number,CZ,2021,52364.0
sbs_ovw_act,M7112,Engineering activities and related technical consultancy,EMP_NR,Persons employed - number,CZ,2022,54007.0
sbs_ovw_act,M7112,Engineering activities and related technical consultancy,EMP_NR,Persons employed - number,CZ,2023,55558.0
sbs_ovw_act,M7112,Engineering activities and related technical consultancy,EMP_NR,Persons employed - number,CZ,2024,56570.0
sbs_ovw_act,M7112,Engineering activities and related technical consultancy,EMP_NR,Persons employed - number,DE,2021,507024.0
sbs_ovw_act,M7112,Engineering activities and related technical consultancy,EMP_NR,Persons employed - number,DE,2022,479915.0
sbs_ovw_act,M7112,Engineering activities and related technical consultancy,EMP_NR,Persons employed - number,DE,2023,518606.0
sbs_ovw_act,M7112,Engineering activities and related technical consultancy,EMP_NR,Persons employed - number,DE,2024,523062.0
sbs_ovw_act,M7112,Engineering activities and related technical consultancy,EMP_NR,Persons employed - number,DK,2021,36810.0
sbs_ovw_act,M7112,Engineering activities and related technical consultancy,EMP_NR,Persons employed - number,DK,2022,39049.0
sbs_ovw_act,M7112,Engineering activities and related technical consultancy,EMP_NR,Persons employed - number,DK,2023,41923.0
sbs_ovw_act,M7112,Engineering activities and related technical consultancy,EMP_NR,Persons employed - number,DK,2024,44106.0
sbs_ovw_act,M7112,Engineering activities and related technical consultancy,EMP_NR,Persons employed - number,EL,2021,55993.0
sbs_ovw_act,M7112,Engineering activities and related technical consultancy,EMP_NR,Persons employed - number,EL,2022,57063.0
sbs_ovw_act,M7112,Engineering activities and related technical consultancy,EMP_NR,Persons employed - number,EL,2023,59756.0
sbs_ovw_act,M7112,Engineering activities and related technical consultancy,EMP_NR,Persons employed - number,EL,2024,63616.0
sbs_ovw_act,M7112,Engineering activities and related technical consultancy,EMP_NR,Persons employed - number,ES,2021,161479.0
sbs_ovw_act,M7112,Engineering activities and related technical consultancy,EMP_NR,Persons employed - number,ES,2022,165577.0
sbs_ovw_act,M7112,Engineering activities and related technical consultancy,EMP_NR,Persons employed - number,ES,2023,183063.0
sbs_ovw_act,M7112,Engineering activities and related technical consultancy,EMP_NR,Persons employed - number,ES,2024,183411.0
sbs_ovw_act,M7112,Engineering activities and related technical consultancy,EMP_NR,Persons employed - number,EU27_2020,2021,1994931.0
sbs_ovw_act,M7112,Engineering activities and related technical consultancy,EMP_NR,Persons employed - number,EU27_2020,2022,2036566.0
sbs_ovw_act,M7112,Engineering activities and related technical consultancy,EMP_NR,Persons employed - number,EU27_2020,2023,2129303.0
sbs_ovw_act,M7112,Engineering activities and related technical consultancy,EMP_NR,Persons employed - number,FI,2021,39015.0
sbs_ovw_act,M7112,Engineering activities and related technical consultancy,EMP_NR,Persons employed - number,FI,2022,41222.0
sbs_ovw_act,M7112,Engineering activities and related technical consultancy,EMP_NR,Persons employed - number,FI,2023,41859.0
sbs_ovw_act,M7112,Engineering activities and related technical consultancy,EMP_NR,Persons employed - number,FI,2024,40757.0
sbs_ovw_act,M7112,Engineering activities and related technical consultancy,EMP_NR,Persons employed - number,FR,2021,265720.0
sbs_ovw_act,M7112,Engineering activities and related technical consultancy,EMP_NR,Persons employed - number,FR,2022,287029.0
sbs_ovw_act,M7112,Engineering activities and related technical consultancy,EMP_NR,Persons employed - number,FR,2023,294530.0
sbs_ovw_act,M7112,Engineering activities and related technical consultancy,EMP_NR,Persons employed - number,FR,2024,306214.0
sbs_ovw_act,M7112,Engineering activities and related technical consultancy,EMP_NR,Persons employed - number,HU,2021,45216.0
sbs_ovw_act,M7112,Engineering activities and related technical consultancy,EMP_NR,Persons employed - number,HU,2022,47196.0
sbs_ovw_act,M7112,Engineering activities and related technical consultancy,EMP_NR,Persons employed - number,HU,2023,45688.0
sbs_ovw_act,M7112,Engineering activities and related technical consultancy,EMP_NR,Persons employed - number,HU,2024,45346.0
sbs_ovw_act,M7112,Engineering activities and related technical consultancy,EMP_NR,Persons employed - number,IE,2021,25994.0
sbs_ovw_act,M7112,Engineering activities and related technical consultancy,EMP_NR,Persons employed - number,IE,2022,30148.0
sbs_ovw_act,M7112,Engineering activities and related technical consultancy,EMP_NR,Persons employed - number,IE,2023,32505.0
sbs_ovw_act,M7112,Engineering activities and related technical consultancy,EMP_NR,Persons employed - number,IE,2024,33819.0
sbs_ovw_act,M7112,Engineering activities and related technical consultancy,EMP_NR,Persons employed - number,IT,2021,198702.0
sbs_ovw_act,M7112,Engineering activities and related technical consultancy,EMP_NR,Persons employed - number,IT,2022,211762.0
sbs_ovw_act,M7112,Engineering activities and related technical consultancy,EMP_NR,Persons employed - number,IT,2023,217203.0
sbs_ovw_act,M7112,Engineering activities and related technical consultancy,EMP_NR,Persons employed - number,IT,2024,223354.0
sbs_ovw_act,M7112,Engineering activities and related technical consultancy,EMP_NR,Persons employed - number,NL,2021,116402.0
sbs_ovw_act,M7112,Engineering activities and related technical consultancy,EMP_NR,Persons employed - number,NL,2022,120922.0
sbs_ovw_act,M7112,Engineering activities and related technical consultancy,EMP_NR,Persons employed - number,NL,2023,125429.0
sbs_ovw_act,M7112,Engineering activities and related technical consultancy,EMP_NR,Persons employed - number,NL,2024,131015.0
sbs_ovw_act,M7112,Engineering activities and related technical consultancy,EMP_NR,Persons employed - number,PL,2021,102082.0
sbs_ovw_act,M7112,Engineering activities and related technical consultancy,EMP_NR,Persons employed - number,PL,2022,103977.0
sbs_ovw_act,M7112,Engineering activities and related technical consultancy,EMP_NR,Persons employed - number,PL,2023,102808.0
sbs_ovw_act,M7112,Engineering activities and related technical consultancy,EMP_NR,Persons employed - number,PL,2024,105173.0
sbs_ovw_act,M7112,Engineering activities and related technical consultancy,EMP_NR,Persons employed - number,PT,2021,41079.0
sbs_ovw_act,M7112,Engineering activities and related technical consultancy,EMP_NR,Persons employed - number,PT,2022,44323.0
sbs_ovw_act,M7112,Engineering activities and related technical consultancy,EMP_NR,Persons employed - number,PT,2023,46465.0
sbs_ovw_act,M7112,Engineering activities and related technical consultancy,EMP_NR,Persons employed - number,PT,2024,48691.0
sbs_ovw_act,M7112,Engineering activities and related technical consultancy,EMP_NR,Persons employed - number,RO,2021,57013.0
sbs_ovw_act,M7112,Engineering activities and related technical consultancy,EMP_NR,Persons employed - number,RO,2022,60977.0
sbs_ovw_act,M7112,Engineering activities and related technical consultancy,EMP_NR,Persons employed - number,RO,2023,65425.0
sbs_ovw_act,M7112,Engineering activities and related technical consultancy,EMP_NR,Persons employed - number,RO,2024,64447.0
sbs_ovw_act,M7112,Engineering activities and related technical consultancy,EMP_NR,Persons employed - number,SE,2021,112904.0
sbs_ovw_act,M7112,Engineering activities and related technical consultancy,EMP_NR,Persons employed - number,SE,2022,111075.0
sbs_ovw_act,M7112,Engineering activities and related technical consultancy,EMP_NR,Persons employed - number,SE,2023,110392.0
sbs_ovw_act,M7112,Engineering activities and related technical consultancy,EMP_NR,Persons employed - number,SE,2024,110905.0
sbs_ovw_act,M7112,Engineering activities and related technical consultancy,ENT_NR,Enterprises - number,AT,2021,11364.0
sbs_ovw_act,M7112,Engineering activities and related technical consultancy,ENT_NR,Enterprises - number,AT,2022,11123.0
sbs_ovw_act,M7112,Engineering activities and related technical consultancy,ENT_NR,Enterprises - number,AT,2023,11372.0
sbs_ovw_act,M7112,Engineering activities and related technical consultancy,ENT_NR,Enterprises - number,AT,2024,11500.0
sbs_ovw_act,M7112,Engineering activities and related technical consultancy,ENT_NR,Enterprises - number,BE,2021,9786.0
sbs_ovw_act,M7112,Engineering activities and related technical consultancy,ENT_NR,Enterprises - number,BE,2022,9660.0
sbs_ovw_act,M7112,Engineering activities and related technical consultancy,ENT_NR,Enterprises - number,BE,2023,9565.0
sbs_ovw_act,M7112,Engineering activities and related technical consultancy,ENT_NR,Enterprises - number,BE,2024,10738.0
sbs_ovw_act,M7112,Engineering activities and related technical consultancy,ENT_NR,Enterprises - number,CZ,2021,26839.0
sbs_ovw_act,M7112,Engineering activities and related technical consultancy,ENT_NR,Enterprises - number,CZ,2022,28431.0
sbs_ovw_act,M7112,Engineering activities and related technical consultancy,ENT_NR,Enterprises - number,CZ,2023,29187.0
sbs_ovw_act,M7112,Engineering activities and related technical consultancy,ENT_NR,Enterprises - number,CZ,2024,30942.0
sbs_ovw_act,M7112,Engineering activities and related technical consultancy,ENT_NR,Enterprises - number,DE,2021,77498.0
sbs_ovw_act,M7112,Engineering activities and related technical consultancy,ENT_NR,Enterprises - number,DE,2022,77746.0
sbs_ovw_act,M7112,Engineering activities and related technical consultancy,ENT_NR,Enterprises - number,DE,2023,80210.0
sbs_ovw_act,M7112,Engineering activities and related technical consultancy,ENT_NR,Enterprises - number,DE,2024,78818.0
sbs_ovw_act,M7112,Engineering activities and related technical consultancy,ENT_NR,Enterprises - number,DK,2021,4846.0
sbs_ovw_act,M7112,Engineering activities and related technical consultancy,ENT_NR,Enterprises - number,DK,2022,5208.0
sbs_ovw_act,M7112,Engineering activities and related technical consultancy,ENT_NR,Enterprises - number,DK,2023,5455.0
sbs_ovw_act,M7112,Engineering activities and related technical consultancy,ENT_NR,Enterprises - number,DK,2024,5596.0
sbs_ovw_act,M7112,Engineering activities and related technical consultancy,ENT_NR,Enterprises - number,EL,2021,37345.0
sbs_ovw_act,M7112,Engineering activities and related technical consultancy,ENT_NR,Enterprises - number,EL,2022,39141.0
sbs_ovw_act,M7112,Engineering activities and related technical consultancy,ENT_NR,Enterprises - number,EL,2023,40284.0
sbs_ovw_act,M7112,Engineering activities and related technical consultancy,ENT_NR,Enterprises - number,EL,2024,42004.0
sbs_ovw_act,M7112,Engineering activities and related technical consultancy,ENT_NR,Enterprises - number,ES,2021,44214.0
sbs_ovw_act,M7112,Engineering activities and related technical consultancy,ENT_NR,Enterprises - number,ES,2022,44895.0
sbs_ovw_act,M7112,Engineering activities and related technical consultancy,ENT_NR,Enterprises - number,ES,2023,44719.0
sbs_ovw_act,M7112,Engineering activities and related technical consultancy,ENT_NR,Enterprises - number,ES,2024,44621.0
sbs_ovw_act,M7112,Engineering activities and related technical consultancy,ENT_NR,Enterprises - number,EU27_2020,2021,646701.0
sbs_ovw_act,M7112,Engineering activities and related technical consultancy,ENT_NR,Enterprises - number,EU27_2020,2022,668194.0
sbs_ovw_act,M7112,Engineering activities and related technical consultancy,ENT_NR,Enterprises - number,EU27_2020,2023,682423.0
sbs_ovw_act,M7112,Engineering activities and related technical consultancy,ENT_NR,Enterprises - number,FI,2021,9640.0
sbs_ovw_act,M7112,Engineering activities and related technical consultancy,ENT_NR,Enterprises - number,FI,2022,9698.0
sbs_ovw_act,M7112,Engineering activities and related technical consultancy,ENT_NR,Enterprises - number,FI,2023,9675.0
sbs_ovw_act,M7112,Engineering activities and related technical consultancy,ENT_NR,Enterprises - number,FI,2024,9869.0
sbs_ovw_act,M7112,Engineering activities and related technical consultancy,ENT_NR,Enterprises - number,FR,2021,52794.0
sbs_ovw_act,M7112,Engineering activities and related technical consultancy,ENT_NR,Enterprises - number,FR,2022,57068.0
sbs_ovw_act,M7112,Engineering activities and related technical consultancy,ENT_NR,Enterprises - number,FR,2023,59123.0
sbs_ovw_act,M7112,Engineering activities and related technical consultancy,ENT_NR,Enterprises - number,FR,2024,61257.0
sbs_ovw_act,M7112,Engineering activities and related technical consultancy,ENT_NR,Enterprises - number,HU,2021,22212.0
sbs_ovw_act,M7112,Engineering activities and related technical consultancy,ENT_NR,Enterprises - number,HU,2022,22777.0
sbs_ovw_act,M7112,Engineering activities and related technical consultancy,ENT_NR,Enterprises - number,HU,2023,20504.0
sbs_ovw_act,M7112,Engineering activities and related technical consultancy,ENT_NR,Enterprises - number,HU,2024,19769.0
sbs_ovw_act,M7112,Engineering activities and related technical consultancy,ENT_NR,Enterprises - number,IE,2021,6848.0
sbs_ovw_act,M7112,Engineering activities and related technical consultancy,ENT_NR,Enterprises - number,IE,2022,7205.0
sbs_ovw_act,M7112,Engineering activities and related technical consultancy,ENT_NR,Enterprises - number,IE,2023,7393.0
sbs_ovw_act,M7112,Engineering activities and related technical consultancy,ENT_NR,Enterprises - number,IE,2024,7593.0
sbs_ovw_act,M7112,Engineering activities and related technical consultancy,ENT_NR,Enterprises - number,IT,2021,144031.0
sbs_ovw_act,M7112,Engineering activities and related technical consultancy,ENT_NR,Enterprises - number,IT,2022,150861.0
sbs_ovw_act,M7112,Engineering activities and related technical consultancy,ENT_NR,Enterprises - number,IT,2023,151859.0
sbs_ovw_act,M7112,Engineering activities and related technical consultancy,ENT_NR,Enterprises - number,IT,2024,153352.0
sbs_ovw_act,M7112,Engineering activities and related technical consultancy,ENT_NR,Enterprises - number,NL,2021,41230.0
sbs_ovw_act,M7112,Engineering activities and related technical consultancy,ENT_NR,Enterprises - number,NL,2022,43676.0
sbs_ovw_act,M7112,Engineering activities and related technical consultancy,ENT_NR,Enterprises - number,NL,2023,45436.0
sbs_ovw_act,M7112,Engineering activities and related technical consultancy,ENT_NR,Enterprises - number,NL,2024,49450.0
sbs_ovw_act,M7112,Engineering activities and related technical consultancy,ENT_NR,Enterprises - number,PL,2021,50170.0
sbs_ovw_act,M7112,Engineering activities and related technical consultancy,ENT_NR,Enterprises - number,PL,2022,50534.0
sbs_ovw_act,M7112,Engineering activities and related technical consultancy,ENT_NR,Enterprises - number,PL,2023,52257.0
sbs_ovw_act,M7112,Engineering activities and related technical consultancy,ENT_NR,Enterprises - number,PL,2024,53867.0
sbs_ovw_act,M7112,Engineering activities and related technical consultancy,ENT_NR,Enterprises - number,PT,2021,18203.0
sbs_ovw_act,M7112,Engineering activities and related technical consultancy,ENT_NR,Enterprises - number,PT,2022,18750.0
sbs_ovw_act,M7112,Engineering activities and related technical consultancy,ENT_NR,Enterprises - number,PT,2023,19270.0
sbs_ovw_act,M7112,Engineering activities and related technical consultancy,ENT_NR,Enterprises - number,PT,2024,19693.0
sbs_ovw_act,M7112,Engineering activities and related technical consultancy,ENT_NR,Enterprises - number,RO,2021,20627.0
sbs_ovw_act,M7112,Engineering activities and related technical consultancy,ENT_NR,Enterprises - number,RO,2022,21517.0
sbs_ovw_act,M7112,Engineering activities and related technical consultancy,ENT_NR,Enterprises - number,RO,2023,22495.0
sbs_ovw_act,M7112,Engineering activities and related technical consultancy,ENT_NR,Enterprises - number,RO,2024,22735.0
sbs_ovw_act,M7112,Engineering activities and related technical consultancy,ENT_NR,Enterprises - number,SE,2021,33105.0
sbs_ovw_act,M7112,Engineering activities and related technical consultancy,ENT_NR,Enterprises - number,SE,2022,32319.0
sbs_ovw_act,M7112,Engineering activities and related technical consultancy,ENT_NR,Enterprises - number,SE,2023,33352.0
sbs_ovw_act,M7112,Engineering activities and related technical consultancy,ENT_NR,Enterprises - number,SE,2024,34154.0
sbs_ovw_act,M7112,Engineering activities and related technical consultancy,GOS_MEUR,Gross operating surplus - million euro,AT,2021,1237.6
sbs_ovw_act,M7112,Engineering activities and related technical consultancy,GOS_MEUR,Gross operating surplus - million euro,AT,2022,1356.13
sbs_ovw_act,M7112,Engineering activities and related technical consultancy,GOS_MEUR,Gross operating surplus - million euro,AT,2023,1388.51
sbs_ovw_act,M7112,Engineering activities and related technical consultancy,GOS_MEUR,Gross operating surplus - million euro,AT,2024,1489.39
sbs_ovw_act,M7112,Engineering activities and related technical consultancy,GOS_MEUR,Gross operating surplus - million euro,BE,2021,1086.86
sbs_ovw_act,M7112,Engineering activities and related technical consultancy,GOS_MEUR,Gross operating surplus - million euro,BE,2022,1268.84
sbs_ovw_act,M7112,Engineering activities and related technical consultancy,GOS_MEUR,Gross operating surplus - million euro,BE,2023,1368.54
sbs_ovw_act,M7112,Engineering activities and related technical consultancy,GOS_MEUR,Gross operating surplus - million euro,BE,2024,1427.44
sbs_ovw_act,M7112,Engineering activities and related technical consultancy,GOS_MEUR,Gross operating surplus - million euro,CZ,2021,521.23
sbs_ovw_act,M7112,Engineering activities and related technical consultancy,GOS_MEUR,Gross operating surplus - million euro,CZ,2022,545.1
sbs_ovw_act,M7112,Engineering activities and related technical consultancy,GOS_MEUR,Gross operating surplus - million euro,CZ,2023,621.94
sbs_ovw_act,M7112,Engineering activities and related technical consultancy,GOS_MEUR,Gross operating surplus - million euro,CZ,2024,664.33
sbs_ovw_act,M7112,Engineering activities and related technical consultancy,GOS_MEUR,Gross operating surplus - million euro,DE,2021,19162.39
sbs_ovw_act,M7112,Engineering activities and related technical consultancy,GOS_MEUR,Gross operating surplus - million euro,DE,2022,10000.7
sbs_ovw_act,M7112,Engineering activities and related technical consultancy,GOS_MEUR,Gross operating surplus - million euro,DE,2023,18517.36
sbs_ovw_act,M7112,Engineering activities and related technical consultancy,GOS_MEUR,Gross operating surplus - million euro,DE,2024,15033.65
sbs_ovw_act,M7112,Engineering activities and related technical consultancy,GOS_MEUR,Gross operating surplus - million euro,DK,2021,671.66
sbs_ovw_act,M7112,Engineering activities and related technical consultancy,GOS_MEUR,Gross operating surplus - million euro,DK,2022,702.08
sbs_ovw_act,M7112,Engineering activities and related technical consultancy,GOS_MEUR,Gross operating surplus - million euro,DK,2023,483.24
sbs_ovw_act,M7112,Engineering activities and related technical consultancy,GOS_MEUR,Gross operating surplus - million euro,DK,2024,657.49
sbs_ovw_act,M7112,Engineering activities and related technical consultancy,GOS_MEUR,Gross operating surplus - million euro,EL,2021,676.87
sbs_ovw_act,M7112,Engineering activities and related technical consultancy,GOS_MEUR,Gross operating surplus - million euro,EL,2022,819.71
sbs_ovw_act,M7112,Engineering activities and related technical consultancy,GOS_MEUR,Gross operating surplus - million euro,EL,2023,1064.97
sbs_ovw_act,M7112,Engineering activities and related technical consultancy,GOS_MEUR,Gross operating surplus - million euro,EL,2024,1300.3
sbs_ovw_act,M7112,Engineering activities and related technical consultancy,GOS_MEUR,Gross operating surplus - million euro,ES,2021,2173.62
sbs_ovw_act,M7112,Engineering activities and related technical consultancy,GOS_MEUR,Gross operating surplus - million euro,ES,2022,2671.89
sbs_ovw_act,M7112,Engineering activities and related technical consultancy,GOS_MEUR,Gross operating surplus - million euro,ES,2023,3441.94
sbs_ovw_act,M7112,Engineering activities and related technical consultancy,GOS_MEUR,Gross operating surplus - million euro,ES,2024,3846.58
sbs_ovw_act,M7112,Engineering activities and related technical consultancy,GOS_MEUR,Gross operating surplus - million euro,EU27_2020,2021,45883.62
sbs_ovw_act,M7112,Engineering activities and related technical consultancy,GOS_MEUR,Gross operating surplus - million euro,EU27_2020,2022,40549.09
sbs_ovw_act,M7112,Engineering activities and related technical consultancy,GOS_MEUR,Gross operating surplus - million euro,EU27_2020,2023,54171.11
sbs_ovw_act,M7112,Engineering activities and related technical consultancy,GOS_MEUR,Gross operating surplus - million euro,FI,2021,531.92
sbs_ovw_act,M7112,Engineering activities and related technical consultancy,GOS_MEUR,Gross operating surplus - million euro,FI,2022,490.15
sbs_ovw_act,M7112,Engineering activities and related technical consultancy,GOS_MEUR,Gross operating surplus - million euro,FI,2023,527.06
sbs_ovw_act,M7112,Engineering activities and related technical consultancy,GOS_MEUR,Gross operating surplus - million euro,FI,2024,491.62
sbs_ovw_act,M7112,Engineering activities and related technical consultancy,GOS_MEUR,Gross operating surplus - million euro,FR,2021,3958.7
sbs_ovw_act,M7112,Engineering activities and related technical consultancy,GOS_MEUR,Gross operating surplus - million euro,FR,2022,3892.73
sbs_ovw_act,M7112,Engineering activities and related technical consultancy,GOS_MEUR,Gross operating surplus - million euro,FR,2023,4639.03
sbs_ovw_act,M7112,Engineering activities and related technical consultancy,GOS_MEUR,Gross operating surplus - million euro,FR,2024,4470.93
sbs_ovw_act,M7112,Engineering activities and related technical consultancy,GOS_MEUR,Gross operating surplus - million euro,HU,2021,490.81
sbs_ovw_act,M7112,Engineering activities and related technical consultancy,GOS_MEUR,Gross operating surplus - million euro,HU,2022,546.09
sbs_ovw_act,M7112,Engineering activities and related technical consultancy,GOS_MEUR,Gross operating surplus - million euro,HU,2023,701.52
sbs_ovw_act,M7112,Engineering activities and related technical consultancy,GOS_MEUR,Gross operating surplus - million euro,HU,2024,723.32
sbs_ovw_act,M7112,Engineering activities and related technical consultancy,GOS_MEUR,Gross operating surplus - million euro,IE,2021,693.85
sbs_ovw_act,M7112,Engineering activities and related technical consultancy,GOS_MEUR,Gross operating surplus - million euro,IE,2022,1034.1
sbs_ovw_act,M7112,Engineering activities and related technical consultancy,GOS_MEUR,Gross operating surplus - million euro,IE,2023,1264.68
sbs_ovw_act,M7112,Engineering activities and related technical consultancy,GOS_MEUR,Gross operating surplus - million euro,IE,2024,1808.58
sbs_ovw_act,M7112,Engineering activities and related technical consultancy,GOS_MEUR,Gross operating surplus - million euro,IT,2021,7560.42
sbs_ovw_act,M7112,Engineering activities and related technical consultancy,GOS_MEUR,Gross operating surplus - million euro,IT,2022,9469.3
sbs_ovw_act,M7112,Engineering activities and related technical consultancy,GOS_MEUR,Gross operating surplus - million euro,IT,2023,10941.45
sbs_ovw_act,M7112,Engineering activities and related technical consultancy,GOS_MEUR,Gross operating surplus - million euro,IT,2024,11347.44
sbs_ovw_act,M7112,Engineering activities and related technical consultancy,GOS_MEUR,Gross operating surplus - million euro,NL,2021,3252.87
sbs_ovw_act,M7112,Engineering activities and related technical consultancy,GOS_MEUR,Gross operating surplus - million euro,NL,2022,3316.58
sbs_ovw_act,M7112,Engineering activities and related technical consultancy,GOS_MEUR,Gross operating surplus - million euro,NL,2023,3515.64
sbs_ovw_act,M7112,Engineering activities and related technical consultancy,GOS_MEUR,Gross operating surplus - million euro,NL,2024,4550.68
sbs_ovw_act,M7112,Engineering activities and related technical consultancy,GOS_MEUR,Gross operating surplus - million euro,PL,2021,1090.03
sbs_ovw_act,M7112,Engineering activities and related technical consultancy,GOS_MEUR,Gross operating surplus - million euro,PL,2022,1157.48
sbs_ovw_act,M7112,Engineering activities and related technical consultancy,GOS_MEUR,Gross operating surplus - million euro,PL,2023,1218.63
sbs_ovw_act,M7112,Engineering activities and related technical consultancy,GOS_MEUR,Gross operating surplus - million euro,PL,2024,1402.35
sbs_ovw_act,M7112,Engineering activities and related technical consultancy,GOS_MEUR,Gross operating surplus - million euro,PT,2021,351.3
sbs_ovw_act,M7112,Engineering activities and related technical consultancy,GOS_MEUR,Gross operating surplus - million euro,PT,2022,399.16
sbs_ovw_act,M7112,Engineering activities and related technical consultancy,GOS_MEUR,Gross operating surplus - million euro,PT,2023,539.44
sbs_ovw_act,M7112,Engineering activities and related technical consultancy,GOS_MEUR,Gross operating surplus - million euro,PT,2024,656.51
sbs_ovw_act,M7112,Engineering activities and related technical consultancy,GOS_MEUR,Gross operating surplus - million euro,RO,2021,488.59
sbs_ovw_act,M7112,Engineering activities and related technical consultancy,GOS_MEUR,Gross operating surplus - million euro,RO,2022,863.93
sbs_ovw_act,M7112,Engineering activities and related technical consultancy,GOS_MEUR,Gross operating surplus - million euro,RO,2023,944.25
sbs_ovw_act,M7112,Engineering activities and related technical consultancy,GOS_MEUR,Gross operating surplus - million euro,RO,2024,942.0
sbs_ovw_act,M7112,Engineering activities and related technical consultancy,GOS_MEUR,Gross operating surplus - million euro,SE,2021,925.07
sbs_ovw_act,M7112,Engineering activities and related technical consultancy,GOS_MEUR,Gross operating surplus - million euro,SE,2022,792.82
sbs_ovw_act,M7112,Engineering activities and related technical consultancy,GOS_MEUR,Gross operating surplus - million euro,SE,2023,1677.13
sbs_ovw_act,M7112,Engineering activities and related technical consultancy,GOS_MEUR,Gross operating surplus - million euro,SE,2024,1647.84
sbs_ovw_act,M7112,Engineering activities and related technical consultancy,NETTUR_MEUR,Net turnover - million euro,AT,2021,6259.8
sbs_ovw_act,M7112,Engineering activities and related technical consultancy,NETTUR_MEUR,Net turnover - million euro,AT,2022,6765.54
sbs_ovw_act,M7112,Engineering activities and related technical consultancy,NETTUR_MEUR,Net turnover - million euro,AT,2023,7235.69
sbs_ovw_act,M7112,Engineering activities and related technical consultancy,NETTUR_MEUR,Net turnover - million euro,AT,2024,7794.1
sbs_ovw_act,M7112,Engineering activities and related technical consultancy,NETTUR_MEUR,Net turnover - million euro,BE,2021,7309.53
sbs_ovw_act,M7112,Engineering activities and related technical consultancy,NETTUR_MEUR,Net turnover - million euro,BE,2022,8074.0
sbs_ovw_act,M7112,Engineering activities and related technical consultancy,NETTUR_MEUR,Net turnover - million euro,BE,2023,8986.93
sbs_ovw_act,M7112,Engineering activities and related technical consultancy,NETTUR_MEUR,Net turnover - million euro,BE,2024,9102.6
sbs_ovw_act,M7112,Engineering activities and related technical consultancy,NETTUR_MEUR,Net turnover - million euro,CZ,2021,4414.21
sbs_ovw_act,M7112,Engineering activities and related technical consultancy,NETTUR_MEUR,Net turnover - million euro,CZ,2022,5235.36
sbs_ovw_act,M7112,Engineering activities and related technical consultancy,NETTUR_MEUR,Net turnover - million euro,CZ,2023,5922.17
sbs_ovw_act,M7112,Engineering activities and related technical consultancy,NETTUR_MEUR,Net turnover - million euro,CZ,2024,5769.59
sbs_ovw_act,M7112,Engineering activities and related technical consultancy,NETTUR_MEUR,Net turnover - million euro,DE,2021,69637.21
sbs_ovw_act,M7112,Engineering activities and related technical consultancy,NETTUR_MEUR,Net turnover - million euro,DE,2022,75135.84
sbs_ovw_act,M7112,Engineering activities and related technical consultancy,NETTUR_MEUR,Net turnover - million euro,DE,2023,87071.01
sbs_ovw_act,M7112,Engineering activities and related technical consultancy,NETTUR_MEUR,Net turnover - million euro,DE,2024,81477.06
sbs_ovw_act,M7112,Engineering activities and related technical consultancy,NETTUR_MEUR,Net turnover - million euro,DK,2021,7710.3
sbs_ovw_act,M7112,Engineering activities and related technical consultancy,NETTUR_MEUR,Net turnover - million euro,DK,2022,8670.0
sbs_ovw_act,M7112,Engineering activities and related technical consultancy,NETTUR_MEUR,Net turnover - million euro,DK,2023,9312.7
sbs_ovw_act,M7112,Engineering activities and related technical consultancy,NETTUR_MEUR,Net turnover - million euro,DK,2024,9983.41
sbs_ovw_act,M7112,Engineering activities and related technical consultancy,NETTUR_MEUR,Net turnover - million euro,EL,2021,2318.33
sbs_ovw_act,M7112,Engineering activities and related technical consultancy,NETTUR_MEUR,Net turnover - million euro,EL,2022,2925.98
sbs_ovw_act,M7112,Engineering activities and related technical consultancy,NETTUR_MEUR,Net turnover - million euro,EL,2023,3461.9
sbs_ovw_act,M7112,Engineering activities and related technical consultancy,NETTUR_MEUR,Net turnover - million euro,EL,2024,4184.47
sbs_ovw_act,M7112,Engineering activities and related technical consultancy,NETTUR_MEUR,Net turnover - million euro,ES,2021,20024.95
sbs_ovw_act,M7112,Engineering activities and related technical consultancy,NETTUR_MEUR,Net turnover - million euro,ES,2022,22121.16
sbs_ovw_act,M7112,Engineering activities and related technical consultancy,NETTUR_MEUR,Net turnover - million euro,ES,2023,25329.38
sbs_ovw_act,M7112,Engineering activities and related technical consultancy,NETTUR_MEUR,Net turnover - million euro,ES,2024,27173.81
sbs_ovw_act,M7112,Engineering activities and related technical consultancy,NETTUR_MEUR,Net turnover - million euro,EU27_2020,2021,254023.7
sbs_ovw_act,M7112,Engineering activities and related technical consultancy,NETTUR_MEUR,Net turnover - million euro,EU27_2020,2022,281625.95
sbs_ovw_act,M7112,Engineering activities and related technical consultancy,NETTUR_MEUR,Net turnover - million euro,EU27_2020,2023,312983.79
sbs_ovw_act,M7112,Engineering activities and related technical consultancy,NETTUR_MEUR,Net turnover - million euro,FI,2021,5346.77
sbs_ovw_act,M7112,Engineering activities and related technical consultancy,NETTUR_MEUR,Net turnover - million euro,FI,2022,5952.61
sbs_ovw_act,M7112,Engineering activities and related technical consultancy,NETTUR_MEUR,Net turnover - million euro,FI,2023,6350.34
sbs_ovw_act,M7112,Engineering activities and related technical consultancy,NETTUR_MEUR,Net turnover - million euro,FI,2024,6382.99
sbs_ovw_act,M7112,Engineering activities and related technical consultancy,NETTUR_MEUR,Net turnover - million euro,FR,2021,47364.76
sbs_ovw_act,M7112,Engineering activities and related technical consultancy,NETTUR_MEUR,Net turnover - million euro,FR,2022,49843.03
sbs_ovw_act,M7112,Engineering activities and related technical consultancy,NETTUR_MEUR,Net turnover - million euro,FR,2023,52045.77
sbs_ovw_act,M7112,Engineering activities and related technical consultancy,NETTUR_MEUR,Net turnover - million euro,FR,2024,55926.58
sbs_ovw_act,M7112,Engineering activities and related technical consultancy,NETTUR_MEUR,Net turnover - million euro,HU,2021,3134.12
sbs_ovw_act,M7112,Engineering activities and related technical consultancy,NETTUR_MEUR,Net turnover - million euro,HU,2022,3339.88
sbs_ovw_act,M7112,Engineering activities and related technical consultancy,NETTUR_MEUR,Net turnover - million euro,HU,2023,3648.43
sbs_ovw_act,M7112,Engineering activities and related technical consultancy,NETTUR_MEUR,Net turnover - million euro,HU,2024,3647.59
sbs_ovw_act,M7112,Engineering activities and related technical consultancy,NETTUR_MEUR,Net turnover - million euro,IE,2021,5755.46
sbs_ovw_act,M7112,Engineering activities and related technical consultancy,NETTUR_MEUR,Net turnover - million euro,IE,2022,8090.78
sbs_ovw_act,M7112,Engineering activities and related technical consultancy,NETTUR_MEUR,Net turnover - million euro,IE,2023,10215.73
sbs_ovw_act,M7112,Engineering activities and related technical consultancy,NETTUR_MEUR,Net turnover - million euro,IE,2024,8988.32
sbs_ovw_act,M7112,Engineering activities and related technical consultancy,NETTUR_MEUR,Net turnover - million euro,IT,2021,19665.58
sbs_ovw_act,M7112,Engineering activities and related technical consultancy,NETTUR_MEUR,Net turnover - million euro,IT,2022,23982.46
sbs_ovw_act,M7112,Engineering activities and related technical consultancy,NETTUR_MEUR,Net turnover - million euro,IT,2023,28358.54
sbs_ovw_act,M7112,Engineering activities and related technical consultancy,NETTUR_MEUR,Net turnover - million euro,IT,2024,29343.1
sbs_ovw_act,M7112,Engineering activities and related technical consultancy,NETTUR_MEUR,Net turnover - million euro,NL,2021,19965.27
sbs_ovw_act,M7112,Engineering activities and related technical consultancy,NETTUR_MEUR,Net turnover - million euro,NL,2022,20610.85
sbs_ovw_act,M7112,Engineering activities and related technical consultancy,NETTUR_MEUR,Net turnover - million euro,NL,2023,22694.01
sbs_ovw_act,M7112,Engineering activities and related technical consultancy,NETTUR_MEUR,Net turnover - million euro,NL,2024,24474.78
sbs_ovw_act,M7112,Engineering activities and related technical consultancy,NETTUR_MEUR,Net turnover - million euro,PL,2021,6222.57
sbs_ovw_act,M7112,Engineering activities and related technical consultancy,NETTUR_MEUR,Net turnover - million euro,PL,2022,7270.9
sbs_ovw_act,M7112,Engineering activities and related technical consultancy,NETTUR_MEUR,Net turnover - million euro,PL,2023,8249.53
sbs_ovw_act,M7112,Engineering activities and related technical consultancy,NETTUR_MEUR,Net turnover - million euro,PL,2024,9252.38
sbs_ovw_act,M7112,Engineering activities and related technical consultancy,NETTUR_MEUR,Net turnover - million euro,PT,2021,2474.85
sbs_ovw_act,M7112,Engineering activities and related technical consultancy,NETTUR_MEUR,Net turnover - million euro,PT,2022,2930.63
sbs_ovw_act,M7112,Engineering activities and related technical consultancy,NETTUR_MEUR,Net turnover - million euro,PT,2023,3580.75
sbs_ovw_act,M7112,Engineering activities and related technical consultancy,NETTUR_MEUR,Net turnover - million euro,PT,2024,4292.13
sbs_ovw_act,M7112,Engineering activities and related technical consultancy,NETTUR_MEUR,Net turnover - million euro,RO,2021,2375.2
sbs_ovw_act,M7112,Engineering activities and related technical consultancy,NETTUR_MEUR,Net turnover - million euro,RO,2022,3302.23
sbs_ovw_act,M7112,Engineering activities and related technical consultancy,NETTUR_MEUR,Net turnover - million euro,RO,2023,4244.54
sbs_ovw_act,M7112,Engineering activities and related technical consultancy,NETTUR_MEUR,Net turnover - million euro,RO,2024,4498.23
sbs_ovw_act,M7112,Engineering activities and related technical consultancy,NETTUR_MEUR,Net turnover - million euro,SE,2021,17169.41
sbs_ovw_act,M7112,Engineering activities and related technical consultancy,NETTUR_MEUR,Net turnover - million euro,SE,2022,19302.81
sbs_ovw_act,M7112,Engineering activities and related technical consultancy,NETTUR_MEUR,Net turnover - million euro,SE,2023,17102.2
sbs_ovw_act,M7112,Engineering activities and related technical consultancy,NETTUR_MEUR,Net turnover - million euro,SE,2024,17595.29
sbs_ovw_act,M7112,Engineering activities and related technical consultancy,SAL_NR,Employees - number,AT,2021,33187.0
sbs_ovw_act,M7112,Engineering activities and related technical consultancy,SAL_NR,Employees - number,AT,2022,34579.0
sbs_ovw_act,M7112,Engineering activities and related technical consultancy,SAL_NR,Employees - number,AT,2023,35051.0
sbs_ovw_act,M7112,Engineering activities and related technical consultancy,SAL_NR,Employees - number,AT,2024,35036.0
sbs_ovw_act,M7112,Engineering activities and related technical consultancy,SAL_NR,Employees - number,BE,2021,27909.0
sbs_ovw_act,M7112,Engineering activities and related technical consultancy,SAL_NR,Employees - number,BE,2022,28193.0
sbs_ovw_act,M7112,Engineering activities and related technical consultancy,SAL_NR,Employees - number,BE,2023,29431.0
sbs_ovw_act,M7112,Engineering activities and related technical consultancy,SAL_NR,Employees - number,BE,2024,29080.0
sbs_ovw_act,M7112,Engineering activities and related technical consultancy,SAL_NR,Employees - number,CZ,2021,33029.0
sbs_ovw_act,M7112,Engineering activities and related technical consultancy,SAL_NR,Employees - number,CZ,2022,33676.0
sbs_ovw_act,M7112,Engineering activities and related technical consultancy,SAL_NR,Employees - number,CZ,2023,33721.0
sbs_ovw_act,M7112,Engineering activities and related technical consultancy,SAL_NR,Employees - number,CZ,2024,34134.0
sbs_ovw_act,M7112,Engineering activities and related technical consultancy,SAL_NR,Employees - number,DE,2021,427911.0
sbs_ovw_act,M7112,Engineering activities and related technical consultancy,SAL_NR,Employees - number,DE,2022,402980.0
sbs_ovw_act,M7112,Engineering activities and related technical consultancy,SAL_NR,Employees - number,DE,2023,436391.0
sbs_ovw_act,M7112,Engineering activities and related technical consultancy,SAL_NR,Employees - number,DE,2024,453830.0
sbs_ovw_act,M7112,Engineering activities and related technical consultancy,SAL_NR,Employees - number,DK,2021,35145.0
sbs_ovw_act,M7112,Engineering activities and related technical consultancy,SAL_NR,Employees - number,DK,2022,37399.0
sbs_ovw_act,M7112,Engineering activities and related technical consultancy,SAL_NR,Employees - number,DK,2023,40185.0
sbs_ovw_act,M7112,Engineering activities and related technical consultancy,SAL_NR,Employees - number,DK,2024,42320.0
sbs_ovw_act,M7112,Engineering activities and related technical consultancy,SAL_NR,Employees - number,EL,2021,18906.0
sbs_ovw_act,M7112,Engineering activities and related technical consultancy,SAL_NR,Employees - number,EL,2022,20581.0
sbs_ovw_act,M7112,Engineering activities and related technical consultancy,SAL_NR,Employees - number,EL,2023,21201.0
sbs_ovw_act,M7112,Engineering activities and related technical consultancy,SAL_NR,Employees - number,EL,2024,22863.0
sbs_ovw_act,M7112,Engineering activities and related technical consultancy,SAL_NR,Employees - number,ES,2021,132674.0
sbs_ovw_act,M7112,Engineering activities and related technical consultancy,SAL_NR,Employees - number,ES,2022,139416.0
sbs_ovw_act,M7112,Engineering activities and related technical consultancy,SAL_NR,Employees - number,ES,2023,152493.0
sbs_ovw_act,M7112,Engineering activities and related technical consultancy,SAL_NR,Employees - number,ES,2024,160087.0
sbs_ovw_act,M7112,Engineering activities and related technical consultancy,SAL_NR,Employees - number,EU27_2020,2021,1480226.0
sbs_ovw_act,M7112,Engineering activities and related technical consultancy,SAL_NR,Employees - number,EU27_2020,2022,1525894.0
sbs_ovw_act,M7112,Engineering activities and related technical consultancy,SAL_NR,Employees - number,EU27_2020,2023,1602641.0
sbs_ovw_act,M7112,Engineering activities and related technical consultancy,SAL_NR,Employees - number,FI,2021,35285.0
sbs_ovw_act,M7112,Engineering activities and related technical consultancy,SAL_NR,Employees - number,FI,2022,37067.0
sbs_ovw_act,M7112,Engineering activities and related technical consultancy,SAL_NR,Employees - number,FI,2023,37763.0
sbs_ovw_act,M7112,Engineering activities and related technical consultancy,SAL_NR,Employees - number,FI,2024,36740.0
sbs_ovw_act,M7112,Engineering activities and related technical consultancy,SAL_NR,Employees - number,FR,2021,240668.0
sbs_ovw_act,M7112,Engineering activities and related technical consultancy,SAL_NR,Employees - number,FR,2022,260041.0
sbs_ovw_act,M7112,Engineering activities and related technical consultancy,SAL_NR,Employees - number,FR,2023,267162.0
sbs_ovw_act,M7112,Engineering activities and related technical consultancy,SAL_NR,Employees - number,FR,2024,277645.0
sbs_ovw_act,M7112,Engineering activities and related technical consultancy,SAL_NR,Employees - number,HU,2021,26923.0
sbs_ovw_act,M7112,Engineering activities and related technical consultancy,SAL_NR,Employees - number,HU,2022,28828.0
sbs_ovw_act,M7112,Engineering activities and related technical consultancy,SAL_NR,Employees - number,HU,2023,30890.0
sbs_ovw_act,M7112,Engineering activities and related technical consultancy,SAL_NR,Employees - number,HU,2024,30601.0
sbs_ovw_act,M7112,Engineering activities and related technical consultancy,SAL_NR,Employees - number,IE,2021,24317.0
sbs_ovw_act,M7112,Engineering activities and related technical consultancy,SAL_NR,Employees - number,IE,2022,28426.0
sbs_ovw_act,M7112,Engineering activities and related technical consultancy,SAL_NR,Employees - number,IE,2023,30810.0
sbs_ovw_act,M7112,Engineering activities and related technical consultancy,SAL_NR,Employees - number,IE,2024,32136.0
sbs_ovw_act,M7112,Engineering activities and related technical consultancy,SAL_NR,Employees - number,IT,2021,55104.0
sbs_ovw_act,M7112,Engineering activities and related technical consultancy,SAL_NR,Employees - number,IT,2022,61390.0
sbs_ovw_act,M7112,Engineering activities and related technical consultancy,SAL_NR,Employees - number,IT,2023,66078.0
sbs_ovw_act,M7112,Engineering activities and related technical consultancy,SAL_NR,Employees - number,IT,2024,72665.0
sbs_ovw_act,M7112,Engineering activities and related technical consultancy,SAL_NR,Employees - number,NL,2021,93646.0
sbs_ovw_act,M7112,Engineering activities and related technical consultancy,SAL_NR,Employees - number,NL,2022,97503.0
sbs_ovw_act,M7112,Engineering activities and related technical consultancy,SAL_NR,Employees - number,NL,2023,101487.0
sbs_ovw_act,M7112,Engineering activities and related technical consultancy,SAL_NR,Employees - number,NL,2024,106900.0
sbs_ovw_act,M7112,Engineering activities and related technical consultancy,SAL_NR,Employees - number,PL,2021,54803.0
sbs_ovw_act,M7112,Engineering activities and related technical consultancy,SAL_NR,Employees - number,PL,2022,56515.0
sbs_ovw_act,M7112,Engineering activities and related technical consultancy,SAL_NR,Employees - number,PL,2023,53636.0
sbs_ovw_act,M7112,Engineering activities and related technical consultancy,SAL_NR,Employees - number,PL,2024,54457.0
sbs_ovw_act,M7112,Engineering activities and related technical consultancy,SAL_NR,Employees - number,PT,2021,27196.0
sbs_ovw_act,M7112,Engineering activities and related technical consultancy,SAL_NR,Employees - number,PT,2022,30077.0
sbs_ovw_act,M7112,Engineering activities and related technical consultancy,SAL_NR,Employees - number,PT,2023,31893.0
sbs_ovw_act,M7112,Engineering activities and related technical consultancy,SAL_NR,Employees - number,PT,2024,33880.0
sbs_ovw_act,M7112,Engineering activities and related technical consultancy,SAL_NR,Employees - number,RO,2021,46104.0
sbs_ovw_act,M7112,Engineering activities and related technical consultancy,SAL_NR,Employees - number,RO,2022,50788.0
sbs_ovw_act,M7112,Engineering activities and related technical consultancy,SAL_NR,Employees - number,RO,2023,55424.0
sbs_ovw_act,M7112,Engineering activities and related technical consultancy,SAL_NR,Employees - number,RO,2024,54270.0
sbs_ovw_act,M7112,Engineering activities and related technical consultancy,SAL_NR,Employees - number,SE,2021,94580.0
sbs_ovw_act,M7112,Engineering activities and related technical consultancy,SAL_NR,Employees - number,SE,2022,102970.0
sbs_ovw_act,M7112,Engineering activities and related technical consultancy,SAL_NR,Employees - number,SE,2023,102366.0
sbs_ovw_act,M7112,Engineering activities and related technical consultancy,SAL_NR,Employees - number,SE,2024,103173.0
sbs_ovw_act,M7112,Engineering activities and related technical consultancy,VAL_OUT_MEUR,Value of output - million euro,AT,2021,5076.19
sbs_ovw_act,M7112,Engineering activities and related technical consultancy,VAL_OUT_MEUR,Value of output - million euro,AT,2022,5541.44
sbs_ovw_act,M7112,Engineering activities and related technical consultancy,VAL_OUT_MEUR,Value of output - million euro,AT,2023,5708.58
sbs_ovw_act,M7112,Engineering activities and related technical consultancy,VAL_OUT_MEUR,Value of output - million euro,AT,2024,5876.14
sbs_ovw_act,M7112,Engineering activities and related technical consultancy,VAL_OUT_MEUR,Value of output - million euro,BE,2021,7666.59
sbs_ovw_act,M7112,Engineering activities and related technical consultancy,VAL_OUT_MEUR,Value of output - million euro,BE,2022,8197.67
sbs_ovw_act,M7112,Engineering activities and related technical consultancy,VAL_OUT_MEUR,Value of output - million euro,BE,2023,9163.63
sbs_ovw_act,M7112,Engineering activities and related technical consultancy,VAL_OUT_MEUR,Value of output - million euro,BE,2024,9472.42
sbs_ovw_act,M7112,Engineering activities and related technical consultancy,VAL_OUT_MEUR,Value of output - million euro,CZ,2021,4169.08
sbs_ovw_act,M7112,Engineering activities and related technical consultancy,VAL_OUT_MEUR,Value of output - million euro,CZ,2022,5005.24
sbs_ovw_act,M7112,Engineering activities and related technical consultancy,VAL_OUT_MEUR,Value of output - million euro,CZ,2023,5604.58
sbs_ovw_act,M7112,Engineering activities and related technical consultancy,VAL_OUT_MEUR,Value of output - million euro,CZ,2024,5476.82
sbs_ovw_act,M7112,Engineering activities and related technical consultancy,VAL_OUT_MEUR,Value of output - million euro,DE,2021,61212.29
sbs_ovw_act,M7112,Engineering activities and related technical consultancy,VAL_OUT_MEUR,Value of output - million euro,DE,2022,54119.44
sbs_ovw_act,M7112,Engineering activities and related technical consultancy,VAL_OUT_MEUR,Value of output - million euro,DE,2023,70445.03
sbs_ovw_act,M7112,Engineering activities and related technical consultancy,VAL_OUT_MEUR,Value of output - million euro,DE,2024,68899.66
sbs_ovw_act,M7112,Engineering activities and related technical consultancy,VAL_OUT_MEUR,Value of output - million euro,DK,2021,7680.74
sbs_ovw_act,M7112,Engineering activities and related technical consultancy,VAL_OUT_MEUR,Value of output - million euro,DK,2022,8689.98
sbs_ovw_act,M7112,Engineering activities and related technical consultancy,VAL_OUT_MEUR,Value of output - million euro,DK,2023,9072.47
sbs_ovw_act,M7112,Engineering activities and related technical consultancy,VAL_OUT_MEUR,Value of output - million euro,DK,2024,9956.51
sbs_ovw_act,M7112,Engineering activities and related technical consultancy,VAL_OUT_MEUR,Value of output - million euro,EL,2021,2171.72
sbs_ovw_act,M7112,Engineering activities and related technical consultancy,VAL_OUT_MEUR,Value of output - million euro,EL,2022,2690.95
sbs_ovw_act,M7112,Engineering activities and related technical consultancy,VAL_OUT_MEUR,Value of output - million euro,EL,2023,3242.78
sbs_ovw_act,M7112,Engineering activities and related technical consultancy,VAL_OUT_MEUR,Value of output - million euro,EL,2024,3868.66
sbs_ovw_act,M7112,Engineering activities and related technical consultancy,VAL_OUT_MEUR,Value of output - million euro,ES,2021,16859.75
sbs_ovw_act,M7112,Engineering activities and related technical consultancy,VAL_OUT_MEUR,Value of output - million euro,ES,2022,19412.48
sbs_ovw_act,M7112,Engineering activities and related technical consultancy,VAL_OUT_MEUR,Value of output - million euro,ES,2023,21484.4
sbs_ovw_act,M7112,Engineering activities and related technical consultancy,VAL_OUT_MEUR,Value of output - million euro,ES,2024,22820.62
sbs_ovw_act,M7112,Engineering activities and related technical consultancy,VAL_OUT_MEUR,Value of output - million euro,EU27_2020,2021,236738.21
sbs_ovw_act,M7112,Engineering activities and related technical consultancy,VAL_OUT_MEUR,Value of output - million euro,EU27_2020,2022,249294.43
sbs_ovw_act,M7112,Engineering activities and related technical consultancy,VAL_OUT_MEUR,Value of output - million euro,EU27_2020,2023,282695.7
sbs_ovw_act,M7112,Engineering activities and related technical consultancy,VAL_OUT_MEUR,Value of output - million euro,FI,2021,5330.55
sbs_ovw_act,M7112,Engineering activities and related technical consultancy,VAL_OUT_MEUR,Value of output - million euro,FI,2022,5631.54
sbs_ovw_act,M7112,Engineering activities and related technical consultancy,VAL_OUT_MEUR,Value of output - million euro,FI,2023,5867.97
sbs_ovw_act,M7112,Engineering activities and related technical consultancy,VAL_OUT_MEUR,Value of output - million euro,FI,2024,5951.89
sbs_ovw_act,M7112,Engineering activities and related technical consultancy,VAL_OUT_MEUR,Value of output - million euro,FR,2021,47808.54
sbs_ovw_act,M7112,Engineering activities and related technical consultancy,VAL_OUT_MEUR,Value of output - million euro,FR,2022,50829.54
sbs_ovw_act,M7112,Engineering activities and related technical consultancy,VAL_OUT_MEUR,Value of output - million euro,FR,2023,53065.38
sbs_ovw_act,M7112,Engineering activities and related technical consultancy,VAL_OUT_MEUR,Value of output - million euro,FR,2024,57477.6
sbs_ovw_act,M7112,Engineering activities and related technical consultancy,VAL_OUT_MEUR,Value of output - million euro,HU,2021,2268.27
sbs_ovw_act,M7112,Engineering activities and related technical consultancy,VAL_OUT_MEUR,Value of output - million euro,HU,2022,2357.11
sbs_ovw_act,M7112,Engineering activities and related technical consultancy,VAL_OUT_MEUR,Value of output - million euro,HU,2023,2787.57
sbs_ovw_act,M7112,Engineering activities and related technical consultancy,VAL_OUT_MEUR,Value of output - million euro,HU,2024,2807.06
sbs_ovw_act,M7112,Engineering activities and related technical consultancy,VAL_OUT_MEUR,Value of output - million euro,IE,2021,2992.24
sbs_ovw_act,M7112,Engineering activities and related technical consultancy,VAL_OUT_MEUR,Value of output - million euro,IE,2022,4011.03
sbs_ovw_act,M7112,Engineering activities and related technical consultancy,VAL_OUT_MEUR,Value of output - million euro,IE,2023,4477.05
sbs_ovw_act,M7112,Engineering activities and related technical consultancy,VAL_OUT_MEUR,Value of output - million euro,IE,2024,4436.92
sbs_ovw_act,M7112,Engineering activities and related technical consultancy,VAL_OUT_MEUR,Value of output - million euro,IT,2021,22017.65
sbs_ovw_act,M7112,Engineering activities and related technical consultancy,VAL_OUT_MEUR,Value of output - million euro,IT,2022,27784.77
sbs_ovw_act,M7112,Engineering activities and related technical consultancy,VAL_OUT_MEUR,Value of output - million euro,IT,2023,31801.04
sbs_ovw_act,M7112,Engineering activities and related technical consultancy,VAL_OUT_MEUR,Value of output - million euro,IT,2024,33821.34
sbs_ovw_act,M7112,Engineering activities and related technical consultancy,VAL_OUT_MEUR,Value of output - million euro,NL,2021,17588.71
sbs_ovw_act,M7112,Engineering activities and related technical consultancy,VAL_OUT_MEUR,Value of output - million euro,NL,2022,17802.79
sbs_ovw_act,M7112,Engineering activities and related technical consultancy,VAL_OUT_MEUR,Value of output - million euro,NL,2023,19694.7
sbs_ovw_act,M7112,Engineering activities and related technical consultancy,VAL_OUT_MEUR,Value of output - million euro,NL,2024,21424.13
sbs_ovw_act,M7112,Engineering activities and related technical consultancy,VAL_OUT_MEUR,Value of output - million euro,PL,2021,5425.84
sbs_ovw_act,M7112,Engineering activities and related technical consultancy,VAL_OUT_MEUR,Value of output - million euro,PL,2022,6432.57
sbs_ovw_act,M7112,Engineering activities and related technical consultancy,VAL_OUT_MEUR,Value of output - million euro,PL,2023,7039.62
sbs_ovw_act,M7112,Engineering activities and related technical consultancy,VAL_OUT_MEUR,Value of output - million euro,PL,2024,7746.52
sbs_ovw_act,M7112,Engineering activities and related technical consultancy,VAL_OUT_MEUR,Value of output - million euro,PT,2021,2383.83
sbs_ovw_act,M7112,Engineering activities and related technical consultancy,VAL_OUT_MEUR,Value of output - million euro,PT,2022,2807.57
sbs_ovw_act,M7112,Engineering activities and related technical consultancy,VAL_OUT_MEUR,Value of output - million euro,PT,2023,3426.8
sbs_ovw_act,M7112,Engineering activities and related technical consultancy,VAL_OUT_MEUR,Value of output - million euro,PT,2024,4134.82
sbs_ovw_act,M7112,Engineering activities and related technical consultancy,VAL_OUT_MEUR,Value of output - million euro,RO,2021,2395.59
sbs_ovw_act,M7112,Engineering activities and related technical consultancy,VAL_OUT_MEUR,Value of output - million euro,RO,2022,3310.63
sbs_ovw_act,M7112,Engineering activities and related technical consultancy,VAL_OUT_MEUR,Value of output - million euro,RO,2023,4288.83
sbs_ovw_act,M7112,Engineering activities and related technical consultancy,VAL_OUT_MEUR,Value of output - million euro,RO,2024,4506.29
sbs_ovw_act,M7112,Engineering activities and related technical consultancy,VAL_OUT_MEUR,Value of output - million euro,SE,2021,17332.04
sbs_ovw_act,M7112,Engineering activities and related technical consultancy,VAL_OUT_MEUR,Value of output - million euro,SE,2022,17225.08
sbs_ovw_act,M7112,Engineering activities and related technical consultancy,VAL_OUT_MEUR,Value of output - million euro,SE,2023,16979.83
sbs_ovw_act,M7112,Engineering activities and related technical consultancy,VAL_OUT_MEUR,Value of output - million euro,SE,2024,17317.0
sbs_ovw_act,M7112,Engineering activities and related technical consultancy,WAGE_MEUR,Wages and salaries - million euro,AT,2021,1521.83
sbs_ovw_act,M7112,Engineering activities and related technical consultancy,WAGE_MEUR,Wages and salaries - million euro,AT,2022,1663.32
sbs_ovw_act,M7112,Engineering activities and related technical consultancy,WAGE_MEUR,Wages and salaries - million euro,AT,2023,1818.68
sbs_ovw_act,M7112,Engineering activities and related technical consultancy,WAGE_MEUR,Wages and salaries - million euro,AT,2024,1938.46
sbs_ovw_act,M7112,Engineering activities and related technical consultancy,WAGE_MEUR,Wages and salaries - million euro,BE,2021,1614.4
sbs_ovw_act,M7112,Engineering activities and related technical consultancy,WAGE_MEUR,Wages and salaries - million euro,BE,2022,1666.94
sbs_ovw_act,M7112,Engineering activities and related technical consultancy,WAGE_MEUR,Wages and salaries - million euro,BE,2023,1918.71
sbs_ovw_act,M7112,Engineering activities and related technical consultancy,WAGE_MEUR,Wages and salaries - million euro,BE,2024,1945.8
sbs_ovw_act,M7112,Engineering activities and related technical consultancy,WAGE_MEUR,Wages and salaries - million euro,CZ,2021,743.62
sbs_ovw_act,M7112,Engineering activities and related technical consultancy,WAGE_MEUR,Wages and salaries - million euro,CZ,2022,857.48
sbs_ovw_act,M7112,Engineering activities and related technical consultancy,WAGE_MEUR,Wages and salaries - million euro,CZ,2023,961.57
sbs_ovw_act,M7112,Engineering activities and related technical consultancy,WAGE_MEUR,Wages and salaries - million euro,CZ,2024,999.15
sbs_ovw_act,M7112,Engineering activities and related technical consultancy,WAGE_MEUR,Wages and salaries - million euro,DE,2021,20492.32
sbs_ovw_act,M7112,Engineering activities and related technical consultancy,WAGE_MEUR,Wages and salaries - million euro,DE,2022,19841.86
sbs_ovw_act,M7112,Engineering activities and related technical consultancy,WAGE_MEUR,Wages and salaries - million euro,DE,2023,23444.35
sbs_ovw_act,M7112,Engineering activities and related technical consultancy,WAGE_MEUR,Wages and salaries - million euro,DE,2024,25367.57
sbs_ovw_act,M7112,Engineering activities and related technical consultancy,WAGE_MEUR,Wages and salaries - million euro,DK,2021,2786.32
sbs_ovw_act,M7112,Engineering activities and related technical consultancy,WAGE_MEUR,Wages and salaries - million euro,DK,2022,3022.69
sbs_ovw_act,M7112,Engineering activities and related technical consultancy,WAGE_MEUR,Wages and salaries - million euro,DK,2023,3477.49
sbs_ovw_act,M7112,Engineering activities and related technical consultancy,WAGE_MEUR,Wages and salaries - million euro,DK,2024,3745.44
sbs_ovw_act,M7112,Engineering activities and related technical consultancy,WAGE_MEUR,Wages and salaries - million euro,EL,2021,195.05
sbs_ovw_act,M7112,Engineering activities and related technical consultancy,WAGE_MEUR,Wages and salaries - million euro,EL,2022,259.64
sbs_ovw_act,M7112,Engineering activities and related technical consultancy,WAGE_MEUR,Wages and salaries - million euro,EL,2023,296.91
sbs_ovw_act,M7112,Engineering activities and related technical consultancy,WAGE_MEUR,Wages and salaries - million euro,EL,2024,362.33
sbs_ovw_act,M7112,Engineering activities and related technical consultancy,WAGE_MEUR,Wages and salaries - million euro,ES,2021,4800.71
sbs_ovw_act,M7112,Engineering activities and related technical consultancy,WAGE_MEUR,Wages and salaries - million euro,ES,2022,5190.06
sbs_ovw_act,M7112,Engineering activities and related technical consultancy,WAGE_MEUR,Wages and salaries - million euro,ES,2023,5972.56
sbs_ovw_act,M7112,Engineering activities and related technical consultancy,WAGE_MEUR,Wages and salaries - million euro,ES,2024,6540.09
sbs_ovw_act,M7112,Engineering activities and related technical consultancy,WAGE_MEUR,Wages and salaries - million euro,EU27_2020,2021,62792.96
sbs_ovw_act,M7112,Engineering activities and related technical consultancy,WAGE_MEUR,Wages and salaries - million euro,EU27_2020,2022,66710.97
sbs_ovw_act,M7112,Engineering activities and related technical consultancy,WAGE_MEUR,Wages and salaries - million euro,EU27_2020,2023,74547.25
sbs_ovw_act,M7112,Engineering activities and related technical consultancy,WAGE_MEUR,Wages and salaries - million euro,FI,2021,1913.89
sbs_ovw_act,M7112,Engineering activities and related technical consultancy,WAGE_MEUR,Wages and salaries - million euro,FI,2022,2052.35
sbs_ovw_act,M7112,Engineering activities and related technical consultancy,WAGE_MEUR,Wages and salaries - million euro,FI,2023,2166.09
sbs_ovw_act,M7112,Engineering activities and related technical consultancy,WAGE_MEUR,Wages and salaries - million euro,FI,2024,2187.29
sbs_ovw_act,M7112,Engineering activities and related technical consultancy,WAGE_MEUR,Wages and salaries - million euro,FR,2021,11376.31
sbs_ovw_act,M7112,Engineering activities and related technical consultancy,WAGE_MEUR,Wages and salaries - million euro,FR,2022,12808.75
sbs_ovw_act,M7112,Engineering activities and related technical consultancy,WAGE_MEUR,Wages and salaries - million euro,FR,2023,13498.85
sbs_ovw_act,M7112,Engineering activities and related technical consultancy,WAGE_MEUR,Wages and salaries - million euro,FR,2024,14470.01
sbs_ovw_act,M7112,Engineering activities and related technical consultancy,WAGE_MEUR,Wages and salaries - million euro,HU,2021,478.41
sbs_ovw_act,M7112,Engineering activities and related technical consultancy,WAGE_MEUR,Wages and salaries - million euro,HU,2022,550.17
sbs_ovw_act,M7112,Engineering activities and related technical consultancy,WAGE_MEUR,Wages and salaries - million euro,HU,2023,665.45
sbs_ovw_act,M7112,Engineering activities and related technical consultancy,WAGE_MEUR,Wages and salaries - million euro,HU,2024,706.8
sbs_ovw_act,M7112,Engineering activities and related technical consultancy,WAGE_MEUR,Wages and salaries - million euro,IE,2021,1357.79
sbs_ovw_act,M7112,Engineering activities and related technical consultancy,WAGE_MEUR,Wages and salaries - million euro,IE,2022,1613.71
sbs_ovw_act,M7112,Engineering activities and related technical consultancy,WAGE_MEUR,Wages and salaries - million euro,IE,2023,1825.25
sbs_ovw_act,M7112,Engineering activities and related technical consultancy,WAGE_MEUR,Wages and salaries - million euro,IE,2024,2012.69
sbs_ovw_act,M7112,Engineering activities and related technical consultancy,WAGE_MEUR,Wages and salaries - million euro,IT,2021,2091.13
sbs_ovw_act,M7112,Engineering activities and related technical consultancy,WAGE_MEUR,Wages and salaries - million euro,IT,2022,2426.05
sbs_ovw_act,M7112,Engineering activities and related technical consultancy,WAGE_MEUR,Wages and salaries - million euro,IT,2023,2689.96
sbs_ovw_act,M7112,Engineering activities and related technical consultancy,WAGE_MEUR,Wages and salaries - million euro,IT,2024,3056.13
sbs_ovw_act,M7112,Engineering activities and related technical consultancy,WAGE_MEUR,Wages and salaries - million euro,NL,2021,4973.71
sbs_ovw_act,M7112,Engineering activities and related technical consultancy,WAGE_MEUR,Wages and salaries - million euro,NL,2022,5432.02
sbs_ovw_act,M7112,Engineering activities and related technical consultancy,WAGE_MEUR,Wages and salaries - million euro,NL,2023,5945.88
sbs_ovw_act,M7112,Engineering activities and related technical consultancy,WAGE_MEUR,Wages and salaries - million euro,NL,2024,6429.96
sbs_ovw_act,M7112,Engineering activities and related technical consultancy,WAGE_MEUR,Wages and salaries - million euro,PL,2021,1134.18
sbs_ovw_act,M7112,Engineering activities and related technical consultancy,WAGE_MEUR,Wages and salaries - million euro,PL,2022,1270.2
sbs_ovw_act,M7112,Engineering activities and related technical consultancy,WAGE_MEUR,Wages and salaries - million euro,PL,2023,1346.72
sbs_ovw_act,M7112,Engineering activities and related technical consultancy,WAGE_MEUR,Wages and salaries - million euro,PL,2024,1708.23
sbs_ovw_act,M7112,Engineering activities and related technical consultancy,WAGE_MEUR,Wages and salaries - million euro,PT,2021,606.1
sbs_ovw_act,M7112,Engineering activities and related technical consultancy,WAGE_MEUR,Wages and salaries - million euro,PT,2022,710.75
sbs_ovw_act,M7112,Engineering activities and related technical consultancy,WAGE_MEUR,Wages and salaries - million euro,PT,2023,824.08
sbs_ovw_act,M7112,Engineering activities and related technical consultancy,WAGE_MEUR,Wages and salaries - million euro,PT,2024,932.78
sbs_ovw_act,M7112,Engineering activities and related technical consultancy,WAGE_MEUR,Wages and salaries - million euro,RO,2021,584.71
sbs_ovw_act,M7112,Engineering activities and related technical consultancy,WAGE_MEUR,Wages and salaries - million euro,RO,2022,757.02
sbs_ovw_act,M7112,Engineering activities and related technical consultancy,WAGE_MEUR,Wages and salaries - million euro,RO,2023,1018.97
sbs_ovw_act,M7112,Engineering activities and related technical consultancy,WAGE_MEUR,Wages and salaries - million euro,RO,2024,1160.04
sbs_ovw_act,M7112,Engineering activities and related technical consultancy,WAGE_MEUR,Wages and salaries - million euro,SE,2021,4544.72
sbs_ovw_act,M7112,Engineering activities and related technical consultancy,WAGE_MEUR,Wages and salaries - million euro,SE,2022,4781.69
sbs_ovw_act,M7112,Engineering activities and related technical consultancy,WAGE_MEUR,Wages and salaries - million euro,SE,2023,4622.7
sbs_ovw_act,M7112,Engineering activities and related technical consultancy,WAGE_MEUR,Wages and salaries - million euro,SE,2024,4848.65
sbs_ovw_act,M7111,Architectural activities,AV_MEUR,Value added - million euro,AT,2021,1203.6
sbs_ovw_act,M7111,Architectural activities,AV_MEUR,Value added - million euro,AT,2022,1277.27
sbs_ovw_act,M7111,Architectural activities,AV_MEUR,Value added - million euro,AT,2023,1368.1
sbs_ovw_act,M7111,Architectural activities,AV_MEUR,Value added - million euro,AT,2024,1363.69
sbs_ovw_act,M7111,Architectural activities,AV_MEUR,Value added - million euro,BE,2021,1114.15
sbs_ovw_act,M7111,Architectural activities,AV_MEUR,Value added - million euro,BE,2022,1117.85
sbs_ovw_act,M7111,Architectural activities,AV_MEUR,Value added - million euro,BE,2023,1069.48
sbs_ovw_act,M7111,Architectural activities,AV_MEUR,Value added - million euro,BE,2024,1198.68
sbs_ovw_act,M7111,Architectural activities,AV_MEUR,Value added - million euro,CZ,2021,397.38
sbs_ovw_act,M7111,Architectural activities,AV_MEUR,Value added - million euro,CZ,2022,489.98
sbs_ovw_act,M7111,Architectural activities,AV_MEUR,Value added - million euro,CZ,2023,525.34
sbs_ovw_act,M7111,Architectural activities,AV_MEUR,Value added - million euro,CZ,2024,547.07
sbs_ovw_act,M7111,Architectural activities,AV_MEUR,Value added - million euro,DE,2021,9201.3
sbs_ovw_act,M7111,Architectural activities,AV_MEUR,Value added - million euro,DE,2022,10513.61
sbs_ovw_act,M7111,Architectural activities,AV_MEUR,Value added - million euro,DE,2023,10150.75
sbs_ovw_act,M7111,Architectural activities,AV_MEUR,Value added - million euro,DE,2024,9425.14
sbs_ovw_act,M7111,Architectural activities,AV_MEUR,Value added - million euro,DK,2021,710.68
sbs_ovw_act,M7111,Architectural activities,AV_MEUR,Value added - million euro,DK,2022,730.81
sbs_ovw_act,M7111,Architectural activities,AV_MEUR,Value added - million euro,DK,2023,796.85
sbs_ovw_act,M7111,Architectural activities,AV_MEUR,Value added - million euro,DK,2024,762.18
sbs_ovw_act,M7111,Architectural activities,AV_MEUR,Value added - million euro,EL,2021,168.47
sbs_ovw_act,M7111,Architectural activities,AV_MEUR,Value added - million euro,EL,2022,220.04
sbs_ovw_act,M7111,Architectural activities,AV_MEUR,Value added - million euro,EL,2023,269.0
sbs_ovw_act,M7111,Architectural activities,AV_MEUR,Value added - million euro,EL,2024,318.46
sbs_ovw_act,M7111,Architectural activities,AV_MEUR,Value added - million euro,ES,2021,1743.78
sbs_ovw_act,M7111,Architectural activities,AV_MEUR,Value added - million euro,ES,2022,2121.58
sbs_ovw_act,M7111,Architectural activities,AV_MEUR,Value added - million euro,ES,2023,2288.61
sbs_ovw_act,M7111,Architectural activities,AV_MEUR,Value added - million euro,ES,2024,2542.47
sbs_ovw_act,M7111,Architectural activities,AV_MEUR,Value added - million euro,EU27_2020,2021,26094.0
sbs_ovw_act,M7111,Architectural activities,AV_MEUR,Value added - million euro,EU27_2020,2022,29083.65
sbs_ovw_act,M7111,Architectural activities,AV_MEUR,Value added - million euro,EU27_2020,2023,29987.84
sbs_ovw_act,M7111,Architectural activities,AV_MEUR,Value added - million euro,FI,2021,320.11
sbs_ovw_act,M7111,Architectural activities,AV_MEUR,Value added - million euro,FI,2022,309.02
sbs_ovw_act,M7111,Architectural activities,AV_MEUR,Value added - million euro,FI,2023,286.46
sbs_ovw_act,M7111,Architectural activities,AV_MEUR,Value added - million euro,FI,2024,259.94
sbs_ovw_act,M7111,Architectural activities,AV_MEUR,Value added - million euro,FR,2021,3932.16
sbs_ovw_act,M7111,Architectural activities,AV_MEUR,Value added - million euro,FR,2022,4218.41
sbs_ovw_act,M7111,Architectural activities,AV_MEUR,Value added - million euro,FR,2023,4435.91
sbs_ovw_act,M7111,Architectural activities,AV_MEUR,Value added - million euro,FR,2024,4327.45
sbs_ovw_act,M7111,Architectural activities,AV_MEUR,Value added - million euro,HU,2021,216.02
sbs_ovw_act,M7111,Architectural activities,AV_MEUR,Value added - million euro,HU,2022,206.3
sbs_ovw_act,M7111,Architectural activities,AV_MEUR,Value added - million euro,HU,2023,206.08
sbs_ovw_act,M7111,Architectural activities,AV_MEUR,Value added - million euro,HU,2024,202.49
sbs_ovw_act,M7111,Architectural activities,AV_MEUR,Value added - million euro,IE,2021,717.25
sbs_ovw_act,M7111,Architectural activities,AV_MEUR,Value added - million euro,IE,2022,704.39
sbs_ovw_act,M7111,Architectural activities,AV_MEUR,Value added - million euro,IE,2023,699.63
sbs_ovw_act,M7111,Architectural activities,AV_MEUR,Value added - million euro,IE,2024,812.59
sbs_ovw_act,M7111,Architectural activities,AV_MEUR,Value added - million euro,IT,2021,2700.94
sbs_ovw_act,M7111,Architectural activities,AV_MEUR,Value added - million euro,IT,2022,3284.95
sbs_ovw_act,M7111,Architectural activities,AV_MEUR,Value added - million euro,IT,2023,3761.81
sbs_ovw_act,M7111,Architectural activities,AV_MEUR,Value added - million euro,IT,2024,3823.14
sbs_ovw_act,M7111,Architectural activities,AV_MEUR,Value added - million euro,NL,2021,934.58
sbs_ovw_act,M7111,Architectural activities,AV_MEUR,Value added - million euro,NL,2022,914.44
sbs_ovw_act,M7111,Architectural activities,AV_MEUR,Value added - million euro,NL,2023,1018.29
sbs_ovw_act,M7111,Architectural activities,AV_MEUR,Value added - million euro,NL,2024,1084.51
sbs_ovw_act,M7111,Architectural activities,AV_MEUR,Value added - million euro,PL,2021,734.64
sbs_ovw_act,M7111,Architectural activities,AV_MEUR,Value added - million euro,PL,2022,779.56
sbs_ovw_act,M7111,Architectural activities,AV_MEUR,Value added - million euro,PL,2023,801.68
sbs_ovw_act,M7111,Architectural activities,AV_MEUR,Value added - million euro,PL,2024,978.78
sbs_ovw_act,M7111,Architectural activities,AV_MEUR,Value added - million euro,PT,2021,274.48
sbs_ovw_act,M7111,Architectural activities,AV_MEUR,Value added - million euro,PT,2022,319.6
sbs_ovw_act,M7111,Architectural activities,AV_MEUR,Value added - million euro,PT,2023,367.65
sbs_ovw_act,M7111,Architectural activities,AV_MEUR,Value added - million euro,PT,2024,412.55
sbs_ovw_act,M7111,Architectural activities,AV_MEUR,Value added - million euro,RO,2021,237.48
sbs_ovw_act,M7111,Architectural activities,AV_MEUR,Value added - million euro,RO,2022,303.56
sbs_ovw_act,M7111,Architectural activities,AV_MEUR,Value added - million euro,RO,2023,370.83
sbs_ovw_act,M7111,Architectural activities,AV_MEUR,Value added - million euro,RO,2024,279.76
sbs_ovw_act,M7111,Architectural activities,AV_MEUR,Value added - million euro,SE,2021,730.51
sbs_ovw_act,M7111,Architectural activities,AV_MEUR,Value added - million euro,SE,2022,707.51
sbs_ovw_act,M7111,Architectural activities,AV_MEUR,Value added - million euro,SE,2023,584.15
sbs_ovw_act,M7111,Architectural activities,AV_MEUR,Value added - million euro,SE,2024,525.85
sbs_ovw_act,M7111,Architectural activities,EMP_NR,Persons employed - number,AT,2021,19554.0
sbs_ovw_act,M7111,Architectural activities,EMP_NR,Persons employed - number,AT,2022,19743.0
sbs_ovw_act,M7111,Architectural activities,EMP_NR,Persons employed - number,AT,2023,20122.0
sbs_ovw_act,M7111,Architectural activities,EMP_NR,Persons employed - number,AT,2024,19880.0
sbs_ovw_act,M7111,Architectural activities,EMP_NR,Persons employed - number,BE,2021,23798.0
sbs_ovw_act,M7111,Architectural activities,EMP_NR,Persons employed - number,BE,2022,24913.0
sbs_ovw_act,M7111,Architectural activities,EMP_NR,Persons employed - number,BE,2023,23727.0
sbs_ovw_act,M7111,Architectural activities,EMP_NR,Persons employed - number,BE,2024,24756.0
sbs_ovw_act,M7111,Architectural activities,EMP_NR,Persons employed - number,CZ,2021,17543.0
sbs_ovw_act,M7111,Architectural activities,EMP_NR,Persons employed - number,CZ,2022,18174.0
sbs_ovw_act,M7111,Architectural activities,EMP_NR,Persons employed - number,CZ,2023,18262.0
sbs_ovw_act,M7111,Architectural activities,EMP_NR,Persons employed - number,CZ,2024,18344.0
sbs_ovw_act,M7111,Architectural activities,EMP_NR,Persons employed - number,DE,2021,153660.0
sbs_ovw_act,M7111,Architectural activities,EMP_NR,Persons employed - number,DE,2022,153463.0
sbs_ovw_act,M7111,Architectural activities,EMP_NR,Persons employed - number,DE,2023,138708.0
sbs_ovw_act,M7111,Architectural activities,EMP_NR,Persons employed - number,DE,2024,146038.0
sbs_ovw_act,M7111,Architectural activities,EMP_NR,Persons employed - number,DK,2021,8885.0
sbs_ovw_act,M7111,Architectural activities,EMP_NR,Persons employed - number,DK,2022,9307.0
sbs_ovw_act,M7111,Architectural activities,EMP_NR,Persons employed - number,DK,2023,9252.0
sbs_ovw_act,M7111,Architectural activities,EMP_NR,Persons employed - number,DK,2024,9217.0
sbs_ovw_act,M7111,Architectural activities,EMP_NR,Persons employed - number,EL,2021,16087.0
sbs_ovw_act,M7111,Architectural activities,EMP_NR,Persons employed - number,EL,2022,16379.0
sbs_ovw_act,M7111,Architectural activities,EMP_NR,Persons employed - number,EL,2023,17093.0
sbs_ovw_act,M7111,Architectural activities,EMP_NR,Persons employed - number,EL,2024,17855.0
sbs_ovw_act,M7111,Architectural activities,EMP_NR,Persons employed - number,ES,2021,63828.0
sbs_ovw_act,M7111,Architectural activities,EMP_NR,Persons employed - number,ES,2022,63424.0
sbs_ovw_act,M7111,Architectural activities,EMP_NR,Persons employed - number,ES,2023,60681.0
sbs_ovw_act,M7111,Architectural activities,EMP_NR,Persons employed - number,ES,2024,59764.0
sbs_ovw_act,M7111,Architectural activities,EMP_NR,Persons employed - number,EU27_2020,2021,595639.0
sbs_ovw_act,M7111,Architectural activities,EMP_NR,Persons employed - number,EU27_2020,2022,608698.0
sbs_ovw_act,M7111,Architectural activities,EMP_NR,Persons employed - number,EU27_2020,2023,592273.0
sbs_ovw_act,M7111,Architectural activities,EMP_NR,Persons employed - number,FI,2021,4670.0
sbs_ovw_act,M7111,Architectural activities,EMP_NR,Persons employed - number,FI,2022,4697.0
sbs_ovw_act,M7111,Architectural activities,EMP_NR,Persons employed - number,FI,2023,4319.0
sbs_ovw_act,M7111,Architectural activities,EMP_NR,Persons employed - number,FI,2024,3921.0
sbs_ovw_act,M7111,Architectural activities,EMP_NR,Persons employed - number,FR,2021,63263.0
sbs_ovw_act,M7111,Architectural activities,EMP_NR,Persons employed - number,FR,2022,66167.0
sbs_ovw_act,M7111,Architectural activities,EMP_NR,Persons employed - number,FR,2023,66346.0
sbs_ovw_act,M7111,Architectural activities,EMP_NR,Persons employed - number,FR,2024,65290.0
sbs_ovw_act,M7111,Architectural activities,EMP_NR,Persons employed - number,HU,2021,11389.0
sbs_ovw_act,M7111,Architectural activities,EMP_NR,Persons employed - number,HU,2022,11587.0
sbs_ovw_act,M7111,Architectural activities,EMP_NR,Persons employed - number,HU,2023,10476.0
sbs_ovw_act,M7111,Architectural activities,EMP_NR,Persons employed - number,HU,2024,10542.0
sbs_ovw_act,M7111,Architectural activities,EMP_NR,Persons employed - number,IE,2021,8554.0
sbs_ovw_act,M7111,Architectural activities,EMP_NR,Persons employed - number,IE,2022,9210.0
sbs_ovw_act,M7111,Architectural activities,EMP_NR,Persons employed - number,IE,2023,9315.0
sbs_ovw_act,M7111,Architectural activities,EMP_NR,Persons employed - number,IE,2024,9468.0
sbs_ovw_act,M7111,Architectural activities,EMP_NR,Persons employed - number,IT,2021,78319.0
sbs_ovw_act,M7111,Architectural activities,EMP_NR,Persons employed - number,IT,2022,84116.0
sbs_ovw_act,M7111,Architectural activities,EMP_NR,Persons employed - number,IT,2023,85401.0
sbs_ovw_act,M7111,Architectural activities,EMP_NR,Persons employed - number,IT,2024,88111.0
sbs_ovw_act,M7111,Architectural activities,EMP_NR,Persons employed - number,NL,2021,15228.0
sbs_ovw_act,M7111,Architectural activities,EMP_NR,Persons employed - number,NL,2022,15603.0
sbs_ovw_act,M7111,Architectural activities,EMP_NR,Persons employed - number,NL,2023,15113.0
sbs_ovw_act,M7111,Architectural activities,EMP_NR,Persons employed - number,NL,2024,14872.0
sbs_ovw_act,M7111,Architectural activities,EMP_NR,Persons employed - number,PL,2021,41192.0
sbs_ovw_act,M7111,Architectural activities,EMP_NR,Persons employed - number,PL,2022,39732.0
sbs_ovw_act,M7111,Architectural activities,EMP_NR,Persons employed - number,PL,2023,38861.0
sbs_ovw_act,M7111,Architectural activities,EMP_NR,Persons employed - number,PL,2024,38797.0
sbs_ovw_act,M7111,Architectural activities,EMP_NR,Persons employed - number,PT,2021,15625.0
sbs_ovw_act,M7111,Architectural activities,EMP_NR,Persons employed - number,PT,2022,16645.0
sbs_ovw_act,M7111,Architectural activities,EMP_NR,Persons employed - number,PT,2023,17335.0
sbs_ovw_act,M7111,Architectural activities,EMP_NR,Persons employed - number,PT,2024,17982.0
sbs_ovw_act,M7111,Architectural activities,EMP_NR,Persons employed - number,RO,2021,12889.0
sbs_ovw_act,M7111,Architectural activities,EMP_NR,Persons employed - number,RO,2022,13183.0
sbs_ovw_act,M7111,Architectural activities,EMP_NR,Persons employed - number,RO,2023,13849.0
sbs_ovw_act,M7111,Architectural activities,EMP_NR,Persons employed - number,RO,2024,13579.0
sbs_ovw_act,M7111,Architectural activities,EMP_NR,Persons employed - number,SE,2021,10378.0
sbs_ovw_act,M7111,Architectural activities,EMP_NR,Persons employed - number,SE,2022,10786.0
sbs_ovw_act,M7111,Architectural activities,EMP_NR,Persons employed - number,SE,2023,10060.0
sbs_ovw_act,M7111,Architectural activities,EMP_NR,Persons employed - number,SE,2024,8956.0
sbs_ovw_act,M7111,Architectural activities,ENT_NR,Enterprises - number,AT,2021,6627.0
sbs_ovw_act,M7111,Architectural activities,ENT_NR,Enterprises - number,AT,2022,6476.0
sbs_ovw_act,M7111,Architectural activities,ENT_NR,Enterprises - number,AT,2023,6586.0
sbs_ovw_act,M7111,Architectural activities,ENT_NR,Enterprises - number,AT,2024,6756.0
sbs_ovw_act,M7111,Architectural activities,ENT_NR,Enterprises - number,BE,2021,20373.0
sbs_ovw_act,M7111,Architectural activities,ENT_NR,Enterprises - number,BE,2022,20588.0
sbs_ovw_act,M7111,Architectural activities,ENT_NR,Enterprises - number,BE,2023,19491.0
sbs_ovw_act,M7111,Architectural activities,ENT_NR,Enterprises - number,BE,2024,20608.0
sbs_ovw_act,M7111,Architectural activities,ENT_NR,Enterprises - number,CZ,2021,13888.0
sbs_ovw_act,M7111,Architectural activities,ENT_NR,Enterprises - number,CZ,2022,14369.0
sbs_ovw_act,M7111,Architectural activities,ENT_NR,Enterprises - number,CZ,2023,14468.0
sbs_ovw_act,M7111,Architectural activities,ENT_NR,Enterprises - number,CZ,2024,14742.0
sbs_ovw_act,M7111,Architectural activities,ENT_NR,Enterprises - number,DE,2021,36456.0
sbs_ovw_act,M7111,Architectural activities,ENT_NR,Enterprises - number,DE,2022,37116.0
sbs_ovw_act,M7111,Architectural activities,ENT_NR,Enterprises - number,DE,2023,34986.0
sbs_ovw_act,M7111,Architectural activities,ENT_NR,Enterprises - number,DE,2024,34609.0
sbs_ovw_act,M7111,Architectural activities,ENT_NR,Enterprises - number,DK,2021,1963.0
sbs_ovw_act,M7111,Architectural activities,ENT_NR,Enterprises - number,DK,2022,1994.0
sbs_ovw_act,M7111,Architectural activities,ENT_NR,Enterprises - number,DK,2023,1973.0
sbs_ovw_act,M7111,Architectural activities,ENT_NR,Enterprises - number,DK,2024,1945.0
sbs_ovw_act,M7111,Architectural activities,ENT_NR,Enterprises - number,EL,2021,12227.0
sbs_ovw_act,M7111,Architectural activities,ENT_NR,Enterprises - number,EL,2022,12621.0
sbs_ovw_act,M7111,Architectural activities,ENT_NR,Enterprises - number,EL,2023,12814.0
sbs_ovw_act,M7111,Architectural activities,ENT_NR,Enterprises - number,EL,2024,13180.0
sbs_ovw_act,M7111,Architectural activities,ENT_NR,Enterprises - number,ES,2021,50811.0
sbs_ovw_act,M7111,Architectural activities,ENT_NR,Enterprises - number,ES,2022,50525.0
sbs_ovw_act,M7111,Architectural activities,ENT_NR,Enterprises - number,ES,2023,49665.0
sbs_ovw_act,M7111,Architectural activities,ENT_NR,Enterprises - number,ES,2024,49000.0
sbs_ovw_act,M7111,Architectural activities,ENT_NR,Enterprises - number,EU27_2020,2021,324852.0
sbs_ovw_act,M7111,Architectural activities,ENT_NR,Enterprises - number,EU27_2020,2022,333548.0
sbs_ovw_act,M7111,Architectural activities,ENT_NR,Enterprises - number,EU27_2020,2023,331379.0
sbs_ovw_act,M7111,Architectural activities,ENT_NR,Enterprises - number,FI,2021,2089.0
sbs_ovw_act,M7111,Architectural activities,ENT_NR,Enterprises - number,FI,2022,2066.0
sbs_ovw_act,M7111,Architectural activities,ENT_NR,Enterprises - number,FI,2023,2031.0
sbs_ovw_act,M7111,Architectural activities,ENT_NR,Enterprises - number,FI,2024,2010.0
sbs_ovw_act,M7111,Architectural activities,ENT_NR,Enterprises - number,FR,2021,31702.0
sbs_ovw_act,M7111,Architectural activities,ENT_NR,Enterprises - number,FR,2022,33386.0
sbs_ovw_act,M7111,Architectural activities,ENT_NR,Enterprises - number,FR,2023,33867.0
sbs_ovw_act,M7111,Architectural activities,ENT_NR,Enterprises - number,FR,2024,33838.0
sbs_ovw_act,M7111,Architectural activities,ENT_NR,Enterprises - number,HU,2021,7490.0
sbs_ovw_act,M7111,Architectural activities,ENT_NR,Enterprises - number,HU,2022,7666.0
sbs_ovw_act,M7111,Architectural activities,ENT_NR,Enterprises - number,HU,2023,6714.0
sbs_ovw_act,M7111,Architectural activities,ENT_NR,Enterprises - number,HU,2024,6657.0
sbs_ovw_act,M7111,Architectural activities,ENT_NR,Enterprises - number,IE,2021,2586.0
sbs_ovw_act,M7111,Architectural activities,ENT_NR,Enterprises - number,IE,2022,2598.0
sbs_ovw_act,M7111,Architectural activities,ENT_NR,Enterprises - number,IE,2023,2595.0
sbs_ovw_act,M7111,Architectural activities,ENT_NR,Enterprises - number,IE,2024,2582.0
sbs_ovw_act,M7111,Architectural activities,ENT_NR,Enterprises - number,IT,2021,73290.0
sbs_ovw_act,M7111,Architectural activities,ENT_NR,Enterprises - number,IT,2022,78542.0
sbs_ovw_act,M7111,Architectural activities,ENT_NR,Enterprises - number,IT,2023,79705.0
sbs_ovw_act,M7111,Architectural activities,ENT_NR,Enterprises - number,IT,2024,82671.0
sbs_ovw_act,M7111,Architectural activities,ENT_NR,Enterprises - number,NL,2021,6800.0
sbs_ovw_act,M7111,Architectural activities,ENT_NR,Enterprises - number,NL,2022,6917.0
sbs_ovw_act,M7111,Architectural activities,ENT_NR,Enterprises - number,NL,2023,6811.0
sbs_ovw_act,M7111,Architectural activities,ENT_NR,Enterprises - number,NL,2024,7170.0
sbs_ovw_act,M7111,Architectural activities,ENT_NR,Enterprises - number,PL,2021,23573.0
sbs_ovw_act,M7111,Architectural activities,ENT_NR,Enterprises - number,PL,2022,22907.0
sbs_ovw_act,M7111,Architectural activities,ENT_NR,Enterprises - number,PL,2023,22696.0
sbs_ovw_act,M7111,Architectural activities,ENT_NR,Enterprises - number,PL,2024,22890.0
sbs_ovw_act,M7111,Architectural activities,ENT_NR,Enterprises - number,PT,2021,10047.0
sbs_ovw_act,M7111,Architectural activities,ENT_NR,Enterprises - number,PT,2022,10330.0
sbs_ovw_act,M7111,Architectural activities,ENT_NR,Enterprises - number,PT,2023,10514.0
sbs_ovw_act,M7111,Architectural activities,ENT_NR,Enterprises - number,PT,2024,10691.0
sbs_ovw_act,M7111,Architectural activities,ENT_NR,Enterprises - number,RO,2021,5537.0
sbs_ovw_act,M7111,Architectural activities,ENT_NR,Enterprises - number,RO,2022,5838.0
sbs_ovw_act,M7111,Architectural activities,ENT_NR,Enterprises - number,RO,2023,6090.0
sbs_ovw_act,M7111,Architectural activities,ENT_NR,Enterprises - number,RO,2024,6288.0
sbs_ovw_act,M7111,Architectural activities,ENT_NR,Enterprises - number,SE,2021,4026.0
sbs_ovw_act,M7111,Architectural activities,ENT_NR,Enterprises - number,SE,2022,3639.0
sbs_ovw_act,M7111,Architectural activities,ENT_NR,Enterprises - number,SE,2023,3728.0
sbs_ovw_act,M7111,Architectural activities,ENT_NR,Enterprises - number,SE,2024,3833.0
sbs_ovw_act,M7111,Architectural activities,GOS_MEUR,Gross operating surplus - million euro,AT,2021,615.39
sbs_ovw_act,M7111,Architectural activities,GOS_MEUR,Gross operating surplus - million euro,AT,2022,625.34
sbs_ovw_act,M7111,Architectural activities,GOS_MEUR,Gross operating surplus - million euro,AT,2023,673.32
sbs_ovw_act,M7111,Architectural activities,GOS_MEUR,Gross operating surplus - million euro,AT,2024,633.12
sbs_ovw_act,M7111,Architectural activities,GOS_MEUR,Gross operating surplus - million euro,BE,2021,949.71
sbs_ovw_act,M7111,Architectural activities,GOS_MEUR,Gross operating surplus - million euro,BE,2022,916.11
sbs_ovw_act,M7111,Architectural activities,GOS_MEUR,Gross operating surplus - million euro,BE,2023,826.48
sbs_ovw_act,M7111,Architectural activities,GOS_MEUR,Gross operating surplus - million euro,BE,2024,988.72
sbs_ovw_act,M7111,Architectural activities,GOS_MEUR,Gross operating surplus - million euro,CZ,2021,196.45
sbs_ovw_act,M7111,Architectural activities,GOS_MEUR,Gross operating surplus - million euro,CZ,2022,255.82
sbs_ovw_act,M7111,Architectural activities,GOS_MEUR,Gross operating surplus - million euro,CZ,2023,285.7
sbs_ovw_act,M7111,Architectural activities,GOS_MEUR,Gross operating surplus - million euro,CZ,2024,302.55
sbs_ovw_act,M7111,Architectural activities,GOS_MEUR,Gross operating surplus - million euro,DE,2021,4156.36
sbs_ovw_act,M7111,Architectural activities,GOS_MEUR,Gross operating surplus - million euro,DE,2022,5508.37
sbs_ovw_act,M7111,Architectural activities,GOS_MEUR,Gross operating surplus - million euro,DE,2023,5272.89
sbs_ovw_act,M7111,Architectural activities,GOS_MEUR,Gross operating surplus - million euro,DE,2024,2663.37
sbs_ovw_act,M7111,Architectural activities,GOS_MEUR,Gross operating surplus - million euro,DK,2021,134.94
sbs_ovw_act,M7111,Architectural activities,GOS_MEUR,Gross operating surplus - million euro,DK,2022,111.44
sbs_ovw_act,M7111,Architectural activities,GOS_MEUR,Gross operating surplus - million euro,DK,2023,95.0
sbs_ovw_act,M7111,Architectural activities,GOS_MEUR,Gross operating surplus - million euro,DK,2024,94.43
sbs_ovw_act,M7111,Architectural activities,GOS_MEUR,Gross operating surplus - million euro,EL,2021,123.53
sbs_ovw_act,M7111,Architectural activities,GOS_MEUR,Gross operating surplus - million euro,EL,2022,161.83
sbs_ovw_act,M7111,Architectural activities,GOS_MEUR,Gross operating surplus - million euro,EL,2023,200.16
sbs_ovw_act,M7111,Architectural activities,GOS_MEUR,Gross operating surplus - million euro,EL,2024,236.97
sbs_ovw_act,M7111,Architectural activities,GOS_MEUR,Gross operating surplus - million euro,ES,2021,1173.32
sbs_ovw_act,M7111,Architectural activities,GOS_MEUR,Gross operating surplus - million euro,ES,2022,1454.15
sbs_ovw_act,M7111,Architectural activities,GOS_MEUR,Gross operating surplus - million euro,ES,2023,1557.76
sbs_ovw_act,M7111,Architectural activities,GOS_MEUR,Gross operating surplus - million euro,ES,2024,1635.01
sbs_ovw_act,M7111,Architectural activities,GOS_MEUR,Gross operating surplus - million euro,EU27_2020,2021,12839.6
sbs_ovw_act,M7111,Architectural activities,GOS_MEUR,Gross operating surplus - million euro,EU27_2020,2022,15200.83
sbs_ovw_act,M7111,Architectural activities,GOS_MEUR,Gross operating surplus - million euro,EU27_2020,2023,15677.07
sbs_ovw_act,M7111,Architectural activities,GOS_MEUR,Gross operating surplus - million euro,FI,2021,67.42
sbs_ovw_act,M7111,Architectural activities,GOS_MEUR,Gross operating surplus - million euro,FI,2022,56.15
sbs_ovw_act,M7111,Architectural activities,GOS_MEUR,Gross operating surplus - million euro,FI,2023,45.91
sbs_ovw_act,M7111,Architectural activities,GOS_MEUR,Gross operating surplus - million euro,FI,2024,35.31
sbs_ovw_act,M7111,Architectural activities,GOS_MEUR,Gross operating surplus - million euro,FR,2021,939.23
sbs_ovw_act,M7111,Architectural activities,GOS_MEUR,Gross operating surplus - million euro,FR,2022,1007.63
sbs_ovw_act,M7111,Architectural activities,GOS_MEUR,Gross operating surplus - million euro,FR,2023,1131.96
sbs_ovw_act,M7111,Architectural activities,GOS_MEUR,Gross operating surplus - million euro,FR,2024,1011.79
sbs_ovw_act,M7111,Architectural activities,GOS_MEUR,Gross operating surplus - million euro,HU,2021,127.46
sbs_ovw_act,M7111,Architectural activities,GOS_MEUR,Gross operating surplus - million euro,HU,2022,113.14
sbs_ovw_act,M7111,Architectural activities,GOS_MEUR,Gross operating surplus - million euro,HU,2023,104.65
sbs_ovw_act,M7111,Architectural activities,GOS_MEUR,Gross operating surplus - million euro,HU,2024,98.33
sbs_ovw_act,M7111,Architectural activities,GOS_MEUR,Gross operating surplus - million euro,IE,2021,291.01
sbs_ovw_act,M7111,Architectural activities,GOS_MEUR,Gross operating surplus - million euro,IE,2022,262.05
sbs_ovw_act,M7111,Architectural activities,GOS_MEUR,Gross operating surplus - million euro,IE,2023,231.39
sbs_ovw_act,M7111,Architectural activities,GOS_MEUR,Gross operating surplus - million euro,IE,2024,453.58
sbs_ovw_act,M7111,Architectural activities,GOS_MEUR,Gross operating surplus - million euro,IT,2021,2615.75
sbs_ovw_act,M7111,Architectural activities,GOS_MEUR,Gross operating surplus - million euro,IT,2022,3178.88
sbs_ovw_act,M7111,Architectural activities,GOS_MEUR,Gross operating surplus - million euro,IT,2023,3644.18
sbs_ovw_act,M7111,Architectural activities,GOS_MEUR,Gross operating surplus - million euro,IT,2024,3693.56
sbs_ovw_act,M7111,Architectural activities,GOS_MEUR,Gross operating surplus - million euro,NL,2021,415.44
sbs_ovw_act,M7111,Architectural activities,GOS_MEUR,Gross operating surplus - million euro,NL,2022,351.9
sbs_ovw_act,M7111,Architectural activities,GOS_MEUR,Gross operating surplus - million euro,NL,2023,404.16
sbs_ovw_act,M7111,Architectural activities,GOS_MEUR,Gross operating surplus - million euro,NL,2024,411.64
sbs_ovw_act,M7111,Architectural activities,GOS_MEUR,Gross operating surplus - million euro,PL,2021,343.03
sbs_ovw_act,M7111,Architectural activities,GOS_MEUR,Gross operating surplus - million euro,PL,2022,388.74
sbs_ovw_act,M7111,Architectural activities,GOS_MEUR,Gross operating surplus - million euro,PL,2023,378.55
sbs_ovw_act,M7111,Architectural activities,GOS_MEUR,Gross operating surplus - million euro,PL,2024,445.76
sbs_ovw_act,M7111,Architectural activities,GOS_MEUR,Gross operating surplus - million euro,PT,2021,113.57
sbs_ovw_act,M7111,Architectural activities,GOS_MEUR,Gross operating surplus - million euro,PT,2022,129.63
sbs_ovw_act,M7111,Architectural activities,GOS_MEUR,Gross operating surplus - million euro,PT,2023,144.91
sbs_ovw_act,M7111,Architectural activities,GOS_MEUR,Gross operating surplus - million euro,PT,2024,162.09
sbs_ovw_act,M7111,Architectural activities,GOS_MEUR,Gross operating surplus - million euro,RO,2021,119.3
sbs_ovw_act,M7111,Architectural activities,GOS_MEUR,Gross operating surplus - million euro,RO,2022,192.55
sbs_ovw_act,M7111,Architectural activities,GOS_MEUR,Gross operating surplus - million euro,RO,2023,198.32
sbs_ovw_act,M7111,Architectural activities,GOS_MEUR,Gross operating surplus - million euro,RO,2024,102.1
sbs_ovw_act,M7111,Architectural activities,GOS_MEUR,Gross operating surplus - million euro,SE,2021,153.38
sbs_ovw_act,M7111,Architectural activities,GOS_MEUR,Gross operating surplus - million euro,SE,2022,117.62
sbs_ovw_act,M7111,Architectural activities,GOS_MEUR,Gross operating surplus - million euro,SE,2023,65.88
sbs_ovw_act,M7111,Architectural activities,GOS_MEUR,Gross operating surplus - million euro,SE,2024,63.88
sbs_ovw_act,M7111,Architectural activities,NETTUR_MEUR,Net turnover - million euro,AT,2021,2176.62
sbs_ovw_act,M7111,Architectural activities,NETTUR_MEUR,Net turnover - million euro,AT,2022,2448.97
sbs_ovw_act,M7111,Architectural activities,NETTUR_MEUR,Net turnover - million euro,AT,2023,2566.43
sbs_ovw_act,M7111,Architectural activities,NETTUR_MEUR,Net turnover - million euro,AT,2024,2540.69
sbs_ovw_act,M7111,Architectural activities,NETTUR_MEUR,Net turnover - million euro,BE,2021,3018.04
sbs_ovw_act,M7111,Architectural activities,NETTUR_MEUR,Net turnover - million euro,BE,2022,3019.54
sbs_ovw_act,M7111,Architectural activities,NETTUR_MEUR,Net turnover - million euro,BE,2023,3563.75
sbs_ovw_act,M7111,Architectural activities,NETTUR_MEUR,Net turnover - million euro,BE,2024,3733.53
sbs_ovw_act,M7111,Architectural activities,NETTUR_MEUR,Net turnover - million euro,CZ,2021,1129.18
sbs_ovw_act,M7111,Architectural activities,NETTUR_MEUR,Net turnover - million euro,CZ,2022,1421.64
sbs_ovw_act,M7111,Architectural activities,NETTUR_MEUR,Net turnover - million euro,CZ,2023,1521.22
sbs_ovw_act,M7111,Architectural activities,NETTUR_MEUR,Net turnover - million euro,CZ,2024,1502.33
sbs_ovw_act,M7111,Architectural activities,NETTUR_MEUR,Net turnover - million euro,DE,2021,13591.46
sbs_ovw_act,M7111,Architectural activities,NETTUR_MEUR,Net turnover - million euro,DE,2022,15039.76
sbs_ovw_act,M7111,Architectural activities,NETTUR_MEUR,Net turnover - million euro,DE,2023,18166.89
sbs_ovw_act,M7111,Architectural activities,NETTUR_MEUR,Net turnover - million euro,DE,2024,15080.41
sbs_ovw_act,M7111,Architectural activities,NETTUR_MEUR,Net turnover - million euro,DK,2021,1173.12
sbs_ovw_act,M7111,Architectural activities,NETTUR_MEUR,Net turnover - million euro,DK,2022,1260.61
sbs_ovw_act,M7111,Architectural activities,NETTUR_MEUR,Net turnover - million euro,DK,2023,1269.22
sbs_ovw_act,M7111,Architectural activities,NETTUR_MEUR,Net turnover - million euro,DK,2024,1279.67
sbs_ovw_act,M7111,Architectural activities,NETTUR_MEUR,Net turnover - million euro,EL,2021,442.05
sbs_ovw_act,M7111,Architectural activities,NETTUR_MEUR,Net turnover - million euro,EL,2022,581.01
sbs_ovw_act,M7111,Architectural activities,NETTUR_MEUR,Net turnover - million euro,EL,2023,691.12
sbs_ovw_act,M7111,Architectural activities,NETTUR_MEUR,Net turnover - million euro,EL,2024,783.2
sbs_ovw_act,M7111,Architectural activities,NETTUR_MEUR,Net turnover - million euro,ES,2021,3555.17
sbs_ovw_act,M7111,Architectural activities,NETTUR_MEUR,Net turnover - million euro,ES,2022,4342.4
sbs_ovw_act,M7111,Architectural activities,NETTUR_MEUR,Net turnover - million euro,ES,2023,4680.87
sbs_ovw_act,M7111,Architectural activities,NETTUR_MEUR,Net turnover - million euro,ES,2024,4960.22
sbs_ovw_act,M7111,Architectural activities,NETTUR_MEUR,Net turnover - million euro,EU27_2020,2021,46980.7
sbs_ovw_act,M7111,Architectural activities,NETTUR_MEUR,Net turnover - million euro,EU27_2020,2022,50677.68
sbs_ovw_act,M7111,Architectural activities,NETTUR_MEUR,Net turnover - million euro,EU27_2020,2023,56992.18
sbs_ovw_act,M7111,Architectural activities,NETTUR_MEUR,Net turnover - million euro,FI,2021,475.48
sbs_ovw_act,M7111,Architectural activities,NETTUR_MEUR,Net turnover - million euro,FI,2022,475.05
sbs_ovw_act,M7111,Architectural activities,NETTUR_MEUR,Net turnover - million euro,FI,2023,449.47
sbs_ovw_act,M7111,Architectural activities,NETTUR_MEUR,Net turnover - million euro,FI,2024,415.22
sbs_ovw_act,M7111,Architectural activities,NETTUR_MEUR,Net turnover - million euro,FR,2021,6785.53
sbs_ovw_act,M7111,Architectural activities,NETTUR_MEUR,Net turnover - million euro,FR,2022,7345.01
sbs_ovw_act,M7111,Architectural activities,NETTUR_MEUR,Net turnover - million euro,FR,2023,7431.48
sbs_ovw_act,M7111,Architectural activities,NETTUR_MEUR,Net turnover - million euro,FR,2024,7230.3
sbs_ovw_act,M7111,Architectural activities,NETTUR_MEUR,Net turnover - million euro,HU,2021,574.99
sbs_ovw_act,M7111,Architectural activities,NETTUR_MEUR,Net turnover - million euro,HU,2022,576.8
sbs_ovw_act,M7111,Architectural activities,NETTUR_MEUR,Net turnover - million euro,HU,2023,512.69
sbs_ovw_act,M7111,Architectural activities,NETTUR_MEUR,Net turnover - million euro,HU,2024,480.9
sbs_ovw_act,M7111,Architectural activities,NETTUR_MEUR,Net turnover - million euro,IE,2021,2770.5
sbs_ovw_act,M7111,Architectural activities,NETTUR_MEUR,Net turnover - million euro,IE,2022,1558.81
sbs_ovw_act,M7111,Architectural activities,NETTUR_MEUR,Net turnover - million euro,IE,2023,2277.74
sbs_ovw_act,M7111,Architectural activities,NETTUR_MEUR,Net turnover - million euro,IE,2024,1908.32
sbs_ovw_act,M7111,Architectural activities,NETTUR_MEUR,Net turnover - million euro,IT,2021,3979.43
sbs_ovw_act,M7111,Architectural activities,NETTUR_MEUR,Net turnover - million euro,IT,2022,4882.34
sbs_ovw_act,M7111,Architectural activities,NETTUR_MEUR,Net turnover - million euro,IT,2023,5679.3
sbs_ovw_act,M7111,Architectural activities,NETTUR_MEUR,Net turnover - million euro,IT,2024,5563.52
sbs_ovw_act,M7111,Architectural activities,NETTUR_MEUR,Net turnover - million euro,NL,2021,1549.74
sbs_ovw_act,M7111,Architectural activities,NETTUR_MEUR,Net turnover - million euro,NL,2022,1584.35
sbs_ovw_act,M7111,Architectural activities,NETTUR_MEUR,Net turnover - million euro,NL,2023,1644.52
sbs_ovw_act,M7111,Architectural activities,NETTUR_MEUR,Net turnover - million euro,NL,2024,1739.37
sbs_ovw_act,M7111,Architectural activities,NETTUR_MEUR,Net turnover - million euro,PL,2021,2072.64
sbs_ovw_act,M7111,Architectural activities,NETTUR_MEUR,Net turnover - million euro,PL,2022,2051.63
sbs_ovw_act,M7111,Architectural activities,NETTUR_MEUR,Net turnover - million euro,PL,2023,2219.2
sbs_ovw_act,M7111,Architectural activities,NETTUR_MEUR,Net turnover - million euro,PL,2024,2533.15
sbs_ovw_act,M7111,Architectural activities,NETTUR_MEUR,Net turnover - million euro,PT,2021,555.0
sbs_ovw_act,M7111,Architectural activities,NETTUR_MEUR,Net turnover - million euro,PT,2022,649.44
sbs_ovw_act,M7111,Architectural activities,NETTUR_MEUR,Net turnover - million euro,PT,2023,743.99
sbs_ovw_act,M7111,Architectural activities,NETTUR_MEUR,Net turnover - million euro,PT,2024,826.49
sbs_ovw_act,M7111,Architectural activities,NETTUR_MEUR,Net turnover - million euro,RO,2021,447.86
sbs_ovw_act,M7111,Architectural activities,NETTUR_MEUR,Net turnover - million euro,RO,2022,556.19
sbs_ovw_act,M7111,Architectural activities,NETTUR_MEUR,Net turnover - million euro,RO,2023,680.13
sbs_ovw_act,M7111,Architectural activities,NETTUR_MEUR,Net turnover - million euro,RO,2024,698.71
sbs_ovw_act,M7111,Architectural activities,NETTUR_MEUR,Net turnover - million euro,SE,2021,1099.55
sbs_ovw_act,M7111,Architectural activities,NETTUR_MEUR,Net turnover - million euro,SE,2022,1099.0
sbs_ovw_act,M7111,Architectural activities,NETTUR_MEUR,Net turnover - million euro,SE,2023,929.53
sbs_ovw_act,M7111,Architectural activities,NETTUR_MEUR,Net turnover - million euro,SE,2024,841.55
sbs_ovw_act,M7111,Architectural activities,SAL_NR,Employees - number,AT,2021,11628.0
sbs_ovw_act,M7111,Architectural activities,SAL_NR,Employees - number,AT,2022,11990.0
sbs_ovw_act,M7111,Architectural activities,SAL_NR,Employees - number,AT,2023,12260.0
sbs_ovw_act,M7111,Architectural activities,SAL_NR,Employees - number,AT,2024,11902.0
sbs_ovw_act,M7111,Architectural activities,SAL_NR,Employees - number,BE,2021,3814.0
sbs_ovw_act,M7111,Architectural activities,SAL_NR,Employees - number,BE,2022,4275.0
sbs_ovw_act,M7111,Architectural activities,SAL_NR,Employees - number,BE,2023,4474.0
sbs_ovw_act,M7111,Architectural activities,SAL_NR,Employees - number,BE,2024,4266.0
sbs_ovw_act,M7111,Architectural activities,SAL_NR,Employees - number,CZ,2021,7889.0
sbs_ovw_act,M7111,Architectural activities,SAL_NR,Employees - number,CZ,2022,8252.0
sbs_ovw_act,M7111,Architectural activities,SAL_NR,Employees - number,CZ,2023,7882.0
sbs_ovw_act,M7111,Architectural activities,SAL_NR,Employees - number,CZ,2024,7916.0
sbs_ovw_act,M7111,Architectural activities,SAL_NR,Employees - number,DE,2021,112590.0
sbs_ovw_act,M7111,Architectural activities,SAL_NR,Employees - number,DE,2022,110853.0
sbs_ovw_act,M7111,Architectural activities,SAL_NR,Employees - number,DE,2023,99542.0
sbs_ovw_act,M7111,Architectural activities,SAL_NR,Employees - number,DE,2024,111313.0
sbs_ovw_act,M7111,Architectural activities,SAL_NR,Employees - number,DK,2021,8074.0
sbs_ovw_act,M7111,Architectural activities,SAL_NR,Employees - number,DK,2022,8551.0
sbs_ovw_act,M7111,Architectural activities,SAL_NR,Employees - number,DK,2023,8503.0
sbs_ovw_act,M7111,Architectural activities,SAL_NR,Employees - number,DK,2024,8515.0
sbs_ovw_act,M7111,Architectural activities,SAL_NR,Employees - number,EL,2021,4184.0
sbs_ovw_act,M7111,Architectural activities,SAL_NR,Employees - number,EL,2022,4760.0
sbs_ovw_act,M7111,Architectural activities,SAL_NR,Employees - number,EL,2023,4902.0
sbs_ovw_act,M7111,Architectural activities,SAL_NR,Employees - number,EL,2024,5108.0
sbs_ovw_act,M7111,Architectural activities,SAL_NR,Employees - number,ES,2021,18735.0
sbs_ovw_act,M7111,Architectural activities,SAL_NR,Employees - number,ES,2022,18745.0
sbs_ovw_act,M7111,Architectural activities,SAL_NR,Employees - number,ES,2023,19761.0
sbs_ovw_act,M7111,Architectural activities,SAL_NR,Employees - number,ES,2024,23023.0
sbs_ovw_act,M7111,Architectural activities,SAL_NR,Employees - number,EU27_2020,2021,303285.0
sbs_ovw_act,M7111,Architectural activities,SAL_NR,Employees - number,EU27_2020,2022,309617.0
sbs_ovw_act,M7111,Architectural activities,SAL_NR,Employees - number,EU27_2020,2023,301320.0
sbs_ovw_act,M7111,Architectural activities,SAL_NR,Employees - number,FI,2021,3762.0
sbs_ovw_act,M7111,Architectural activities,SAL_NR,Employees - number,FI,2022,3745.0
sbs_ovw_act,M7111,Architectural activities,SAL_NR,Employees - number,FI,2023,3396.0
sbs_ovw_act,M7111,Architectural activities,SAL_NR,Employees - number,FI,2024,3048.0
sbs_ovw_act,M7111,Architectural activities,SAL_NR,Employees - number,FR,2021,38873.0
sbs_ovw_act,M7111,Architectural activities,SAL_NR,Employees - number,FR,2022,41111.0
sbs_ovw_act,M7111,Architectural activities,SAL_NR,Employees - number,FR,2023,41432.0
sbs_ovw_act,M7111,Architectural activities,SAL_NR,Employees - number,FR,2024,40396.0
sbs_ovw_act,M7111,Architectural activities,SAL_NR,Employees - number,HU,2021,4881.0
sbs_ovw_act,M7111,Architectural activities,SAL_NR,Employees - number,HU,2022,5045.0
sbs_ovw_act,M7111,Architectural activities,SAL_NR,Employees - number,HU,2023,5311.0
sbs_ovw_act,M7111,Architectural activities,SAL_NR,Employees - number,HU,2024,5230.0
sbs_ovw_act,M7111,Architectural activities,SAL_NR,Employees - number,IE,2021,7176.0
sbs_ovw_act,M7111,Architectural activities,SAL_NR,Employees - number,IE,2022,7847.0
sbs_ovw_act,M7111,Architectural activities,SAL_NR,Employees - number,IE,2023,7995.0
sbs_ovw_act,M7111,Architectural activities,SAL_NR,Employees - number,IE,2024,8188.0
sbs_ovw_act,M7111,Architectural activities,SAL_NR,Employees - number,IT,2021,2954.0
sbs_ovw_act,M7111,Architectural activities,SAL_NR,Employees - number,IT,2022,3427.0
sbs_ovw_act,M7111,Architectural activities,SAL_NR,Employees - number,IT,2023,3631.0
sbs_ovw_act,M7111,Architectural activities,SAL_NR,Employees - number,IT,2024,3758.0
sbs_ovw_act,M7111,Architectural activities,SAL_NR,Employees - number,NL,2021,10484.0
sbs_ovw_act,M7111,Architectural activities,SAL_NR,Employees - number,NL,2022,10917.0
sbs_ovw_act,M7111,Architectural activities,SAL_NR,Employees - number,NL,2023,10748.0
sbs_ovw_act,M7111,Architectural activities,SAL_NR,Employees - number,NL,2024,10799.0
sbs_ovw_act,M7111,Architectural activities,SAL_NR,Employees - number,PL,2021,19003.0
sbs_ovw_act,M7111,Architectural activities,SAL_NR,Employees - number,PL,2022,18361.0
sbs_ovw_act,M7111,Architectural activities,SAL_NR,Employees - number,PL,2023,17695.0
sbs_ovw_act,M7111,Architectural activities,SAL_NR,Employees - number,PL,2024,17425.0
sbs_ovw_act,M7111,Architectural activities,SAL_NR,Employees - number,PT,2021,8400.0
sbs_ovw_act,M7111,Architectural activities,SAL_NR,Employees - number,PT,2022,9260.0
sbs_ovw_act,M7111,Architectural activities,SAL_NR,Employees - number,PT,2023,9908.0
sbs_ovw_act,M7111,Architectural activities,SAL_NR,Employees - number,PT,2024,10533.0
sbs_ovw_act,M7111,Architectural activities,SAL_NR,Employees - number,RO,2021,11173.0
sbs_ovw_act,M7111,Architectural activities,SAL_NR,Employees - number,RO,2022,11888.0
sbs_ovw_act,M7111,Architectural activities,SAL_NR,Employees - number,RO,2023,12689.0
sbs_ovw_act,M7111,Architectural activities,SAL_NR,Employees - number,RO,2024,12184.0
sbs_ovw_act,M7111,Architectural activities,SAL_NR,Employees - number,SE,2021,8910.0
sbs_ovw_act,M7111,Architectural activities,SAL_NR,Employees - number,SE,2022,9391.0
sbs_ovw_act,M7111,Architectural activities,SAL_NR,Employees - number,SE,2023,8667.0
sbs_ovw_act,M7111,Architectural activities,SAL_NR,Employees - number,SE,2024,7545.0
sbs_ovw_act,M7111,Architectural activities,VAL_OUT_MEUR,Value of output - million euro,AT,2021,1747.71
sbs_ovw_act,M7111,Architectural activities,VAL_OUT_MEUR,Value of output - million euro,AT,2022,1859.32
sbs_ovw_act,M7111,Architectural activities,VAL_OUT_MEUR,Value of output - million euro,AT,2023,1887.97
sbs_ovw_act,M7111,Architectural activities,VAL_OUT_MEUR,Value of output - million euro,AT,2024,1890.19
sbs_ovw_act,M7111,Architectural activities,VAL_OUT_MEUR,Value of output - million euro,BE,2021,3030.54
sbs_ovw_act,M7111,Architectural activities,VAL_OUT_MEUR,Value of output - million euro,BE,2022,2990.8
sbs_ovw_act,M7111,Architectural activities,VAL_OUT_MEUR,Value of output - million euro,BE,2023,3533.47
sbs_ovw_act,M7111,Architectural activities,VAL_OUT_MEUR,Value of output - million euro,BE,2024,3648.87
sbs_ovw_act,M7111,Architectural activities,VAL_OUT_MEUR,Value of output - million euro,CZ,2021,1139.34
sbs_ovw_act,M7111,Architectural activities,VAL_OUT_MEUR,Value of output - million euro,CZ,2022,1423.72
sbs_ovw_act,M7111,Architectural activities,VAL_OUT_MEUR,Value of output - million euro,CZ,2023,1501.6
sbs_ovw_act,M7111,Architectural activities,VAL_OUT_MEUR,Value of output - million euro,CZ,2024,1497.47
sbs_ovw_act,M7111,Architectural activities,VAL_OUT_MEUR,Value of output - million euro,DE,2021,12437.32
sbs_ovw_act,M7111,Architectural activities,VAL_OUT_MEUR,Value of output - million euro,DE,2022,13746.58
sbs_ovw_act,M7111,Architectural activities,VAL_OUT_MEUR,Value of output - million euro,DE,2023,13473.46
sbs_ovw_act,M7111,Architectural activities,VAL_OUT_MEUR,Value of output - million euro,DE,2024,13108.42
sbs_ovw_act,M7111,Architectural activities,VAL_OUT_MEUR,Value of output - million euro,DK,2021,1173.34
sbs_ovw_act,M7111,Architectural activities,VAL_OUT_MEUR,Value of output - million euro,DK,2022,1260.72
sbs_ovw_act,M7111,Architectural activities,VAL_OUT_MEUR,Value of output - million euro,DK,2023,1269.23
sbs_ovw_act,M7111,Architectural activities,VAL_OUT_MEUR,Value of output - million euro,DK,2024,1282.01
sbs_ovw_act,M7111,Architectural activities,VAL_OUT_MEUR,Value of output - million euro,EL,2021,426.17
sbs_ovw_act,M7111,Architectural activities,VAL_OUT_MEUR,Value of output - million euro,EL,2022,568.26
sbs_ovw_act,M7111,Architectural activities,VAL_OUT_MEUR,Value of output - million euro,EL,2023,672.86
sbs_ovw_act,M7111,Architectural activities,VAL_OUT_MEUR,Value of output - million euro,EL,2024,726.99
sbs_ovw_act,M7111,Architectural activities,VAL_OUT_MEUR,Value of output - million euro,ES,2021,2936.5
sbs_ovw_act,M7111,Architectural activities,VAL_OUT_MEUR,Value of output - million euro,ES,2022,3691.27
sbs_ovw_act,M7111,Architectural activities,VAL_OUT_MEUR,Value of output - million euro,ES,2023,3867.4
sbs_ovw_act,M7111,Architectural activities,VAL_OUT_MEUR,Value of output - million euro,ES,2024,4144.76
sbs_ovw_act,M7111,Architectural activities,VAL_OUT_MEUR,Value of output - million euro,EU27_2020,2021,42418.55
sbs_ovw_act,M7111,Architectural activities,VAL_OUT_MEUR,Value of output - million euro,EU27_2020,2022,46880.83
sbs_ovw_act,M7111,Architectural activities,VAL_OUT_MEUR,Value of output - million euro,EU27_2020,2023,48797.86
sbs_ovw_act,M7111,Architectural activities,VAL_OUT_MEUR,Value of output - million euro,FI,2021,483.18
sbs_ovw_act,M7111,Architectural activities,VAL_OUT_MEUR,Value of output - million euro,FI,2022,464.94
sbs_ovw_act,M7111,Architectural activities,VAL_OUT_MEUR,Value of output - million euro,FI,2023,443.72
sbs_ovw_act,M7111,Architectural activities,VAL_OUT_MEUR,Value of output - million euro,FI,2024,413.53
sbs_ovw_act,M7111,Architectural activities,VAL_OUT_MEUR,Value of output - million euro,FR,2021,6844.53
sbs_ovw_act,M7111,Architectural activities,VAL_OUT_MEUR,Value of output - million euro,FR,2022,7349.38
sbs_ovw_act,M7111,Architectural activities,VAL_OUT_MEUR,Value of output - million euro,FR,2023,7456.9
sbs_ovw_act,M7111,Architectural activities,VAL_OUT_MEUR,Value of output - million euro,FR,2024,7320.7
sbs_ovw_act,M7111,Architectural activities,VAL_OUT_MEUR,Value of output - million euro,HU,2021,386.42
sbs_ovw_act,M7111,Architectural activities,VAL_OUT_MEUR,Value of output - million euro,HU,2022,385.93
sbs_ovw_act,M7111,Architectural activities,VAL_OUT_MEUR,Value of output - million euro,HU,2023,362.21
sbs_ovw_act,M7111,Architectural activities,VAL_OUT_MEUR,Value of output - million euro,HU,2024,360.0
sbs_ovw_act,M7111,Architectural activities,VAL_OUT_MEUR,Value of output - million euro,IE,2021,934.66
sbs_ovw_act,M7111,Architectural activities,VAL_OUT_MEUR,Value of output - million euro,IE,2022,962.21
sbs_ovw_act,M7111,Architectural activities,VAL_OUT_MEUR,Value of output - million euro,IE,2023,978.9
sbs_ovw_act,M7111,Architectural activities,VAL_OUT_MEUR,Value of output - million euro,IE,2024,1132.42
sbs_ovw_act,M7111,Architectural activities,VAL_OUT_MEUR,Value of output - million euro,IT,2021,4005.83
sbs_ovw_act,M7111,Architectural activities,VAL_OUT_MEUR,Value of output - million euro,IT,2022,4902.95
sbs_ovw_act,M7111,Architectural activities,VAL_OUT_MEUR,Value of output - million euro,IT,2023,5624.74
sbs_ovw_act,M7111,Architectural activities,VAL_OUT_MEUR,Value of output - million euro,IT,2024,5686.69
sbs_ovw_act,M7111,Architectural activities,VAL_OUT_MEUR,Value of output - million euro,NL,2021,1490.55
sbs_ovw_act,M7111,Architectural activities,VAL_OUT_MEUR,Value of output - million euro,NL,2022,1469.29
sbs_ovw_act,M7111,Architectural activities,VAL_OUT_MEUR,Value of output - million euro,NL,2023,1546.14
sbs_ovw_act,M7111,Architectural activities,VAL_OUT_MEUR,Value of output - million euro,NL,2024,1650.75
sbs_ovw_act,M7111,Architectural activities,VAL_OUT_MEUR,Value of output - million euro,PL,2021,1778.2
sbs_ovw_act,M7111,Architectural activities,VAL_OUT_MEUR,Value of output - million euro,PL,2022,1808.04
sbs_ovw_act,M7111,Architectural activities,VAL_OUT_MEUR,Value of output - million euro,PL,2023,1970.88
sbs_ovw_act,M7111,Architectural activities,VAL_OUT_MEUR,Value of output - million euro,PL,2024,2170.03
sbs_ovw_act,M7111,Architectural activities,VAL_OUT_MEUR,Value of output - million euro,PT,2021,538.2
sbs_ovw_act,M7111,Architectural activities,VAL_OUT_MEUR,Value of output - million euro,PT,2022,625.62
sbs_ovw_act,M7111,Architectural activities,VAL_OUT_MEUR,Value of output - million euro,PT,2023,713.74
sbs_ovw_act,M7111,Architectural activities,VAL_OUT_MEUR,Value of output - million euro,PT,2024,795.01
sbs_ovw_act,M7111,Architectural activities,VAL_OUT_MEUR,Value of output - million euro,RO,2021,459.14
sbs_ovw_act,M7111,Architectural activities,VAL_OUT_MEUR,Value of output - million euro,RO,2022,569.79
sbs_ovw_act,M7111,Architectural activities,VAL_OUT_MEUR,Value of output - million euro,RO,2023,692.22
sbs_ovw_act,M7111,Architectural activities,VAL_OUT_MEUR,Value of output - million euro,RO,2024,715.15
sbs_ovw_act,M7111,Architectural activities,VAL_OUT_MEUR,Value of output - million euro,SE,2021,1108.41
sbs_ovw_act,M7111,Architectural activities,VAL_OUT_MEUR,Value of output - million euro,SE,2022,1106.63
sbs_ovw_act,M7111,Architectural activities,VAL_OUT_MEUR,Value of output - million euro,SE,2023,918.59
sbs_ovw_act,M7111,Architectural activities,VAL_OUT_MEUR,Value of output - million euro,SE,2024,846.0
sbs_ovw_act,M7111,Architectural activities,WAGE_MEUR,Wages and salaries - million euro,AT,2021,451.9
sbs_ovw_act,M7111,Architectural activities,WAGE_MEUR,Wages and salaries - million euro,AT,2022,505.76
sbs_ovw_act,M7111,Architectural activities,WAGE_MEUR,Wages and salaries - million euro,AT,2023,538.67
sbs_ovw_act,M7111,Architectural activities,WAGE_MEUR,Wages and salaries - million euro,AT,2024,566.92
sbs_ovw_act,M7111,Architectural activities,WAGE_MEUR,Wages and salaries - million euro,BE,2021,129.14
sbs_ovw_act,M7111,Architectural activities,WAGE_MEUR,Wages and salaries - million euro,BE,2022,158.62
sbs_ovw_act,M7111,Architectural activities,WAGE_MEUR,Wages and salaries - million euro,BE,2023,188.36
sbs_ovw_act,M7111,Architectural activities,WAGE_MEUR,Wages and salaries - million euro,BE,2024,165.05
sbs_ovw_act,M7111,Architectural activities,WAGE_MEUR,Wages and salaries - million euro,CZ,2021,152.52
sbs_ovw_act,M7111,Architectural activities,WAGE_MEUR,Wages and salaries - million euro,CZ,2022,180.05
sbs_ovw_act,M7111,Architectural activities,WAGE_MEUR,Wages and salaries - million euro,CZ,2023,183.94
sbs_ovw_act,M7111,Architectural activities,WAGE_MEUR,Wages and salaries - million euro,CZ,2024,187.59
sbs_ovw_act,M7111,Architectural activities,WAGE_MEUR,Wages and salaries - million euro,DE,2021,4191.4
sbs_ovw_act,M7111,Architectural activities,WAGE_MEUR,Wages and salaries - million euro,DE,2022,4102.27
sbs_ovw_act,M7111,Architectural activities,WAGE_MEUR,Wages and salaries - million euro,DE,2023,4011.2
sbs_ovw_act,M7111,Architectural activities,WAGE_MEUR,Wages and salaries - million euro,DE,2024,5734.66
sbs_ovw_act,M7111,Architectural activities,WAGE_MEUR,Wages and salaries - million euro,DK,2021,529.64
sbs_ovw_act,M7111,Architectural activities,WAGE_MEUR,Wages and salaries - million euro,DK,2022,566.65
sbs_ovw_act,M7111,Architectural activities,WAGE_MEUR,Wages and salaries - million euro,DK,2023,636.72
sbs_ovw_act,M7111,Architectural activities,WAGE_MEUR,Wages and salaries - million euro,DK,2024,604.62
sbs_ovw_act,M7111,Architectural activities,WAGE_MEUR,Wages and salaries - million euro,EL,2021,36.17
sbs_ovw_act,M7111,Architectural activities,WAGE_MEUR,Wages and salaries - million euro,EL,2022,47.01
sbs_ovw_act,M7111,Architectural activities,WAGE_MEUR,Wages and salaries - million euro,EL,2023,55.83
sbs_ovw_act,M7111,Architectural activities,WAGE_MEUR,Wages and salaries - million euro,EL,2024,66.06
sbs_ovw_act,M7111,Architectural activities,WAGE_MEUR,Wages and salaries - million euro,ES,2021,434.28
sbs_ovw_act,M7111,Architectural activities,WAGE_MEUR,Wages and salaries - million euro,ES,2022,519.86
sbs_ovw_act,M7111,Architectural activities,WAGE_MEUR,Wages and salaries - million euro,ES,2023,573.19
sbs_ovw_act,M7111,Architectural activities,WAGE_MEUR,Wages and salaries - million euro,ES,2024,707.14
sbs_ovw_act,M7111,Architectural activities,WAGE_MEUR,Wages and salaries - million euro,EU27_2020,2021,10579.78
sbs_ovw_act,M7111,Architectural activities,WAGE_MEUR,Wages and salaries - million euro,EU27_2020,2022,11018.93
sbs_ovw_act,M7111,Architectural activities,WAGE_MEUR,Wages and salaries - million euro,EU27_2020,2023,11423.66
sbs_ovw_act,M7111,Architectural activities,WAGE_MEUR,Wages and salaries - million euro,FI,2021,207.32
sbs_ovw_act,M7111,Architectural activities,WAGE_MEUR,Wages and salaries - million euro,FI,2022,206.53
sbs_ovw_act,M7111,Architectural activities,WAGE_MEUR,Wages and salaries - million euro,FI,2023,196.47
sbs_ovw_act,M7111,Architectural activities,WAGE_MEUR,Wages and salaries - million euro,FI,2024,184.44
sbs_ovw_act,M7111,Architectural activities,WAGE_MEUR,Wages and salaries - million euro,FR,2021,2131.96
sbs_ovw_act,M7111,Architectural activities,WAGE_MEUR,Wages and salaries - million euro,FR,2022,2287.1
sbs_ovw_act,M7111,Architectural activities,WAGE_MEUR,Wages and salaries - million euro,FR,2023,2377.31
sbs_ovw_act,M7111,Architectural activities,WAGE_MEUR,Wages and salaries - million euro,FR,2024,2386.2
sbs_ovw_act,M7111,Architectural activities,WAGE_MEUR,Wages and salaries - million euro,HU,2021,78.27
sbs_ovw_act,M7111,Architectural activities,WAGE_MEUR,Wages and salaries - million euro,HU,2022,84.23
sbs_ovw_act,M7111,Architectural activities,WAGE_MEUR,Wages and salaries - million euro,HU,2023,91.94
sbs_ovw_act,M7111,Architectural activities,WAGE_MEUR,Wages and salaries - million euro,HU,2024,94.54
sbs_ovw_act,M7111,Architectural activities,WAGE_MEUR,Wages and salaries - million euro,IE,2021,391.67
sbs_ovw_act,M7111,Architectural activities,WAGE_MEUR,Wages and salaries - million euro,IE,2022,406.88
sbs_ovw_act,M7111,Architectural activities,WAGE_MEUR,Wages and salaries - million euro,IE,2023,431.59
sbs_ovw_act,M7111,Architectural activities,WAGE_MEUR,Wages and salaries - million euro,IE,2024,483.45
sbs_ovw_act,M7111,Architectural activities,WAGE_MEUR,Wages and salaries - million euro,IT,2021,63.13
sbs_ovw_act,M7111,Architectural activities,WAGE_MEUR,Wages and salaries - million euro,IT,2022,78.84
sbs_ovw_act,M7111,Architectural activities,WAGE_MEUR,Wages and salaries - million euro,IT,2023,87.59
sbs_ovw_act,M7111,Architectural activities,WAGE_MEUR,Wages and salaries - million euro,IT,2024,95.72
sbs_ovw_act,M7111,Architectural activities,WAGE_MEUR,Wages and salaries - million euro,NL,2021,423.79
sbs_ovw_act,M7111,Architectural activities,WAGE_MEUR,Wages and salaries - million euro,NL,2022,456.01
sbs_ovw_act,M7111,Architectural activities,WAGE_MEUR,Wages and salaries - million euro,NL,2023,499.23
sbs_ovw_act,M7111,Architectural activities,WAGE_MEUR,Wages and salaries - million euro,NL,2024,541.99
sbs_ovw_act,M7111,Architectural activities,WAGE_MEUR,Wages and salaries - million euro,PL,2021,329.14
sbs_ovw_act,M7111,Architectural activities,WAGE_MEUR,Wages and salaries - million euro,PL,2022,327.29
sbs_ovw_act,M7111,Architectural activities,WAGE_MEUR,Wages and salaries - million euro,PL,2023,353.91
sbs_ovw_act,M7111,Architectural activities,WAGE_MEUR,Wages and salaries - million euro,PL,2024,445.31
sbs_ovw_act,M7111,Architectural activities,WAGE_MEUR,Wages and salaries - million euro,PT,2021,127.12
sbs_ovw_act,M7111,Architectural activities,WAGE_MEUR,Wages and salaries - million euro,PT,2022,150.52
sbs_ovw_act,M7111,Architectural activities,WAGE_MEUR,Wages and salaries - million euro,PT,2023,177.05
sbs_ovw_act,M7111,Architectural activities,WAGE_MEUR,Wages and salaries - million euro,PT,2024,199.42
sbs_ovw_act,M7111,Architectural activities,WAGE_MEUR,Wages and salaries - million euro,RO,2021,115.23
sbs_ovw_act,M7111,Architectural activities,WAGE_MEUR,Wages and salaries - million euro,RO,2022,108.49
sbs_ovw_act,M7111,Architectural activities,WAGE_MEUR,Wages and salaries - million euro,RO,2023,167.36
sbs_ovw_act,M7111,Architectural activities,WAGE_MEUR,Wages and salaries - million euro,RO,2024,172.94
sbs_ovw_act,M7111,Architectural activities,WAGE_MEUR,Wages and salaries - million euro,SE,2021,393.16
sbs_ovw_act,M7111,Architectural activities,WAGE_MEUR,Wages and salaries - million euro,SE,2022,399.79
sbs_ovw_act,M7111,Architectural activities,WAGE_MEUR,Wages and salaries - million euro,SE,2023,352.58
sbs_ovw_act,M7111,Architectural activities,WAGE_MEUR,Wages and salaries - million euro,SE,2024,312.98
sbs_ovw_act,M711,Architectural and engineering activities and related technical consultancy,AV_MEUR,Value added - million euro,AT,2021,4417.53
sbs_ovw_act,M711,Architectural and engineering activities and related technical consultancy,AV_MEUR,Value added - million euro,AT,2022,4777.13
sbs_ovw_act,M711,Architectural and engineering activities and related technical consultancy,AV_MEUR,Value added - million euro,AT,2023,5097.82
sbs_ovw_act,M711,Architectural and engineering activities and related technical consultancy,AV_MEUR,Value added - million euro,AT,2024,5345.64
sbs_ovw_act,M711,Architectural and engineering activities and related technical consultancy,AV_MEUR,Value added - million euro,BE,2021,4250.27
sbs_ovw_act,M711,Architectural and engineering activities and related technical consultancy,AV_MEUR,Value added - million euro,BE,2022,4507.0
sbs_ovw_act,M711,Architectural and engineering activities and related technical consultancy,AV_MEUR,Value added - million euro,BE,2023,4875.86
sbs_ovw_act,M711,Architectural and engineering activities and related technical consultancy,AV_MEUR,Value added - million euro,BE,2024,5113.51
sbs_ovw_act,M711,Architectural and engineering activities and related technical consultancy,AV_MEUR,Value added - million euro,CZ,2021,1907.25
sbs_ovw_act,M711,Architectural and engineering activities and related technical consultancy,AV_MEUR,Value added - million euro,CZ,2022,2173.6
sbs_ovw_act,M711,Architectural and engineering activities and related technical consultancy,AV_MEUR,Value added - million euro,CZ,2023,2419.95
sbs_ovw_act,M711,Architectural and engineering activities and related technical consultancy,AV_MEUR,Value added - million euro,CZ,2024,2535.75
sbs_ovw_act,M711,Architectural and engineering activities and related technical consultancy,AV_MEUR,Value added - million euro,DE,2021,52899.5
sbs_ovw_act,M711,Architectural and engineering activities and related technical consultancy,AV_MEUR,Value added - million euro,DE,2022,44215.39
sbs_ovw_act,M711,Architectural and engineering activities and related technical consultancy,AV_MEUR,Value added - million euro,DE,2023,56772.31
sbs_ovw_act,M711,Architectural and engineering activities and related technical consultancy,AV_MEUR,Value added - million euro,DE,2024,54826.27
sbs_ovw_act,M711,Architectural and engineering activities and related technical consultancy,AV_MEUR,Value added - million euro,DK,2021,4399.29
sbs_ovw_act,M711,Architectural and engineering activities and related technical consultancy,AV_MEUR,Value added - million euro,DK,2022,4708.45
sbs_ovw_act,M711,Architectural and engineering activities and related technical consultancy,AV_MEUR,Value added - million euro,DK,2023,5069.77
sbs_ovw_act,M711,Architectural and engineering activities and related technical consultancy,AV_MEUR,Value added - million euro,DK,2024,5497.49
sbs_ovw_act,M711,Architectural and engineering activities and related technical consultancy,AV_MEUR,Value added - million euro,EL,2021,1087.0
sbs_ovw_act,M711,Architectural and engineering activities and related technical consultancy,AV_MEUR,Value added - million euro,EL,2022,1361.86
sbs_ovw_act,M711,Architectural and engineering activities and related technical consultancy,AV_MEUR,Value added - million euro,EL,2023,1701.79
sbs_ovw_act,M711,Architectural and engineering activities and related technical consultancy,AV_MEUR,Value added - million euro,EL,2024,2067.2
sbs_ovw_act,M711,Architectural and engineering activities and related technical consultancy,AV_MEUR,Value added - million euro,ES,2021,10036.72
sbs_ovw_act,M711,Architectural and engineering activities and related technical consultancy,AV_MEUR,Value added - million euro,ES,2022,11411.28
sbs_ovw_act,M711,Architectural and engineering activities and related technical consultancy,AV_MEUR,Value added - million euro,ES,2023,13431.66
sbs_ovw_act,M711,Architectural and engineering activities and related technical consultancy,AV_MEUR,Value added - million euro,ES,2024,14689.16
sbs_ovw_act,M711,Architectural and engineering activities and related technical consultancy,AV_MEUR,Value added - million euro,EU27_2020,2021,151148.3
sbs_ovw_act,M711,Architectural and engineering activities and related technical consultancy,AV_MEUR,Value added - million euro,EU27_2020,2022,153781.86
sbs_ovw_act,M711,Architectural and engineering activities and related technical consultancy,AV_MEUR,Value added - million euro,EU27_2020,2023,177952.82
sbs_ovw_act,M711,Architectural and engineering activities and related technical consultancy,AV_MEUR,Value added - million euro,FI,2021,3163.31
sbs_ovw_act,M711,Architectural and engineering activities and related technical consultancy,AV_MEUR,Value added - million euro,FI,2022,3286.27
sbs_ovw_act,M711,Architectural and engineering activities and related technical consultancy,AV_MEUR,Value added - million euro,FI,2023,3442.67
sbs_ovw_act,M711,Architectural and engineering activities and related technical consultancy,AV_MEUR,Value added - million euro,FI,2024,3387.11
sbs_ovw_act,M711,Architectural and engineering activities and related technical consultancy,AV_MEUR,Value added - million euro,FR,2021,23723.99
sbs_ovw_act,M711,Architectural and engineering activities and related technical consultancy,AV_MEUR,Value added - million euro,FR,2022,25888.31
sbs_ovw_act,M711,Architectural and engineering activities and related technical consultancy,AV_MEUR,Value added - million euro,FR,2023,27762.63
sbs_ovw_act,M711,Architectural and engineering activities and related technical consultancy,AV_MEUR,Value added - million euro,FR,2024,28820.88
sbs_ovw_act,M711,Architectural and engineering activities and related technical consultancy,AV_MEUR,Value added - million euro,HU,2021,1247.58
sbs_ovw_act,M711,Architectural and engineering activities and related technical consultancy,AV_MEUR,Value added - million euro,HU,2022,1359.86
sbs_ovw_act,M711,Architectural and engineering activities and related technical consultancy,AV_MEUR,Value added - million euro,HU,2023,1639.59
sbs_ovw_act,M711,Architectural and engineering activities and related technical consultancy,AV_MEUR,Value added - million euro,HU,2024,1704.74
sbs_ovw_act,M711,Architectural and engineering activities and related technical consultancy,AV_MEUR,Value added - million euro,IE,2021,2891.04
sbs_ovw_act,M711,Architectural and engineering activities and related technical consultancy,AV_MEUR,Value added - million euro,IE,2022,3503.42
sbs_ovw_act,M711,Architectural and engineering activities and related technical consultancy,AV_MEUR,Value added - million euro,IE,2023,3956.98
sbs_ovw_act,M711,Architectural and engineering activities and related technical consultancy,AV_MEUR,Value added - million euro,IE,2024,3982.08
sbs_ovw_act,M711,Architectural and engineering activities and related technical consultancy,AV_MEUR,Value added - million euro,IT,2021,13096.57
sbs_ovw_act,M711,Architectural and engineering activities and related technical consultancy,AV_MEUR,Value added - million euro,IT,2022,16042.39
sbs_ovw_act,M711,Architectural and engineering activities and related technical consultancy,AV_MEUR,Value added - million euro,IT,2023,18330.45
sbs_ovw_act,M711,Architectural and engineering activities and related technical consultancy,AV_MEUR,Value added - million euro,IT,2024,19306.61
sbs_ovw_act,M711,Architectural and engineering activities and related technical consultancy,AV_MEUR,Value added - million euro,NL,2021,10258.63
sbs_ovw_act,M711,Architectural and engineering activities and related technical consultancy,AV_MEUR,Value added - million euro,NL,2022,10872.01
sbs_ovw_act,M711,Architectural and engineering activities and related technical consultancy,AV_MEUR,Value added - million euro,NL,2023,11814.78
sbs_ovw_act,M711,Architectural and engineering activities and related technical consultancy,AV_MEUR,Value added - million euro,NL,2024,13514.66
sbs_ovw_act,M711,Architectural and engineering activities and related technical consultancy,AV_MEUR,Value added - million euro,PL,2021,3178.11
sbs_ovw_act,M711,Architectural and engineering activities and related technical consultancy,AV_MEUR,Value added - million euro,PL,2022,3453.42
sbs_ovw_act,M711,Architectural and engineering activities and related technical consultancy,AV_MEUR,Value added - million euro,PL,2023,3619.09
sbs_ovw_act,M711,Architectural and engineering activities and related technical consultancy,AV_MEUR,Value added - million euro,PL,2024,4416.06
sbs_ovw_act,M711,Architectural and engineering activities and related technical consultancy,AV_MEUR,Value added - million euro,PT,2021,1391.4
sbs_ovw_act,M711,Architectural and engineering activities and related technical consultancy,AV_MEUR,Value added - million euro,PT,2022,1613.65
sbs_ovw_act,M711,Architectural and engineering activities and related technical consultancy,AV_MEUR,Value added - million euro,PT,2023,1940.05
sbs_ovw_act,M711,Architectural and engineering activities and related technical consultancy,AV_MEUR,Value added - million euro,PT,2024,2240.86
sbs_ovw_act,M711,Architectural and engineering activities and related technical consultancy,AV_MEUR,Value added - million euro,RO,2021,1330.06
sbs_ovw_act,M711,Architectural and engineering activities and related technical consultancy,AV_MEUR,Value added - million euro,RO,2022,1946.51
sbs_ovw_act,M711,Architectural and engineering activities and related technical consultancy,AV_MEUR,Value added - million euro,RO,2023,2366.77
sbs_ovw_act,M711,Architectural and engineering activities and related technical consultancy,AV_MEUR,Value added - million euro,RO,2024,2418.24
sbs_ovw_act,M711,Architectural and engineering activities and related technical consultancy,AV_MEUR,Value added - million euro,SE,2021,8265.57
sbs_ovw_act,M711,Architectural and engineering activities and related technical consultancy,AV_MEUR,Value added - million euro,SE,2022,8475.73
sbs_ovw_act,M711,Architectural and engineering activities and related technical consultancy,AV_MEUR,Value added - million euro,SE,2023,9020.12
sbs_ovw_act,M711,Architectural and engineering activities and related technical consultancy,AV_MEUR,Value added - million euro,SE,2024,9395.04
sbs_ovw_act,M711,Architectural and engineering activities and related technical consultancy,EMP_NR,Persons employed - number,AT,2021,65978.0
sbs_ovw_act,M711,Architectural and engineering activities and related technical consultancy,EMP_NR,Persons employed - number,AT,2022,67282.0
sbs_ovw_act,M711,Architectural and engineering activities and related technical consultancy,EMP_NR,Persons employed - number,AT,2023,68420.0
sbs_ovw_act,M711,Architectural and engineering activities and related technical consultancy,EMP_NR,Persons employed - number,AT,2024,68302.0
sbs_ovw_act,M711,Architectural and engineering activities and related technical consultancy,EMP_NR,Persons employed - number,BE,2021,60238.0
sbs_ovw_act,M711,Architectural and engineering activities and related technical consultancy,EMP_NR,Persons employed - number,BE,2022,61536.0
sbs_ovw_act,M711,Architectural and engineering activities and related technical consultancy,EMP_NR,Persons employed - number,BE,2023,61890.0
sbs_ovw_act,M711,Architectural and engineering activities and related technical consultancy,EMP_NR,Persons employed - number,BE,2024,64088.0
sbs_ovw_act,M711,Architectural and engineering activities and related technical consultancy,EMP_NR,Persons employed - number,CZ,2021,69907.0
sbs_ovw_act,M711,Architectural and engineering activities and related technical consultancy,EMP_NR,Persons employed - number,CZ,2022,72181.0
sbs_ovw_act,M711,Architectural and engineering activities and related technical consultancy,EMP_NR,Persons employed - number,CZ,2023,73820.0
sbs_ovw_act,M711,Architectural and engineering activities and related technical consultancy,EMP_NR,Persons employed - number,CZ,2024,74914.0
sbs_ovw_act,M711,Architectural and engineering activities and related technical consultancy,EMP_NR,Persons employed - number,DE,2021,660684.0
sbs_ovw_act,M711,Architectural and engineering activities and related technical consultancy,EMP_NR,Persons employed - number,DE,2022,633377.0
sbs_ovw_act,M711,Architectural and engineering activities and related technical consultancy,EMP_NR,Persons employed - number,DE,2023,657314.0
sbs_ovw_act,M711,Architectural and engineering activities and related technical consultancy,EMP_NR,Persons employed - number,DE,2024,669100.0
sbs_ovw_act,M711,Architectural and engineering activities and related technical consultancy,EMP_NR,Persons employed - number,DK,2021,45695.0
sbs_ovw_act,M711,Architectural and engineering activities and related technical consultancy,EMP_NR,Persons employed - number,DK,2022,48356.0
sbs_ovw_act,M711,Architectural and engineering activities and related technical consultancy,EMP_NR,Persons employed - number,DK,2023,51175.0
sbs_ovw_act,M711,Architectural and engineering activities and related technical consultancy,EMP_NR,Persons employed - number,DK,2024,53323.0
sbs_ovw_act,M711,Architectural and engineering activities and related technical consultancy,EMP_NR,Persons employed - number,EL,2021,72080.0
sbs_ovw_act,M711,Architectural and engineering activities and related technical consultancy,EMP_NR,Persons employed - number,EL,2022,73442.0
sbs_ovw_act,M711,Architectural and engineering activities and related technical consultancy,EMP_NR,Persons employed - number,EL,2023,76849.0
sbs_ovw_act,M711,Architectural and engineering activities and related technical consultancy,EMP_NR,Persons employed - number,EL,2024,81471.0
sbs_ovw_act,M711,Architectural and engineering activities and related technical consultancy,EMP_NR,Persons employed - number,ES,2021,225307.0
sbs_ovw_act,M711,Architectural and engineering activities and related technical consultancy,EMP_NR,Persons employed - number,ES,2022,229001.0
sbs_ovw_act,M711,Architectural and engineering activities and related technical consultancy,EMP_NR,Persons employed - number,ES,2023,243744.0
sbs_ovw_act,M711,Architectural and engineering activities and related technical consultancy,EMP_NR,Persons employed - number,ES,2024,243175.0
sbs_ovw_act,M711,Architectural and engineering activities and related technical consultancy,EMP_NR,Persons employed - number,EU27_2020,2021,2590567.0
sbs_ovw_act,M711,Architectural and engineering activities and related technical consultancy,EMP_NR,Persons employed - number,EU27_2020,2022,2645264.0
sbs_ovw_act,M711,Architectural and engineering activities and related technical consultancy,EMP_NR,Persons employed - number,EU27_2020,2023,2721577.0
sbs_ovw_act,M711,Architectural and engineering activities and related technical consultancy,EMP_NR,Persons employed - number,FI,2021,43684.0
sbs_ovw_act,M711,Architectural and engineering activities and related technical consultancy,EMP_NR,Persons employed - number,FI,2022,45919.0
sbs_ovw_act,M711,Architectural and engineering activities and related technical consultancy,EMP_NR,Persons employed - number,FI,2023,46179.0
sbs_ovw_act,M711,Architectural and engineering activities and related technical consultancy,EMP_NR,Persons employed - number,FI,2024,44678.0
sbs_ovw_act,M711,Architectural and engineering activities and related technical consultancy,EMP_NR,Persons employed - number,FR,2021,328982.0
sbs_ovw_act,M711,Architectural and engineering activities and related technical consultancy,EMP_NR,Persons employed - number,FR,2022,353197.0
sbs_ovw_act,M711,Architectural and engineering activities and related technical consultancy,EMP_NR,Persons employed - number,FR,2023,360877.0
sbs_ovw_act,M711,Architectural and engineering activities and related technical consultancy,EMP_NR,Persons employed - number,FR,2024,371504.0
sbs_ovw_act,M711,Architectural and engineering activities and related technical consultancy,EMP_NR,Persons employed - number,HU,2021,56605.0
sbs_ovw_act,M711,Architectural and engineering activities and related technical consultancy,EMP_NR,Persons employed - number,HU,2022,58783.0
sbs_ovw_act,M711,Architectural and engineering activities and related technical consultancy,EMP_NR,Persons employed - number,HU,2023,56164.0
sbs_ovw_act,M711,Architectural and engineering activities and related technical consultancy,EMP_NR,Persons employed - number,HU,2024,55888.0
sbs_ovw_act,M711,Architectural and engineering activities and related technical consultancy,EMP_NR,Persons employed - number,IE,2021,34548.0
sbs_ovw_act,M711,Architectural and engineering activities and related technical consultancy,EMP_NR,Persons employed - number,IE,2022,39358.0
sbs_ovw_act,M711,Architectural and engineering activities and related technical consultancy,EMP_NR,Persons employed - number,IE,2023,41820.0
sbs_ovw_act,M711,Architectural and engineering activities and related technical consultancy,EMP_NR,Persons employed - number,IE,2024,43287.0
sbs_ovw_act,M711,Architectural and engineering activities and related technical consultancy,EMP_NR,Persons employed - number,IT,2021,277021.0
sbs_ovw_act,M711,Architectural and engineering activities and related technical consultancy,EMP_NR,Persons employed - number,IT,2022,295878.0
sbs_ovw_act,M711,Architectural and engineering activities and related technical consultancy,EMP_NR,Persons employed - number,IT,2023,302604.0
sbs_ovw_act,M711,Architectural and engineering activities and related technical consultancy,EMP_NR,Persons employed - number,IT,2024,311465.0
sbs_ovw_act,M711,Architectural and engineering activities and related technical consultancy,EMP_NR,Persons employed - number,NL,2021,131630.0
sbs_ovw_act,M711,Architectural and engineering activities and related technical consultancy,EMP_NR,Persons employed - number,NL,2022,136525.0
sbs_ovw_act,M711,Architectural and engineering activities and related technical consultancy,EMP_NR,Persons employed - number,NL,2023,140541.0
sbs_ovw_act,M711,Architectural and engineering activities and related technical consultancy,EMP_NR,Persons employed - number,NL,2024,145887.0
sbs_ovw_act,M711,Architectural and engineering activities and related technical consultancy,EMP_NR,Persons employed - number,PL,2021,143274.0
sbs_ovw_act,M711,Architectural and engineering activities and related technical consultancy,EMP_NR,Persons employed - number,PL,2022,143709.0
sbs_ovw_act,M711,Architectural and engineering activities and related technical consultancy,EMP_NR,Persons employed - number,PL,2023,141669.0
sbs_ovw_act,M711,Architectural and engineering activities and related technical consultancy,EMP_NR,Persons employed - number,PL,2024,143970.0
sbs_ovw_act,M711,Architectural and engineering activities and related technical consultancy,EMP_NR,Persons employed - number,PT,2021,56704.0
sbs_ovw_act,M711,Architectural and engineering activities and related technical consultancy,EMP_NR,Persons employed - number,PT,2022,60968.0
sbs_ovw_act,M711,Architectural and engineering activities and related technical consultancy,EMP_NR,Persons employed - number,PT,2023,63800.0
sbs_ovw_act,M711,Architectural and engineering activities and related technical consultancy,EMP_NR,Persons employed - number,PT,2024,66673.0
sbs_ovw_act,M711,Architectural and engineering activities and related technical consultancy,EMP_NR,Persons employed - number,RO,2021,69902.0
sbs_ovw_act,M711,Architectural and engineering activities and related technical consultancy,EMP_NR,Persons employed - number,RO,2022,74160.0
sbs_ovw_act,M711,Architectural and engineering activities and related technical consultancy,EMP_NR,Persons employed - number,RO,2023,79274.0
sbs_ovw_act,M711,Architectural and engineering activities and related technical consultancy,EMP_NR,Persons employed - number,RO,2024,78026.0
sbs_ovw_act,M711,Architectural and engineering activities and related technical consultancy,EMP_NR,Persons employed - number,SE,2021,123281.0
sbs_ovw_act,M711,Architectural and engineering activities and related technical consultancy,EMP_NR,Persons employed - number,SE,2022,121861.0
sbs_ovw_act,M711,Architectural and engineering activities and related technical consultancy,EMP_NR,Persons employed - number,SE,2023,120452.0
sbs_ovw_act,M711,Architectural and engineering activities and related technical consultancy,EMP_NR,Persons employed - number,SE,2024,119861.0
sbs_ovw_act,M711,Architectural and engineering activities and related technical consultancy,ENT_NR,Enterprises - number,AT,2021,17991.0
sbs_ovw_act,M711,Architectural and engineering activities and related technical consultancy,ENT_NR,Enterprises - number,AT,2022,17599.0
sbs_ovw_act,M711,Architectural and engineering activities and related technical consultancy,ENT_NR,Enterprises - number,AT,2023,17958.0
sbs_ovw_act,M711,Architectural and engineering activities and related technical consultancy,ENT_NR,Enterprises - number,AT,2024,18256.0
sbs_ovw_act,M711,Architectural and engineering activities and related technical consultancy,ENT_NR,Enterprises - number,BE,2021,30159.0
sbs_ovw_act,M711,Architectural and engineering activities and related technical consultancy,ENT_NR,Enterprises - number,BE,2022,30248.0
sbs_ovw_act,M711,Architectural and engineering activities and related technical consultancy,ENT_NR,Enterprises - number,BE,2023,29056.0
sbs_ovw_act,M711,Architectural and engineering activities and related technical consultancy,ENT_NR,Enterprises - number,BE,2024,31346.0
sbs_ovw_act,M711,Architectural and engineering activities and related technical consultancy,ENT_NR,Enterprises - number,CZ,2021,40727.0
sbs_ovw_act,M711,Architectural and engineering activities and related technical consultancy,ENT_NR,Enterprises - number,CZ,2022,42800.0
sbs_ovw_act,M711,Architectural and engineering activities and related technical consultancy,ENT_NR,Enterprises - number,CZ,2023,43655.0
sbs_ovw_act,M711,Architectural and engineering activities and related technical consultancy,ENT_NR,Enterprises - number,CZ,2024,45684.0
sbs_ovw_act,M711,Architectural and engineering activities and related technical consultancy,ENT_NR,Enterprises - number,DE,2021,113954.0
sbs_ovw_act,M711,Architectural and engineering activities and related technical consultancy,ENT_NR,Enterprises - number,DE,2022,114863.0
sbs_ovw_act,M711,Architectural and engineering activities and related technical consultancy,ENT_NR,Enterprises - number,DE,2023,115196.0
sbs_ovw_act,M711,Architectural and engineering activities and related technical consultancy,ENT_NR,Enterprises - number,DE,2024,113427.0
sbs_ovw_act,M711,Architectural and engineering activities and related technical consultancy,ENT_NR,Enterprises - number,DK,2021,6809.0
sbs_ovw_act,M711,Architectural and engineering activities and related technical consultancy,ENT_NR,Enterprises - number,DK,2022,7202.0
sbs_ovw_act,M711,Architectural and engineering activities and related technical consultancy,ENT_NR,Enterprises - number,DK,2023,7428.0
sbs_ovw_act,M711,Architectural and engineering activities and related technical consultancy,ENT_NR,Enterprises - number,DK,2024,7541.0
sbs_ovw_act,M711,Architectural and engineering activities and related technical consultancy,ENT_NR,Enterprises - number,EL,2021,49572.0
sbs_ovw_act,M711,Architectural and engineering activities and related technical consultancy,ENT_NR,Enterprises - number,EL,2022,51762.0
sbs_ovw_act,M711,Architectural and engineering activities and related technical consultancy,ENT_NR,Enterprises - number,EL,2023,53098.0
sbs_ovw_act,M711,Architectural and engineering activities and related technical consultancy,ENT_NR,Enterprises - number,EL,2024,55184.0
sbs_ovw_act,M711,Architectural and engineering activities and related technical consultancy,ENT_NR,Enterprises - number,ES,2021,95025.0
sbs_ovw_act,M711,Architectural and engineering activities and related technical consultancy,ENT_NR,Enterprises - number,ES,2022,95420.0
sbs_ovw_act,M711,Architectural and engineering activities and related technical consultancy,ENT_NR,Enterprises - number,ES,2023,94384.0
sbs_ovw_act,M711,Architectural and engineering activities and related technical consultancy,ENT_NR,Enterprises - number,ES,2024,93621.0
sbs_ovw_act,M711,Architectural and engineering activities and related technical consultancy,ENT_NR,Enterprises - number,EU27_2020,2021,971553.0
sbs_ovw_act,M711,Architectural and engineering activities and related technical consultancy,ENT_NR,Enterprises - number,EU27_2020,2022,1001743.0
sbs_ovw_act,M711,Architectural and engineering activities and related technical consultancy,ENT_NR,Enterprises - number,EU27_2020,2023,1013802.0
sbs_ovw_act,M711,Architectural and engineering activities and related technical consultancy,ENT_NR,Enterprises - number,FI,2021,11729.0
sbs_ovw_act,M711,Architectural and engineering activities and related technical consultancy,ENT_NR,Enterprises - number,FI,2022,11764.0
sbs_ovw_act,M711,Architectural and engineering activities and related technical consultancy,ENT_NR,Enterprises - number,FI,2023,11706.0
sbs_ovw_act,M711,Architectural and engineering activities and related technical consultancy,ENT_NR,Enterprises - number,FI,2024,11879.0
sbs_ovw_act,M711,Architectural and engineering activities and related technical consultancy,ENT_NR,Enterprises - number,FR,2021,84496.0
sbs_ovw_act,M711,Architectural and engineering activities and related technical consultancy,ENT_NR,Enterprises - number,FR,2022,90454.0
sbs_ovw_act,M711,Architectural and engineering activities and related technical consultancy,ENT_NR,Enterprises - number,FR,2023,92990.0
sbs_ovw_act,M711,Architectural and engineering activities and related technical consultancy,ENT_NR,Enterprises - number,FR,2024,95095.0
sbs_ovw_act,M711,Architectural and engineering activities and related technical consultancy,ENT_NR,Enterprises - number,HU,2021,29702.0
sbs_ovw_act,M711,Architectural and engineering activities and related technical consultancy,ENT_NR,Enterprises - number,HU,2022,30443.0
sbs_ovw_act,M711,Architectural and engineering activities and related technical consultancy,ENT_NR,Enterprises - number,HU,2023,27218.0
sbs_ovw_act,M711,Architectural and engineering activities and related technical consultancy,ENT_NR,Enterprises - number,HU,2024,26426.0
sbs_ovw_act,M711,Architectural and engineering activities and related technical consultancy,ENT_NR,Enterprises - number,IE,2021,9434.0
sbs_ovw_act,M711,Architectural and engineering activities and related technical consultancy,ENT_NR,Enterprises - number,IE,2022,9803.0
sbs_ovw_act,M711,Architectural and engineering activities and related technical consultancy,ENT_NR,Enterprises - number,IE,2023,9988.0
sbs_ovw_act,M711,Architectural and engineering activities and related technical consultancy,ENT_NR,Enterprises - number,IE,2024,10175.0
sbs_ovw_act,M711,Architectural and engineering activities and related technical consultancy,ENT_NR,Enterprises - number,IT,2021,217321.0
sbs_ovw_act,M711,Architectural and engineering activities and related technical consultancy,ENT_NR,Enterprises - number,IT,2022,229403.0
sbs_ovw_act,M711,Architectural and engineering activities and related technical consultancy,ENT_NR,Enterprises - number,IT,2023,231564.0
sbs_ovw_act,M711,Architectural and engineering activities and related technical consultancy,ENT_NR,Enterprises - number,IT,2024,236023.0
sbs_ovw_act,M711,Architectural and engineering activities and related technical consultancy,ENT_NR,Enterprises - number,NL,2021,48030.0
sbs_ovw_act,M711,Architectural and engineering activities and related technical consultancy,ENT_NR,Enterprises - number,NL,2022,50593.0
sbs_ovw_act,M711,Architectural and engineering activities and related technical consultancy,ENT_NR,Enterprises - number,NL,2023,52247.0
sbs_ovw_act,M711,Architectural and engineering activities and related technical consultancy,ENT_NR,Enterprises - number,NL,2024,56620.0
sbs_ovw_act,M711,Architectural and engineering activities and related technical consultancy,ENT_NR,Enterprises - number,PL,2021,73743.0
sbs_ovw_act,M711,Architectural and engineering activities and related technical consultancy,ENT_NR,Enterprises - number,PL,2022,73441.0
sbs_ovw_act,M711,Architectural and engineering activities and related technical consultancy,ENT_NR,Enterprises - number,PL,2023,74953.0
sbs_ovw_act,M711,Architectural and engineering activities and related technical consultancy,ENT_NR,Enterprises - number,PL,2024,76757.0
sbs_ovw_act,M711,Architectural and engineering activities and related technical consultancy,ENT_NR,Enterprises - number,PT,2021,28250.0
sbs_ovw_act,M711,Architectural and engineering activities and related technical consultancy,ENT_NR,Enterprises - number,PT,2022,29080.0
sbs_ovw_act,M711,Architectural and engineering activities and related technical consultancy,ENT_NR,Enterprises - number,PT,2023,29784.0
sbs_ovw_act,M711,Architectural and engineering activities and related technical consultancy,ENT_NR,Enterprises - number,PT,2024,30384.0
sbs_ovw_act,M711,Architectural and engineering activities and related technical consultancy,ENT_NR,Enterprises - number,RO,2021,26164.0
sbs_ovw_act,M711,Architectural and engineering activities and related technical consultancy,ENT_NR,Enterprises - number,RO,2022,27355.0
sbs_ovw_act,M711,Architectural and engineering activities and related technical consultancy,ENT_NR,Enterprises - number,RO,2023,28585.0
sbs_ovw_act,M711,Architectural and engineering activities and related technical consultancy,ENT_NR,Enterprises - number,RO,2024,29023.0
sbs_ovw_act,M711,Architectural and engineering activities and related technical consultancy,ENT_NR,Enterprises - number,SE,2021,37131.0
sbs_ovw_act,M711,Architectural and engineering activities and related technical consultancy,ENT_NR,Enterprises - number,SE,2022,35958.0
sbs_ovw_act,M711,Architectural and engineering activities and related technical consultancy,ENT_NR,Enterprises - number,SE,2023,37080.0
sbs_ovw_act,M711,Architectural and engineering activities and related technical consultancy,ENT_NR,Enterprises - number,SE,2024,37987.0
sbs_ovw_act,M711,Architectural and engineering activities and related technical consultancy,GOS_MEUR,Gross operating surplus - million euro,AT,2021,1852.98
sbs_ovw_act,M711,Architectural and engineering activities and related technical consultancy,GOS_MEUR,Gross operating surplus - million euro,AT,2022,1981.47
sbs_ovw_act,M711,Architectural and engineering activities and related technical consultancy,GOS_MEUR,Gross operating surplus - million euro,AT,2023,2061.84
sbs_ovw_act,M711,Architectural and engineering activities and related technical consultancy,GOS_MEUR,Gross operating surplus - million euro,AT,2024,2122.5
sbs_ovw_act,M711,Architectural and engineering activities and related technical consultancy,GOS_MEUR,Gross operating surplus - million euro,BE,2021,2036.57
sbs_ovw_act,M711,Architectural and engineering activities and related technical consultancy,GOS_MEUR,Gross operating surplus - million euro,BE,2022,2184.95
sbs_ovw_act,M711,Architectural and engineering activities and related technical consultancy,GOS_MEUR,Gross operating surplus - million euro,BE,2023,2195.02
sbs_ovw_act,M711,Architectural and engineering activities and related technical consultancy,GOS_MEUR,Gross operating surplus - million euro,BE,2024,2416.15
sbs_ovw_act,M711,Architectural and engineering activities and related technical consultancy,GOS_MEUR,Gross operating surplus - million euro,CZ,2021,717.68
sbs_ovw_act,M711,Architectural and engineering activities and related technical consultancy,GOS_MEUR,Gross operating surplus - million euro,CZ,2022,800.92
sbs_ovw_act,M711,Architectural and engineering activities and related technical consultancy,GOS_MEUR,Gross operating surplus - million euro,CZ,2023,907.64
sbs_ovw_act,M711,Architectural and engineering activities and related technical consultancy,GOS_MEUR,Gross operating surplus - million euro,CZ,2024,966.88
sbs_ovw_act,M711,Architectural and engineering activities and related technical consultancy,GOS_MEUR,Gross operating surplus - million euro,DE,2021,23318.75
sbs_ovw_act,M711,Architectural and engineering activities and related technical consultancy,GOS_MEUR,Gross operating surplus - million euro,DE,2022,15509.08
sbs_ovw_act,M711,Architectural and engineering activities and related technical consultancy,GOS_MEUR,Gross operating surplus - million euro,DE,2023,23790.25
sbs_ovw_act,M711,Architectural and engineering activities and related technical consultancy,GOS_MEUR,Gross operating surplus - million euro,DE,2024,17697.02
sbs_ovw_act,M711,Architectural and engineering activities and related technical consultancy,GOS_MEUR,Gross operating surplus - million euro,DK,2021,806.6
sbs_ovw_act,M711,Architectural and engineering activities and related technical consultancy,GOS_MEUR,Gross operating surplus - million euro,DK,2022,813.52
sbs_ovw_act,M711,Architectural and engineering activities and related technical consultancy,GOS_MEUR,Gross operating surplus - million euro,DK,2023,578.24
sbs_ovw_act,M711,Architectural and engineering activities and related technical consultancy,GOS_MEUR,Gross operating surplus - million euro,DK,2024,751.93
sbs_ovw_act,M711,Architectural and engineering activities and related technical consultancy,GOS_MEUR,Gross operating surplus - million euro,EL,2021,800.41
sbs_ovw_act,M711,Architectural and engineering activities and related technical consultancy,GOS_MEUR,Gross operating surplus - million euro,EL,2022,981.53
sbs_ovw_act,M711,Architectural and engineering activities and related technical consultancy,GOS_MEUR,Gross operating surplus - million euro,EL,2023,1265.13
sbs_ovw_act,M711,Architectural and engineering activities and related technical consultancy,GOS_MEUR,Gross operating surplus - million euro,EL,2024,1537.27
sbs_ovw_act,M711,Architectural and engineering activities and related technical consultancy,GOS_MEUR,Gross operating surplus - million euro,ES,2021,3346.95
sbs_ovw_act,M711,Architectural and engineering activities and related technical consultancy,GOS_MEUR,Gross operating surplus - million euro,ES,2022,4126.04
sbs_ovw_act,M711,Architectural and engineering activities and related technical consultancy,GOS_MEUR,Gross operating surplus - million euro,ES,2023,4999.7
sbs_ovw_act,M711,Architectural and engineering activities and related technical consultancy,GOS_MEUR,Gross operating surplus - million euro,ES,2024,5481.58
sbs_ovw_act,M711,Architectural and engineering activities and related technical consultancy,GOS_MEUR,Gross operating surplus - million euro,EU27_2020,2021,58723.22
sbs_ovw_act,M711,Architectural and engineering activities and related technical consultancy,GOS_MEUR,Gross operating surplus - million euro,EU27_2020,2022,55749.91
sbs_ovw_act,M711,Architectural and engineering activities and related technical consultancy,GOS_MEUR,Gross operating surplus - million euro,EU27_2020,2023,69848.18
sbs_ovw_act,M711,Architectural and engineering activities and related technical consultancy,GOS_MEUR,Gross operating surplus - million euro,FI,2021,599.34
sbs_ovw_act,M711,Architectural and engineering activities and related technical consultancy,GOS_MEUR,Gross operating surplus - million euro,FI,2022,546.29
sbs_ovw_act,M711,Architectural and engineering activities and related technical consultancy,GOS_MEUR,Gross operating surplus - million euro,FI,2023,572.97
sbs_ovw_act,M711,Architectural and engineering activities and related technical consultancy,GOS_MEUR,Gross operating surplus - million euro,FI,2024,526.93
sbs_ovw_act,M711,Architectural and engineering activities and related technical consultancy,GOS_MEUR,Gross operating surplus - million euro,FR,2021,4897.93
sbs_ovw_act,M711,Architectural and engineering activities and related technical consultancy,GOS_MEUR,Gross operating surplus - million euro,FR,2022,4900.36
sbs_ovw_act,M711,Architectural and engineering activities and related technical consultancy,GOS_MEUR,Gross operating surplus - million euro,FR,2023,5770.99
sbs_ovw_act,M711,Architectural and engineering activities and related technical consultancy,GOS_MEUR,Gross operating surplus - million euro,FR,2024,5482.72
sbs_ovw_act,M711,Architectural and engineering activities and related technical consultancy,GOS_MEUR,Gross operating surplus - million euro,HU,2021,618.27
sbs_ovw_act,M711,Architectural and engineering activities and related technical consultancy,GOS_MEUR,Gross operating surplus - million euro,HU,2022,659.24
sbs_ovw_act,M711,Architectural and engineering activities and related technical consultancy,GOS_MEUR,Gross operating surplus - million euro,HU,2023,806.18
sbs_ovw_act,M711,Architectural and engineering activities and related technical consultancy,GOS_MEUR,Gross operating surplus - million euro,HU,2024,821.65
sbs_ovw_act,M711,Architectural and engineering activities and related technical consultancy,GOS_MEUR,Gross operating surplus - million euro,IE,2021,984.85
sbs_ovw_act,M711,Architectural and engineering activities and related technical consultancy,GOS_MEUR,Gross operating surplus - million euro,IE,2022,1296.15
sbs_ovw_act,M711,Architectural and engineering activities and related technical consultancy,GOS_MEUR,Gross operating surplus - million euro,IE,2023,1496.08
sbs_ovw_act,M711,Architectural and engineering activities and related technical consultancy,GOS_MEUR,Gross operating surplus - million euro,IE,2024,2262.15
sbs_ovw_act,M711,Architectural and engineering activities and related technical consultancy,GOS_MEUR,Gross operating surplus - million euro,IT,2021,10176.17
sbs_ovw_act,M711,Architectural and engineering activities and related technical consultancy,GOS_MEUR,Gross operating surplus - million euro,IT,2022,12648.18
sbs_ovw_act,M711,Architectural and engineering activities and related technical consultancy,GOS_MEUR,Gross operating surplus - million euro,IT,2023,14585.63
sbs_ovw_act,M711,Architectural and engineering activities and related technical consultancy,GOS_MEUR,Gross operating surplus - million euro,IT,2024,15041.0
sbs_ovw_act,M711,Architectural and engineering activities and related technical consultancy,GOS_MEUR,Gross operating surplus - million euro,NL,2021,3668.31
sbs_ovw_act,M711,Architectural and engineering activities and related technical consultancy,GOS_MEUR,Gross operating surplus - million euro,NL,2022,3668.48
sbs_ovw_act,M711,Architectural and engineering activities and related technical consultancy,GOS_MEUR,Gross operating surplus - million euro,NL,2023,3919.81
sbs_ovw_act,M711,Architectural and engineering activities and related technical consultancy,GOS_MEUR,Gross operating surplus - million euro,NL,2024,4962.32
sbs_ovw_act,M711,Architectural and engineering activities and related technical consultancy,GOS_MEUR,Gross operating surplus - million euro,PL,2021,1433.06
sbs_ovw_act,M711,Architectural and engineering activities and related technical consultancy,GOS_MEUR,Gross operating surplus - million euro,PL,2022,1546.23
sbs_ovw_act,M711,Architectural and engineering activities and related technical consultancy,GOS_MEUR,Gross operating surplus - million euro,PL,2023,1597.18
sbs_ovw_act,M711,Architectural and engineering activities and related technical consultancy,GOS_MEUR,Gross operating surplus - million euro,PL,2024,1848.11
sbs_ovw_act,M711,Architectural and engineering activities and related technical consultancy,GOS_MEUR,Gross operating surplus - million euro,PT,2021,464.87
sbs_ovw_act,M711,Architectural and engineering activities and related technical consultancy,GOS_MEUR,Gross operating surplus - million euro,PT,2022,528.79
sbs_ovw_act,M711,Architectural and engineering activities and related technical consultancy,GOS_MEUR,Gross operating surplus - million euro,PT,2023,684.34
sbs_ovw_act,M711,Architectural and engineering activities and related technical consultancy,GOS_MEUR,Gross operating surplus - million euro,PT,2024,818.59
sbs_ovw_act,M711,Architectural and engineering activities and related technical consultancy,GOS_MEUR,Gross operating surplus - million euro,RO,2021,607.89
sbs_ovw_act,M711,Architectural and engineering activities and related technical consultancy,GOS_MEUR,Gross operating surplus - million euro,RO,2022,1056.48
sbs_ovw_act,M711,Architectural and engineering activities and related technical consultancy,GOS_MEUR,Gross operating surplus - million euro,RO,2023,1142.58
sbs_ovw_act,M711,Architectural and engineering activities and related technical consultancy,GOS_MEUR,Gross operating surplus - million euro,RO,2024,1044.1
sbs_ovw_act,M711,Architectural and engineering activities and related technical consultancy,GOS_MEUR,Gross operating surplus - million euro,SE,2021,1078.45
sbs_ovw_act,M711,Architectural and engineering activities and related technical consultancy,GOS_MEUR,Gross operating surplus - million euro,SE,2022,910.43
sbs_ovw_act,M711,Architectural and engineering activities and related technical consultancy,GOS_MEUR,Gross operating surplus - million euro,SE,2023,1743.01
sbs_ovw_act,M711,Architectural and engineering activities and related technical consultancy,GOS_MEUR,Gross operating surplus - million euro,SE,2024,1711.72
sbs_ovw_act,M711,Architectural and engineering activities and related technical consultancy,NETTUR_MEUR,Net turnover - million euro,AT,2021,8436.42
sbs_ovw_act,M711,Architectural and engineering activities and related technical consultancy,NETTUR_MEUR,Net turnover - million euro,AT,2022,9214.51
sbs_ovw_act,M711,Architectural and engineering activities and related technical consultancy,NETTUR_MEUR,Net turnover - million euro,AT,2023,9802.12
sbs_ovw_act,M711,Architectural and engineering activities and related technical consultancy,NETTUR_MEUR,Net turnover - million euro,AT,2024,10334.79
sbs_ovw_act,M711,Architectural and engineering activities and related technical consultancy,NETTUR_MEUR,Net turnover - million euro,BE,2021,10327.56
sbs_ovw_act,M711,Architectural and engineering activities and related technical consultancy,NETTUR_MEUR,Net turnover - million euro,BE,2022,11093.54
sbs_ovw_act,M711,Architectural and engineering activities and related technical consultancy,NETTUR_MEUR,Net turnover - million euro,BE,2023,12550.67
sbs_ovw_act,M711,Architectural and engineering activities and related technical consultancy,NETTUR_MEUR,Net turnover - million euro,BE,2024,12836.13
sbs_ovw_act,M711,Architectural and engineering activities and related technical consultancy,NETTUR_MEUR,Net turnover - million euro,CZ,2021,5543.39
sbs_ovw_act,M711,Architectural and engineering activities and related technical consultancy,NETTUR_MEUR,Net turnover - million euro,CZ,2022,6657.0
sbs_ovw_act,M711,Architectural and engineering activities and related technical consultancy,NETTUR_MEUR,Net turnover - million euro,CZ,2023,7443.39
sbs_ovw_act,M711,Architectural and engineering activities and related technical consultancy,NETTUR_MEUR,Net turnover - million euro,CZ,2024,7271.92
sbs_ovw_act,M711,Architectural and engineering activities and related technical consultancy,NETTUR_MEUR,Net turnover - million euro,DE,2021,83228.66
sbs_ovw_act,M711,Architectural and engineering activities and related technical consultancy,NETTUR_MEUR,Net turnover - million euro,DE,2022,90175.6
sbs_ovw_act,M711,Architectural and engineering activities and related technical consultancy,NETTUR_MEUR,Net turnover - million euro,DE,2023,105237.9
sbs_ovw_act,M711,Architectural and engineering activities and related technical consultancy,NETTUR_MEUR,Net turnover - million euro,DE,2024,96557.47
sbs_ovw_act,M711,Architectural and engineering activities and related technical consultancy,NETTUR_MEUR,Net turnover - million euro,DK,2021,8883.41
sbs_ovw_act,M711,Architectural and engineering activities and related technical consultancy,NETTUR_MEUR,Net turnover - million euro,DK,2022,9930.61
sbs_ovw_act,M711,Architectural and engineering activities and related technical consultancy,NETTUR_MEUR,Net turnover - million euro,DK,2023,10581.92
sbs_ovw_act,M711,Architectural and engineering activities and related technical consultancy,NETTUR_MEUR,Net turnover - million euro,DK,2024,11263.07
sbs_ovw_act,M711,Architectural and engineering activities and related technical consultancy,NETTUR_MEUR,Net turnover - million euro,EL,2021,2760.38
sbs_ovw_act,M711,Architectural and engineering activities and related technical consultancy,NETTUR_MEUR,Net turnover - million euro,EL,2022,3506.99
sbs_ovw_act,M711,Architectural and engineering activities and related technical consultancy,NETTUR_MEUR,Net turnover - million euro,EL,2023,4153.02
sbs_ovw_act,M711,Architectural and engineering activities and related technical consultancy,NETTUR_MEUR,Net turnover - million euro,EL,2024,4967.67
sbs_ovw_act,M711,Architectural and engineering activities and related technical consultancy,NETTUR_MEUR,Net turnover - million euro,ES,2021,23580.13
sbs_ovw_act,M711,Architectural and engineering activities and related technical consultancy,NETTUR_MEUR,Net turnover - million euro,ES,2022,26463.56
sbs_ovw_act,M711,Architectural and engineering activities and related technical consultancy,NETTUR_MEUR,Net turnover - million euro,ES,2023,30010.25
sbs_ovw_act,M711,Architectural and engineering activities and related technical consultancy,NETTUR_MEUR,Net turnover - million euro,ES,2024,32134.03
sbs_ovw_act,M711,Architectural and engineering activities and related technical consultancy,NETTUR_MEUR,Net turnover - million euro,EU27_2020,2021,301004.4
sbs_ovw_act,M711,Architectural and engineering activities and related technical consultancy,NETTUR_MEUR,Net turnover - million euro,EU27_2020,2022,332303.64
sbs_ovw_act,M711,Architectural and engineering activities and related technical consultancy,NETTUR_MEUR,Net turnover - million euro,EU27_2020,2023,369975.98
sbs_ovw_act,M711,Architectural and engineering activities and related technical consultancy,NETTUR_MEUR,Net turnover - million euro,FI,2021,5822.24
sbs_ovw_act,M711,Architectural and engineering activities and related technical consultancy,NETTUR_MEUR,Net turnover - million euro,FI,2022,6427.66
sbs_ovw_act,M711,Architectural and engineering activities and related technical consultancy,NETTUR_MEUR,Net turnover - million euro,FI,2023,6799.8
sbs_ovw_act,M711,Architectural and engineering activities and related technical consultancy,NETTUR_MEUR,Net turnover - million euro,FI,2024,6798.2
sbs_ovw_act,M711,Architectural and engineering activities and related technical consultancy,NETTUR_MEUR,Net turnover - million euro,FR,2021,54150.28
sbs_ovw_act,M711,Architectural and engineering activities and related technical consultancy,NETTUR_MEUR,Net turnover - million euro,FR,2022,57188.04
sbs_ovw_act,M711,Architectural and engineering activities and related technical consultancy,NETTUR_MEUR,Net turnover - million euro,FR,2023,59477.24
sbs_ovw_act,M711,Architectural and engineering activities and related technical consultancy,NETTUR_MEUR,Net turnover - million euro,FR,2024,63156.88
sbs_ovw_act,M711,Architectural and engineering activities and related technical consultancy,NETTUR_MEUR,Net turnover - million euro,HU,2021,3709.11
sbs_ovw_act,M711,Architectural and engineering activities and related technical consultancy,NETTUR_MEUR,Net turnover - million euro,HU,2022,3916.68
sbs_ovw_act,M711,Architectural and engineering activities and related technical consultancy,NETTUR_MEUR,Net turnover - million euro,HU,2023,4161.12
sbs_ovw_act,M711,Architectural and engineering activities and related technical consultancy,NETTUR_MEUR,Net turnover - million euro,HU,2024,4128.48
sbs_ovw_act,M711,Architectural and engineering activities and related technical consultancy,NETTUR_MEUR,Net turnover - million euro,IE,2021,8525.96
sbs_ovw_act,M711,Architectural and engineering activities and related technical consultancy,NETTUR_MEUR,Net turnover - million euro,IE,2022,9649.59
sbs_ovw_act,M711,Architectural and engineering activities and related technical consultancy,NETTUR_MEUR,Net turnover - million euro,IE,2023,12493.47
sbs_ovw_act,M711,Architectural and engineering activities and related technical consultancy,NETTUR_MEUR,Net turnover - million euro,IE,2024,10896.64
sbs_ovw_act,M711,Architectural and engineering activities and related technical consultancy,NETTUR_MEUR,Net turnover - million euro,IT,2021,23645.01
sbs_ovw_act,M711,Architectural and engineering activities and related technical consultancy,NETTUR_MEUR,Net turnover - million euro,IT,2022,28864.8
sbs_ovw_act,M711,Architectural and engineering activities and related technical consultancy,NETTUR_MEUR,Net turnover - million euro,IT,2023,34037.84
sbs_ovw_act,M711,Architectural and engineering activities and related technical consultancy,NETTUR_MEUR,Net turnover - million euro,IT,2024,34906.63
sbs_ovw_act,M711,Architectural and engineering activities and related technical consultancy,NETTUR_MEUR,Net turnover - million euro,NL,2021,21515.01
sbs_ovw_act,M711,Architectural and engineering activities and related technical consultancy,NETTUR_MEUR,Net turnover - million euro,NL,2022,22195.2
sbs_ovw_act,M711,Architectural and engineering activities and related technical consultancy,NETTUR_MEUR,Net turnover - million euro,NL,2023,24338.53
sbs_ovw_act,M711,Architectural and engineering activities and related technical consultancy,NETTUR_MEUR,Net turnover - million euro,NL,2024,26214.15
sbs_ovw_act,M711,Architectural and engineering activities and related technical consultancy,NETTUR_MEUR,Net turnover - million euro,PL,2021,8295.21
sbs_ovw_act,M711,Architectural and engineering activities and related technical consultancy,NETTUR_MEUR,Net turnover - million euro,PL,2022,9322.53
sbs_ovw_act,M711,Architectural and engineering activities and related technical consultancy,NETTUR_MEUR,Net turnover - million euro,PL,2023,10468.73
sbs_ovw_act,M711,Architectural and engineering activities and related technical consultancy,NETTUR_MEUR,Net turnover - million euro,PL,2024,11785.53
sbs_ovw_act,M711,Architectural and engineering activities and related technical consultancy,NETTUR_MEUR,Net turnover - million euro,PT,2021,3029.85
sbs_ovw_act,M711,Architectural and engineering activities and related technical consultancy,NETTUR_MEUR,Net turnover - million euro,PT,2022,3580.08
sbs_ovw_act,M711,Architectural and engineering activities and related technical consultancy,NETTUR_MEUR,Net turnover - million euro,PT,2023,4324.74
sbs_ovw_act,M711,Architectural and engineering activities and related technical consultancy,NETTUR_MEUR,Net turnover - million euro,PT,2024,5118.61
sbs_ovw_act,M711,Architectural and engineering activities and related technical consultancy,NETTUR_MEUR,Net turnover - million euro,RO,2021,2823.05
sbs_ovw_act,M711,Architectural and engineering activities and related technical consultancy,NETTUR_MEUR,Net turnover - million euro,RO,2022,3858.41
sbs_ovw_act,M711,Architectural and engineering activities and related technical consultancy,NETTUR_MEUR,Net turnover - million euro,RO,2023,4924.67
sbs_ovw_act,M711,Architectural and engineering activities and related technical consultancy,NETTUR_MEUR,Net turnover - million euro,RO,2024,5196.94
sbs_ovw_act,M711,Architectural and engineering activities and related technical consultancy,NETTUR_MEUR,Net turnover - million euro,SE,2021,18268.96
sbs_ovw_act,M711,Architectural and engineering activities and related technical consultancy,NETTUR_MEUR,Net turnover - million euro,SE,2022,20401.81
sbs_ovw_act,M711,Architectural and engineering activities and related technical consultancy,NETTUR_MEUR,Net turnover - million euro,SE,2023,18031.72
sbs_ovw_act,M711,Architectural and engineering activities and related technical consultancy,NETTUR_MEUR,Net turnover - million euro,SE,2024,18436.84
sbs_ovw_act,M711,Architectural and engineering activities and related technical consultancy,SAL_NR,Employees - number,AT,2021,44815.0
sbs_ovw_act,M711,Architectural and engineering activities and related technical consultancy,SAL_NR,Employees - number,AT,2022,46569.0
sbs_ovw_act,M711,Architectural and engineering activities and related technical consultancy,SAL_NR,Employees - number,AT,2023,47311.0
sbs_ovw_act,M711,Architectural and engineering activities and related technical consultancy,SAL_NR,Employees - number,AT,2024,46938.0
sbs_ovw_act,M711,Architectural and engineering activities and related technical consultancy,SAL_NR,Employees - number,BE,2021,31723.0
sbs_ovw_act,M711,Architectural and engineering activities and related technical consultancy,SAL_NR,Employees - number,BE,2022,32468.0
sbs_ovw_act,M711,Architectural and engineering activities and related technical consultancy,SAL_NR,Employees - number,BE,2023,33905.0
sbs_ovw_act,M711,Architectural and engineering activities and related technical consultancy,SAL_NR,Employees - number,BE,2024,33346.0
sbs_ovw_act,M711,Architectural and engineering activities and related technical consultancy,SAL_NR,Employees - number,CZ,2021,40918.0
sbs_ovw_act,M711,Architectural and engineering activities and related technical consultancy,SAL_NR,Employees - number,CZ,2022,41927.0
sbs_ovw_act,M711,Architectural and engineering activities and related technical consultancy,SAL_NR,Employees - number,CZ,2023,41603.0
sbs_ovw_act,M711,Architectural and engineering activities and related technical consultancy,SAL_NR,Employees - number,CZ,2024,42051.0
sbs_ovw_act,M711,Architectural and engineering activities and related technical consultancy,SAL_NR,Employees - number,DE,2021,540501.0
sbs_ovw_act,M711,Architectural and engineering activities and related technical consultancy,SAL_NR,Employees - number,DE,2022,513833.0
sbs_ovw_act,M711,Architectural and engineering activities and related technical consultancy,SAL_NR,Employees - number,DE,2023,535932.0
sbs_ovw_act,M711,Architectural and engineering activities and related technical consultancy,SAL_NR,Employees - number,DE,2024,565143.0
sbs_ovw_act,M711,Architectural and engineering activities and related technical consultancy,SAL_NR,Employees - number,DK,2021,43219.0
sbs_ovw_act,M711,Architectural and engineering activities and related technical consultancy,SAL_NR,Employees - number,DK,2022,45950.0
sbs_ovw_act,M711,Architectural and engineering activities and related technical consultancy,SAL_NR,Employees - number,DK,2023,48688.0
sbs_ovw_act,M711,Architectural and engineering activities and related technical consultancy,SAL_NR,Employees - number,DK,2024,50835.0
sbs_ovw_act,M711,Architectural and engineering activities and related technical consultancy,SAL_NR,Employees - number,EL,2021,23090.0
sbs_ovw_act,M711,Architectural and engineering activities and related technical consultancy,SAL_NR,Employees - number,EL,2022,25341.0
sbs_ovw_act,M711,Architectural and engineering activities and related technical consultancy,SAL_NR,Employees - number,EL,2023,26103.0
sbs_ovw_act,M711,Architectural and engineering activities and related technical consultancy,SAL_NR,Employees - number,EL,2024,27971.0
sbs_ovw_act,M711,Architectural and engineering activities and related technical consultancy,SAL_NR,Employees - number,ES,2021,151408.0
sbs_ovw_act,M711,Architectural and engineering activities and related technical consultancy,SAL_NR,Employees - number,ES,2022,158160.0
sbs_ovw_act,M711,Architectural and engineering activities and related technical consultancy,SAL_NR,Employees - number,ES,2023,172254.0
sbs_ovw_act,M711,Architectural and engineering activities and related technical consultancy,SAL_NR,Employees - number,ES,2024,183110.0
sbs_ovw_act,M711,Architectural and engineering activities and related technical consultancy,SAL_NR,Employees - number,EU27_2020,2021,1783509.0
sbs_ovw_act,M711,Architectural and engineering activities and related technical consultancy,SAL_NR,Employees - number,EU27_2020,2022,1835509.0
sbs_ovw_act,M711,Architectural and engineering activities and related technical consultancy,SAL_NR,Employees - number,EU27_2020,2023,1903960.0
sbs_ovw_act,M711,Architectural and engineering activities and related technical consultancy,SAL_NR,Employees - number,FI,2021,39047.0
sbs_ovw_act,M711,Architectural and engineering activities and related technical consultancy,SAL_NR,Employees - number,FI,2022,40812.0
sbs_ovw_act,M711,Architectural and engineering activities and related technical consultancy,SAL_NR,Employees - number,FI,2023,41159.0
sbs_ovw_act,M711,Architectural and engineering activities and related technical consultancy,SAL_NR,Employees - number,FI,2024,39788.0
sbs_ovw_act,M711,Architectural and engineering activities and related technical consultancy,SAL_NR,Employees - number,FR,2021,279540.0
sbs_ovw_act,M711,Architectural and engineering activities and related technical consultancy,SAL_NR,Employees - number,FR,2022,301153.0
sbs_ovw_act,M711,Architectural and engineering activities and related technical consultancy,SAL_NR,Employees - number,FR,2023,308595.0
sbs_ovw_act,M711,Architectural and engineering activities and related technical consultancy,SAL_NR,Employees - number,FR,2024,318041.0
sbs_ovw_act,M711,Architectural and engineering activities and related technical consultancy,SAL_NR,Employees - number,HU,2021,31804.0
sbs_ovw_act,M711,Architectural and engineering activities and related technical consultancy,SAL_NR,Employees - number,HU,2022,33873.0
sbs_ovw_act,M711,Architectural and engineering activities and related technical consultancy,SAL_NR,Employees - number,HU,2023,36201.0
sbs_ovw_act,M711,Architectural and engineering activities and related technical consultancy,SAL_NR,Employees - number,HU,2024,35831.0
sbs_ovw_act,M711,Architectural and engineering activities and related technical consultancy,SAL_NR,Employees - number,IE,2021,31493.0
sbs_ovw_act,M711,Architectural and engineering activities and related technical consultancy,SAL_NR,Employees - number,IE,2022,36273.0
sbs_ovw_act,M711,Architectural and engineering activities and related technical consultancy,SAL_NR,Employees - number,IE,2023,38805.0
sbs_ovw_act,M711,Architectural and engineering activities and related technical consultancy,SAL_NR,Employees - number,IE,2024,40324.0
sbs_ovw_act,M711,Architectural and engineering activities and related technical consultancy,SAL_NR,Employees - number,IT,2021,58058.0
sbs_ovw_act,M711,Architectural and engineering activities and related technical consultancy,SAL_NR,Employees - number,IT,2022,64817.0
sbs_ovw_act,M711,Architectural and engineering activities and related technical consultancy,SAL_NR,Employees - number,IT,2023,69709.0
sbs_ovw_act,M711,Architectural and engineering activities and related technical consultancy,SAL_NR,Employees - number,IT,2024,76423.0
sbs_ovw_act,M711,Architectural and engineering activities and related technical consultancy,SAL_NR,Employees - number,NL,2021,104130.0
sbs_ovw_act,M711,Architectural and engineering activities and related technical consultancy,SAL_NR,Employees - number,NL,2022,108420.0
sbs_ovw_act,M711,Architectural and engineering activities and related technical consultancy,SAL_NR,Employees - number,NL,2023,112234.0
sbs_ovw_act,M711,Architectural and engineering activities and related technical consultancy,SAL_NR,Employees - number,NL,2024,117699.0
sbs_ovw_act,M711,Architectural and engineering activities and related technical consultancy,SAL_NR,Employees - number,PL,2021,73806.0
sbs_ovw_act,M711,Architectural and engineering activities and related technical consultancy,SAL_NR,Employees - number,PL,2022,74876.0
sbs_ovw_act,M711,Architectural and engineering activities and related technical consultancy,SAL_NR,Employees - number,PL,2023,71331.0
sbs_ovw_act,M711,Architectural and engineering activities and related technical consultancy,SAL_NR,Employees - number,PL,2024,71882.0
sbs_ovw_act,M711,Architectural and engineering activities and related technical consultancy,SAL_NR,Employees - number,PT,2021,35596.0
sbs_ovw_act,M711,Architectural and engineering activities and related technical consultancy,SAL_NR,Employees - number,PT,2022,39337.0
sbs_ovw_act,M711,Architectural and engineering activities and related technical consultancy,SAL_NR,Employees - number,PT,2023,41801.0
sbs_ovw_act,M711,Architectural and engineering activities and related technical consultancy,SAL_NR,Employees - number,PT,2024,44413.0
sbs_ovw_act,M711,Architectural and engineering activities and related technical consultancy,SAL_NR,Employees - number,RO,2021,57277.0
sbs_ovw_act,M711,Architectural and engineering activities and related technical consultancy,SAL_NR,Employees - number,RO,2022,62676.0
sbs_ovw_act,M711,Architectural and engineering activities and related technical consultancy,SAL_NR,Employees - number,RO,2023,68113.0
sbs_ovw_act,M711,Architectural and engineering activities and related technical consultancy,SAL_NR,Employees - number,RO,2024,66454.0
sbs_ovw_act,M711,Architectural and engineering activities and related technical consultancy,SAL_NR,Employees - number,SE,2021,103490.0
sbs_ovw_act,M711,Architectural and engineering activities and related technical consultancy,SAL_NR,Employees - number,SE,2022,112361.0
sbs_ovw_act,M711,Architectural and engineering activities and related technical consultancy,SAL_NR,Employees - number,SE,2023,111033.0
sbs_ovw_act,M711,Architectural and engineering activities and related technical consultancy,SAL_NR,Employees - number,SE,2024,110718.0
sbs_ovw_act,M711,Architectural and engineering activities and related technical consultancy,VAL_OUT_MEUR,Value of output - million euro,AT,2021,6823.9
sbs_ovw_act,M711,Architectural and engineering activities and related technical consultancy,VAL_OUT_MEUR,Value of output - million euro,AT,2022,7400.76
sbs_ovw_act,M711,Architectural and engineering activities and related technical consultancy,VAL_OUT_MEUR,Value of output - million euro,AT,2023,7596.55
sbs_ovw_act,M711,Architectural and engineering activities and related technical consultancy,VAL_OUT_MEUR,Value of output - million euro,AT,2024,7766.33
sbs_ovw_act,M711,Architectural and engineering activities and related technical consultancy,VAL_OUT_MEUR,Value of output - million euro,BE,2021,10697.13
sbs_ovw_act,M711,Architectural and engineering activities and related technical consultancy,VAL_OUT_MEUR,Value of output - million euro,BE,2022,11188.47
sbs_ovw_act,M711,Architectural and engineering activities and related technical consultancy,VAL_OUT_MEUR,Value of output - million euro,BE,2023,12697.1
sbs_ovw_act,M711,Architectural and engineering activities and related technical consultancy,VAL_OUT_MEUR,Value of output - million euro,BE,2024,13121.3
sbs_ovw_act,M711,Architectural and engineering activities and related technical consultancy,VAL_OUT_MEUR,Value of output - million euro,CZ,2021,5308.42
sbs_ovw_act,M711,Architectural and engineering activities and related technical consultancy,VAL_OUT_MEUR,Value of output - million euro,CZ,2022,6428.96
sbs_ovw_act,M711,Architectural and engineering activities and related technical consultancy,VAL_OUT_MEUR,Value of output - million euro,CZ,2023,7106.17
sbs_ovw_act,M711,Architectural and engineering activities and related technical consultancy,VAL_OUT_MEUR,Value of output - million euro,CZ,2024,6974.29
sbs_ovw_act,M711,Architectural and engineering activities and related technical consultancy,VAL_OUT_MEUR,Value of output - million euro,DE,2021,73649.61
sbs_ovw_act,M711,Architectural and engineering activities and related technical consultancy,VAL_OUT_MEUR,Value of output - million euro,DE,2022,67866.03
sbs_ovw_act,M711,Architectural and engineering activities and related technical consultancy,VAL_OUT_MEUR,Value of output - million euro,DE,2023,83918.49
sbs_ovw_act,M711,Architectural and engineering activities and related technical consultancy,VAL_OUT_MEUR,Value of output - million euro,DE,2024,82008.08
sbs_ovw_act,M711,Architectural and engineering activities and related technical consultancy,VAL_OUT_MEUR,Value of output - million euro,DK,2021,8854.08
sbs_ovw_act,M711,Architectural and engineering activities and related technical consultancy,VAL_OUT_MEUR,Value of output - million euro,DK,2022,9950.7
sbs_ovw_act,M711,Architectural and engineering activities and related technical consultancy,VAL_OUT_MEUR,Value of output - million euro,DK,2023,10341.7
sbs_ovw_act,M711,Architectural and engineering activities and related technical consultancy,VAL_OUT_MEUR,Value of output - million euro,DK,2024,11238.52
sbs_ovw_act,M711,Architectural and engineering activities and related technical consultancy,VAL_OUT_MEUR,Value of output - million euro,EL,2021,2597.89
sbs_ovw_act,M711,Architectural and engineering activities and related technical consultancy,VAL_OUT_MEUR,Value of output - million euro,EL,2022,3259.21
sbs_ovw_act,M711,Architectural and engineering activities and related technical consultancy,VAL_OUT_MEUR,Value of output - million euro,EL,2023,3915.64
sbs_ovw_act,M711,Architectural and engineering activities and related technical consultancy,VAL_OUT_MEUR,Value of output - million euro,EL,2024,4595.65
sbs_ovw_act,M711,Architectural and engineering activities and related technical consultancy,VAL_OUT_MEUR,Value of output - million euro,ES,2021,19796.25
sbs_ovw_act,M711,Architectural and engineering activities and related technical consultancy,VAL_OUT_MEUR,Value of output - million euro,ES,2022,23103.75
sbs_ovw_act,M711,Architectural and engineering activities and related technical consultancy,VAL_OUT_MEUR,Value of output - million euro,ES,2023,25351.79
sbs_ovw_act,M711,Architectural and engineering activities and related technical consultancy,VAL_OUT_MEUR,Value of output - million euro,ES,2024,26965.38
sbs_ovw_act,M711,Architectural and engineering activities and related technical consultancy,VAL_OUT_MEUR,Value of output - million euro,EU27_2020,2021,279156.75
sbs_ovw_act,M711,Architectural and engineering activities and related technical consultancy,VAL_OUT_MEUR,Value of output - million euro,EU27_2020,2022,296175.27
sbs_ovw_act,M711,Architectural and engineering activities and related technical consultancy,VAL_OUT_MEUR,Value of output - million euro,EU27_2020,2023,331493.56
sbs_ovw_act,M711,Architectural and engineering activities and related technical consultancy,VAL_OUT_MEUR,Value of output - million euro,FI,2021,5813.73
sbs_ovw_act,M711,Architectural and engineering activities and related technical consultancy,VAL_OUT_MEUR,Value of output - million euro,FI,2022,6096.47
sbs_ovw_act,M711,Architectural and engineering activities and related technical consultancy,VAL_OUT_MEUR,Value of output - million euro,FI,2023,6311.69
sbs_ovw_act,M711,Architectural and engineering activities and related technical consultancy,VAL_OUT_MEUR,Value of output - million euro,FI,2024,6365.41
sbs_ovw_act,M711,Architectural and engineering activities and related technical consultancy,VAL_OUT_MEUR,Value of output - million euro,FR,2021,54653.07
sbs_ovw_act,M711,Architectural and engineering activities and related technical consultancy,VAL_OUT_MEUR,Value of output - million euro,FR,2022,58178.92
sbs_ovw_act,M711,Architectural and engineering activities and related technical consultancy,VAL_OUT_MEUR,Value of output - million euro,FR,2023,60522.28
sbs_ovw_act,M711,Architectural and engineering activities and related technical consultancy,VAL_OUT_MEUR,Value of output - million euro,FR,2024,64798.3
sbs_ovw_act,M711,Architectural and engineering activities and related technical consultancy,VAL_OUT_MEUR,Value of output - million euro,HU,2021,2654.69
sbs_ovw_act,M711,Architectural and engineering activities and related technical consultancy,VAL_OUT_MEUR,Value of output - million euro,HU,2022,2743.04
sbs_ovw_act,M711,Architectural and engineering activities and related technical consultancy,VAL_OUT_MEUR,Value of output - million euro,HU,2023,3149.78
sbs_ovw_act,M711,Architectural and engineering activities and related technical consultancy,VAL_OUT_MEUR,Value of output - million euro,HU,2024,3167.06
sbs_ovw_act,M711,Architectural and engineering activities and related technical consultancy,VAL_OUT_MEUR,Value of output - million euro,IE,2021,3926.9
sbs_ovw_act,M711,Architectural and engineering activities and related technical consultancy,VAL_OUT_MEUR,Value of output - million euro,IE,2022,4973.24
sbs_ovw_act,M711,Architectural and engineering activities and related technical consultancy,VAL_OUT_MEUR,Value of output - million euro,IE,2023,5455.95
sbs_ovw_act,M711,Architectural and engineering activities and related technical consultancy,VAL_OUT_MEUR,Value of output - million euro,IE,2024,5569.34
sbs_ovw_act,M711,Architectural and engineering activities and related technical consultancy,VAL_OUT_MEUR,Value of output - million euro,IT,2021,26023.48
sbs_ovw_act,M711,Architectural and engineering activities and related technical consultancy,VAL_OUT_MEUR,Value of output - million euro,IT,2022,32687.72
sbs_ovw_act,M711,Architectural and engineering activities and related technical consultancy,VAL_OUT_MEUR,Value of output - million euro,IT,2023,37425.78
sbs_ovw_act,M711,Architectural and engineering activities and related technical consultancy,VAL_OUT_MEUR,Value of output - million euro,IT,2024,39508.03
sbs_ovw_act,M711,Architectural and engineering activities and related technical consultancy,VAL_OUT_MEUR,Value of output - million euro,NL,2021,19079.25
sbs_ovw_act,M711,Architectural and engineering activities and related technical consultancy,VAL_OUT_MEUR,Value of output - million euro,NL,2022,19272.08
sbs_ovw_act,M711,Architectural and engineering activities and related technical consultancy,VAL_OUT_MEUR,Value of output - million euro,NL,2023,21240.84
sbs_ovw_act,M711,Architectural and engineering activities and related technical consultancy,VAL_OUT_MEUR,Value of output - million euro,NL,2024,23074.88
sbs_ovw_act,M711,Architectural and engineering activities and related technical consultancy,VAL_OUT_MEUR,Value of output - million euro,PL,2021,7204.04
sbs_ovw_act,M711,Architectural and engineering activities and related technical consultancy,VAL_OUT_MEUR,Value of output - million euro,PL,2022,8240.6
sbs_ovw_act,M711,Architectural and engineering activities and related technical consultancy,VAL_OUT_MEUR,Value of output - million euro,PL,2023,9010.5
sbs_ovw_act,M711,Architectural and engineering activities and related technical consultancy,VAL_OUT_MEUR,Value of output - million euro,PL,2024,9916.54
sbs_ovw_act,M711,Architectural and engineering activities and related technical consultancy,VAL_OUT_MEUR,Value of output - million euro,PT,2021,2922.02
sbs_ovw_act,M711,Architectural and engineering activities and related technical consultancy,VAL_OUT_MEUR,Value of output - million euro,PT,2022,3433.18
sbs_ovw_act,M711,Architectural and engineering activities and related technical consultancy,VAL_OUT_MEUR,Value of output - million euro,PT,2023,4140.54
sbs_ovw_act,M711,Architectural and engineering activities and related technical consultancy,VAL_OUT_MEUR,Value of output - million euro,PT,2024,4929.84
sbs_ovw_act,M711,Architectural and engineering activities and related technical consultancy,VAL_OUT_MEUR,Value of output - million euro,RO,2021,2854.73
sbs_ovw_act,M711,Architectural and engineering activities and related technical consultancy,VAL_OUT_MEUR,Value of output - million euro,RO,2022,3880.42
sbs_ovw_act,M711,Architectural and engineering activities and related technical consultancy,VAL_OUT_MEUR,Value of output - million euro,RO,2023,4981.04
sbs_ovw_act,M711,Architectural and engineering activities and related technical consultancy,VAL_OUT_MEUR,Value of output - million euro,RO,2024,5221.44
sbs_ovw_act,M711,Architectural and engineering activities and related technical consultancy,VAL_OUT_MEUR,Value of output - million euro,SE,2021,18440.45
sbs_ovw_act,M711,Architectural and engineering activities and related technical consultancy,VAL_OUT_MEUR,Value of output - million euro,SE,2022,18331.71
sbs_ovw_act,M711,Architectural and engineering activities and related technical consultancy,VAL_OUT_MEUR,Value of output - million euro,SE,2023,17898.42
sbs_ovw_act,M711,Architectural and engineering activities and related technical consultancy,VAL_OUT_MEUR,Value of output - million euro,SE,2024,18163.0
sbs_ovw_act,M711,Architectural and engineering activities and related technical consultancy,WAGE_MEUR,Wages and salaries - million euro,AT,2021,1973.73
sbs_ovw_act,M711,Architectural and engineering activities and related technical consultancy,WAGE_MEUR,Wages and salaries - million euro,AT,2022,2169.08
sbs_ovw_act,M711,Architectural and engineering activities and related technical consultancy,WAGE_MEUR,Wages and salaries - million euro,AT,2023,2357.35
sbs_ovw_act,M711,Architectural and engineering activities and related technical consultancy,WAGE_MEUR,Wages and salaries - million euro,AT,2024,2505.39
sbs_ovw_act,M711,Architectural and engineering activities and related technical consultancy,WAGE_MEUR,Wages and salaries - million euro,BE,2021,1743.54
sbs_ovw_act,M711,Architectural and engineering activities and related technical consultancy,WAGE_MEUR,Wages and salaries - million euro,BE,2022,1825.56
sbs_ovw_act,M711,Architectural and engineering activities and related technical consultancy,WAGE_MEUR,Wages and salaries - million euro,BE,2023,2107.07
sbs_ovw_act,M711,Architectural and engineering activities and related technical consultancy,WAGE_MEUR,Wages and salaries - million euro,BE,2024,2110.86
sbs_ovw_act,M711,Architectural and engineering activities and related technical consultancy,WAGE_MEUR,Wages and salaries - million euro,CZ,2021,896.15
sbs_ovw_act,M711,Architectural and engineering activities and related technical consultancy,WAGE_MEUR,Wages and salaries - million euro,CZ,2022,1037.53
sbs_ovw_act,M711,Architectural and engineering activities and related technical consultancy,WAGE_MEUR,Wages and salaries - million euro,CZ,2023,1145.51
sbs_ovw_act,M711,Architectural and engineering activities and related technical consultancy,WAGE_MEUR,Wages and salaries - million euro,CZ,2024,1186.74
sbs_ovw_act,M711,Architectural and engineering activities and related technical consultancy,WAGE_MEUR,Wages and salaries - million euro,DE,2021,24683.72
sbs_ovw_act,M711,Architectural and engineering activities and related technical consultancy,WAGE_MEUR,Wages and salaries - million euro,DE,2022,23944.14
sbs_ovw_act,M711,Architectural and engineering activities and related technical consultancy,WAGE_MEUR,Wages and salaries - million euro,DE,2023,27455.55
sbs_ovw_act,M711,Architectural and engineering activities and related technical consultancy,WAGE_MEUR,Wages and salaries - million euro,DE,2024,31102.23
sbs_ovw_act,M711,Architectural and engineering activities and related technical consultancy,WAGE_MEUR,Wages and salaries - million euro,DK,2021,3315.97
sbs_ovw_act,M711,Architectural and engineering activities and related technical consultancy,WAGE_MEUR,Wages and salaries - million euro,DK,2022,3589.34
sbs_ovw_act,M711,Architectural and engineering activities and related technical consultancy,WAGE_MEUR,Wages and salaries - million euro,DK,2023,4114.21
sbs_ovw_act,M711,Architectural and engineering activities and related technical consultancy,WAGE_MEUR,Wages and salaries - million euro,DK,2024,4350.05
sbs_ovw_act,M711,Architectural and engineering activities and related technical consultancy,WAGE_MEUR,Wages and salaries - million euro,EL,2021,231.22
sbs_ovw_act,M711,Architectural and engineering activities and related technical consultancy,WAGE_MEUR,Wages and salaries - million euro,EL,2022,306.65
sbs_ovw_act,M711,Architectural and engineering activities and related technical consultancy,WAGE_MEUR,Wages and salaries - million euro,EL,2023,352.74
sbs_ovw_act,M711,Architectural and engineering activities and related technical consultancy,WAGE_MEUR,Wages and salaries - million euro,EL,2024,428.39
sbs_ovw_act,M711,Architectural and engineering activities and related technical consultancy,WAGE_MEUR,Wages and salaries - million euro,ES,2021,5234.99
sbs_ovw_act,M711,Architectural and engineering activities and related technical consultancy,WAGE_MEUR,Wages and salaries - million euro,ES,2022,5709.92
sbs_ovw_act,M711,Architectural and engineering activities and related technical consultancy,WAGE_MEUR,Wages and salaries - million euro,ES,2023,6545.75
sbs_ovw_act,M711,Architectural and engineering activities and related technical consultancy,WAGE_MEUR,Wages and salaries - million euro,ES,2024,7247.23
sbs_ovw_act,M711,Architectural and engineering activities and related technical consultancy,WAGE_MEUR,Wages and salaries - million euro,EU27_2020,2021,73372.73
sbs_ovw_act,M711,Architectural and engineering activities and related technical consultancy,WAGE_MEUR,Wages and salaries - million euro,EU27_2020,2022,77729.9
sbs_ovw_act,M711,Architectural and engineering activities and related technical consultancy,WAGE_MEUR,Wages and salaries - million euro,EU27_2020,2023,85970.91
sbs_ovw_act,M711,Architectural and engineering activities and related technical consultancy,WAGE_MEUR,Wages and salaries - million euro,FI,2021,2121.21
sbs_ovw_act,M711,Architectural and engineering activities and related technical consultancy,WAGE_MEUR,Wages and salaries - million euro,FI,2022,2258.88
sbs_ovw_act,M711,Architectural and engineering activities and related technical consultancy,WAGE_MEUR,Wages and salaries - million euro,FI,2023,2362.56
sbs_ovw_act,M711,Architectural and engineering activities and related technical consultancy,WAGE_MEUR,Wages and salaries - million euro,FI,2024,2371.74
sbs_ovw_act,M711,Architectural and engineering activities and related technical consultancy,WAGE_MEUR,Wages and salaries - million euro,FR,2021,13508.26
sbs_ovw_act,M711,Architectural and engineering activities and related technical consultancy,WAGE_MEUR,Wages and salaries - million euro,FR,2022,15095.85
sbs_ovw_act,M711,Architectural and engineering activities and related technical consultancy,WAGE_MEUR,Wages and salaries - million euro,FR,2023,15876.16
sbs_ovw_act,M711,Architectural and engineering activities and related technical consultancy,WAGE_MEUR,Wages and salaries - million euro,FR,2024,16856.21
sbs_ovw_act,M711,Architectural and engineering activities and related technical consultancy,WAGE_MEUR,Wages and salaries - million euro,HU,2021,556.69
sbs_ovw_act,M711,Architectural and engineering activities and related technical consultancy,WAGE_MEUR,Wages and salaries - million euro,HU,2022,634.4
sbs_ovw_act,M711,Architectural and engineering activities and related technical consultancy,WAGE_MEUR,Wages and salaries - million euro,HU,2023,757.39
sbs_ovw_act,M711,Architectural and engineering activities and related technical consultancy,WAGE_MEUR,Wages and salaries - million euro,HU,2024,801.34
sbs_ovw_act,M711,Architectural and engineering activities and related technical consultancy,WAGE_MEUR,Wages and salaries - million euro,IE,2021,1749.46
sbs_ovw_act,M711,Architectural and engineering activities and related technical consultancy,WAGE_MEUR,Wages and salaries - million euro,IE,2022,2020.59
sbs_ovw_act,M711,Architectural and engineering activities and related technical consultancy,WAGE_MEUR,Wages and salaries - million euro,IE,2023,2256.84
sbs_ovw_act,M711,Architectural and engineering activities and related technical consultancy,WAGE_MEUR,Wages and salaries - million euro,IE,2024,2496.14
sbs_ovw_act,M711,Architectural and engineering activities and related technical consultancy,WAGE_MEUR,Wages and salaries - million euro,IT,2021,2154.26
sbs_ovw_act,M711,Architectural and engineering activities and related technical consultancy,WAGE_MEUR,Wages and salaries - million euro,IT,2022,2504.89
sbs_ovw_act,M711,Architectural and engineering activities and related technical consultancy,WAGE_MEUR,Wages and salaries - million euro,IT,2023,2777.55
sbs_ovw_act,M711,Architectural and engineering activities and related technical consultancy,WAGE_MEUR,Wages and salaries - million euro,IT,2024,3151.85
sbs_ovw_act,M711,Architectural and engineering activities and related technical consultancy,WAGE_MEUR,Wages and salaries - million euro,NL,2021,5397.5
sbs_ovw_act,M711,Architectural and engineering activities and related technical consultancy,WAGE_MEUR,Wages and salaries - million euro,NL,2022,5888.03
sbs_ovw_act,M711,Architectural and engineering activities and related technical consultancy,WAGE_MEUR,Wages and salaries - million euro,NL,2023,6445.11
sbs_ovw_act,M711,Architectural and engineering activities and related technical consultancy,WAGE_MEUR,Wages and salaries - million euro,NL,2024,6971.95
sbs_ovw_act,M711,Architectural and engineering activities and related technical consultancy,WAGE_MEUR,Wages and salaries - million euro,PL,2021,1463.32
sbs_ovw_act,M711,Architectural and engineering activities and related technical consultancy,WAGE_MEUR,Wages and salaries - million euro,PL,2022,1597.49
sbs_ovw_act,M711,Architectural and engineering activities and related technical consultancy,WAGE_MEUR,Wages and salaries - million euro,PL,2023,1700.62
sbs_ovw_act,M711,Architectural and engineering activities and related technical consultancy,WAGE_MEUR,Wages and salaries - million euro,PL,2024,2153.54
sbs_ovw_act,M711,Architectural and engineering activities and related technical consultancy,WAGE_MEUR,Wages and salaries - million euro,PT,2021,733.22
sbs_ovw_act,M711,Architectural and engineering activities and related technical consultancy,WAGE_MEUR,Wages and salaries - million euro,PT,2022,861.27
sbs_ovw_act,M711,Architectural and engineering activities and related technical consultancy,WAGE_MEUR,Wages and salaries - million euro,PT,2023,1001.13
sbs_ovw_act,M711,Architectural and engineering activities and related technical consultancy,WAGE_MEUR,Wages and salaries - million euro,PT,2024,1132.2
sbs_ovw_act,M711,Architectural and engineering activities and related technical consultancy,WAGE_MEUR,Wages and salaries - million euro,RO,2021,699.94
sbs_ovw_act,M711,Architectural and engineering activities and related technical consultancy,WAGE_MEUR,Wages and salaries - million euro,RO,2022,865.51
sbs_ovw_act,M711,Architectural and engineering activities and related technical consultancy,WAGE_MEUR,Wages and salaries - million euro,RO,2023,1186.33
sbs_ovw_act,M711,Architectural and engineering activities and related technical consultancy,WAGE_MEUR,Wages and salaries - million euro,RO,2024,1332.98
sbs_ovw_act,M711,Architectural and engineering activities and related technical consultancy,WAGE_MEUR,Wages and salaries - million euro,SE,2021,4937.89
sbs_ovw_act,M711,Architectural and engineering activities and related technical consultancy,WAGE_MEUR,Wages and salaries - million euro,SE,2022,5181.48
sbs_ovw_act,M711,Architectural and engineering activities and related technical consultancy,WAGE_MEUR,Wages and salaries - million euro,SE,2023,4975.27
sbs_ovw_act,M711,Architectural and engineering activities and related technical consultancy,WAGE_MEUR,Wages and salaries - million euro,SE,2024,5161.63
sbs_ovw_act,M712,Technical testing and analysis,AV_MEUR,Value added - million euro,AT,2021,440.0
sbs_ovw_act,M712,Technical testing and analysis,AV_MEUR,Value added - million euro,AT,2022,467.63
sbs_ovw_act,M712,Technical testing and analysis,AV_MEUR,Value added - million euro,AT,2023,490.17
sbs_ovw_act,M712,Technical testing and analysis,AV_MEUR,Value added - million euro,AT,2024,520.12
sbs_ovw_act,M712,Technical testing and analysis,AV_MEUR,Value added - million euro,BE,2021,1213.42
sbs_ovw_act,M712,Technical testing and analysis,AV_MEUR,Value added - million euro,BE,2022,1330.2
sbs_ovw_act,M712,Technical testing and analysis,AV_MEUR,Value added - million euro,BE,2023,1497.2
sbs_ovw_act,M712,Technical testing and analysis,AV_MEUR,Value added - million euro,BE,2024,1544.45
sbs_ovw_act,M712,Technical testing and analysis,AV_MEUR,Value added - million euro,CZ,2021,479.05
sbs_ovw_act,M712,Technical testing and analysis,AV_MEUR,Value added - million euro,CZ,2022,531.35
sbs_ovw_act,M712,Technical testing and analysis,AV_MEUR,Value added - million euro,CZ,2023,602.51
sbs_ovw_act,M712,Technical testing and analysis,AV_MEUR,Value added - million euro,CZ,2024,624.83
sbs_ovw_act,M712,Technical testing and analysis,AV_MEUR,Value added - million euro,DE,2021,9762.68
sbs_ovw_act,M712,Technical testing and analysis,AV_MEUR,Value added - million euro,DE,2022,9557.96
sbs_ovw_act,M712,Technical testing and analysis,AV_MEUR,Value added - million euro,DE,2023,10298.45
sbs_ovw_act,M712,Technical testing and analysis,AV_MEUR,Value added - million euro,DE,2024,10799.97
sbs_ovw_act,M712,Technical testing and analysis,AV_MEUR,Value added - million euro,DK,2021,405.72
sbs_ovw_act,M712,Technical testing and analysis,AV_MEUR,Value added - million euro,DK,2022,420.15
sbs_ovw_act,M712,Technical testing and analysis,AV_MEUR,Value added - million euro,DK,2023,452.2
sbs_ovw_act,M712,Technical testing and analysis,AV_MEUR,Value added - million euro,DK,2024,470.17
sbs_ovw_act,M712,Technical testing and analysis,AV_MEUR,Value added - million euro,EL,2021,195.39
sbs_ovw_act,M712,Technical testing and analysis,AV_MEUR,Value added - million euro,EL,2022,218.19
sbs_ovw_act,M712,Technical testing and analysis,AV_MEUR,Value added - million euro,EL,2023,269.84
sbs_ovw_act,M712,Technical testing and analysis,AV_MEUR,Value added - million euro,EL,2024,255.31
sbs_ovw_act,M712,Technical testing and analysis,AV_MEUR,Value added - million euro,ES,2021,2328.64
sbs_ovw_act,M712,Technical testing and analysis,AV_MEUR,Value added - million euro,ES,2022,2528.99
sbs_ovw_act,M712,Technical testing and analysis,AV_MEUR,Value added - million euro,ES,2023,2617.9
sbs_ovw_act,M712,Technical testing and analysis,AV_MEUR,Value added - million euro,ES,2024,2955.46
sbs_ovw_act,M712,Technical testing and analysis,AV_MEUR,Value added - million euro,EU27_2020,2021,28338.68
sbs_ovw_act,M712,Technical testing and analysis,AV_MEUR,Value added - million euro,EU27_2020,2022,28964.6
sbs_ovw_act,M712,Technical testing and analysis,AV_MEUR,Value added - million euro,EU27_2020,2023,31468.18
sbs_ovw_act,M712,Technical testing and analysis,AV_MEUR,Value added - million euro,FI,2021,320.88
sbs_ovw_act,M712,Technical testing and analysis,AV_MEUR,Value added - million euro,FI,2022,306.07
sbs_ovw_act,M712,Technical testing and analysis,AV_MEUR,Value added - million euro,FI,2023,329.9
sbs_ovw_act,M712,Technical testing and analysis,AV_MEUR,Value added - million euro,FI,2024,360.62
sbs_ovw_act,M712,Technical testing and analysis,AV_MEUR,Value added - million euro,FR,2021,5532.58
sbs_ovw_act,M712,Technical testing and analysis,AV_MEUR,Value added - million euro,FR,2022,5317.52
sbs_ovw_act,M712,Technical testing and analysis,AV_MEUR,Value added - million euro,FR,2023,5894.14
sbs_ovw_act,M712,Technical testing and analysis,AV_MEUR,Value added - million euro,FR,2024,6775.93
sbs_ovw_act,M712,Technical testing and analysis,AV_MEUR,Value added - million euro,HU,2021,208.27
sbs_ovw_act,M712,Technical testing and analysis,AV_MEUR,Value added - million euro,HU,2022,224.97
sbs_ovw_act,M712,Technical testing and analysis,AV_MEUR,Value added - million euro,HU,2023,278.5
sbs_ovw_act,M712,Technical testing and analysis,AV_MEUR,Value added - million euro,HU,2024,285.92
sbs_ovw_act,M712,Technical testing and analysis,AV_MEUR,Value added - million euro,IE,2021,688.07
sbs_ovw_act,M712,Technical testing and analysis,AV_MEUR,Value added - million euro,IE,2022,632.79
sbs_ovw_act,M712,Technical testing and analysis,AV_MEUR,Value added - million euro,IE,2023,736.53
sbs_ovw_act,M712,Technical testing and analysis,AV_MEUR,Value added - million euro,IE,2024,819.93
sbs_ovw_act,M712,Technical testing and analysis,AV_MEUR,Value added - million euro,IT,2021,2417.55
sbs_ovw_act,M712,Technical testing and analysis,AV_MEUR,Value added - million euro,IT,2022,2759.42
sbs_ovw_act,M712,Technical testing and analysis,AV_MEUR,Value added - million euro,IT,2023,2765.33
sbs_ovw_act,M712,Technical testing and analysis,AV_MEUR,Value added - million euro,IT,2024,3181.05
sbs_ovw_act,M712,Technical testing and analysis,AV_MEUR,Value added - million euro,NL,2021,1506.06
sbs_ovw_act,M712,Technical testing and analysis,AV_MEUR,Value added - million euro,NL,2022,1617.29
sbs_ovw_act,M712,Technical testing and analysis,AV_MEUR,Value added - million euro,NL,2023,1868.52
sbs_ovw_act,M712,Technical testing and analysis,AV_MEUR,Value added - million euro,NL,2024,1960.5
sbs_ovw_act,M712,Technical testing and analysis,AV_MEUR,Value added - million euro,PL,2021,630.18
sbs_ovw_act,M712,Technical testing and analysis,AV_MEUR,Value added - million euro,PL,2022,704.25
sbs_ovw_act,M712,Technical testing and analysis,AV_MEUR,Value added - million euro,PL,2023,777.39
sbs_ovw_act,M712,Technical testing and analysis,AV_MEUR,Value added - million euro,PL,2024,892.53
sbs_ovw_act,M712,Technical testing and analysis,AV_MEUR,Value added - million euro,PT,2021,235.99
sbs_ovw_act,M712,Technical testing and analysis,AV_MEUR,Value added - million euro,PT,2022,269.55
sbs_ovw_act,M712,Technical testing and analysis,AV_MEUR,Value added - million euro,PT,2023,275.55
sbs_ovw_act,M712,Technical testing and analysis,AV_MEUR,Value added - million euro,PT,2024,298.22
sbs_ovw_act,M712,Technical testing and analysis,AV_MEUR,Value added - million euro,RO,2021,370.3
sbs_ovw_act,M712,Technical testing and analysis,AV_MEUR,Value added - million euro,RO,2022,400.61
sbs_ovw_act,M712,Technical testing and analysis,AV_MEUR,Value added - million euro,RO,2023,475.54
sbs_ovw_act,M712,Technical testing and analysis,AV_MEUR,Value added - million euro,RO,2024,556.17
sbs_ovw_act,M712,Technical testing and analysis,AV_MEUR,Value added - million euro,SE,2021,712.35
sbs_ovw_act,M712,Technical testing and analysis,AV_MEUR,Value added - million euro,SE,2022,677.26
sbs_ovw_act,M712,Technical testing and analysis,AV_MEUR,Value added - million euro,SE,2023,736.82
sbs_ovw_act,M712,Technical testing and analysis,AV_MEUR,Value added - million euro,SE,2024,806.83
sbs_ovw_act,M712,Technical testing and analysis,EMP_NR,Persons employed - number,AT,2021,6633.0
sbs_ovw_act,M712,Technical testing and analysis,EMP_NR,Persons employed - number,AT,2022,6678.0
sbs_ovw_act,M712,Technical testing and analysis,EMP_NR,Persons employed - number,AT,2023,6484.0
sbs_ovw_act,M712,Technical testing and analysis,EMP_NR,Persons employed - number,AT,2024,6582.0
sbs_ovw_act,M712,Technical testing and analysis,EMP_NR,Persons employed - number,BE,2021,14319.0
sbs_ovw_act,M712,Technical testing and analysis,EMP_NR,Persons employed - number,BE,2022,14753.0
sbs_ovw_act,M712,Technical testing and analysis,EMP_NR,Persons employed - number,BE,2023,15519.0
sbs_ovw_act,M712,Technical testing and analysis,EMP_NR,Persons employed - number,BE,2024,16078.0
sbs_ovw_act,M712,Technical testing and analysis,EMP_NR,Persons employed - number,CZ,2021,15391.0
sbs_ovw_act,M712,Technical testing and analysis,EMP_NR,Persons employed - number,CZ,2022,15603.0
sbs_ovw_act,M712,Technical testing and analysis,EMP_NR,Persons employed - number,CZ,2023,16060.0
sbs_ovw_act,M712,Technical testing and analysis,EMP_NR,Persons employed - number,CZ,2024,16155.0
sbs_ovw_act,M712,Technical testing and analysis,EMP_NR,Persons employed - number,DE,2021,128608.0
sbs_ovw_act,M712,Technical testing and analysis,EMP_NR,Persons employed - number,DE,2022,127470.0
sbs_ovw_act,M712,Technical testing and analysis,EMP_NR,Persons employed - number,DE,2023,130251.0
sbs_ovw_act,M712,Technical testing and analysis,EMP_NR,Persons employed - number,DE,2024,136100.0
sbs_ovw_act,M712,Technical testing and analysis,EMP_NR,Persons employed - number,DK,2021,4724.0
sbs_ovw_act,M712,Technical testing and analysis,EMP_NR,Persons employed - number,DK,2022,4886.0
sbs_ovw_act,M712,Technical testing and analysis,EMP_NR,Persons employed - number,DK,2023,4969.0
sbs_ovw_act,M712,Technical testing and analysis,EMP_NR,Persons employed - number,DK,2024,5029.0
sbs_ovw_act,M712,Technical testing and analysis,EMP_NR,Persons employed - number,EL,2021,4489.0
sbs_ovw_act,M712,Technical testing and analysis,EMP_NR,Persons employed - number,EL,2022,4792.0
sbs_ovw_act,M712,Technical testing and analysis,EMP_NR,Persons employed - number,EL,2023,5257.0
sbs_ovw_act,M712,Technical testing and analysis,EMP_NR,Persons employed - number,EL,2024,5217.0
sbs_ovw_act,M712,Technical testing and analysis,EMP_NR,Persons employed - number,ES,2021,48398.0
sbs_ovw_act,M712,Technical testing and analysis,EMP_NR,Persons employed - number,ES,2022,54000.0
sbs_ovw_act,M712,Technical testing and analysis,EMP_NR,Persons employed - number,ES,2023,50686.0
sbs_ovw_act,M712,Technical testing and analysis,EMP_NR,Persons employed - number,ES,2024,49035.0
sbs_ovw_act,M712,Technical testing and analysis,EMP_NR,Persons employed - number,EU27_2020,2021,484515.0
sbs_ovw_act,M712,Technical testing and analysis,EMP_NR,Persons employed - number,EU27_2020,2022,491715.0
sbs_ovw_act,M712,Technical testing and analysis,EMP_NR,Persons employed - number,EU27_2020,2023,505033.0
sbs_ovw_act,M712,Technical testing and analysis,EMP_NR,Persons employed - number,FI,2021,4927.0
sbs_ovw_act,M712,Technical testing and analysis,EMP_NR,Persons employed - number,FI,2022,4988.0
sbs_ovw_act,M712,Technical testing and analysis,EMP_NR,Persons employed - number,FI,2023,4960.0
sbs_ovw_act,M712,Technical testing and analysis,EMP_NR,Persons employed - number,FI,2024,4930.0
sbs_ovw_act,M712,Technical testing and analysis,EMP_NR,Persons employed - number,FR,2021,90395.0
sbs_ovw_act,M712,Technical testing and analysis,EMP_NR,Persons employed - number,FR,2022,86714.0
sbs_ovw_act,M712,Technical testing and analysis,EMP_NR,Persons employed - number,FR,2023,94931.0
sbs_ovw_act,M712,Technical testing and analysis,EMP_NR,Persons employed - number,FR,2024,100566.0
sbs_ovw_act,M712,Technical testing and analysis,EMP_NR,Persons employed - number,HU,2021,9972.0
sbs_ovw_act,M712,Technical testing and analysis,EMP_NR,Persons employed - number,HU,2022,10100.0
sbs_ovw_act,M712,Technical testing and analysis,EMP_NR,Persons employed - number,HU,2023,10308.0
sbs_ovw_act,M712,Technical testing and analysis,EMP_NR,Persons employed - number,HU,2024,10081.0
sbs_ovw_act,M712,Technical testing and analysis,EMP_NR,Persons employed - number,IE,2021,5249.0
sbs_ovw_act,M712,Technical testing and analysis,EMP_NR,Persons employed - number,IE,2022,5702.0
sbs_ovw_act,M712,Technical testing and analysis,EMP_NR,Persons employed - number,IE,2023,6010.0
sbs_ovw_act,M712,Technical testing and analysis,EMP_NR,Persons employed - number,IE,2024,6170.0
sbs_ovw_act,M712,Technical testing and analysis,EMP_NR,Persons employed - number,IT,2021,40936.0
sbs_ovw_act,M712,Technical testing and analysis,EMP_NR,Persons employed - number,IT,2022,42865.0
sbs_ovw_act,M712,Technical testing and analysis,EMP_NR,Persons employed - number,IT,2023,43236.0
sbs_ovw_act,M712,Technical testing and analysis,EMP_NR,Persons employed - number,IT,2024,46589.0
sbs_ovw_act,M712,Technical testing and analysis,EMP_NR,Persons employed - number,NL,2021,19565.0
sbs_ovw_act,M712,Technical testing and analysis,EMP_NR,Persons employed - number,NL,2022,19976.0
sbs_ovw_act,M712,Technical testing and analysis,EMP_NR,Persons employed - number,NL,2023,20749.0
sbs_ovw_act,M712,Technical testing and analysis,EMP_NR,Persons employed - number,NL,2024,21728.0
sbs_ovw_act,M712,Technical testing and analysis,EMP_NR,Persons employed - number,PL,2021,25161.0
sbs_ovw_act,M712,Technical testing and analysis,EMP_NR,Persons employed - number,PL,2022,25520.0
sbs_ovw_act,M712,Technical testing and analysis,EMP_NR,Persons employed - number,PL,2023,25943.0
sbs_ovw_act,M712,Technical testing and analysis,EMP_NR,Persons employed - number,PL,2024,26099.0
sbs_ovw_act,M712,Technical testing and analysis,EMP_NR,Persons employed - number,PT,2021,6477.0
sbs_ovw_act,M712,Technical testing and analysis,EMP_NR,Persons employed - number,PT,2022,6742.0
sbs_ovw_act,M712,Technical testing and analysis,EMP_NR,Persons employed - number,PT,2023,6811.0
sbs_ovw_act,M712,Technical testing and analysis,EMP_NR,Persons employed - number,PT,2024,7001.0
sbs_ovw_act,M712,Technical testing and analysis,EMP_NR,Persons employed - number,RO,2021,16553.0
sbs_ovw_act,M712,Technical testing and analysis,EMP_NR,Persons employed - number,RO,2022,17147.0
sbs_ovw_act,M712,Technical testing and analysis,EMP_NR,Persons employed - number,RO,2023,18694.0
sbs_ovw_act,M712,Technical testing and analysis,EMP_NR,Persons employed - number,RO,2024,18322.0
sbs_ovw_act,M712,Technical testing and analysis,EMP_NR,Persons employed - number,SE,2021,8893.0
sbs_ovw_act,M712,Technical testing and analysis,EMP_NR,Persons employed - number,SE,2022,8154.0
sbs_ovw_act,M712,Technical testing and analysis,EMP_NR,Persons employed - number,SE,2023,9154.0
sbs_ovw_act,M712,Technical testing and analysis,EMP_NR,Persons employed - number,SE,2024,9314.0
sbs_ovw_act,M712,Technical testing and analysis,ENT_NR,Enterprises - number,AT,2021,1135.0
sbs_ovw_act,M712,Technical testing and analysis,ENT_NR,Enterprises - number,AT,2022,1098.0
sbs_ovw_act,M712,Technical testing and analysis,ENT_NR,Enterprises - number,AT,2023,1050.0
sbs_ovw_act,M712,Technical testing and analysis,ENT_NR,Enterprises - number,AT,2024,1028.0
sbs_ovw_act,M712,Technical testing and analysis,ENT_NR,Enterprises - number,BE,2021,1391.0
sbs_ovw_act,M712,Technical testing and analysis,ENT_NR,Enterprises - number,BE,2022,1479.0
sbs_ovw_act,M712,Technical testing and analysis,ENT_NR,Enterprises - number,BE,2023,1453.0
sbs_ovw_act,M712,Technical testing and analysis,ENT_NR,Enterprises - number,BE,2024,1713.0
sbs_ovw_act,M712,Technical testing and analysis,ENT_NR,Enterprises - number,CZ,2021,3900.0
sbs_ovw_act,M712,Technical testing and analysis,ENT_NR,Enterprises - number,CZ,2022,4047.0
sbs_ovw_act,M712,Technical testing and analysis,ENT_NR,Enterprises - number,CZ,2023,4405.0
sbs_ovw_act,M712,Technical testing and analysis,ENT_NR,Enterprises - number,CZ,2024,4758.0
sbs_ovw_act,M712,Technical testing and analysis,ENT_NR,Enterprises - number,DE,2021,7394.0
sbs_ovw_act,M712,Technical testing and analysis,ENT_NR,Enterprises - number,DE,2022,7438.0
sbs_ovw_act,M712,Technical testing and analysis,ENT_NR,Enterprises - number,DE,2023,7542.0
sbs_ovw_act,M712,Technical testing and analysis,ENT_NR,Enterprises - number,DE,2024,7829.0
sbs_ovw_act,M712,Technical testing and analysis,ENT_NR,Enterprises - number,DK,2021,458.0
sbs_ovw_act,M712,Technical testing and analysis,ENT_NR,Enterprises - number,DK,2022,464.0
sbs_ovw_act,M712,Technical testing and analysis,ENT_NR,Enterprises - number,DK,2023,467.0
sbs_ovw_act,M712,Technical testing and analysis,ENT_NR,Enterprises - number,DK,2024,464.0
sbs_ovw_act,M712,Technical testing and analysis,ENT_NR,Enterprises - number,EL,2021,1154.0
sbs_ovw_act,M712,Technical testing and analysis,ENT_NR,Enterprises - number,EL,2022,1191.0
sbs_ovw_act,M712,Technical testing and analysis,ENT_NR,Enterprises - number,EL,2023,1186.0
sbs_ovw_act,M712,Technical testing and analysis,ENT_NR,Enterprises - number,EL,2024,1185.0
sbs_ovw_act,M712,Technical testing and analysis,ENT_NR,Enterprises - number,ES,2021,13886.0
sbs_ovw_act,M712,Technical testing and analysis,ENT_NR,Enterprises - number,ES,2022,14570.0
sbs_ovw_act,M712,Technical testing and analysis,ENT_NR,Enterprises - number,ES,2023,15116.0
sbs_ovw_act,M712,Technical testing and analysis,ENT_NR,Enterprises - number,ES,2024,16280.0
sbs_ovw_act,M712,Technical testing and analysis,ENT_NR,Enterprises - number,EU27_2020,2021,78946.0
sbs_ovw_act,M712,Technical testing and analysis,ENT_NR,Enterprises - number,EU27_2020,2022,82356.0
sbs_ovw_act,M712,Technical testing and analysis,ENT_NR,Enterprises - number,EU27_2020,2023,83842.0
sbs_ovw_act,M712,Technical testing and analysis,ENT_NR,Enterprises - number,FI,2021,767.0
sbs_ovw_act,M712,Technical testing and analysis,ENT_NR,Enterprises - number,FI,2022,769.0
sbs_ovw_act,M712,Technical testing and analysis,ENT_NR,Enterprises - number,FI,2023,758.0
sbs_ovw_act,M712,Technical testing and analysis,ENT_NR,Enterprises - number,FI,2024,755.0
sbs_ovw_act,M712,Technical testing and analysis,ENT_NR,Enterprises - number,FR,2021,12837.0
sbs_ovw_act,M712,Technical testing and analysis,ENT_NR,Enterprises - number,FR,2022,13468.0
sbs_ovw_act,M712,Technical testing and analysis,ENT_NR,Enterprises - number,FR,2023,14303.0
sbs_ovw_act,M712,Technical testing and analysis,ENT_NR,Enterprises - number,FR,2024,15040.0
sbs_ovw_act,M712,Technical testing and analysis,ENT_NR,Enterprises - number,HU,2021,3299.0
sbs_ovw_act,M712,Technical testing and analysis,ENT_NR,Enterprises - number,HU,2022,3368.0
sbs_ovw_act,M712,Technical testing and analysis,ENT_NR,Enterprises - number,HU,2023,3104.0
sbs_ovw_act,M712,Technical testing and analysis,ENT_NR,Enterprises - number,HU,2024,3045.0
sbs_ovw_act,M712,Technical testing and analysis,ENT_NR,Enterprises - number,IE,2021,420.0
sbs_ovw_act,M712,Technical testing and analysis,ENT_NR,Enterprises - number,IE,2022,437.0
sbs_ovw_act,M712,Technical testing and analysis,ENT_NR,Enterprises - number,IE,2023,447.0
sbs_ovw_act,M712,Technical testing and analysis,ENT_NR,Enterprises - number,IE,2024,468.0
sbs_ovw_act,M712,Technical testing and analysis,ENT_NR,Enterprises - number,IT,2021,8166.0
sbs_ovw_act,M712,Technical testing and analysis,ENT_NR,Enterprises - number,IT,2022,8248.0
sbs_ovw_act,M712,Technical testing and analysis,ENT_NR,Enterprises - number,IT,2023,8204.0
sbs_ovw_act,M712,Technical testing and analysis,ENT_NR,Enterprises - number,IT,2024,8084.0
sbs_ovw_act,M712,Technical testing and analysis,ENT_NR,Enterprises - number,NL,2021,2298.0
sbs_ovw_act,M712,Technical testing and analysis,ENT_NR,Enterprises - number,NL,2022,2439.0
sbs_ovw_act,M712,Technical testing and analysis,ENT_NR,Enterprises - number,NL,2023,2521.0
sbs_ovw_act,M712,Technical testing and analysis,ENT_NR,Enterprises - number,NL,2024,2749.0
sbs_ovw_act,M712,Technical testing and analysis,ENT_NR,Enterprises - number,PL,2021,5971.0
sbs_ovw_act,M712,Technical testing and analysis,ENT_NR,Enterprises - number,PL,2022,5922.0
sbs_ovw_act,M712,Technical testing and analysis,ENT_NR,Enterprises - number,PL,2023,6451.0
sbs_ovw_act,M712,Technical testing and analysis,ENT_NR,Enterprises - number,PL,2024,6723.0
sbs_ovw_act,M712,Technical testing and analysis,ENT_NR,Enterprises - number,PT,2021,828.0
sbs_ovw_act,M712,Technical testing and analysis,ENT_NR,Enterprises - number,PT,2022,855.0
sbs_ovw_act,M712,Technical testing and analysis,ENT_NR,Enterprises - number,PT,2023,829.0
sbs_ovw_act,M712,Technical testing and analysis,ENT_NR,Enterprises - number,PT,2024,864.0
sbs_ovw_act,M712,Technical testing and analysis,ENT_NR,Enterprises - number,RO,2021,2819.0
sbs_ovw_act,M712,Technical testing and analysis,ENT_NR,Enterprises - number,RO,2022,2910.0
sbs_ovw_act,M712,Technical testing and analysis,ENT_NR,Enterprises - number,RO,2023,3135.0
sbs_ovw_act,M712,Technical testing and analysis,ENT_NR,Enterprises - number,RO,2024,3264.0
sbs_ovw_act,M712,Technical testing and analysis,ENT_NR,Enterprises - number,SE,2021,1017.0
sbs_ovw_act,M712,Technical testing and analysis,ENT_NR,Enterprises - number,SE,2022,984.0
sbs_ovw_act,M712,Technical testing and analysis,ENT_NR,Enterprises - number,SE,2023,1040.0
sbs_ovw_act,M712,Technical testing and analysis,ENT_NR,Enterprises - number,SE,2024,1114.0
sbs_ovw_act,M712,Technical testing and analysis,GOS_MEUR,Gross operating surplus - million euro,AT,2021,108.55
sbs_ovw_act,M712,Technical testing and analysis,GOS_MEUR,Gross operating surplus - million euro,AT,2022,115.76
sbs_ovw_act,M712,Technical testing and analysis,GOS_MEUR,Gross operating surplus - million euro,AT,2023,122.8
sbs_ovw_act,M712,Technical testing and analysis,GOS_MEUR,Gross operating surplus - million euro,AT,2024,123.09
sbs_ovw_act,M712,Technical testing and analysis,GOS_MEUR,Gross operating surplus - million euro,BE,2021,316.23
sbs_ovw_act,M712,Technical testing and analysis,GOS_MEUR,Gross operating surplus - million euro,BE,2022,326.33
sbs_ovw_act,M712,Technical testing and analysis,GOS_MEUR,Gross operating surplus - million euro,BE,2023,340.41
sbs_ovw_act,M712,Technical testing and analysis,GOS_MEUR,Gross operating surplus - million euro,BE,2024,366.43
sbs_ovw_act,M712,Technical testing and analysis,GOS_MEUR,Gross operating surplus - million euro,CZ,2021,175.36
sbs_ovw_act,M712,Technical testing and analysis,GOS_MEUR,Gross operating surplus - million euro,CZ,2022,191.58
sbs_ovw_act,M712,Technical testing and analysis,GOS_MEUR,Gross operating surplus - million euro,CZ,2023,223.47
sbs_ovw_act,M712,Technical testing and analysis,GOS_MEUR,Gross operating surplus - million euro,CZ,2024,230.54
sbs_ovw_act,M712,Technical testing and analysis,GOS_MEUR,Gross operating surplus - million euro,DE,2021,2662.8
sbs_ovw_act,M712,Technical testing and analysis,GOS_MEUR,Gross operating surplus - million euro,DE,2022,2064.25
sbs_ovw_act,M712,Technical testing and analysis,GOS_MEUR,Gross operating surplus - million euro,DE,2023,2241.9
sbs_ovw_act,M712,Technical testing and analysis,GOS_MEUR,Gross operating surplus - million euro,DE,2024,2254.86
sbs_ovw_act,M712,Technical testing and analysis,GOS_MEUR,Gross operating surplus - million euro,DK,2021,78.61
sbs_ovw_act,M712,Technical testing and analysis,GOS_MEUR,Gross operating surplus - million euro,DK,2022,76.22
sbs_ovw_act,M712,Technical testing and analysis,GOS_MEUR,Gross operating surplus - million euro,DK,2023,77.83
sbs_ovw_act,M712,Technical testing and analysis,GOS_MEUR,Gross operating surplus - million euro,DK,2024,78.21
sbs_ovw_act,M712,Technical testing and analysis,GOS_MEUR,Gross operating surplus - million euro,EL,2021,91.45
sbs_ovw_act,M712,Technical testing and analysis,GOS_MEUR,Gross operating surplus - million euro,EL,2022,92.92
sbs_ovw_act,M712,Technical testing and analysis,GOS_MEUR,Gross operating surplus - million euro,EL,2023,120.46
sbs_ovw_act,M712,Technical testing and analysis,GOS_MEUR,Gross operating surplus - million euro,EL,2024,97.16
sbs_ovw_act,M712,Technical testing and analysis,GOS_MEUR,Gross operating surplus - million euro,ES,2021,652.91
sbs_ovw_act,M712,Technical testing and analysis,GOS_MEUR,Gross operating surplus - million euro,ES,2022,714.0
sbs_ovw_act,M712,Technical testing and analysis,GOS_MEUR,Gross operating surplus - million euro,ES,2023,788.77
sbs_ovw_act,M712,Technical testing and analysis,GOS_MEUR,Gross operating surplus - million euro,ES,2024,876.76
sbs_ovw_act,M712,Technical testing and analysis,GOS_MEUR,Gross operating surplus - million euro,EU27_2020,2021,7859.93
sbs_ovw_act,M712,Technical testing and analysis,GOS_MEUR,Gross operating surplus - million euro,EU27_2020,2022,7488.8
sbs_ovw_act,M712,Technical testing and analysis,GOS_MEUR,Gross operating surplus - million euro,EU27_2020,2023,8038.86
sbs_ovw_act,M712,Technical testing and analysis,GOS_MEUR,Gross operating surplus - million euro,FI,2021,52.16
sbs_ovw_act,M712,Technical testing and analysis,GOS_MEUR,Gross operating surplus - million euro,FI,2022,32.76
sbs_ovw_act,M712,Technical testing and analysis,GOS_MEUR,Gross operating surplus - million euro,FI,2023,45.39
sbs_ovw_act,M712,Technical testing and analysis,GOS_MEUR,Gross operating surplus - million euro,FI,2024,67.31
sbs_ovw_act,M712,Technical testing and analysis,GOS_MEUR,Gross operating surplus - million euro,FR,2021,938.26
sbs_ovw_act,M712,Technical testing and analysis,GOS_MEUR,Gross operating surplus - million euro,FR,2022,837.56
sbs_ovw_act,M712,Technical testing and analysis,GOS_MEUR,Gross operating surplus - million euro,FR,2023,850.24
sbs_ovw_act,M712,Technical testing and analysis,GOS_MEUR,Gross operating surplus - million euro,FR,2024,1019.05
sbs_ovw_act,M712,Technical testing and analysis,GOS_MEUR,Gross operating surplus - million euro,HU,2021,81.71
sbs_ovw_act,M712,Technical testing and analysis,GOS_MEUR,Gross operating surplus - million euro,HU,2022,92.75
sbs_ovw_act,M712,Technical testing and analysis,GOS_MEUR,Gross operating surplus - million euro,HU,2023,114.09
sbs_ovw_act,M712,Technical testing and analysis,GOS_MEUR,Gross operating surplus - million euro,HU,2024,116.24
sbs_ovw_act,M712,Technical testing and analysis,GOS_MEUR,Gross operating surplus - million euro,IE,2021,446.36
sbs_ovw_act,M712,Technical testing and analysis,GOS_MEUR,Gross operating surplus - million euro,IE,2022,369.97
sbs_ovw_act,M712,Technical testing and analysis,GOS_MEUR,Gross operating surplus - million euro,IE,2023,378.43
sbs_ovw_act,M712,Technical testing and analysis,GOS_MEUR,Gross operating surplus - million euro,IE,2024,654.98
sbs_ovw_act,M712,Technical testing and analysis,GOS_MEUR,Gross operating surplus - million euro,IT,2021,933.96
sbs_ovw_act,M712,Technical testing and analysis,GOS_MEUR,Gross operating surplus - million euro,IT,2022,1141.68
sbs_ovw_act,M712,Technical testing and analysis,GOS_MEUR,Gross operating surplus - million euro,IT,2023,1088.84
sbs_ovw_act,M712,Technical testing and analysis,GOS_MEUR,Gross operating surplus - million euro,IT,2024,1233.47
sbs_ovw_act,M712,Technical testing and analysis,GOS_MEUR,Gross operating surplus - million euro,NL,2021,343.28
sbs_ovw_act,M712,Technical testing and analysis,GOS_MEUR,Gross operating surplus - million euro,NL,2022,381.42
sbs_ovw_act,M712,Technical testing and analysis,GOS_MEUR,Gross operating surplus - million euro,NL,2023,520.2
sbs_ovw_act,M712,Technical testing and analysis,GOS_MEUR,Gross operating surplus - million euro,NL,2024,564.99
sbs_ovw_act,M712,Technical testing and analysis,GOS_MEUR,Gross operating surplus - million euro,PL,2021,217.74
sbs_ovw_act,M712,Technical testing and analysis,GOS_MEUR,Gross operating surplus - million euro,PL,2022,251.4
sbs_ovw_act,M712,Technical testing and analysis,GOS_MEUR,Gross operating surplus - million euro,PL,2023,251.45
sbs_ovw_act,M712,Technical testing and analysis,GOS_MEUR,Gross operating surplus - million euro,PL,2024,282.49
sbs_ovw_act,M712,Technical testing and analysis,GOS_MEUR,Gross operating surplus - million euro,PT,2021,94.05
sbs_ovw_act,M712,Technical testing and analysis,GOS_MEUR,Gross operating surplus - million euro,PT,2022,113.54
sbs_ovw_act,M712,Technical testing and analysis,GOS_MEUR,Gross operating surplus - million euro,PT,2023,104.36
sbs_ovw_act,M712,Technical testing and analysis,GOS_MEUR,Gross operating surplus - million euro,PT,2024,109.61
sbs_ovw_act,M712,Technical testing and analysis,GOS_MEUR,Gross operating surplus - million euro,RO,2021,167.98
sbs_ovw_act,M712,Technical testing and analysis,GOS_MEUR,Gross operating surplus - million euro,RO,2022,169.07
sbs_ovw_act,M712,Technical testing and analysis,GOS_MEUR,Gross operating surplus - million euro,RO,2023,181.2
sbs_ovw_act,M712,Technical testing and analysis,GOS_MEUR,Gross operating surplus - million euro,RO,2024,224.72
sbs_ovw_act,M712,Technical testing and analysis,GOS_MEUR,Gross operating surplus - million euro,SE,2021,188.69
sbs_ovw_act,M712,Technical testing and analysis,GOS_MEUR,Gross operating surplus - million euro,SE,2022,153.24
sbs_ovw_act,M712,Technical testing and analysis,GOS_MEUR,Gross operating surplus - million euro,SE,2023,194.07
sbs_ovw_act,M712,Technical testing and analysis,GOS_MEUR,Gross operating surplus - million euro,SE,2024,216.89
sbs_ovw_act,M712,Technical testing and analysis,NETTUR_MEUR,Net turnover - million euro,AT,2021,799.51
sbs_ovw_act,M712,Technical testing and analysis,NETTUR_MEUR,Net turnover - million euro,AT,2022,837.98
sbs_ovw_act,M712,Technical testing and analysis,NETTUR_MEUR,Net turnover - million euro,AT,2023,860.41
sbs_ovw_act,M712,Technical testing and analysis,NETTUR_MEUR,Net turnover - million euro,AT,2024,892.16
sbs_ovw_act,M712,Technical testing and analysis,NETTUR_MEUR,Net turnover - million euro,BE,2021,2150.59
sbs_ovw_act,M712,Technical testing and analysis,NETTUR_MEUR,Net turnover - million euro,BE,2022,2504.8
sbs_ovw_act,M712,Technical testing and analysis,NETTUR_MEUR,Net turnover - million euro,BE,2023,2652.8
sbs_ovw_act,M712,Technical testing and analysis,NETTUR_MEUR,Net turnover - million euro,BE,2024,2883.11
sbs_ovw_act,M712,Technical testing and analysis,NETTUR_MEUR,Net turnover - million euro,CZ,2021,861.57
sbs_ovw_act,M712,Technical testing and analysis,NETTUR_MEUR,Net turnover - million euro,CZ,2022,994.85
sbs_ovw_act,M712,Technical testing and analysis,NETTUR_MEUR,Net turnover - million euro,CZ,2023,1120.52
sbs_ovw_act,M712,Technical testing and analysis,NETTUR_MEUR,Net turnover - million euro,CZ,2024,1154.35
sbs_ovw_act,M712,Technical testing and analysis,NETTUR_MEUR,Net turnover - million euro,DE,2021,15271.15
sbs_ovw_act,M712,Technical testing and analysis,NETTUR_MEUR,Net turnover - million euro,DE,2022,15571.09
sbs_ovw_act,M712,Technical testing and analysis,NETTUR_MEUR,Net turnover - million euro,DE,2023,17248.13
sbs_ovw_act,M712,Technical testing and analysis,NETTUR_MEUR,Net turnover - million euro,DE,2024,18185.15
sbs_ovw_act,M712,Technical testing and analysis,NETTUR_MEUR,Net turnover - million euro,DK,2021,688.86
sbs_ovw_act,M712,Technical testing and analysis,NETTUR_MEUR,Net turnover - million euro,DK,2022,760.9
sbs_ovw_act,M712,Technical testing and analysis,NETTUR_MEUR,Net turnover - million euro,DK,2023,825.92
sbs_ovw_act,M712,Technical testing and analysis,NETTUR_MEUR,Net turnover - million euro,DK,2024,818.02
sbs_ovw_act,M712,Technical testing and analysis,NETTUR_MEUR,Net turnover - million euro,EL,2021,343.41
sbs_ovw_act,M712,Technical testing and analysis,NETTUR_MEUR,Net turnover - million euro,EL,2022,396.83
sbs_ovw_act,M712,Technical testing and analysis,NETTUR_MEUR,Net turnover - million euro,EL,2023,477.97
sbs_ovw_act,M712,Technical testing and analysis,NETTUR_MEUR,Net turnover - million euro,EL,2024,455.44
sbs_ovw_act,M712,Technical testing and analysis,NETTUR_MEUR,Net turnover - million euro,ES,2021,3894.88
sbs_ovw_act,M712,Technical testing and analysis,NETTUR_MEUR,Net turnover - million euro,ES,2022,4410.89
sbs_ovw_act,M712,Technical testing and analysis,NETTUR_MEUR,Net turnover - million euro,ES,2023,4342.95
sbs_ovw_act,M712,Technical testing and analysis,NETTUR_MEUR,Net turnover - million euro,ES,2024,4955.19
sbs_ovw_act,M712,Technical testing and analysis,NETTUR_MEUR,Net turnover - million euro,EU27_2020,2021,49781.89
sbs_ovw_act,M712,Technical testing and analysis,NETTUR_MEUR,Net turnover - million euro,EU27_2020,2022,52440.64
sbs_ovw_act,M712,Technical testing and analysis,NETTUR_MEUR,Net turnover - million euro,EU27_2020,2023,57387.62
sbs_ovw_act,M712,Technical testing and analysis,NETTUR_MEUR,Net turnover - million euro,FI,2021,599.98
sbs_ovw_act,M712,Technical testing and analysis,NETTUR_MEUR,Net turnover - million euro,FI,2022,603.5
sbs_ovw_act,M712,Technical testing and analysis,NETTUR_MEUR,Net turnover - million euro,FI,2023,655.07
sbs_ovw_act,M712,Technical testing and analysis,NETTUR_MEUR,Net turnover - million euro,FI,2024,724.72
sbs_ovw_act,M712,Technical testing and analysis,NETTUR_MEUR,Net turnover - million euro,FR,2021,10641.22
sbs_ovw_act,M712,Technical testing and analysis,NETTUR_MEUR,Net turnover - million euro,FR,2022,9862.16
sbs_ovw_act,M712,Technical testing and analysis,NETTUR_MEUR,Net turnover - million euro,FR,2023,10874.05
sbs_ovw_act,M712,Technical testing and analysis,NETTUR_MEUR,Net turnover - million euro,FR,2024,11673.63
sbs_ovw_act,M712,Technical testing and analysis,NETTUR_MEUR,Net turnover - million euro,HU,2021,529.81
sbs_ovw_act,M712,Technical testing and analysis,NETTUR_MEUR,Net turnover - million euro,HU,2022,464.56
sbs_ovw_act,M712,Technical testing and analysis,NETTUR_MEUR,Net turnover - million euro,HU,2023,635.49
sbs_ovw_act,M712,Technical testing and analysis,NETTUR_MEUR,Net turnover - million euro,HU,2024,659.77
sbs_ovw_act,M712,Technical testing and analysis,NETTUR_MEUR,Net turnover - million euro,IE,2021,1215.32
sbs_ovw_act,M712,Technical testing and analysis,NETTUR_MEUR,Net turnover - million euro,IE,2022,2094.49
sbs_ovw_act,M712,Technical testing and analysis,NETTUR_MEUR,Net turnover - million euro,IE,2023,2441.4
sbs_ovw_act,M712,Technical testing and analysis,NETTUR_MEUR,Net turnover - million euro,IE,2024,2342.93
sbs_ovw_act,M712,Technical testing and analysis,NETTUR_MEUR,Net turnover - million euro,IT,2021,4822.44
sbs_ovw_act,M712,Technical testing and analysis,NETTUR_MEUR,Net turnover - million euro,IT,2022,5343.39
sbs_ovw_act,M712,Technical testing and analysis,NETTUR_MEUR,Net turnover - million euro,IT,2023,5504.8
sbs_ovw_act,M712,Technical testing and analysis,NETTUR_MEUR,Net turnover - million euro,IT,2024,6210.06
sbs_ovw_act,M712,Technical testing and analysis,NETTUR_MEUR,Net turnover - million euro,NL,2021,2646.38
sbs_ovw_act,M712,Technical testing and analysis,NETTUR_MEUR,Net turnover - million euro,NL,2022,2891.08
sbs_ovw_act,M712,Technical testing and analysis,NETTUR_MEUR,Net turnover - million euro,NL,2023,3301.14
sbs_ovw_act,M712,Technical testing and analysis,NETTUR_MEUR,Net turnover - million euro,NL,2024,3626.5
sbs_ovw_act,M712,Technical testing and analysis,NETTUR_MEUR,Net turnover - million euro,PL,2021,1296.13
sbs_ovw_act,M712,Technical testing and analysis,NETTUR_MEUR,Net turnover - million euro,PL,2022,1443.18
sbs_ovw_act,M712,Technical testing and analysis,NETTUR_MEUR,Net turnover - million euro,PL,2023,1638.85
sbs_ovw_act,M712,Technical testing and analysis,NETTUR_MEUR,Net turnover - million euro,PL,2024,1777.78
sbs_ovw_act,M712,Technical testing and analysis,NETTUR_MEUR,Net turnover - million euro,PT,2021,414.28
sbs_ovw_act,M712,Technical testing and analysis,NETTUR_MEUR,Net turnover - million euro,PT,2022,466.94
sbs_ovw_act,M712,Technical testing and analysis,NETTUR_MEUR,Net turnover - million euro,PT,2023,466.85
sbs_ovw_act,M712,Technical testing and analysis,NETTUR_MEUR,Net turnover - million euro,PT,2024,503.95
sbs_ovw_act,M712,Technical testing and analysis,NETTUR_MEUR,Net turnover - million euro,RO,2021,578.88
sbs_ovw_act,M712,Technical testing and analysis,NETTUR_MEUR,Net turnover - million euro,RO,2022,645.66
sbs_ovw_act,M712,Technical testing and analysis,NETTUR_MEUR,Net turnover - million euro,RO,2023,782.07
sbs_ovw_act,M712,Technical testing and analysis,NETTUR_MEUR,Net turnover - million euro,RO,2024,890.53
sbs_ovw_act,M712,Technical testing and analysis,NETTUR_MEUR,Net turnover - million euro,SE,2021,1223.71
sbs_ovw_act,M712,Technical testing and analysis,NETTUR_MEUR,Net turnover - million euro,SE,2022,1159.98
sbs_ovw_act,M712,Technical testing and analysis,NETTUR_MEUR,Net turnover - million euro,SE,2023,1352.45
sbs_ovw_act,M712,Technical testing and analysis,NETTUR_MEUR,Net turnover - million euro,SE,2024,1412.48
sbs_ovw_act,M712,Technical testing and analysis,SAL_NR,Employees - number,AT,2021,5430.0
sbs_ovw_act,M712,Technical testing and analysis,SAL_NR,Employees - number,AT,2022,5516.0
sbs_ovw_act,M712,Technical testing and analysis,SAL_NR,Employees - number,AT,2023,5345.0
sbs_ovw_act,M712,Technical testing and analysis,SAL_NR,Employees - number,AT,2024,5504.0
sbs_ovw_act,M712,Technical testing and analysis,SAL_NR,Employees - number,BE,2021,13177.0
sbs_ovw_act,M712,Technical testing and analysis,SAL_NR,Employees - number,BE,2022,13483.0
sbs_ovw_act,M712,Technical testing and analysis,SAL_NR,Employees - number,BE,2023,14492.0
sbs_ovw_act,M712,Technical testing and analysis,SAL_NR,Employees - number,BE,2024,14632.0
sbs_ovw_act,M712,Technical testing and analysis,SAL_NR,Employees - number,CZ,2021,12190.0
sbs_ovw_act,M712,Technical testing and analysis,SAL_NR,Employees - number,CZ,2022,12339.0
sbs_ovw_act,M712,Technical testing and analysis,SAL_NR,Employees - number,CZ,2023,12434.0
sbs_ovw_act,M712,Technical testing and analysis,SAL_NR,Employees - number,CZ,2024,12413.0
sbs_ovw_act,M712,Technical testing and analysis,SAL_NR,Employees - number,DE,2021,121976.0
sbs_ovw_act,M712,Technical testing and analysis,SAL_NR,Employees - number,DE,2022,120699.0
sbs_ovw_act,M712,Technical testing and analysis,SAL_NR,Employees - number,DE,2023,122976.0
sbs_ovw_act,M712,Technical testing and analysis,SAL_NR,Employees - number,DE,2024,128936.0
sbs_ovw_act,M712,Technical testing and analysis,SAL_NR,Employees - number,DK,2021,4568.0
sbs_ovw_act,M712,Technical testing and analysis,SAL_NR,Employees - number,DK,2022,4733.0
sbs_ovw_act,M712,Technical testing and analysis,SAL_NR,Employees - number,DK,2023,4824.0
sbs_ovw_act,M712,Technical testing and analysis,SAL_NR,Employees - number,DK,2024,4883.0
sbs_ovw_act,M712,Technical testing and analysis,SAL_NR,Employees - number,EL,2021,3527.0
sbs_ovw_act,M712,Technical testing and analysis,SAL_NR,Employees - number,EL,2022,3833.0
sbs_ovw_act,M712,Technical testing and analysis,SAL_NR,Employees - number,EL,2023,4275.0
sbs_ovw_act,M712,Technical testing and analysis,SAL_NR,Employees - number,EL,2024,4226.0
sbs_ovw_act,M712,Technical testing and analysis,SAL_NR,Employees - number,ES,2021,42384.0
sbs_ovw_act,M712,Technical testing and analysis,SAL_NR,Employees - number,ES,2022,45975.0
sbs_ovw_act,M712,Technical testing and analysis,SAL_NR,Employees - number,ES,2023,44224.0
sbs_ovw_act,M712,Technical testing and analysis,SAL_NR,Employees - number,ES,2024,46050.0
sbs_ovw_act,M712,Technical testing and analysis,SAL_NR,Employees - number,EU27_2020,2021,430053.0
sbs_ovw_act,M712,Technical testing and analysis,SAL_NR,Employees - number,EU27_2020,2022,434410.0
sbs_ovw_act,M712,Technical testing and analysis,SAL_NR,Employees - number,EU27_2020,2023,448966.0
sbs_ovw_act,M712,Technical testing and analysis,SAL_NR,Employees - number,FI,2021,4598.0
sbs_ovw_act,M712,Technical testing and analysis,SAL_NR,Employees - number,FI,2022,4620.0
sbs_ovw_act,M712,Technical testing and analysis,SAL_NR,Employees - number,FI,2023,4598.0
sbs_ovw_act,M712,Technical testing and analysis,SAL_NR,Employees - number,FI,2024,4572.0
sbs_ovw_act,M712,Technical testing and analysis,SAL_NR,Employees - number,FR,2021,83640.0
sbs_ovw_act,M712,Technical testing and analysis,SAL_NR,Employees - number,FR,2022,79819.0
sbs_ovw_act,M712,Technical testing and analysis,SAL_NR,Employees - number,FR,2023,87663.0
sbs_ovw_act,M712,Technical testing and analysis,SAL_NR,Employees - number,FR,2024,92954.0
sbs_ovw_act,M712,Technical testing and analysis,SAL_NR,Employees - number,HU,2021,7218.0
sbs_ovw_act,M712,Technical testing and analysis,SAL_NR,Employees - number,HU,2022,7378.0
sbs_ovw_act,M712,Technical testing and analysis,SAL_NR,Employees - number,HU,2023,7975.0
sbs_ovw_act,M712,Technical testing and analysis,SAL_NR,Employees - number,HU,2024,7745.0
sbs_ovw_act,M712,Technical testing and analysis,SAL_NR,Employees - number,IE,2021,5138.0
sbs_ovw_act,M712,Technical testing and analysis,SAL_NR,Employees - number,IE,2022,5589.0
sbs_ovw_act,M712,Technical testing and analysis,SAL_NR,Employees - number,IE,2023,5895.0
sbs_ovw_act,M712,Technical testing and analysis,SAL_NR,Employees - number,IE,2024,6050.0
sbs_ovw_act,M712,Technical testing and analysis,SAL_NR,Employees - number,IT,2021,33429.0
sbs_ovw_act,M712,Technical testing and analysis,SAL_NR,Employees - number,IT,2022,35472.0
sbs_ovw_act,M712,Technical testing and analysis,SAL_NR,Employees - number,IT,2023,35890.0
sbs_ovw_act,M712,Technical testing and analysis,SAL_NR,Employees - number,IT,2024,40032.0
sbs_ovw_act,M712,Technical testing and analysis,SAL_NR,Employees - number,NL,2021,18156.0
sbs_ovw_act,M712,Technical testing and analysis,SAL_NR,Employees - number,NL,2022,18543.0
sbs_ovw_act,M712,Technical testing and analysis,SAL_NR,Employees - number,NL,2023,19216.0
sbs_ovw_act,M712,Technical testing and analysis,SAL_NR,Employees - number,NL,2024,20205.0
sbs_ovw_act,M712,Technical testing and analysis,SAL_NR,Employees - number,PL,2021,20106.0
sbs_ovw_act,M712,Technical testing and analysis,SAL_NR,Employees - number,PL,2022,20576.0
sbs_ovw_act,M712,Technical testing and analysis,SAL_NR,Employees - number,PL,2023,20473.0
sbs_ovw_act,M712,Technical testing and analysis,SAL_NR,Employees - number,PL,2024,20354.0
sbs_ovw_act,M712,Technical testing and analysis,SAL_NR,Employees - number,PT,2021,6055.0
sbs_ovw_act,M712,Technical testing and analysis,SAL_NR,Employees - number,PT,2022,6317.0
sbs_ovw_act,M712,Technical testing and analysis,SAL_NR,Employees - number,PT,2023,6405.0
sbs_ovw_act,M712,Technical testing and analysis,SAL_NR,Employees - number,PT,2024,6579.0
sbs_ovw_act,M712,Technical testing and analysis,SAL_NR,Employees - number,RO,2021,15658.0
sbs_ovw_act,M712,Technical testing and analysis,SAL_NR,Employees - number,RO,2022,16321.0
sbs_ovw_act,M712,Technical testing and analysis,SAL_NR,Employees - number,RO,2023,17866.0
sbs_ovw_act,M712,Technical testing and analysis,SAL_NR,Employees - number,RO,2024,17467.0
sbs_ovw_act,M712,Technical testing and analysis,SAL_NR,Employees - number,SE,2021,7930.0
sbs_ovw_act,M712,Technical testing and analysis,SAL_NR,Employees - number,SE,2022,7909.0
sbs_ovw_act,M712,Technical testing and analysis,SAL_NR,Employees - number,SE,2023,8900.0
sbs_ovw_act,M712,Technical testing and analysis,SAL_NR,Employees - number,SE,2024,9038.0
sbs_ovw_act,M712,Technical testing and analysis,VAL_OUT_MEUR,Value of output - million euro,AT,2021,657.24
sbs_ovw_act,M712,Technical testing and analysis,VAL_OUT_MEUR,Value of output - million euro,AT,2022,667.81
sbs_ovw_act,M712,Technical testing and analysis,VAL_OUT_MEUR,Value of output - million euro,AT,2023,680.01
sbs_ovw_act,M712,Technical testing and analysis,VAL_OUT_MEUR,Value of output - million euro,AT,2024,710.39
sbs_ovw_act,M712,Technical testing and analysis,VAL_OUT_MEUR,Value of output - million euro,BE,2021,2174.73
sbs_ovw_act,M712,Technical testing and analysis,VAL_OUT_MEUR,Value of output - million euro,BE,2022,2513.86
sbs_ovw_act,M712,Technical testing and analysis,VAL_OUT_MEUR,Value of output - million euro,BE,2023,2672.2
sbs_ovw_act,M712,Technical testing and analysis,VAL_OUT_MEUR,Value of output - million euro,BE,2024,2892.61
sbs_ovw_act,M712,Technical testing and analysis,VAL_OUT_MEUR,Value of output - million euro,CZ,2021,837.02
sbs_ovw_act,M712,Technical testing and analysis,VAL_OUT_MEUR,Value of output - million euro,CZ,2022,973.08
sbs_ovw_act,M712,Technical testing and analysis,VAL_OUT_MEUR,Value of output - million euro,CZ,2023,1082.77
sbs_ovw_act,M712,Technical testing and analysis,VAL_OUT_MEUR,Value of output - million euro,CZ,2024,1139.29
sbs_ovw_act,M712,Technical testing and analysis,VAL_OUT_MEUR,Value of output - million euro,DE,2021,13291.85
sbs_ovw_act,M712,Technical testing and analysis,VAL_OUT_MEUR,Value of output - million euro,DE,2022,13584.44
sbs_ovw_act,M712,Technical testing and analysis,VAL_OUT_MEUR,Value of output - million euro,DE,2023,14880.96
sbs_ovw_act,M712,Technical testing and analysis,VAL_OUT_MEUR,Value of output - million euro,DE,2024,15609.4
sbs_ovw_act,M712,Technical testing and analysis,VAL_OUT_MEUR,Value of output - million euro,DK,2021,694.17
sbs_ovw_act,M712,Technical testing and analysis,VAL_OUT_MEUR,Value of output - million euro,DK,2022,769.33
sbs_ovw_act,M712,Technical testing and analysis,VAL_OUT_MEUR,Value of output - million euro,DK,2023,828.51
sbs_ovw_act,M712,Technical testing and analysis,VAL_OUT_MEUR,Value of output - million euro,DK,2024,823.28
sbs_ovw_act,M712,Technical testing and analysis,VAL_OUT_MEUR,Value of output - million euro,EL,2021,327.53
sbs_ovw_act,M712,Technical testing and analysis,VAL_OUT_MEUR,Value of output - million euro,EL,2022,386.29
sbs_ovw_act,M712,Technical testing and analysis,VAL_OUT_MEUR,Value of output - million euro,EL,2023,463.54
sbs_ovw_act,M712,Technical testing and analysis,VAL_OUT_MEUR,Value of output - million euro,EL,2024,431.36
sbs_ovw_act,M712,Technical testing and analysis,VAL_OUT_MEUR,Value of output - million euro,ES,2021,3571.79
sbs_ovw_act,M712,Technical testing and analysis,VAL_OUT_MEUR,Value of output - million euro,ES,2022,4130.35
sbs_ovw_act,M712,Technical testing and analysis,VAL_OUT_MEUR,Value of output - million euro,ES,2023,4052.63
sbs_ovw_act,M712,Technical testing and analysis,VAL_OUT_MEUR,Value of output - million euro,ES,2024,4586.0
sbs_ovw_act,M712,Technical testing and analysis,VAL_OUT_MEUR,Value of output - million euro,EU27_2020,2021,46799.01
sbs_ovw_act,M712,Technical testing and analysis,VAL_OUT_MEUR,Value of output - million euro,EU27_2020,2022,48704.2
sbs_ovw_act,M712,Technical testing and analysis,VAL_OUT_MEUR,Value of output - million euro,EU27_2020,2023,52941.84
sbs_ovw_act,M712,Technical testing and analysis,VAL_OUT_MEUR,Value of output - million euro,FI,2021,605.99
sbs_ovw_act,M712,Technical testing and analysis,VAL_OUT_MEUR,Value of output - million euro,FI,2022,580.01
sbs_ovw_act,M712,Technical testing and analysis,VAL_OUT_MEUR,Value of output - million euro,FI,2023,624.06
sbs_ovw_act,M712,Technical testing and analysis,VAL_OUT_MEUR,Value of output - million euro,FI,2024,745.28
sbs_ovw_act,M712,Technical testing and analysis,VAL_OUT_MEUR,Value of output - million euro,FR,2021,10817.84
sbs_ovw_act,M712,Technical testing and analysis,VAL_OUT_MEUR,Value of output - million euro,FR,2022,10093.01
sbs_ovw_act,M712,Technical testing and analysis,VAL_OUT_MEUR,Value of output - million euro,FR,2023,11360.5
sbs_ovw_act,M712,Technical testing and analysis,VAL_OUT_MEUR,Value of output - million euro,FR,2024,12511.26
sbs_ovw_act,M712,Technical testing and analysis,VAL_OUT_MEUR,Value of output - million euro,HU,2021,320.14
sbs_ovw_act,M712,Technical testing and analysis,VAL_OUT_MEUR,Value of output - million euro,HU,2022,365.16
sbs_ovw_act,M712,Technical testing and analysis,VAL_OUT_MEUR,Value of output - million euro,HU,2023,433.72
sbs_ovw_act,M712,Technical testing and analysis,VAL_OUT_MEUR,Value of output - million euro,HU,2024,443.12
sbs_ovw_act,M712,Technical testing and analysis,VAL_OUT_MEUR,Value of output - million euro,IE,2021,807.84
sbs_ovw_act,M712,Technical testing and analysis,VAL_OUT_MEUR,Value of output - million euro,IE,2022,885.46
sbs_ovw_act,M712,Technical testing and analysis,VAL_OUT_MEUR,Value of output - million euro,IE,2023,989.31
sbs_ovw_act,M712,Technical testing and analysis,VAL_OUT_MEUR,Value of output - million euro,IE,2024,1110.9
sbs_ovw_act,M712,Technical testing and analysis,VAL_OUT_MEUR,Value of output - million euro,IT,2021,5136.42
sbs_ovw_act,M712,Technical testing and analysis,VAL_OUT_MEUR,Value of output - million euro,IT,2022,5697.97
sbs_ovw_act,M712,Technical testing and analysis,VAL_OUT_MEUR,Value of output - million euro,IT,2023,5794.86
sbs_ovw_act,M712,Technical testing and analysis,VAL_OUT_MEUR,Value of output - million euro,IT,2024,6579.5
sbs_ovw_act,M712,Technical testing and analysis,VAL_OUT_MEUR,Value of output - million euro,NL,2021,2460.93
sbs_ovw_act,M712,Technical testing and analysis,VAL_OUT_MEUR,Value of output - million euro,NL,2022,2707.71
sbs_ovw_act,M712,Technical testing and analysis,VAL_OUT_MEUR,Value of output - million euro,NL,2023,3059.22
sbs_ovw_act,M712,Technical testing and analysis,VAL_OUT_MEUR,Value of output - million euro,NL,2024,3308.14
sbs_ovw_act,M712,Technical testing and analysis,VAL_OUT_MEUR,Value of output - million euro,PL,2021,1157.61
sbs_ovw_act,M712,Technical testing and analysis,VAL_OUT_MEUR,Value of output - million euro,PL,2022,1298.77
sbs_ovw_act,M712,Technical testing and analysis,VAL_OUT_MEUR,Value of output - million euro,PL,2023,1495.21
sbs_ovw_act,M712,Technical testing and analysis,VAL_OUT_MEUR,Value of output - million euro,PL,2024,1623.13
sbs_ovw_act,M712,Technical testing and analysis,VAL_OUT_MEUR,Value of output - million euro,PT,2021,411.35
sbs_ovw_act,M712,Technical testing and analysis,VAL_OUT_MEUR,Value of output - million euro,PT,2022,459.96
sbs_ovw_act,M712,Technical testing and analysis,VAL_OUT_MEUR,Value of output - million euro,PT,2023,477.83
sbs_ovw_act,M712,Technical testing and analysis,VAL_OUT_MEUR,Value of output - million euro,PT,2024,514.94
sbs_ovw_act,M712,Technical testing and analysis,VAL_OUT_MEUR,Value of output - million euro,RO,2021,587.64
sbs_ovw_act,M712,Technical testing and analysis,VAL_OUT_MEUR,Value of output - million euro,RO,2022,661.23
sbs_ovw_act,M712,Technical testing and analysis,VAL_OUT_MEUR,Value of output - million euro,RO,2023,788.26
sbs_ovw_act,M712,Technical testing and analysis,VAL_OUT_MEUR,Value of output - million euro,RO,2024,898.89
sbs_ovw_act,M712,Technical testing and analysis,VAL_OUT_MEUR,Value of output - million euro,SE,2021,1210.58
sbs_ovw_act,M712,Technical testing and analysis,VAL_OUT_MEUR,Value of output - million euro,SE,2022,1133.55
sbs_ovw_act,M712,Technical testing and analysis,VAL_OUT_MEUR,Value of output - million euro,SE,2023,1262.73
sbs_ovw_act,M712,Technical testing and analysis,VAL_OUT_MEUR,Value of output - million euro,SE,2024,1375.18
sbs_ovw_act,M712,Technical testing and analysis,WAGE_MEUR,Wages and salaries - million euro,AT,2021,255.65
sbs_ovw_act,M712,Technical testing and analysis,WAGE_MEUR,Wages and salaries - million euro,AT,2022,272.04
sbs_ovw_act,M712,Technical testing and analysis,WAGE_MEUR,Wages and salaries - million euro,AT,2023,284.64
sbs_ovw_act,M712,Technical testing and analysis,WAGE_MEUR,Wages and salaries - million euro,AT,2024,310.03
sbs_ovw_act,M712,Technical testing and analysis,WAGE_MEUR,Wages and salaries - million euro,BE,2021,698.94
sbs_ovw_act,M712,Technical testing and analysis,WAGE_MEUR,Wages and salaries - million euro,BE,2022,784.46
sbs_ovw_act,M712,Technical testing and analysis,WAGE_MEUR,Wages and salaries - million euro,BE,2023,897.46
sbs_ovw_act,M712,Technical testing and analysis,WAGE_MEUR,Wages and salaries - million euro,BE,2024,911.02
sbs_ovw_act,M712,Technical testing and analysis,WAGE_MEUR,Wages and salaries - million euro,CZ,2021,228.57
sbs_ovw_act,M712,Technical testing and analysis,WAGE_MEUR,Wages and salaries - million euro,CZ,2022,256.95
sbs_ovw_act,M712,Technical testing and analysis,WAGE_MEUR,Wages and salaries - million euro,CZ,2023,286.22
sbs_ovw_act,M712,Technical testing and analysis,WAGE_MEUR,Wages and salaries - million euro,CZ,2024,297.3
sbs_ovw_act,M712,Technical testing and analysis,WAGE_MEUR,Wages and salaries - million euro,DE,2021,5825.99
sbs_ovw_act,M712,Technical testing and analysis,WAGE_MEUR,Wages and salaries - million euro,DE,2022,6178.26
sbs_ovw_act,M712,Technical testing and analysis,WAGE_MEUR,Wages and salaries - million euro,DE,2023,6664.12
sbs_ovw_act,M712,Technical testing and analysis,WAGE_MEUR,Wages and salaries - million euro,DE,2024,7091.02
sbs_ovw_act,M712,Technical testing and analysis,WAGE_MEUR,Wages and salaries - million euro,DK,2021,304.29
sbs_ovw_act,M712,Technical testing and analysis,WAGE_MEUR,Wages and salaries - million euro,DK,2022,317.85
sbs_ovw_act,M712,Technical testing and analysis,WAGE_MEUR,Wages and salaries - million euro,DK,2023,343.17
sbs_ovw_act,M712,Technical testing and analysis,WAGE_MEUR,Wages and salaries - million euro,DK,2024,360.68
sbs_ovw_act,M712,Technical testing and analysis,WAGE_MEUR,Wages and salaries - million euro,EL,2021,82.42
sbs_ovw_act,M712,Technical testing and analysis,WAGE_MEUR,Wages and salaries - million euro,EL,2022,99.23
sbs_ovw_act,M712,Technical testing and analysis,WAGE_MEUR,Wages and salaries - million euro,EL,2023,119.81
sbs_ovw_act,M712,Technical testing and analysis,WAGE_MEUR,Wages and salaries - million euro,EL,2024,126.82
sbs_ovw_act,M712,Technical testing and analysis,WAGE_MEUR,Wages and salaries - million euro,ES,2021,1264.08
sbs_ovw_act,M712,Technical testing and analysis,WAGE_MEUR,Wages and salaries - million euro,ES,2022,1419.4
sbs_ovw_act,M712,Technical testing and analysis,WAGE_MEUR,Wages and salaries - million euro,ES,2023,1424.53
sbs_ovw_act,M712,Technical testing and analysis,WAGE_MEUR,Wages and salaries - million euro,ES,2024,1631.54
sbs_ovw_act,M712,Technical testing and analysis,WAGE_MEUR,Wages and salaries - million euro,EU27_2020,2021,16056.17
sbs_ovw_act,M712,Technical testing and analysis,WAGE_MEUR,Wages and salaries - million euro,EU27_2020,2022,16951.38
sbs_ovw_act,M712,Technical testing and analysis,WAGE_MEUR,Wages and salaries - million euro,EU27_2020,2023,18537.54
sbs_ovw_act,M712,Technical testing and analysis,WAGE_MEUR,Wages and salaries - million euro,FI,2021,222.77
sbs_ovw_act,M712,Technical testing and analysis,WAGE_MEUR,Wages and salaries - million euro,FI,2022,225.36
sbs_ovw_act,M712,Technical testing and analysis,WAGE_MEUR,Wages and salaries - million euro,FI,2023,234.78
sbs_ovw_act,M712,Technical testing and analysis,WAGE_MEUR,Wages and salaries - million euro,FI,2024,244.31
sbs_ovw_act,M712,Technical testing and analysis,WAGE_MEUR,Wages and salaries - million euro,FR,2021,3312.09
sbs_ovw_act,M712,Technical testing and analysis,WAGE_MEUR,Wages and salaries - million euro,FR,2022,3250.77
sbs_ovw_act,M712,Technical testing and analysis,WAGE_MEUR,Wages and salaries - million euro,FR,2023,3663.31
sbs_ovw_act,M712,Technical testing and analysis,WAGE_MEUR,Wages and salaries - million euro,FR,2024,4161.52
sbs_ovw_act,M712,Technical testing and analysis,WAGE_MEUR,Wages and salaries - million euro,HU,2021,111.02
sbs_ovw_act,M712,Technical testing and analysis,WAGE_MEUR,Wages and salaries - million euro,HU,2022,119.02
sbs_ovw_act,M712,Technical testing and analysis,WAGE_MEUR,Wages and salaries - million euro,HU,2023,148.43
sbs_ovw_act,M712,Technical testing and analysis,WAGE_MEUR,Wages and salaries - million euro,HU,2024,153.18
sbs_ovw_act,M712,Technical testing and analysis,WAGE_MEUR,Wages and salaries - million euro,IE,2021,221.97
sbs_ovw_act,M712,Technical testing and analysis,WAGE_MEUR,Wages and salaries - million euro,IE,2022,238.18
sbs_ovw_act,M712,Technical testing and analysis,WAGE_MEUR,Wages and salaries - million euro,IE,2023,326.7
sbs_ovw_act,M712,Technical testing and analysis,WAGE_MEUR,Wages and salaries - million euro,IE,2024,301.39
sbs_ovw_act,M712,Technical testing and analysis,WAGE_MEUR,Wages and salaries - million euro,IT,2021,1085.43
sbs_ovw_act,M712,Technical testing and analysis,WAGE_MEUR,Wages and salaries - million euro,IT,2022,1173.22
sbs_ovw_act,M712,Technical testing and analysis,WAGE_MEUR,Wages and salaries - million euro,IT,2023,1231.34
sbs_ovw_act,M712,Technical testing and analysis,WAGE_MEUR,Wages and salaries - million euro,IT,2024,1428.95
sbs_ovw_act,M712,Technical testing and analysis,WAGE_MEUR,Wages and salaries - million euro,NL,2021,930.62
sbs_ovw_act,M712,Technical testing and analysis,WAGE_MEUR,Wages and salaries - million euro,NL,2022,989.49
sbs_ovw_act,M712,Technical testing and analysis,WAGE_MEUR,Wages and salaries - million euro,NL,2023,1082.93
sbs_ovw_act,M712,Technical testing and analysis,WAGE_MEUR,Wages and salaries - million euro,NL,2024,1116.55
sbs_ovw_act,M712,Technical testing and analysis,WAGE_MEUR,Wages and salaries - million euro,PL,2021,347.46
sbs_ovw_act,M712,Technical testing and analysis,WAGE_MEUR,Wages and salaries - million euro,PL,2022,381.57
sbs_ovw_act,M712,Technical testing and analysis,WAGE_MEUR,Wages and salaries - million euro,PL,2023,442.38
sbs_ovw_act,M712,Technical testing and analysis,WAGE_MEUR,Wages and salaries - million euro,PL,2024,513.2
sbs_ovw_act,M712,Technical testing and analysis,WAGE_MEUR,Wages and salaries - million euro,PT,2021,112.84
sbs_ovw_act,M712,Technical testing and analysis,WAGE_MEUR,Wages and salaries - million euro,PT,2022,123.72
sbs_ovw_act,M712,Technical testing and analysis,WAGE_MEUR,Wages and salaries - million euro,PT,2023,135.25
sbs_ovw_act,M712,Technical testing and analysis,WAGE_MEUR,Wages and salaries - million euro,PT,2024,149.43
sbs_ovw_act,M712,Technical testing and analysis,WAGE_MEUR,Wages and salaries - million euro,RO,2021,196.07
sbs_ovw_act,M712,Technical testing and analysis,WAGE_MEUR,Wages and salaries - million euro,RO,2022,224.57
sbs_ovw_act,M712,Technical testing and analysis,WAGE_MEUR,Wages and salaries - million euro,RO,2023,284.46
sbs_ovw_act,M712,Technical testing and analysis,WAGE_MEUR,Wages and salaries - million euro,RO,2024,320.34
sbs_ovw_act,M712,Technical testing and analysis,WAGE_MEUR,Wages and salaries - million euro,SE,2021,360.03
sbs_ovw_act,M712,Technical testing and analysis,WAGE_MEUR,Wages and salaries - million euro,SE,2022,355.6
sbs_ovw_act,M712,Technical testing and analysis,WAGE_MEUR,Wages and salaries - million euro,SE,2023,364.42
sbs_ovw_act,M712,Technical testing and analysis,WAGE_MEUR,Wages and salaries - million euro,SE,2024,391.4
sbs_ovw_act,M71,Architectural and engineering activities; technical testing and analysis,AV_MEUR,Value added - million euro,AT,2021,4857.52
sbs_ovw_act,M71,Architectural and engineering activities; technical testing and analysis,AV_MEUR,Value added - million euro,AT,2022,5244.75
sbs_ovw_act,M71,Architectural and engineering activities; technical testing and analysis,AV_MEUR,Value added - million euro,AT,2023,5587.99
sbs_ovw_act,M71,Architectural and engineering activities; technical testing and analysis,AV_MEUR,Value added - million euro,AT,2024,5865.76
sbs_ovw_act,M71,Architectural and engineering activities; technical testing and analysis,AV_MEUR,Value added - million euro,BE,2021,5463.7
sbs_ovw_act,M71,Architectural and engineering activities; technical testing and analysis,AV_MEUR,Value added - million euro,BE,2022,5837.19
sbs_ovw_act,M71,Architectural and engineering activities; technical testing and analysis,AV_MEUR,Value added - million euro,BE,2023,6373.06
sbs_ovw_act,M71,Architectural and engineering activities; technical testing and analysis,AV_MEUR,Value added - million euro,BE,2024,6657.95
sbs_ovw_act,M71,Architectural and engineering activities; technical testing and analysis,AV_MEUR,Value added - million euro,CZ,2021,2386.29
sbs_ovw_act,M71,Architectural and engineering activities; technical testing and analysis,AV_MEUR,Value added - million euro,CZ,2022,2704.95
sbs_ovw_act,M71,Architectural and engineering activities; technical testing and analysis,AV_MEUR,Value added - million euro,CZ,2023,3022.46
sbs_ovw_act,M71,Architectural and engineering activities; technical testing and analysis,AV_MEUR,Value added - million euro,CZ,2024,3160.59
sbs_ovw_act,M71,Architectural and engineering activities; technical testing and analysis,AV_MEUR,Value added - million euro,DE,2021,62662.18
sbs_ovw_act,M71,Architectural and engineering activities; technical testing and analysis,AV_MEUR,Value added - million euro,DE,2022,53773.35
sbs_ovw_act,M71,Architectural and engineering activities; technical testing and analysis,AV_MEUR,Value added - million euro,DE,2023,67070.76
sbs_ovw_act,M71,Architectural and engineering activities; technical testing and analysis,AV_MEUR,Value added - million euro,DE,2024,65626.24
sbs_ovw_act,M71,Architectural and engineering activities; technical testing and analysis,AV_MEUR,Value added - million euro,DK,2021,4805.01
sbs_ovw_act,M71,Architectural and engineering activities; technical testing and analysis,AV_MEUR,Value added - million euro,DK,2022,5128.6
sbs_ovw_act,M71,Architectural and engineering activities; technical testing and analysis,AV_MEUR,Value added - million euro,DK,2023,5521.96
sbs_ovw_act,M71,Architectural and engineering activities; technical testing and analysis,AV_MEUR,Value added - million euro,DK,2024,5967.66
sbs_ovw_act,M71,Architectural and engineering activities; technical testing and analysis,AV_MEUR,Value added - million euro,EL,2021,1282.38
sbs_ovw_act,M71,Architectural and engineering activities; technical testing and analysis,AV_MEUR,Value added - million euro,EL,2022,1580.05
sbs_ovw_act,M71,Architectural and engineering activities; technical testing and analysis,AV_MEUR,Value added - million euro,EL,2023,1971.63
sbs_ovw_act,M71,Architectural and engineering activities; technical testing and analysis,AV_MEUR,Value added - million euro,EL,2024,2322.51
sbs_ovw_act,M71,Architectural and engineering activities; technical testing and analysis,AV_MEUR,Value added - million euro,ES,2021,12365.36
sbs_ovw_act,M71,Architectural and engineering activities; technical testing and analysis,AV_MEUR,Value added - million euro,ES,2022,13940.27
sbs_ovw_act,M71,Architectural and engineering activities; technical testing and analysis,AV_MEUR,Value added - million euro,ES,2023,16049.57
sbs_ovw_act,M71,Architectural and engineering activities; technical testing and analysis,AV_MEUR,Value added - million euro,ES,2024,17644.62
sbs_ovw_act,M71,Architectural and engineering activities; technical testing and analysis,AV_MEUR,Value added - million euro,EU27_2020,2021,179486.98
sbs_ovw_act,M71,Architectural and engineering activities; technical testing and analysis,AV_MEUR,Value added - million euro,EU27_2020,2022,182746.47
sbs_ovw_act,M71,Architectural and engineering activities; technical testing and analysis,AV_MEUR,Value added - million euro,EU27_2020,2023,209421.0
sbs_ovw_act,M71,Architectural and engineering activities; technical testing and analysis,AV_MEUR,Value added - million euro,FI,2021,3484.18
sbs_ovw_act,M71,Architectural and engineering activities; technical testing and analysis,AV_MEUR,Value added - million euro,FI,2022,3592.35
sbs_ovw_act,M71,Architectural and engineering activities; technical testing and analysis,AV_MEUR,Value added - million euro,FI,2023,3772.56
sbs_ovw_act,M71,Architectural and engineering activities; technical testing and analysis,AV_MEUR,Value added - million euro,FI,2024,3747.74
sbs_ovw_act,M71,Architectural and engineering activities; technical testing and analysis,AV_MEUR,Value added - million euro,FR,2021,29256.56
sbs_ovw_act,M71,Architectural and engineering activities; technical testing and analysis,AV_MEUR,Value added - million euro,FR,2022,31205.83
sbs_ovw_act,M71,Architectural and engineering activities; technical testing and analysis,AV_MEUR,Value added - million euro,FR,2023,33656.77
sbs_ovw_act,M71,Architectural and engineering activities; technical testing and analysis,AV_MEUR,Value added - million euro,FR,2024,35596.82
sbs_ovw_act,M71,Architectural and engineering activities; technical testing and analysis,AV_MEUR,Value added - million euro,HU,2021,1455.84
sbs_ovw_act,M71,Architectural and engineering activities; technical testing and analysis,AV_MEUR,Value added - million euro,HU,2022,1584.83
sbs_ovw_act,M71,Architectural and engineering activities; technical testing and analysis,AV_MEUR,Value added - million euro,HU,2023,1918.09
sbs_ovw_act,M71,Architectural and engineering activities; technical testing and analysis,AV_MEUR,Value added - million euro,HU,2024,1990.66
sbs_ovw_act,M71,Architectural and engineering activities; technical testing and analysis,AV_MEUR,Value added - million euro,IE,2021,3579.11
sbs_ovw_act,M71,Architectural and engineering activities; technical testing and analysis,AV_MEUR,Value added - million euro,IE,2022,4136.21
sbs_ovw_act,M71,Architectural and engineering activities; technical testing and analysis,AV_MEUR,Value added - million euro,IE,2023,4693.51
sbs_ovw_act,M71,Architectural and engineering activities; technical testing and analysis,AV_MEUR,Value added - million euro,IE,2024,4802.01
sbs_ovw_act,M71,Architectural and engineering activities; technical testing and analysis,AV_MEUR,Value added - million euro,IT,2021,15514.12
sbs_ovw_act,M71,Architectural and engineering activities; technical testing and analysis,AV_MEUR,Value added - million euro,IT,2022,18801.81
sbs_ovw_act,M71,Architectural and engineering activities; technical testing and analysis,AV_MEUR,Value added - million euro,IT,2023,21095.78
sbs_ovw_act,M71,Architectural and engineering activities; technical testing and analysis,AV_MEUR,Value added - million euro,IT,2024,22487.66
sbs_ovw_act,M71,Architectural and engineering activities; technical testing and analysis,AV_MEUR,Value added - million euro,NL,2021,11764.69
sbs_ovw_act,M71,Architectural and engineering activities; technical testing and analysis,AV_MEUR,Value added - million euro,NL,2022,12489.3
sbs_ovw_act,M71,Architectural and engineering activities; technical testing and analysis,AV_MEUR,Value added - million euro,NL,2023,13683.3
sbs_ovw_act,M71,Architectural and engineering activities; technical testing and analysis,AV_MEUR,Value added - million euro,NL,2024,15475.15
sbs_ovw_act,M71,Architectural and engineering activities; technical testing and analysis,AV_MEUR,Value added - million euro,PL,2021,3808.29
sbs_ovw_act,M71,Architectural and engineering activities; technical testing and analysis,AV_MEUR,Value added - million euro,PL,2022,4157.68
sbs_ovw_act,M71,Architectural and engineering activities; technical testing and analysis,AV_MEUR,Value added - million euro,PL,2023,4396.48
sbs_ovw_act,M71,Architectural and engineering activities; technical testing and analysis,AV_MEUR,Value added - million euro,PL,2024,5308.59
sbs_ovw_act,M71,Architectural and engineering activities; technical testing and analysis,AV_MEUR,Value added - million euro,PT,2021,1627.39
sbs_ovw_act,M71,Architectural and engineering activities; technical testing and analysis,AV_MEUR,Value added - million euro,PT,2022,1883.21
sbs_ovw_act,M71,Architectural and engineering activities; technical testing and analysis,AV_MEUR,Value added - million euro,PT,2023,2215.6
sbs_ovw_act,M71,Architectural and engineering activities; technical testing and analysis,AV_MEUR,Value added - million euro,PT,2024,2539.08
sbs_ovw_act,M71,Architectural and engineering activities; technical testing and analysis,AV_MEUR,Value added - million euro,RO,2021,1700.36
sbs_ovw_act,M71,Architectural and engineering activities; technical testing and analysis,AV_MEUR,Value added - million euro,RO,2022,2347.12
sbs_ovw_act,M71,Architectural and engineering activities; technical testing and analysis,AV_MEUR,Value added - million euro,RO,2023,2842.31
sbs_ovw_act,M71,Architectural and engineering activities; technical testing and analysis,AV_MEUR,Value added - million euro,RO,2024,2974.41
sbs_ovw_act,M71,Architectural and engineering activities; technical testing and analysis,AV_MEUR,Value added - million euro,SE,2021,8977.92
sbs_ovw_act,M71,Architectural and engineering activities; technical testing and analysis,AV_MEUR,Value added - million euro,SE,2022,9152.99
sbs_ovw_act,M71,Architectural and engineering activities; technical testing and analysis,AV_MEUR,Value added - million euro,SE,2023,9756.94
sbs_ovw_act,M71,Architectural and engineering activities; technical testing and analysis,AV_MEUR,Value added - million euro,SE,2024,10201.86
sbs_ovw_act,M71,Architectural and engineering activities; technical testing and analysis,EMP_NR,Persons employed - number,AT,2021,72611.0
sbs_ovw_act,M71,Architectural and engineering activities; technical testing and analysis,EMP_NR,Persons employed - number,AT,2022,73960.0
sbs_ovw_act,M71,Architectural and engineering activities; technical testing and analysis,EMP_NR,Persons employed - number,AT,2023,74904.0
sbs_ovw_act,M71,Architectural and engineering activities; technical testing and analysis,EMP_NR,Persons employed - number,AT,2024,74884.0
sbs_ovw_act,M71,Architectural and engineering activities; technical testing and analysis,EMP_NR,Persons employed - number,BE,2021,74557.0
sbs_ovw_act,M71,Architectural and engineering activities; technical testing and analysis,EMP_NR,Persons employed - number,BE,2022,76289.0
sbs_ovw_act,M71,Architectural and engineering activities; technical testing and analysis,EMP_NR,Persons employed - number,BE,2023,77409.0
sbs_ovw_act,M71,Architectural and engineering activities; technical testing and analysis,EMP_NR,Persons employed - number,BE,2024,80166.0
sbs_ovw_act,M71,Architectural and engineering activities; technical testing and analysis,EMP_NR,Persons employed - number,CZ,2021,85298.0
sbs_ovw_act,M71,Architectural and engineering activities; technical testing and analysis,EMP_NR,Persons employed - number,CZ,2022,87783.0
sbs_ovw_act,M71,Architectural and engineering activities; technical testing and analysis,EMP_NR,Persons employed - number,CZ,2023,89880.0
sbs_ovw_act,M71,Architectural and engineering activities; technical testing and analysis,EMP_NR,Persons employed - number,CZ,2024,91069.0
sbs_ovw_act,M71,Architectural and engineering activities; technical testing and analysis,EMP_NR,Persons employed - number,DE,2021,789292.0
sbs_ovw_act,M71,Architectural and engineering activities; technical testing and analysis,EMP_NR,Persons employed - number,DE,2022,760847.0
sbs_ovw_act,M71,Architectural and engineering activities; technical testing and analysis,EMP_NR,Persons employed - number,DE,2023,787566.0
sbs_ovw_act,M71,Architectural and engineering activities; technical testing and analysis,EMP_NR,Persons employed - number,DE,2024,805200.0
sbs_ovw_act,M71,Architectural and engineering activities; technical testing and analysis,EMP_NR,Persons employed - number,DK,2021,50419.0
sbs_ovw_act,M71,Architectural and engineering activities; technical testing and analysis,EMP_NR,Persons employed - number,DK,2022,53242.0
sbs_ovw_act,M71,Architectural and engineering activities; technical testing and analysis,EMP_NR,Persons employed - number,DK,2023,56144.0
sbs_ovw_act,M71,Architectural and engineering activities; technical testing and analysis,EMP_NR,Persons employed - number,DK,2024,58352.0
sbs_ovw_act,M71,Architectural and engineering activities; technical testing and analysis,EMP_NR,Persons employed - number,EL,2021,76569.0
sbs_ovw_act,M71,Architectural and engineering activities; technical testing and analysis,EMP_NR,Persons employed - number,EL,2022,78234.0
sbs_ovw_act,M71,Architectural and engineering activities; technical testing and analysis,EMP_NR,Persons employed - number,EL,2023,82106.0
sbs_ovw_act,M71,Architectural and engineering activities; technical testing and analysis,EMP_NR,Persons employed - number,EL,2024,86688.0
sbs_ovw_act,M71,Architectural and engineering activities; technical testing and analysis,EMP_NR,Persons employed - number,ES,2021,273705.0
sbs_ovw_act,M71,Architectural and engineering activities; technical testing and analysis,EMP_NR,Persons employed - number,ES,2022,283001.0
sbs_ovw_act,M71,Architectural and engineering activities; technical testing and analysis,EMP_NR,Persons employed - number,ES,2023,294431.0
sbs_ovw_act,M71,Architectural and engineering activities; technical testing and analysis,EMP_NR,Persons employed - number,ES,2024,292210.0
sbs_ovw_act,M71,Architectural and engineering activities; technical testing and analysis,EMP_NR,Persons employed - number,EU27_2020,2021,3075085.0
sbs_ovw_act,M71,Architectural and engineering activities; technical testing and analysis,EMP_NR,Persons employed - number,EU27_2020,2022,3136976.0
sbs_ovw_act,M71,Architectural and engineering activities; technical testing and analysis,EMP_NR,Persons employed - number,EU27_2020,2023,3226611.0
sbs_ovw_act,M71,Architectural and engineering activities; technical testing and analysis,EMP_NR,Persons employed - number,FI,2021,48611.0
sbs_ovw_act,M71,Architectural and engineering activities; technical testing and analysis,EMP_NR,Persons employed - number,FI,2022,50907.0
sbs_ovw_act,M71,Architectural and engineering activities; technical testing and analysis,EMP_NR,Persons employed - number,FI,2023,51138.0
sbs_ovw_act,M71,Architectural and engineering activities; technical testing and analysis,EMP_NR,Persons employed - number,FI,2024,49607.0
sbs_ovw_act,M71,Architectural and engineering activities; technical testing and analysis,EMP_NR,Persons employed - number,FR,2021,419378.0
sbs_ovw_act,M71,Architectural and engineering activities; technical testing and analysis,EMP_NR,Persons employed - number,FR,2022,439910.0
sbs_ovw_act,M71,Architectural and engineering activities; technical testing and analysis,EMP_NR,Persons employed - number,FR,2023,455808.0
sbs_ovw_act,M71,Architectural and engineering activities; technical testing and analysis,EMP_NR,Persons employed - number,FR,2024,472070.0
sbs_ovw_act,M71,Architectural and engineering activities; technical testing and analysis,EMP_NR,Persons employed - number,HU,2021,66577.0
sbs_ovw_act,M71,Architectural and engineering activities; technical testing and analysis,EMP_NR,Persons employed - number,HU,2022,68883.0
sbs_ovw_act,M71,Architectural and engineering activities; technical testing and analysis,EMP_NR,Persons employed - number,HU,2023,66472.0
sbs_ovw_act,M71,Architectural and engineering activities; technical testing and analysis,EMP_NR,Persons employed - number,HU,2024,65969.0
sbs_ovw_act,M71,Architectural and engineering activities; technical testing and analysis,EMP_NR,Persons employed - number,IE,2021,39797.0
sbs_ovw_act,M71,Architectural and engineering activities; technical testing and analysis,EMP_NR,Persons employed - number,IE,2022,45060.0
sbs_ovw_act,M71,Architectural and engineering activities; technical testing and analysis,EMP_NR,Persons employed - number,IE,2023,47830.0
sbs_ovw_act,M71,Architectural and engineering activities; technical testing and analysis,EMP_NR,Persons employed - number,IE,2024,49457.0
sbs_ovw_act,M71,Architectural and engineering activities; technical testing and analysis,EMP_NR,Persons employed - number,IT,2021,317957.0
sbs_ovw_act,M71,Architectural and engineering activities; technical testing and analysis,EMP_NR,Persons employed - number,IT,2022,338743.0
sbs_ovw_act,M71,Architectural and engineering activities; technical testing and analysis,EMP_NR,Persons employed - number,IT,2023,345840.0
sbs_ovw_act,M71,Architectural and engineering activities; technical testing and analysis,EMP_NR,Persons employed - number,IT,2024,358054.0
sbs_ovw_act,M71,Architectural and engineering activities; technical testing and analysis,EMP_NR,Persons employed - number,NL,2021,151196.0
sbs_ovw_act,M71,Architectural and engineering activities; technical testing and analysis,EMP_NR,Persons employed - number,NL,2022,156501.0
sbs_ovw_act,M71,Architectural and engineering activities; technical testing and analysis,EMP_NR,Persons employed - number,NL,2023,161290.0
sbs_ovw_act,M71,Architectural and engineering activities; technical testing and analysis,EMP_NR,Persons employed - number,NL,2024,167615.0
sbs_ovw_act,M71,Architectural and engineering activities; technical testing and analysis,EMP_NR,Persons employed - number,PL,2021,168435.0
sbs_ovw_act,M71,Architectural and engineering activities; technical testing and analysis,EMP_NR,Persons employed - number,PL,2022,169229.0
sbs_ovw_act,M71,Architectural and engineering activities; technical testing and analysis,EMP_NR,Persons employed - number,PL,2023,167612.0
sbs_ovw_act,M71,Architectural and engineering activities; technical testing and analysis,EMP_NR,Persons employed - number,PL,2024,170069.0
sbs_ovw_act,M71,Architectural and engineering activities; technical testing and analysis,EMP_NR,Persons employed - number,PT,2021,63181.0
sbs_ovw_act,M71,Architectural and engineering activities; technical testing and analysis,EMP_NR,Persons employed - number,PT,2022,67710.0
sbs_ovw_act,M71,Architectural and engineering activities; technical testing and analysis,EMP_NR,Persons employed - number,PT,2023,70611.0
sbs_ovw_act,M71,Architectural and engineering activities; technical testing and analysis,EMP_NR,Persons employed - number,PT,2024,73674.0
sbs_ovw_act,M71,Architectural and engineering activities; technical testing and analysis,EMP_NR,Persons employed - number,RO,2021,86455.0
sbs_ovw_act,M71,Architectural and engineering activities; technical testing and analysis,EMP_NR,Persons employed - number,RO,2022,91307.0
sbs_ovw_act,M71,Architectural and engineering activities; technical testing and analysis,EMP_NR,Persons employed - number,RO,2023,97968.0
sbs_ovw_act,M71,Architectural and engineering activities; technical testing and analysis,EMP_NR,Persons employed - number,RO,2024,96348.0
sbs_ovw_act,M71,Architectural and engineering activities; technical testing and analysis,EMP_NR,Persons employed - number,SE,2021,132174.0
sbs_ovw_act,M71,Architectural and engineering activities; technical testing and analysis,EMP_NR,Persons employed - number,SE,2022,130015.0
sbs_ovw_act,M71,Architectural and engineering activities; technical testing and analysis,EMP_NR,Persons employed - number,SE,2023,129606.0
sbs_ovw_act,M71,Architectural and engineering activities; technical testing and analysis,EMP_NR,Persons employed - number,SE,2024,129175.0
sbs_ovw_act,M71,Architectural and engineering activities; technical testing and analysis,ENT_NR,Enterprises - number,AT,2021,19126.0
sbs_ovw_act,M71,Architectural and engineering activities; technical testing and analysis,ENT_NR,Enterprises - number,AT,2022,18697.0
sbs_ovw_act,M71,Architectural and engineering activities; technical testing and analysis,ENT_NR,Enterprises - number,AT,2023,19008.0
sbs_ovw_act,M71,Architectural and engineering activities; technical testing and analysis,ENT_NR,Enterprises - number,AT,2024,19284.0
sbs_ovw_act,M71,Architectural and engineering activities; technical testing and analysis,ENT_NR,Enterprises - number,BE,2021,31550.0
sbs_ovw_act,M71,Architectural and engineering activities; technical testing and analysis,ENT_NR,Enterprises - number,BE,2022,31727.0
sbs_ovw_act,M71,Architectural and engineering activities; technical testing and analysis,ENT_NR,Enterprises - number,BE,2023,30509.0
sbs_ovw_act,M71,Architectural and engineering activities; technical testing and analysis,ENT_NR,Enterprises - number,BE,2024,33059.0
sbs_ovw_act,M71,Architectural and engineering activities; technical testing and analysis,ENT_NR,Enterprises - number,CZ,2021,44627.0
sbs_ovw_act,M71,Architectural and engineering activities; technical testing and analysis,ENT_NR,Enterprises - number,CZ,2022,46847.0
sbs_ovw_act,M71,Architectural and engineering activities; technical testing and analysis,ENT_NR,Enterprises - number,CZ,2023,48060.0
sbs_ovw_act,M71,Architectural and engineering activities; technical testing and analysis,ENT_NR,Enterprises - number,CZ,2024,50442.0
sbs_ovw_act,M71,Architectural and engineering activities; technical testing and analysis,ENT_NR,Enterprises - number,DE,2021,121348.0
sbs_ovw_act,M71,Architectural and engineering activities; technical testing and analysis,ENT_NR,Enterprises - number,DE,2022,122301.0
sbs_ovw_act,M71,Architectural and engineering activities; technical testing and analysis,ENT_NR,Enterprises - number,DE,2023,122738.0
sbs_ovw_act,M71,Architectural and engineering activities; technical testing and analysis,ENT_NR,Enterprises - number,DE,2024,121256.0
sbs_ovw_act,M71,Architectural and engineering activities; technical testing and analysis,ENT_NR,Enterprises - number,DK,2021,7267.0
sbs_ovw_act,M71,Architectural and engineering activities; technical testing and analysis,ENT_NR,Enterprises - number,DK,2022,7666.0
sbs_ovw_act,M71,Architectural and engineering activities; technical testing and analysis,ENT_NR,Enterprises - number,DK,2023,7895.0
sbs_ovw_act,M71,Architectural and engineering activities; technical testing and analysis,ENT_NR,Enterprises - number,DK,2024,8005.0
sbs_ovw_act,M71,Architectural and engineering activities; technical testing and analysis,ENT_NR,Enterprises - number,EL,2021,50726.0
sbs_ovw_act,M71,Architectural and engineering activities; technical testing and analysis,ENT_NR,Enterprises - number,EL,2022,52953.0
sbs_ovw_act,M71,Architectural and engineering activities; technical testing and analysis,ENT_NR,Enterprises - number,EL,2023,54284.0
sbs_ovw_act,M71,Architectural and engineering activities; technical testing and analysis,ENT_NR,Enterprises - number,EL,2024,56369.0
sbs_ovw_act,M71,Architectural and engineering activities; technical testing and analysis,ENT_NR,Enterprises - number,ES,2021,108911.0
sbs_ovw_act,M71,Architectural and engineering activities; technical testing and analysis,ENT_NR,Enterprises - number,ES,2022,109990.0
sbs_ovw_act,M71,Architectural and engineering activities; technical testing and analysis,ENT_NR,Enterprises - number,ES,2023,109500.0
sbs_ovw_act,M71,Architectural and engineering activities; technical testing and analysis,ENT_NR,Enterprises - number,ES,2024,109901.0
sbs_ovw_act,M71,Architectural and engineering activities; technical testing and analysis,ENT_NR,Enterprises - number,EU27_2020,2021,1050499.0
sbs_ovw_act,M71,Architectural and engineering activities; technical testing and analysis,ENT_NR,Enterprises - number,EU27_2020,2022,1084099.0
sbs_ovw_act,M71,Architectural and engineering activities; technical testing and analysis,ENT_NR,Enterprises - number,EU27_2020,2023,1097644.0
sbs_ovw_act,M71,Architectural and engineering activities; technical testing and analysis,ENT_NR,Enterprises - number,FI,2021,12496.0
sbs_ovw_act,M71,Architectural and engineering activities; technical testing and analysis,ENT_NR,Enterprises - number,FI,2022,12533.0
sbs_ovw_act,M71,Architectural and engineering activities; technical testing and analysis,ENT_NR,Enterprises - number,FI,2023,12464.0
sbs_ovw_act,M71,Architectural and engineering activities; technical testing and analysis,ENT_NR,Enterprises - number,FI,2024,12634.0
sbs_ovw_act,M71,Architectural and engineering activities; technical testing and analysis,ENT_NR,Enterprises - number,FR,2021,97333.0
sbs_ovw_act,M71,Architectural and engineering activities; technical testing and analysis,ENT_NR,Enterprises - number,FR,2022,103922.0
sbs_ovw_act,M71,Architectural and engineering activities; technical testing and analysis,ENT_NR,Enterprises - number,FR,2023,107293.0
sbs_ovw_act,M71,Architectural and engineering activities; technical testing and analysis,ENT_NR,Enterprises - number,FR,2024,110135.0
sbs_ovw_act,M71,Architectural and engineering activities; technical testing and analysis,ENT_NR,Enterprises - number,HU,2021,33001.0
sbs_ovw_act,M71,Architectural and engineering activities; technical testing and analysis,ENT_NR,Enterprises - number,HU,2022,33811.0
sbs_ovw_act,M71,Architectural and engineering activities; technical testing and analysis,ENT_NR,Enterprises - number,HU,2023,30322.0
sbs_ovw_act,M71,Architectural and engineering activities; technical testing and analysis,ENT_NR,Enterprises - number,HU,2024,29471.0
sbs_ovw_act,M71,Architectural and engineering activities; technical testing and analysis,ENT_NR,Enterprises - number,IE,2021,9854.0
sbs_ovw_act,M71,Architectural and engineering activities; technical testing and analysis,ENT_NR,Enterprises - number,IE,2022,10240.0
sbs_ovw_act,M71,Architectural and engineering activities; technical testing and analysis,ENT_NR,Enterprises - number,IE,2023,10435.0
sbs_ovw_act,M71,Architectural and engineering activities; technical testing and analysis,ENT_NR,Enterprises - number,IE,2024,10643.0
sbs_ovw_act,M71,Architectural and engineering activities; technical testing and analysis,ENT_NR,Enterprises - number,IT,2021,225487.0
sbs_ovw_act,M71,Architectural and engineering activities; technical testing and analysis,ENT_NR,Enterprises - number,IT,2022,237651.0
sbs_ovw_act,M71,Architectural and engineering activities; technical testing and analysis,ENT_NR,Enterprises - number,IT,2023,239768.0
sbs_ovw_act,M71,Architectural and engineering activities; technical testing and analysis,ENT_NR,Enterprises - number,IT,2024,244107.0
sbs_ovw_act,M71,Architectural and engineering activities; technical testing and analysis,ENT_NR,Enterprises - number,NL,2021,50328.0
sbs_ovw_act,M71,Architectural and engineering activities; technical testing and analysis,ENT_NR,Enterprises - number,NL,2022,53032.0
sbs_ovw_act,M71,Architectural and engineering activities; technical testing and analysis,ENT_NR,Enterprises - number,NL,2023,54768.0
sbs_ovw_act,M71,Architectural and engineering activities; technical testing and analysis,ENT_NR,Enterprises - number,NL,2024,59369.0
sbs_ovw_act,M71,Architectural and engineering activities; technical testing and analysis,ENT_NR,Enterprises - number,PL,2021,79714.0
sbs_ovw_act,M71,Architectural and engineering activities; technical testing and analysis,ENT_NR,Enterprises - number,PL,2022,79363.0
sbs_ovw_act,M71,Architectural and engineering activities; technical testing and analysis,ENT_NR,Enterprises - number,PL,2023,81404.0
sbs_ovw_act,M71,Architectural and engineering activities; technical testing and analysis,ENT_NR,Enterprises - number,PL,2024,83480.0
sbs_ovw_act,M71,Architectural and engineering activities; technical testing and analysis,ENT_NR,Enterprises - number,PT,2021,29078.0
sbs_ovw_act,M71,Architectural and engineering activities; technical testing and analysis,ENT_NR,Enterprises - number,PT,2022,29935.0
sbs_ovw_act,M71,Architectural and engineering activities; technical testing and analysis,ENT_NR,Enterprises - number,PT,2023,30613.0
sbs_ovw_act,M71,Architectural and engineering activities; technical testing and analysis,ENT_NR,Enterprises - number,PT,2024,31248.0
sbs_ovw_act,M71,Architectural and engineering activities; technical testing and analysis,ENT_NR,Enterprises - number,RO,2021,28983.0
sbs_ovw_act,M71,Architectural and engineering activities; technical testing and analysis,ENT_NR,Enterprises - number,RO,2022,30265.0
sbs_ovw_act,M71,Architectural and engineering activities; technical testing and analysis,ENT_NR,Enterprises - number,RO,2023,31720.0
sbs_ovw_act,M71,Architectural and engineering activities; technical testing and analysis,ENT_NR,Enterprises - number,RO,2024,32287.0
sbs_ovw_act,M71,Architectural and engineering activities; technical testing and analysis,ENT_NR,Enterprises - number,SE,2021,38148.0
sbs_ovw_act,M71,Architectural and engineering activities; technical testing and analysis,ENT_NR,Enterprises - number,SE,2022,36942.0
sbs_ovw_act,M71,Architectural and engineering activities; technical testing and analysis,ENT_NR,Enterprises - number,SE,2023,38120.0
sbs_ovw_act,M71,Architectural and engineering activities; technical testing and analysis,ENT_NR,Enterprises - number,SE,2024,39101.0
sbs_ovw_act,M71,Architectural and engineering activities; technical testing and analysis,GOS_MEUR,Gross operating surplus - million euro,AT,2021,1961.53
sbs_ovw_act,M71,Architectural and engineering activities; technical testing and analysis,GOS_MEUR,Gross operating surplus - million euro,AT,2022,2097.23
sbs_ovw_act,M71,Architectural and engineering activities; technical testing and analysis,GOS_MEUR,Gross operating surplus - million euro,AT,2023,2184.64
sbs_ovw_act,M71,Architectural and engineering activities; technical testing and analysis,GOS_MEUR,Gross operating surplus - million euro,AT,2024,2245.59
sbs_ovw_act,M71,Architectural and engineering activities; technical testing and analysis,GOS_MEUR,Gross operating surplus - million euro,BE,2021,2352.8
sbs_ovw_act,M71,Architectural and engineering activities; technical testing and analysis,GOS_MEUR,Gross operating surplus - million euro,BE,2022,2511.29
sbs_ovw_act,M71,Architectural and engineering activities; technical testing and analysis,GOS_MEUR,Gross operating surplus - million euro,BE,2023,2535.43
sbs_ovw_act,M71,Architectural and engineering activities; technical testing and analysis,GOS_MEUR,Gross operating surplus - million euro,BE,2024,2782.58
sbs_ovw_act,M71,Architectural and engineering activities; technical testing and analysis,GOS_MEUR,Gross operating surplus - million euro,CZ,2021,893.04
sbs_ovw_act,M71,Architectural and engineering activities; technical testing and analysis,GOS_MEUR,Gross operating surplus - million euro,CZ,2022,992.5
sbs_ovw_act,M71,Architectural and engineering activities; technical testing and analysis,GOS_MEUR,Gross operating surplus - million euro,CZ,2023,1131.11
sbs_ovw_act,M71,Architectural and engineering activities; technical testing and analysis,GOS_MEUR,Gross operating surplus - million euro,CZ,2024,1197.42
sbs_ovw_act,M71,Architectural and engineering activities; technical testing and analysis,GOS_MEUR,Gross operating surplus - million euro,DE,2021,25981.55
sbs_ovw_act,M71,Architectural and engineering activities; technical testing and analysis,GOS_MEUR,Gross operating surplus - million euro,DE,2022,17573.33
sbs_ovw_act,M71,Architectural and engineering activities; technical testing and analysis,GOS_MEUR,Gross operating surplus - million euro,DE,2023,26032.15
sbs_ovw_act,M71,Architectural and engineering activities; technical testing and analysis,GOS_MEUR,Gross operating surplus - million euro,DE,2024,19951.88
sbs_ovw_act,M71,Architectural and engineering activities; technical testing and analysis,GOS_MEUR,Gross operating surplus - million euro,DK,2021,885.22
sbs_ovw_act,M71,Architectural and engineering activities; technical testing and analysis,GOS_MEUR,Gross operating surplus - million euro,DK,2022,889.74
sbs_ovw_act,M71,Architectural and engineering activities; technical testing and analysis,GOS_MEUR,Gross operating surplus - million euro,DK,2023,656.07
sbs_ovw_act,M71,Architectural and engineering activities; technical testing and analysis,GOS_MEUR,Gross operating surplus - million euro,DK,2024,830.14
sbs_ovw_act,M71,Architectural and engineering activities; technical testing and analysis,GOS_MEUR,Gross operating surplus - million euro,EL,2021,891.85
sbs_ovw_act,M71,Architectural and engineering activities; technical testing and analysis,GOS_MEUR,Gross operating surplus - million euro,EL,2022,1074.45
sbs_ovw_act,M71,Architectural and engineering activities; technical testing and analysis,GOS_MEUR,Gross operating surplus - million euro,EL,2023,1385.59
sbs_ovw_act,M71,Architectural and engineering activities; technical testing and analysis,GOS_MEUR,Gross operating surplus - million euro,EL,2024,1634.43
sbs_ovw_act,M71,Architectural and engineering activities; technical testing and analysis,GOS_MEUR,Gross operating surplus - million euro,ES,2021,3999.86
sbs_ovw_act,M71,Architectural and engineering activities; technical testing and analysis,GOS_MEUR,Gross operating surplus - million euro,ES,2022,4840.04
sbs_ovw_act,M71,Architectural and engineering activities; technical testing and analysis,GOS_MEUR,Gross operating surplus - million euro,ES,2023,5788.48
sbs_ovw_act,M71,Architectural and engineering activities; technical testing and analysis,GOS_MEUR,Gross operating surplus - million euro,ES,2024,6358.34
sbs_ovw_act,M71,Architectural and engineering activities; technical testing and analysis,GOS_MEUR,Gross operating surplus - million euro,EU27_2020,2021,66583.15
sbs_ovw_act,M71,Architectural and engineering activities; technical testing and analysis,GOS_MEUR,Gross operating surplus - million euro,EU27_2020,2022,63238.72
sbs_ovw_act,M71,Architectural and engineering activities; technical testing and analysis,GOS_MEUR,Gross operating surplus - million euro,EU27_2020,2023,77887.04
sbs_ovw_act,M71,Architectural and engineering activities; technical testing and analysis,GOS_MEUR,Gross operating surplus - million euro,FI,2021,651.5
sbs_ovw_act,M71,Architectural and engineering activities; technical testing and analysis,GOS_MEUR,Gross operating surplus - million euro,FI,2022,579.05
sbs_ovw_act,M71,Architectural and engineering activities; technical testing and analysis,GOS_MEUR,Gross operating surplus - million euro,FI,2023,618.36
sbs_ovw_act,M71,Architectural and engineering activities; technical testing and analysis,GOS_MEUR,Gross operating surplus - million euro,FI,2024,594.24
sbs_ovw_act,M71,Architectural and engineering activities; technical testing and analysis,GOS_MEUR,Gross operating surplus - million euro,FR,2021,5836.19
sbs_ovw_act,M71,Architectural and engineering activities; technical testing and analysis,GOS_MEUR,Gross operating surplus - million euro,FR,2022,5737.92
sbs_ovw_act,M71,Architectural and engineering activities; technical testing and analysis,GOS_MEUR,Gross operating surplus - million euro,FR,2023,6621.23
sbs_ovw_act,M71,Architectural and engineering activities; technical testing and analysis,GOS_MEUR,Gross operating surplus - million euro,FR,2024,6501.77
sbs_ovw_act,M71,Architectural and engineering activities; technical testing and analysis,GOS_MEUR,Gross operating surplus - million euro,HU,2021,699.98
sbs_ovw_act,M71,Architectural and engineering activities; technical testing and analysis,GOS_MEUR,Gross operating surplus - million euro,HU,2022,751.99
sbs_ovw_act,M71,Architectural and engineering activities; technical testing and analysis,GOS_MEUR,Gross operating surplus - million euro,HU,2023,920.27
sbs_ovw_act,M71,Architectural and engineering activities; technical testing and analysis,GOS_MEUR,Gross operating surplus - million euro,HU,2024,937.89
sbs_ovw_act,M71,Architectural and engineering activities; technical testing and analysis,GOS_MEUR,Gross operating surplus - million euro,IE,2021,1431.22
sbs_ovw_act,M71,Architectural and engineering activities; technical testing and analysis,GOS_MEUR,Gross operating surplus - million euro,IE,2022,1666.12
sbs_ovw_act,M71,Architectural and engineering activities; technical testing and analysis,GOS_MEUR,Gross operating surplus - million euro,IE,2023,1874.51
sbs_ovw_act,M71,Architectural and engineering activities; technical testing and analysis,GOS_MEUR,Gross operating surplus - million euro,IE,2024,2917.13
sbs_ovw_act,M71,Architectural and engineering activities; technical testing and analysis,GOS_MEUR,Gross operating surplus - million euro,IT,2021,11110.13
sbs_ovw_act,M71,Architectural and engineering activities; technical testing and analysis,GOS_MEUR,Gross operating surplus - million euro,IT,2022,13789.86
sbs_ovw_act,M71,Architectural and engineering activities; technical testing and analysis,GOS_MEUR,Gross operating surplus - million euro,IT,2023,15674.48
sbs_ovw_act,M71,Architectural and engineering activities; technical testing and analysis,GOS_MEUR,Gross operating surplus - million euro,IT,2024,16274.46
sbs_ovw_act,M71,Architectural and engineering activities; technical testing and analysis,GOS_MEUR,Gross operating surplus - million euro,NL,2021,4011.59
sbs_ovw_act,M71,Architectural and engineering activities; technical testing and analysis,GOS_MEUR,Gross operating surplus - million euro,NL,2022,4049.9
sbs_ovw_act,M71,Architectural and engineering activities; technical testing and analysis,GOS_MEUR,Gross operating surplus - million euro,NL,2023,4440.01
sbs_ovw_act,M71,Architectural and engineering activities; technical testing and analysis,GOS_MEUR,Gross operating surplus - million euro,NL,2024,5527.31
sbs_ovw_act,M71,Architectural and engineering activities; technical testing and analysis,GOS_MEUR,Gross operating surplus - million euro,PL,2021,1650.8
sbs_ovw_act,M71,Architectural and engineering activities; technical testing and analysis,GOS_MEUR,Gross operating surplus - million euro,PL,2022,1797.62
sbs_ovw_act,M71,Architectural and engineering activities; technical testing and analysis,GOS_MEUR,Gross operating surplus - million euro,PL,2023,1848.63
sbs_ovw_act,M71,Architectural and engineering activities; technical testing and analysis,GOS_MEUR,Gross operating surplus - million euro,PL,2024,2130.6
sbs_ovw_act,M71,Architectural and engineering activities; technical testing and analysis,GOS_MEUR,Gross operating surplus - million euro,PT,2021,558.93
sbs_ovw_act,M71,Architectural and engineering activities; technical testing and analysis,GOS_MEUR,Gross operating surplus - million euro,PT,2022,642.33
sbs_ovw_act,M71,Architectural and engineering activities; technical testing and analysis,GOS_MEUR,Gross operating surplus - million euro,PT,2023,788.7
sbs_ovw_act,M71,Architectural and engineering activities; technical testing and analysis,GOS_MEUR,Gross operating surplus - million euro,PT,2024,928.2
sbs_ovw_act,M71,Architectural and engineering activities; technical testing and analysis,GOS_MEUR,Gross operating surplus - million euro,RO,2021,775.87
sbs_ovw_act,M71,Architectural and engineering activities; technical testing and analysis,GOS_MEUR,Gross operating surplus - million euro,RO,2022,1225.54
sbs_ovw_act,M71,Architectural and engineering activities; technical testing and analysis,GOS_MEUR,Gross operating surplus - million euro,RO,2023,1323.78
sbs_ovw_act,M71,Architectural and engineering activities; technical testing and analysis,GOS_MEUR,Gross operating surplus - million euro,RO,2024,1268.82
sbs_ovw_act,M71,Architectural and engineering activities; technical testing and analysis,GOS_MEUR,Gross operating surplus - million euro,SE,2021,1267.14
sbs_ovw_act,M71,Architectural and engineering activities; technical testing and analysis,GOS_MEUR,Gross operating surplus - million euro,SE,2022,1063.68
sbs_ovw_act,M71,Architectural and engineering activities; technical testing and analysis,GOS_MEUR,Gross operating surplus - million euro,SE,2023,1937.09
sbs_ovw_act,M71,Architectural and engineering activities; technical testing and analysis,GOS_MEUR,Gross operating surplus - million euro,SE,2024,1928.61
sbs_ovw_act,M71,Architectural and engineering activities; technical testing and analysis,NETTUR_MEUR,Net turnover - million euro,AT,2021,9235.93
sbs_ovw_act,M71,Architectural and engineering activities; technical testing and analysis,NETTUR_MEUR,Net turnover - million euro,AT,2022,10052.49
sbs_ovw_act,M71,Architectural and engineering activities; technical testing and analysis,NETTUR_MEUR,Net turnover - million euro,AT,2023,10662.53
sbs_ovw_act,M71,Architectural and engineering activities; technical testing and analysis,NETTUR_MEUR,Net turnover - million euro,AT,2024,11226.95
sbs_ovw_act,M71,Architectural and engineering activities; technical testing and analysis,NETTUR_MEUR,Net turnover - million euro,BE,2021,12478.15
sbs_ovw_act,M71,Architectural and engineering activities; technical testing and analysis,NETTUR_MEUR,Net turnover - million euro,BE,2022,13598.34
sbs_ovw_act,M71,Architectural and engineering activities; technical testing and analysis,NETTUR_MEUR,Net turnover - million euro,BE,2023,15203.47
sbs_ovw_act,M71,Architectural and engineering activities; technical testing and analysis,NETTUR_MEUR,Net turnover - million euro,BE,2024,15719.23
sbs_ovw_act,M71,Architectural and engineering activities; technical testing and analysis,NETTUR_MEUR,Net turnover - million euro,CZ,2021,6404.96
sbs_ovw_act,M71,Architectural and engineering activities; technical testing and analysis,NETTUR_MEUR,Net turnover - million euro,CZ,2022,7651.85
sbs_ovw_act,M71,Architectural and engineering activities; technical testing and analysis,NETTUR_MEUR,Net turnover - million euro,CZ,2023,8563.91
sbs_ovw_act,M71,Architectural and engineering activities; technical testing and analysis,NETTUR_MEUR,Net turnover - million euro,CZ,2024,8426.27
sbs_ovw_act,M71,Architectural and engineering activities; technical testing and analysis,NETTUR_MEUR,Net turnover - million euro,DE,2021,98499.82
sbs_ovw_act,M71,Architectural and engineering activities; technical testing and analysis,NETTUR_MEUR,Net turnover - million euro,DE,2022,105746.7
sbs_ovw_act,M71,Architectural and engineering activities; technical testing and analysis,NETTUR_MEUR,Net turnover - million euro,DE,2023,122486.03
sbs_ovw_act,M71,Architectural and engineering activities; technical testing and analysis,NETTUR_MEUR,Net turnover - million euro,DE,2024,114742.61
sbs_ovw_act,M71,Architectural and engineering activities; technical testing and analysis,NETTUR_MEUR,Net turnover - million euro,DK,2021,9572.28
sbs_ovw_act,M71,Architectural and engineering activities; technical testing and analysis,NETTUR_MEUR,Net turnover - million euro,DK,2022,10691.51
sbs_ovw_act,M71,Architectural and engineering activities; technical testing and analysis,NETTUR_MEUR,Net turnover - million euro,DK,2023,11407.84
sbs_ovw_act,M71,Architectural and engineering activities; technical testing and analysis,NETTUR_MEUR,Net turnover - million euro,DK,2024,12081.09
sbs_ovw_act,M71,Architectural and engineering activities; technical testing and analysis,NETTUR_MEUR,Net turnover - million euro,EL,2021,3103.79
sbs_ovw_act,M71,Architectural and engineering activities; technical testing and analysis,NETTUR_MEUR,Net turnover - million euro,EL,2022,3903.82
sbs_ovw_act,M71,Architectural and engineering activities; technical testing and analysis,NETTUR_MEUR,Net turnover - million euro,EL,2023,4630.99
sbs_ovw_act,M71,Architectural and engineering activities; technical testing and analysis,NETTUR_MEUR,Net turnover - million euro,EL,2024,5423.12
sbs_ovw_act,M71,Architectural and engineering activities; technical testing and analysis,NETTUR_MEUR,Net turnover - million euro,ES,2021,27475.0
sbs_ovw_act,M71,Architectural and engineering activities; technical testing and analysis,NETTUR_MEUR,Net turnover - million euro,ES,2022,30874.45
sbs_ovw_act,M71,Architectural and engineering activities; technical testing and analysis,NETTUR_MEUR,Net turnover - million euro,ES,2023,34353.19
sbs_ovw_act,M71,Architectural and engineering activities; technical testing and analysis,NETTUR_MEUR,Net turnover - million euro,ES,2024,37089.22
sbs_ovw_act,M71,Architectural and engineering activities; technical testing and analysis,NETTUR_MEUR,Net turnover - million euro,EU27_2020,2021,350786.29
sbs_ovw_act,M71,Architectural and engineering activities; technical testing and analysis,NETTUR_MEUR,Net turnover - million euro,EU27_2020,2022,384744.28
sbs_ovw_act,M71,Architectural and engineering activities; technical testing and analysis,NETTUR_MEUR,Net turnover - million euro,EU27_2020,2023,427363.59
sbs_ovw_act,M71,Architectural and engineering activities; technical testing and analysis,NETTUR_MEUR,Net turnover - million euro,FI,2021,6422.22
sbs_ovw_act,M71,Architectural and engineering activities; technical testing and analysis,NETTUR_MEUR,Net turnover - million euro,FI,2022,7031.16
sbs_ovw_act,M71,Architectural and engineering activities; technical testing and analysis,NETTUR_MEUR,Net turnover - million euro,FI,2023,7454.87
sbs_ovw_act,M71,Architectural and engineering activities; technical testing and analysis,NETTUR_MEUR,Net turnover - million euro,FI,2024,7522.92
sbs_ovw_act,M71,Architectural and engineering activities; technical testing and analysis,NETTUR_MEUR,Net turnover - million euro,FR,2021,64791.51
sbs_ovw_act,M71,Architectural and engineering activities; technical testing and analysis,NETTUR_MEUR,Net turnover - million euro,FR,2022,67050.2
sbs_ovw_act,M71,Architectural and engineering activities; technical testing and analysis,NETTUR_MEUR,Net turnover - million euro,FR,2023,70351.3
sbs_ovw_act,M71,Architectural and engineering activities; technical testing and analysis,NETTUR_MEUR,Net turnover - million euro,FR,2024,74830.51
sbs_ovw_act,M71,Architectural and engineering activities; technical testing and analysis,NETTUR_MEUR,Net turnover - million euro,HU,2021,4238.92
sbs_ovw_act,M71,Architectural and engineering activities; technical testing and analysis,NETTUR_MEUR,Net turnover - million euro,HU,2022,4381.24
sbs_ovw_act,M71,Architectural and engineering activities; technical testing and analysis,NETTUR_MEUR,Net turnover - million euro,HU,2023,4796.6
sbs_ovw_act,M71,Architectural and engineering activities; technical testing and analysis,NETTUR_MEUR,Net turnover - million euro,HU,2024,4788.26
sbs_ovw_act,M71,Architectural and engineering activities; technical testing and analysis,NETTUR_MEUR,Net turnover - million euro,IE,2021,9741.28
sbs_ovw_act,M71,Architectural and engineering activities; technical testing and analysis,NETTUR_MEUR,Net turnover - million euro,IE,2022,11744.09
sbs_ovw_act,M71,Architectural and engineering activities; technical testing and analysis,NETTUR_MEUR,Net turnover - million euro,IE,2023,14934.87
sbs_ovw_act,M71,Architectural and engineering activities; technical testing and analysis,NETTUR_MEUR,Net turnover - million euro,IE,2024,13239.57
sbs_ovw_act,M71,Architectural and engineering activities; technical testing and analysis,NETTUR_MEUR,Net turnover - million euro,IT,2021,28467.45
sbs_ovw_act,M71,Architectural and engineering activities; technical testing and analysis,NETTUR_MEUR,Net turnover - million euro,IT,2022,34208.18
sbs_ovw_act,M71,Architectural and engineering activities; technical testing and analysis,NETTUR_MEUR,Net turnover - million euro,IT,2023,39542.64
sbs_ovw_act,M71,Architectural and engineering activities; technical testing and analysis,NETTUR_MEUR,Net turnover - million euro,IT,2024,41116.68
sbs_ovw_act,M71,Architectural and engineering activities; technical testing and analysis,NETTUR_MEUR,Net turnover - million euro,NL,2021,24161.4
sbs_ovw_act,M71,Architectural and engineering activities; technical testing and analysis,NETTUR_MEUR,Net turnover - million euro,NL,2022,25086.28
sbs_ovw_act,M71,Architectural and engineering activities; technical testing and analysis,NETTUR_MEUR,Net turnover - million euro,NL,2023,27639.67
sbs_ovw_act,M71,Architectural and engineering activities; technical testing and analysis,NETTUR_MEUR,Net turnover - million euro,NL,2024,29840.65
sbs_ovw_act,M71,Architectural and engineering activities; technical testing and analysis,NETTUR_MEUR,Net turnover - million euro,PL,2021,9591.33
sbs_ovw_act,M71,Architectural and engineering activities; technical testing and analysis,NETTUR_MEUR,Net turnover - million euro,PL,2022,10765.71
sbs_ovw_act,M71,Architectural and engineering activities; technical testing and analysis,NETTUR_MEUR,Net turnover - million euro,PL,2023,12107.59
sbs_ovw_act,M71,Architectural and engineering activities; technical testing and analysis,NETTUR_MEUR,Net turnover - million euro,PL,2024,13563.32
sbs_ovw_act,M71,Architectural and engineering activities; technical testing and analysis,NETTUR_MEUR,Net turnover - million euro,PT,2021,3444.12
sbs_ovw_act,M71,Architectural and engineering activities; technical testing and analysis,NETTUR_MEUR,Net turnover - million euro,PT,2022,4047.02
sbs_ovw_act,M71,Architectural and engineering activities; technical testing and analysis,NETTUR_MEUR,Net turnover - million euro,PT,2023,4791.59
sbs_ovw_act,M71,Architectural and engineering activities; technical testing and analysis,NETTUR_MEUR,Net turnover - million euro,PT,2024,5622.57
sbs_ovw_act,M71,Architectural and engineering activities; technical testing and analysis,NETTUR_MEUR,Net turnover - million euro,RO,2021,3401.93
sbs_ovw_act,M71,Architectural and engineering activities; technical testing and analysis,NETTUR_MEUR,Net turnover - million euro,RO,2022,4504.08
sbs_ovw_act,M71,Architectural and engineering activities; technical testing and analysis,NETTUR_MEUR,Net turnover - million euro,RO,2023,5706.74
sbs_ovw_act,M71,Architectural and engineering activities; technical testing and analysis,NETTUR_MEUR,Net turnover - million euro,RO,2024,6087.47
sbs_ovw_act,M71,Architectural and engineering activities; technical testing and analysis,NETTUR_MEUR,Net turnover - million euro,SE,2021,19492.67
sbs_ovw_act,M71,Architectural and engineering activities; technical testing and analysis,NETTUR_MEUR,Net turnover - million euro,SE,2022,21561.79
sbs_ovw_act,M71,Architectural and engineering activities; technical testing and analysis,NETTUR_MEUR,Net turnover - million euro,SE,2023,19384.18
sbs_ovw_act,M71,Architectural and engineering activities; technical testing and analysis,NETTUR_MEUR,Net turnover - million euro,SE,2024,19849.32
sbs_ovw_act,M71,Architectural and engineering activities; technical testing and analysis,SAL_NR,Employees - number,AT,2021,50245.0
sbs_ovw_act,M71,Architectural and engineering activities; technical testing and analysis,SAL_NR,Employees - number,AT,2022,52085.0
sbs_ovw_act,M71,Architectural and engineering activities; technical testing and analysis,SAL_NR,Employees - number,AT,2023,52656.0
sbs_ovw_act,M71,Architectural and engineering activities; technical testing and analysis,SAL_NR,Employees - number,AT,2024,52442.0
sbs_ovw_act,M71,Architectural and engineering activities; technical testing and analysis,SAL_NR,Employees - number,BE,2021,44900.0
sbs_ovw_act,M71,Architectural and engineering activities; technical testing and analysis,SAL_NR,Employees - number,BE,2022,45951.0
sbs_ovw_act,M71,Architectural and engineering activities; technical testing and analysis,SAL_NR,Employees - number,BE,2023,48397.0
sbs_ovw_act,M71,Architectural and engineering activities; technical testing and analysis,SAL_NR,Employees - number,BE,2024,47978.0
sbs_ovw_act,M71,Architectural and engineering activities; technical testing and analysis,SAL_NR,Employees - number,CZ,2021,53109.0
sbs_ovw_act,M71,Architectural and engineering activities; technical testing and analysis,SAL_NR,Employees - number,CZ,2022,54266.0
sbs_ovw_act,M71,Architectural and engineering activities; technical testing and analysis,SAL_NR,Employees - number,CZ,2023,54037.0
sbs_ovw_act,M71,Architectural and engineering activities; technical testing and analysis,SAL_NR,Employees - number,CZ,2024,54464.0
sbs_ovw_act,M71,Architectural and engineering activities; technical testing and analysis,SAL_NR,Employees - number,DE,2021,662476.0
sbs_ovw_act,M71,Architectural and engineering activities; technical testing and analysis,SAL_NR,Employees - number,DE,2022,634532.0
sbs_ovw_act,M71,Architectural and engineering activities; technical testing and analysis,SAL_NR,Employees - number,DE,2023,658908.0
sbs_ovw_act,M71,Architectural and engineering activities; technical testing and analysis,SAL_NR,Employees - number,DE,2024,694078.0
sbs_ovw_act,M71,Architectural and engineering activities; technical testing and analysis,SAL_NR,Employees - number,DK,2021,47787.0
sbs_ovw_act,M71,Architectural and engineering activities; technical testing and analysis,SAL_NR,Employees - number,DK,2022,50683.0
sbs_ovw_act,M71,Architectural and engineering activities; technical testing and analysis,SAL_NR,Employees - number,DK,2023,53512.0
sbs_ovw_act,M71,Architectural and engineering activities; technical testing and analysis,SAL_NR,Employees - number,DK,2024,55718.0
sbs_ovw_act,M71,Architectural and engineering activities; technical testing and analysis,SAL_NR,Employees - number,EL,2021,26617.0
sbs_ovw_act,M71,Architectural and engineering activities; technical testing and analysis,SAL_NR,Employees - number,EL,2022,29174.0
sbs_ovw_act,M71,Architectural and engineering activities; technical testing and analysis,SAL_NR,Employees - number,EL,2023,30378.0
sbs_ovw_act,M71,Architectural and engineering activities; technical testing and analysis,SAL_NR,Employees - number,EL,2024,32197.0
sbs_ovw_act,M71,Architectural and engineering activities; technical testing and analysis,SAL_NR,Employees - number,ES,2021,193792.0
sbs_ovw_act,M71,Architectural and engineering activities; technical testing and analysis,SAL_NR,Employees - number,ES,2022,204135.0
sbs_ovw_act,M71,Architectural and engineering activities; technical testing and analysis,SAL_NR,Employees - number,ES,2023,216479.0
sbs_ovw_act,M71,Architectural and engineering activities; technical testing and analysis,SAL_NR,Employees - number,ES,2024,229160.0
sbs_ovw_act,M71,Architectural and engineering activities; technical testing and analysis,SAL_NR,Employees - number,EU27_2020,2021,2213563.0
sbs_ovw_act,M71,Architectural and engineering activities; technical testing and analysis,SAL_NR,Employees - number,EU27_2020,2022,2269919.0
sbs_ovw_act,M71,Architectural and engineering activities; technical testing and analysis,SAL_NR,Employees - number,EU27_2020,2023,2352927.0
sbs_ovw_act,M71,Architectural and engineering activities; technical testing and analysis,SAL_NR,Employees - number,FI,2021,43645.0
sbs_ovw_act,M71,Architectural and engineering activities; technical testing and analysis,SAL_NR,Employees - number,FI,2022,45432.0
sbs_ovw_act,M71,Architectural and engineering activities; technical testing and analysis,SAL_NR,Employees - number,FI,2023,45757.0
sbs_ovw_act,M71,Architectural and engineering activities; technical testing and analysis,SAL_NR,Employees - number,FI,2024,44360.0
sbs_ovw_act,M71,Architectural and engineering activities; technical testing and analysis,SAL_NR,Employees - number,FR,2021,363181.0
sbs_ovw_act,M71,Architectural and engineering activities; technical testing and analysis,SAL_NR,Employees - number,FR,2022,380971.0
sbs_ovw_act,M71,Architectural and engineering activities; technical testing and analysis,SAL_NR,Employees - number,FR,2023,396258.0
sbs_ovw_act,M71,Architectural and engineering activities; technical testing and analysis,SAL_NR,Employees - number,FR,2024,410995.0
sbs_ovw_act,M71,Architectural and engineering activities; technical testing and analysis,SAL_NR,Employees - number,HU,2021,39022.0
sbs_ovw_act,M71,Architectural and engineering activities; technical testing and analysis,SAL_NR,Employees - number,HU,2022,41251.0
sbs_ovw_act,M71,Architectural and engineering activities; technical testing and analysis,SAL_NR,Employees - number,HU,2023,44176.0
sbs_ovw_act,M71,Architectural and engineering activities; technical testing and analysis,SAL_NR,Employees - number,HU,2024,43576.0
sbs_ovw_act,M71,Architectural and engineering activities; technical testing and analysis,SAL_NR,Employees - number,IE,2021,36631.0
sbs_ovw_act,M71,Architectural and engineering activities; technical testing and analysis,SAL_NR,Employees - number,IE,2022,41862.0
sbs_ovw_act,M71,Architectural and engineering activities; technical testing and analysis,SAL_NR,Employees - number,IE,2023,44700.0
sbs_ovw_act,M71,Architectural and engineering activities; technical testing and analysis,SAL_NR,Employees - number,IE,2024,46374.0
sbs_ovw_act,M71,Architectural and engineering activities; technical testing and analysis,SAL_NR,Employees - number,IT,2021,91487.0
sbs_ovw_act,M71,Architectural and engineering activities; technical testing and analysis,SAL_NR,Employees - number,IT,2022,100289.0
sbs_ovw_act,M71,Architectural and engineering activities; technical testing and analysis,SAL_NR,Employees - number,IT,2023,105599.0
sbs_ovw_act,M71,Architectural and engineering activities; technical testing and analysis,SAL_NR,Employees - number,IT,2024,116455.0
sbs_ovw_act,M71,Architectural and engineering activities; technical testing and analysis,SAL_NR,Employees - number,NL,2021,122287.0
sbs_ovw_act,M71,Architectural and engineering activities; technical testing and analysis,SAL_NR,Employees - number,NL,2022,126963.0
sbs_ovw_act,M71,Architectural and engineering activities; technical testing and analysis,SAL_NR,Employees - number,NL,2023,131450.0
sbs_ovw_act,M71,Architectural and engineering activities; technical testing and analysis,SAL_NR,Employees - number,NL,2024,137904.0
sbs_ovw_act,M71,Architectural and engineering activities; technical testing and analysis,SAL_NR,Employees - number,PL,2021,93912.0
sbs_ovw_act,M71,Architectural and engineering activities; technical testing and analysis,SAL_NR,Employees - number,PL,2022,95452.0
sbs_ovw_act,M71,Architectural and engineering activities; technical testing and analysis,SAL_NR,Employees - number,PL,2023,91804.0
sbs_ovw_act,M71,Architectural and engineering activities; technical testing and analysis,SAL_NR,Employees - number,PL,2024,92236.0
sbs_ovw_act,M71,Architectural and engineering activities; technical testing and analysis,SAL_NR,Employees - number,PT,2021,41651.0
sbs_ovw_act,M71,Architectural and engineering activities; technical testing and analysis,SAL_NR,Employees - number,PT,2022,45654.0
sbs_ovw_act,M71,Architectural and engineering activities; technical testing and analysis,SAL_NR,Employees - number,PT,2023,48206.0
sbs_ovw_act,M71,Architectural and engineering activities; technical testing and analysis,SAL_NR,Employees - number,PT,2024,50992.0
sbs_ovw_act,M71,Architectural and engineering activities; technical testing and analysis,SAL_NR,Employees - number,RO,2021,72935.0
sbs_ovw_act,M71,Architectural and engineering activities; technical testing and analysis,SAL_NR,Employees - number,RO,2022,78997.0
sbs_ovw_act,M71,Architectural and engineering activities; technical testing and analysis,SAL_NR,Employees - number,RO,2023,85979.0
sbs_ovw_act,M71,Architectural and engineering activities; technical testing and analysis,SAL_NR,Employees - number,RO,2024,83921.0
sbs_ovw_act,M71,Architectural and engineering activities; technical testing and analysis,SAL_NR,Employees - number,SE,2021,111420.0
sbs_ovw_act,M71,Architectural and engineering activities; technical testing and analysis,SAL_NR,Employees - number,SE,2022,120270.0
sbs_ovw_act,M71,Architectural and engineering activities; technical testing and analysis,SAL_NR,Employees - number,SE,2023,119933.0
sbs_ovw_act,M71,Architectural and engineering activities; technical testing and analysis,SAL_NR,Employees - number,SE,2024,119756.0
sbs_ovw_act,M71,Architectural and engineering activities; technical testing and analysis,VAL_OUT_MEUR,Value of output - million euro,AT,2021,7481.13
sbs_ovw_act,M71,Architectural and engineering activities; technical testing and analysis,VAL_OUT_MEUR,Value of output - million euro,AT,2022,8068.57
sbs_ovw_act,M71,Architectural and engineering activities; technical testing and analysis,VAL_OUT_MEUR,Value of output - million euro,AT,2023,8276.56
sbs_ovw_act,M71,Architectural and engineering activities; technical testing and analysis,VAL_OUT_MEUR,Value of output - million euro,AT,2024,8476.72
sbs_ovw_act,M71,Architectural and engineering activities; technical testing and analysis,VAL_OUT_MEUR,Value of output - million euro,BE,2021,12871.85
sbs_ovw_act,M71,Architectural and engineering activities; technical testing and analysis,VAL_OUT_MEUR,Value of output - million euro,BE,2022,13702.33
sbs_ovw_act,M71,Architectural and engineering activities; technical testing and analysis,VAL_OUT_MEUR,Value of output - million euro,BE,2023,15369.29
sbs_ovw_act,M71,Architectural and engineering activities; technical testing and analysis,VAL_OUT_MEUR,Value of output - million euro,BE,2024,16013.91
sbs_ovw_act,M71,Architectural and engineering activities; technical testing and analysis,VAL_OUT_MEUR,Value of output - million euro,CZ,2021,6145.44
sbs_ovw_act,M71,Architectural and engineering activities; technical testing and analysis,VAL_OUT_MEUR,Value of output - million euro,CZ,2022,7402.04
sbs_ovw_act,M71,Architectural and engineering activities; technical testing and analysis,VAL_OUT_MEUR,Value of output - million euro,CZ,2023,8188.94
sbs_ovw_act,M71,Architectural and engineering activities; technical testing and analysis,VAL_OUT_MEUR,Value of output - million euro,CZ,2024,8113.57
sbs_ovw_act,M71,Architectural and engineering activities; technical testing and analysis,VAL_OUT_MEUR,Value of output - million euro,DE,2021,86941.47
sbs_ovw_act,M71,Architectural and engineering activities; technical testing and analysis,VAL_OUT_MEUR,Value of output - million euro,DE,2022,81450.47
sbs_ovw_act,M71,Architectural and engineering activities; technical testing and analysis,VAL_OUT_MEUR,Value of output - million euro,DE,2023,98799.45
sbs_ovw_act,M71,Architectural and engineering activities; technical testing and analysis,VAL_OUT_MEUR,Value of output - million euro,DE,2024,97617.47
sbs_ovw_act,M71,Architectural and engineering activities; technical testing and analysis,VAL_OUT_MEUR,Value of output - million euro,DK,2021,9548.24
sbs_ovw_act,M71,Architectural and engineering activities; technical testing and analysis,VAL_OUT_MEUR,Value of output - million euro,DK,2022,10720.03
sbs_ovw_act,M71,Architectural and engineering activities; technical testing and analysis,VAL_OUT_MEUR,Value of output - million euro,DK,2023,11170.21
sbs_ovw_act,M71,Architectural and engineering activities; technical testing and analysis,VAL_OUT_MEUR,Value of output - million euro,DK,2024,12061.8
sbs_ovw_act,M71,Architectural and engineering activities; technical testing and analysis,VAL_OUT_MEUR,Value of output - million euro,EL,2021,2925.42
sbs_ovw_act,M71,Architectural and engineering activities; technical testing and analysis,VAL_OUT_MEUR,Value of output - million euro,EL,2022,3645.5
sbs_ovw_act,M71,Architectural and engineering activities; technical testing and analysis,VAL_OUT_MEUR,Value of output - million euro,EL,2023,4379.18
sbs_ovw_act,M71,Architectural and engineering activities; technical testing and analysis,VAL_OUT_MEUR,Value of output - million euro,EL,2024,5027.01
sbs_ovw_act,M71,Architectural and engineering activities; technical testing and analysis,VAL_OUT_MEUR,Value of output - million euro,ES,2021,23368.04
sbs_ovw_act,M71,Architectural and engineering activities; technical testing and analysis,VAL_OUT_MEUR,Value of output - million euro,ES,2022,27234.1
sbs_ovw_act,M71,Architectural and engineering activities; technical testing and analysis,VAL_OUT_MEUR,Value of output - million euro,ES,2023,29404.42
sbs_ovw_act,M71,Architectural and engineering activities; technical testing and analysis,VAL_OUT_MEUR,Value of output - million euro,ES,2024,31551.38
sbs_ovw_act,M71,Architectural and engineering activities; technical testing and analysis,VAL_OUT_MEUR,Value of output - million euro,EU27_2020,2021,325955.77
sbs_ovw_act,M71,Architectural and engineering activities; technical testing and analysis,VAL_OUT_MEUR,Value of output - million euro,EU27_2020,2022,344879.46
sbs_ovw_act,M71,Architectural and engineering activities; technical testing and analysis,VAL_OUT_MEUR,Value of output - million euro,EU27_2020,2023,384435.41
sbs_ovw_act,M71,Architectural and engineering activities; technical testing and analysis,VAL_OUT_MEUR,Value of output - million euro,FI,2021,6419.72
sbs_ovw_act,M71,Architectural and engineering activities; technical testing and analysis,VAL_OUT_MEUR,Value of output - million euro,FI,2022,6676.48
sbs_ovw_act,M71,Architectural and engineering activities; technical testing and analysis,VAL_OUT_MEUR,Value of output - million euro,FI,2023,6935.76
sbs_ovw_act,M71,Architectural and engineering activities; technical testing and analysis,VAL_OUT_MEUR,Value of output - million euro,FI,2024,7110.69
sbs_ovw_act,M71,Architectural and engineering activities; technical testing and analysis,VAL_OUT_MEUR,Value of output - million euro,FR,2021,65470.92
sbs_ovw_act,M71,Architectural and engineering activities; technical testing and analysis,VAL_OUT_MEUR,Value of output - million euro,FR,2022,68271.93
sbs_ovw_act,M71,Architectural and engineering activities; technical testing and analysis,VAL_OUT_MEUR,Value of output - million euro,FR,2023,71882.78
sbs_ovw_act,M71,Architectural and engineering activities; technical testing and analysis,VAL_OUT_MEUR,Value of output - million euro,FR,2024,77309.56
sbs_ovw_act,M71,Architectural and engineering activities; technical testing and analysis,VAL_OUT_MEUR,Value of output - million euro,HU,2021,2974.83
sbs_ovw_act,M71,Architectural and engineering activities; technical testing and analysis,VAL_OUT_MEUR,Value of output - million euro,HU,2022,3108.2
sbs_ovw_act,M71,Architectural and engineering activities; technical testing and analysis,VAL_OUT_MEUR,Value of output - million euro,HU,2023,3583.5
sbs_ovw_act,M71,Architectural and engineering activities; technical testing and analysis,VAL_OUT_MEUR,Value of output - million euro,HU,2024,3610.18
sbs_ovw_act,M71,Architectural and engineering activities; technical testing and analysis,VAL_OUT_MEUR,Value of output - million euro,IE,2021,4734.74
sbs_ovw_act,M71,Architectural and engineering activities; technical testing and analysis,VAL_OUT_MEUR,Value of output - million euro,IE,2022,5858.7
sbs_ovw_act,M71,Architectural and engineering activities; technical testing and analysis,VAL_OUT_MEUR,Value of output - million euro,IE,2023,6445.26
sbs_ovw_act,M71,Architectural and engineering activities; technical testing and analysis,VAL_OUT_MEUR,Value of output - million euro,IE,2024,6680.25
sbs_ovw_act,M71,Architectural and engineering activities; technical testing and analysis,VAL_OUT_MEUR,Value of output - million euro,IT,2021,31159.9
sbs_ovw_act,M71,Architectural and engineering activities; technical testing and analysis,VAL_OUT_MEUR,Value of output - million euro,IT,2022,38385.69
sbs_ovw_act,M71,Architectural and engineering activities; technical testing and analysis,VAL_OUT_MEUR,Value of output - million euro,IT,2023,43220.64
sbs_ovw_act,M71,Architectural and engineering activities; technical testing and analysis,VAL_OUT_MEUR,Value of output - million euro,IT,2024,46087.53
sbs_ovw_act,M71,Architectural and engineering activities; technical testing and analysis,VAL_OUT_MEUR,Value of output - million euro,NL,2021,21540.18
sbs_ovw_act,M71,Architectural and engineering activities; technical testing and analysis,VAL_OUT_MEUR,Value of output - million euro,NL,2022,21979.79
sbs_ovw_act,M71,Architectural and engineering activities; technical testing and analysis,VAL_OUT_MEUR,Value of output - million euro,NL,2023,24300.06
sbs_ovw_act,M71,Architectural and engineering activities; technical testing and analysis,VAL_OUT_MEUR,Value of output - million euro,NL,2024,26383.02
sbs_ovw_act,M71,Architectural and engineering activities; technical testing and analysis,VAL_OUT_MEUR,Value of output - million euro,PL,2021,8361.65
sbs_ovw_act,M71,Architectural and engineering activities; technical testing and analysis,VAL_OUT_MEUR,Value of output - million euro,PL,2022,9539.37
sbs_ovw_act,M71,Architectural and engineering activities; technical testing and analysis,VAL_OUT_MEUR,Value of output - million euro,PL,2023,10505.72
sbs_ovw_act,M71,Architectural and engineering activities; technical testing and analysis,VAL_OUT_MEUR,Value of output - million euro,PL,2024,11539.67
sbs_ovw_act,M71,Architectural and engineering activities; technical testing and analysis,VAL_OUT_MEUR,Value of output - million euro,PT,2021,3333.38
sbs_ovw_act,M71,Architectural and engineering activities; technical testing and analysis,VAL_OUT_MEUR,Value of output - million euro,PT,2022,3893.14
sbs_ovw_act,M71,Architectural and engineering activities; technical testing and analysis,VAL_OUT_MEUR,Value of output - million euro,PT,2023,4618.38
sbs_ovw_act,M71,Architectural and engineering activities; technical testing and analysis,VAL_OUT_MEUR,Value of output - million euro,PT,2024,5444.78
sbs_ovw_act,M71,Architectural and engineering activities; technical testing and analysis,VAL_OUT_MEUR,Value of output - million euro,RO,2021,3442.37
sbs_ovw_act,M71,Architectural and engineering activities; technical testing and analysis,VAL_OUT_MEUR,Value of output - million euro,RO,2022,4541.64
sbs_ovw_act,M71,Architectural and engineering activities; technical testing and analysis,VAL_OUT_MEUR,Value of output - million euro,RO,2023,5769.3
sbs_ovw_act,M71,Architectural and engineering activities; technical testing and analysis,VAL_OUT_MEUR,Value of output - million euro,RO,2024,6120.33
sbs_ovw_act,M71,Architectural and engineering activities; technical testing and analysis,VAL_OUT_MEUR,Value of output - million euro,SE,2021,19651.03
sbs_ovw_act,M71,Architectural and engineering activities; technical testing and analysis,VAL_OUT_MEUR,Value of output - million euro,SE,2022,19465.27
sbs_ovw_act,M71,Architectural and engineering activities; technical testing and analysis,VAL_OUT_MEUR,Value of output - million euro,SE,2023,19161.15
sbs_ovw_act,M71,Architectural and engineering activities; technical testing and analysis,VAL_OUT_MEUR,Value of output - million euro,SE,2024,19538.18
sbs_ovw_act,M71,Architectural and engineering activities; technical testing and analysis,WAGE_MEUR,Wages and salaries - million euro,AT,2021,2229.38
sbs_ovw_act,M71,Architectural and engineering activities; technical testing and analysis,WAGE_MEUR,Wages and salaries - million euro,AT,2022,2441.12
sbs_ovw_act,M71,Architectural and engineering activities; technical testing and analysis,WAGE_MEUR,Wages and salaries - million euro,AT,2023,2641.99
sbs_ovw_act,M71,Architectural and engineering activities; technical testing and analysis,WAGE_MEUR,Wages and salaries - million euro,AT,2024,2815.42
sbs_ovw_act,M71,Architectural and engineering activities; technical testing and analysis,WAGE_MEUR,Wages and salaries - million euro,BE,2021,2442.47
sbs_ovw_act,M71,Architectural and engineering activities; technical testing and analysis,WAGE_MEUR,Wages and salaries - million euro,BE,2022,2610.02
sbs_ovw_act,M71,Architectural and engineering activities; technical testing and analysis,WAGE_MEUR,Wages and salaries - million euro,BE,2023,3004.53
sbs_ovw_act,M71,Architectural and engineering activities; technical testing and analysis,WAGE_MEUR,Wages and salaries - million euro,BE,2024,3021.88
sbs_ovw_act,M71,Architectural and engineering activities; technical testing and analysis,WAGE_MEUR,Wages and salaries - million euro,CZ,2021,1124.71
sbs_ovw_act,M71,Architectural and engineering activities; technical testing and analysis,WAGE_MEUR,Wages and salaries - million euro,CZ,2022,1294.47
sbs_ovw_act,M71,Architectural and engineering activities; technical testing and analysis,WAGE_MEUR,Wages and salaries - million euro,CZ,2023,1431.73
sbs_ovw_act,M71,Architectural and engineering activities; technical testing and analysis,WAGE_MEUR,Wages and salaries - million euro,CZ,2024,1484.04
sbs_ovw_act,M71,Architectural and engineering activities; technical testing and analysis,WAGE_MEUR,Wages and salaries - million euro,DE,2021,30509.72
sbs_ovw_act,M71,Architectural and engineering activities; technical testing and analysis,WAGE_MEUR,Wages and salaries - million euro,DE,2022,30122.4
sbs_ovw_act,M71,Architectural and engineering activities; technical testing and analysis,WAGE_MEUR,Wages and salaries - million euro,DE,2023,34119.67
sbs_ovw_act,M71,Architectural and engineering activities; technical testing and analysis,WAGE_MEUR,Wages and salaries - million euro,DE,2024,38193.24
sbs_ovw_act,M71,Architectural and engineering activities; technical testing and analysis,WAGE_MEUR,Wages and salaries - million euro,DK,2021,3620.26
sbs_ovw_act,M71,Architectural and engineering activities; technical testing and analysis,WAGE_MEUR,Wages and salaries - million euro,DK,2022,3907.2
sbs_ovw_act,M71,Architectural and engineering activities; technical testing and analysis,WAGE_MEUR,Wages and salaries - million euro,DK,2023,4457.38
sbs_ovw_act,M71,Architectural and engineering activities; technical testing and analysis,WAGE_MEUR,Wages and salaries - million euro,DK,2024,4710.74
sbs_ovw_act,M71,Architectural and engineering activities; technical testing and analysis,WAGE_MEUR,Wages and salaries - million euro,EL,2021,313.64
sbs_ovw_act,M71,Architectural and engineering activities; technical testing and analysis,WAGE_MEUR,Wages and salaries - million euro,EL,2022,405.88
sbs_ovw_act,M71,Architectural and engineering activities; technical testing and analysis,WAGE_MEUR,Wages and salaries - million euro,EL,2023,472.55
sbs_ovw_act,M71,Architectural and engineering activities; technical testing and analysis,WAGE_MEUR,Wages and salaries - million euro,EL,2024,555.21
sbs_ovw_act,M71,Architectural and engineering activities; technical testing and analysis,WAGE_MEUR,Wages and salaries - million euro,ES,2021,6499.07
sbs_ovw_act,M71,Architectural and engineering activities; technical testing and analysis,WAGE_MEUR,Wages and salaries - million euro,ES,2022,7129.32
sbs_ovw_act,M71,Architectural and engineering activities; technical testing and analysis,WAGE_MEUR,Wages and salaries - million euro,ES,2023,7970.28
sbs_ovw_act,M71,Architectural and engineering activities; technical testing and analysis,WAGE_MEUR,Wages and salaries - million euro,ES,2024,8878.77
sbs_ovw_act,M71,Architectural and engineering activities; technical testing and analysis,WAGE_MEUR,Wages and salaries - million euro,EU27_2020,2021,89428.9
sbs_ovw_act,M71,Architectural and engineering activities; technical testing and analysis,WAGE_MEUR,Wages and salaries - million euro,EU27_2020,2022,94681.28
sbs_ovw_act,M71,Architectural and engineering activities; technical testing and analysis,WAGE_MEUR,Wages and salaries - million euro,EU27_2020,2023,104508.45
sbs_ovw_act,M71,Architectural and engineering activities; technical testing and analysis,WAGE_MEUR,Wages and salaries - million euro,FI,2021,2343.98
sbs_ovw_act,M71,Architectural and engineering activities; technical testing and analysis,WAGE_MEUR,Wages and salaries - million euro,FI,2022,2484.23
sbs_ovw_act,M71,Architectural and engineering activities; technical testing and analysis,WAGE_MEUR,Wages and salaries - million euro,FI,2023,2597.34
sbs_ovw_act,M71,Architectural and engineering activities; technical testing and analysis,WAGE_MEUR,Wages and salaries - million euro,FI,2024,2616.05
sbs_ovw_act,M71,Architectural and engineering activities; technical testing and analysis,WAGE_MEUR,Wages and salaries - million euro,FR,2021,16820.35
sbs_ovw_act,M71,Architectural and engineering activities; technical testing and analysis,WAGE_MEUR,Wages and salaries - million euro,FR,2022,18346.62
sbs_ovw_act,M71,Architectural and engineering activities; technical testing and analysis,WAGE_MEUR,Wages and salaries - million euro,FR,2023,19539.47
sbs_ovw_act,M71,Architectural and engineering activities; technical testing and analysis,WAGE_MEUR,Wages and salaries - million euro,FR,2024,21017.73
sbs_ovw_act,M71,Architectural and engineering activities; technical testing and analysis,WAGE_MEUR,Wages and salaries - million euro,HU,2021,667.7
sbs_ovw_act,M71,Architectural and engineering activities; technical testing and analysis,WAGE_MEUR,Wages and salaries - million euro,HU,2022,753.42
sbs_ovw_act,M71,Architectural and engineering activities; technical testing and analysis,WAGE_MEUR,Wages and salaries - million euro,HU,2023,905.82
sbs_ovw_act,M71,Architectural and engineering activities; technical testing and analysis,WAGE_MEUR,Wages and salaries - million euro,HU,2024,954.52
sbs_ovw_act,M71,Architectural and engineering activities; technical testing and analysis,WAGE_MEUR,Wages and salaries - million euro,IE,2021,1971.44
sbs_ovw_act,M71,Architectural and engineering activities; technical testing and analysis,WAGE_MEUR,Wages and salaries - million euro,IE,2022,2258.77
sbs_ovw_act,M71,Architectural and engineering activities; technical testing and analysis,WAGE_MEUR,Wages and salaries - million euro,IE,2023,2583.55
sbs_ovw_act,M71,Architectural and engineering activities; technical testing and analysis,WAGE_MEUR,Wages and salaries - million euro,IE,2024,2797.53
sbs_ovw_act,M71,Architectural and engineering activities; technical testing and analysis,WAGE_MEUR,Wages and salaries - million euro,IT,2021,3239.69
sbs_ovw_act,M71,Architectural and engineering activities; technical testing and analysis,WAGE_MEUR,Wages and salaries - million euro,IT,2022,3678.11
sbs_ovw_act,M71,Architectural and engineering activities; technical testing and analysis,WAGE_MEUR,Wages and salaries - million euro,IT,2023,4008.89
sbs_ovw_act,M71,Architectural and engineering activities; technical testing and analysis,WAGE_MEUR,Wages and salaries - million euro,IT,2024,4580.8
sbs_ovw_act,M71,Architectural and engineering activities; technical testing and analysis,WAGE_MEUR,Wages and salaries - million euro,NL,2021,6328.11
sbs_ovw_act,M71,Architectural and engineering activities; technical testing and analysis,WAGE_MEUR,Wages and salaries - million euro,NL,2022,6877.52
sbs_ovw_act,M71,Architectural and engineering activities; technical testing and analysis,WAGE_MEUR,Wages and salaries - million euro,NL,2023,7528.04
sbs_ovw_act,M71,Architectural and engineering activities; technical testing and analysis,WAGE_MEUR,Wages and salaries - million euro,NL,2024,8088.49
sbs_ovw_act,M71,Architectural and engineering activities; technical testing and analysis,WAGE_MEUR,Wages and salaries - million euro,PL,2021,1810.78
sbs_ovw_act,M71,Architectural and engineering activities; technical testing and analysis,WAGE_MEUR,Wages and salaries - million euro,PL,2022,1979.06
sbs_ovw_act,M71,Architectural and engineering activities; technical testing and analysis,WAGE_MEUR,Wages and salaries - million euro,PL,2023,2143.01
sbs_ovw_act,M71,Architectural and engineering activities; technical testing and analysis,WAGE_MEUR,Wages and salaries - million euro,PL,2024,2666.73
sbs_ovw_act,M71,Architectural and engineering activities; technical testing and analysis,WAGE_MEUR,Wages and salaries - million euro,PT,2021,846.05
sbs_ovw_act,M71,Architectural and engineering activities; technical testing and analysis,WAGE_MEUR,Wages and salaries - million euro,PT,2022,984.99
sbs_ovw_act,M71,Architectural and engineering activities; technical testing and analysis,WAGE_MEUR,Wages and salaries - million euro,PT,2023,1136.38
sbs_ovw_act,M71,Architectural and engineering activities; technical testing and analysis,WAGE_MEUR,Wages and salaries - million euro,PT,2024,1281.63
sbs_ovw_act,M71,Architectural and engineering activities; technical testing and analysis,WAGE_MEUR,Wages and salaries - million euro,RO,2021,896.01
sbs_ovw_act,M71,Architectural and engineering activities; technical testing and analysis,WAGE_MEUR,Wages and salaries - million euro,RO,2022,1090.08
sbs_ovw_act,M71,Architectural and engineering activities; technical testing and analysis,WAGE_MEUR,Wages and salaries - million euro,RO,2023,1470.79
sbs_ovw_act,M71,Architectural and engineering activities; technical testing and analysis,WAGE_MEUR,Wages and salaries - million euro,RO,2024,1653.31
sbs_ovw_act,M71,Architectural and engineering activities; technical testing and analysis,WAGE_MEUR,Wages and salaries - million euro,SE,2021,5297.92
sbs_ovw_act,M71,Architectural and engineering activities; technical testing and analysis,WAGE_MEUR,Wages and salaries - million euro,SE,2022,5537.08
sbs_ovw_act,M71,Architectural and engineering activities; technical testing and analysis,WAGE_MEUR,Wages and salaries - million euro,SE,2023,5339.69
sbs_ovw_act,M71,Architectural and engineering activities; technical testing and analysis,WAGE_MEUR,Wages and salaries - million euro,SE,2024,5553.03
sbs_sc_ovw,M711,Architectural and engineering activities and related technical consultancy,AV_MEUR,Value added - million euro,AT,2021,4417.53
sbs_sc_ovw,M711,Architectural and engineering activities and related technical consultancy,AV_MEUR,Value added - million euro,AT,2022,4777.13
sbs_sc_ovw,M711,Architectural and engineering activities and related technical consultancy,AV_MEUR,Value added - million euro,AT,2023,5097.82
sbs_sc_ovw,M711,Architectural and engineering activities and related technical consultancy,AV_MEUR,Value added - million euro,AT,2024,5345.64
sbs_sc_ovw,M711,Architectural and engineering activities and related technical consultancy,AV_MEUR,Value added - million euro,BE,2021,4250.27
sbs_sc_ovw,M711,Architectural and engineering activities and related technical consultancy,AV_MEUR,Value added - million euro,BE,2022,4507.0
sbs_sc_ovw,M711,Architectural and engineering activities and related technical consultancy,AV_MEUR,Value added - million euro,BE,2023,4875.86
sbs_sc_ovw,M711,Architectural and engineering activities and related technical consultancy,AV_MEUR,Value added - million euro,BE,2024,5113.51
sbs_sc_ovw,M711,Architectural and engineering activities and related technical consultancy,AV_MEUR,Value added - million euro,CZ,2021,1907.25
sbs_sc_ovw,M711,Architectural and engineering activities and related technical consultancy,AV_MEUR,Value added - million euro,CZ,2022,2173.6
sbs_sc_ovw,M711,Architectural and engineering activities and related technical consultancy,AV_MEUR,Value added - million euro,CZ,2023,2419.95
sbs_sc_ovw,M711,Architectural and engineering activities and related technical consultancy,AV_MEUR,Value added - million euro,CZ,2024,2535.75
sbs_sc_ovw,M711,Architectural and engineering activities and related technical consultancy,AV_MEUR,Value added - million euro,DE,2021,52899.5
sbs_sc_ovw,M711,Architectural and engineering activities and related technical consultancy,AV_MEUR,Value added - million euro,DE,2022,44215.39
sbs_sc_ovw,M711,Architectural and engineering activities and related technical consultancy,AV_MEUR,Value added - million euro,DE,2023,56772.31
sbs_sc_ovw,M711,Architectural and engineering activities and related technical consultancy,AV_MEUR,Value added - million euro,DE,2024,54826.27
sbs_sc_ovw,M711,Architectural and engineering activities and related technical consultancy,AV_MEUR,Value added - million euro,DK,2021,4399.29
sbs_sc_ovw,M711,Architectural and engineering activities and related technical consultancy,AV_MEUR,Value added - million euro,DK,2022,4708.45
sbs_sc_ovw,M711,Architectural and engineering activities and related technical consultancy,AV_MEUR,Value added - million euro,DK,2023,5069.77
sbs_sc_ovw,M711,Architectural and engineering activities and related technical consultancy,AV_MEUR,Value added - million euro,DK,2024,5497.49
sbs_sc_ovw,M711,Architectural and engineering activities and related technical consultancy,AV_MEUR,Value added - million euro,EL,2021,1087.0
sbs_sc_ovw,M711,Architectural and engineering activities and related technical consultancy,AV_MEUR,Value added - million euro,EL,2022,1361.86
sbs_sc_ovw,M711,Architectural and engineering activities and related technical consultancy,AV_MEUR,Value added - million euro,EL,2023,1701.79
sbs_sc_ovw,M711,Architectural and engineering activities and related technical consultancy,AV_MEUR,Value added - million euro,EL,2024,2067.2
sbs_sc_ovw,M711,Architectural and engineering activities and related technical consultancy,AV_MEUR,Value added - million euro,ES,2021,10036.72
sbs_sc_ovw,M711,Architectural and engineering activities and related technical consultancy,AV_MEUR,Value added - million euro,ES,2022,11411.28
sbs_sc_ovw,M711,Architectural and engineering activities and related technical consultancy,AV_MEUR,Value added - million euro,ES,2023,13431.66
sbs_sc_ovw,M711,Architectural and engineering activities and related technical consultancy,AV_MEUR,Value added - million euro,ES,2024,14689.16
sbs_sc_ovw,M711,Architectural and engineering activities and related technical consultancy,AV_MEUR,Value added - million euro,EU27_2020,2021,151148.3
sbs_sc_ovw,M711,Architectural and engineering activities and related technical consultancy,AV_MEUR,Value added - million euro,EU27_2020,2022,153781.86
sbs_sc_ovw,M711,Architectural and engineering activities and related technical consultancy,AV_MEUR,Value added - million euro,EU27_2020,2023,177952.82
sbs_sc_ovw,M711,Architectural and engineering activities and related technical consultancy,AV_MEUR,Value added - million euro,FI,2021,3163.31
sbs_sc_ovw,M711,Architectural and engineering activities and related technical consultancy,AV_MEUR,Value added - million euro,FI,2022,3286.27
sbs_sc_ovw,M711,Architectural and engineering activities and related technical consultancy,AV_MEUR,Value added - million euro,FI,2023,3442.67
sbs_sc_ovw,M711,Architectural and engineering activities and related technical consultancy,AV_MEUR,Value added - million euro,FI,2024,3387.11
sbs_sc_ovw,M711,Architectural and engineering activities and related technical consultancy,AV_MEUR,Value added - million euro,FR,2021,23723.99
sbs_sc_ovw,M711,Architectural and engineering activities and related technical consultancy,AV_MEUR,Value added - million euro,FR,2022,25888.31
sbs_sc_ovw,M711,Architectural and engineering activities and related technical consultancy,AV_MEUR,Value added - million euro,FR,2023,27762.63
sbs_sc_ovw,M711,Architectural and engineering activities and related technical consultancy,AV_MEUR,Value added - million euro,FR,2024,28820.88
sbs_sc_ovw,M711,Architectural and engineering activities and related technical consultancy,AV_MEUR,Value added - million euro,HU,2021,1247.58
sbs_sc_ovw,M711,Architectural and engineering activities and related technical consultancy,AV_MEUR,Value added - million euro,HU,2022,1359.86
sbs_sc_ovw,M711,Architectural and engineering activities and related technical consultancy,AV_MEUR,Value added - million euro,HU,2023,1639.59
sbs_sc_ovw,M711,Architectural and engineering activities and related technical consultancy,AV_MEUR,Value added - million euro,HU,2024,1704.74
sbs_sc_ovw,M711,Architectural and engineering activities and related technical consultancy,AV_MEUR,Value added - million euro,IE,2021,2891.04
sbs_sc_ovw,M711,Architectural and engineering activities and related technical consultancy,AV_MEUR,Value added - million euro,IE,2022,3503.42
sbs_sc_ovw,M711,Architectural and engineering activities and related technical consultancy,AV_MEUR,Value added - million euro,IE,2023,3956.98
sbs_sc_ovw,M711,Architectural and engineering activities and related technical consultancy,AV_MEUR,Value added - million euro,IE,2024,3982.08
sbs_sc_ovw,M711,Architectural and engineering activities and related technical consultancy,AV_MEUR,Value added - million euro,IT,2021,13096.57
sbs_sc_ovw,M711,Architectural and engineering activities and related technical consultancy,AV_MEUR,Value added - million euro,IT,2022,16042.39
sbs_sc_ovw,M711,Architectural and engineering activities and related technical consultancy,AV_MEUR,Value added - million euro,IT,2023,18330.45
sbs_sc_ovw,M711,Architectural and engineering activities and related technical consultancy,AV_MEUR,Value added - million euro,IT,2024,19306.61
sbs_sc_ovw,M711,Architectural and engineering activities and related technical consultancy,AV_MEUR,Value added - million euro,NL,2021,10258.63
sbs_sc_ovw,M711,Architectural and engineering activities and related technical consultancy,AV_MEUR,Value added - million euro,NL,2022,10872.01
sbs_sc_ovw,M711,Architectural and engineering activities and related technical consultancy,AV_MEUR,Value added - million euro,NL,2023,11814.78
sbs_sc_ovw,M711,Architectural and engineering activities and related technical consultancy,AV_MEUR,Value added - million euro,NL,2024,13514.66
sbs_sc_ovw,M711,Architectural and engineering activities and related technical consultancy,AV_MEUR,Value added - million euro,PL,2021,3178.11
sbs_sc_ovw,M711,Architectural and engineering activities and related technical consultancy,AV_MEUR,Value added - million euro,PL,2022,3453.42
sbs_sc_ovw,M711,Architectural and engineering activities and related technical consultancy,AV_MEUR,Value added - million euro,PL,2023,3619.09
sbs_sc_ovw,M711,Architectural and engineering activities and related technical consultancy,AV_MEUR,Value added - million euro,PL,2024,4416.06
sbs_sc_ovw,M711,Architectural and engineering activities and related technical consultancy,AV_MEUR,Value added - million euro,PT,2021,1391.4
sbs_sc_ovw,M711,Architectural and engineering activities and related technical consultancy,AV_MEUR,Value added - million euro,PT,2022,1613.65
sbs_sc_ovw,M711,Architectural and engineering activities and related technical consultancy,AV_MEUR,Value added - million euro,PT,2023,1940.05
sbs_sc_ovw,M711,Architectural and engineering activities and related technical consultancy,AV_MEUR,Value added - million euro,PT,2024,2240.86
sbs_sc_ovw,M711,Architectural and engineering activities and related technical consultancy,AV_MEUR,Value added - million euro,RO,2021,1330.06
sbs_sc_ovw,M711,Architectural and engineering activities and related technical consultancy,AV_MEUR,Value added - million euro,RO,2022,1946.51
sbs_sc_ovw,M711,Architectural and engineering activities and related technical consultancy,AV_MEUR,Value added - million euro,RO,2023,2366.77
sbs_sc_ovw,M711,Architectural and engineering activities and related technical consultancy,AV_MEUR,Value added - million euro,RO,2024,2418.24
sbs_sc_ovw,M711,Architectural and engineering activities and related technical consultancy,AV_MEUR,Value added - million euro,SE,2021,8265.57
sbs_sc_ovw,M711,Architectural and engineering activities and related technical consultancy,AV_MEUR,Value added - million euro,SE,2022,8475.73
sbs_sc_ovw,M711,Architectural and engineering activities and related technical consultancy,AV_MEUR,Value added - million euro,SE,2023,9020.12
sbs_sc_ovw,M711,Architectural and engineering activities and related technical consultancy,AV_MEUR,Value added - million euro,SE,2024,9395.04
sbs_sc_ovw,M711,Architectural and engineering activities and related technical consultancy,EMP_NR,Persons employed - number,AT,2021,65978.0
sbs_sc_ovw,M711,Architectural and engineering activities and related technical consultancy,EMP_NR,Persons employed - number,AT,2022,67282.0
sbs_sc_ovw,M711,Architectural and engineering activities and related technical consultancy,EMP_NR,Persons employed - number,AT,2023,68420.0
sbs_sc_ovw,M711,Architectural and engineering activities and related technical consultancy,EMP_NR,Persons employed - number,AT,2024,68302.0
sbs_sc_ovw,M711,Architectural and engineering activities and related technical consultancy,EMP_NR,Persons employed - number,BE,2021,60238.0
sbs_sc_ovw,M711,Architectural and engineering activities and related technical consultancy,EMP_NR,Persons employed - number,BE,2022,61536.0
sbs_sc_ovw,M711,Architectural and engineering activities and related technical consultancy,EMP_NR,Persons employed - number,BE,2023,61890.0
sbs_sc_ovw,M711,Architectural and engineering activities and related technical consultancy,EMP_NR,Persons employed - number,BE,2024,64088.0
sbs_sc_ovw,M711,Architectural and engineering activities and related technical consultancy,EMP_NR,Persons employed - number,CZ,2021,69907.0
sbs_sc_ovw,M711,Architectural and engineering activities and related technical consultancy,EMP_NR,Persons employed - number,CZ,2022,72181.0
sbs_sc_ovw,M711,Architectural and engineering activities and related technical consultancy,EMP_NR,Persons employed - number,CZ,2023,73820.0
sbs_sc_ovw,M711,Architectural and engineering activities and related technical consultancy,EMP_NR,Persons employed - number,CZ,2024,74914.0
sbs_sc_ovw,M711,Architectural and engineering activities and related technical consultancy,EMP_NR,Persons employed - number,DE,2021,660684.0
sbs_sc_ovw,M711,Architectural and engineering activities and related technical consultancy,EMP_NR,Persons employed - number,DE,2022,633377.0
sbs_sc_ovw,M711,Architectural and engineering activities and related technical consultancy,EMP_NR,Persons employed - number,DE,2023,657314.0
sbs_sc_ovw,M711,Architectural and engineering activities and related technical consultancy,EMP_NR,Persons employed - number,DE,2024,669100.0
sbs_sc_ovw,M711,Architectural and engineering activities and related technical consultancy,EMP_NR,Persons employed - number,DK,2021,45695.0
sbs_sc_ovw,M711,Architectural and engineering activities and related technical consultancy,EMP_NR,Persons employed - number,DK,2022,48356.0
sbs_sc_ovw,M711,Architectural and engineering activities and related technical consultancy,EMP_NR,Persons employed - number,DK,2023,51175.0
sbs_sc_ovw,M711,Architectural and engineering activities and related technical consultancy,EMP_NR,Persons employed - number,DK,2024,53323.0
sbs_sc_ovw,M711,Architectural and engineering activities and related technical consultancy,EMP_NR,Persons employed - number,EL,2021,72080.0
sbs_sc_ovw,M711,Architectural and engineering activities and related technical consultancy,EMP_NR,Persons employed - number,EL,2022,73442.0
sbs_sc_ovw,M711,Architectural and engineering activities and related technical consultancy,EMP_NR,Persons employed - number,EL,2023,76849.0
sbs_sc_ovw,M711,Architectural and engineering activities and related technical consultancy,EMP_NR,Persons employed - number,EL,2024,81471.0
sbs_sc_ovw,M711,Architectural and engineering activities and related technical consultancy,EMP_NR,Persons employed - number,ES,2021,225307.0
sbs_sc_ovw,M711,Architectural and engineering activities and related technical consultancy,EMP_NR,Persons employed - number,ES,2022,229001.0
sbs_sc_ovw,M711,Architectural and engineering activities and related technical consultancy,EMP_NR,Persons employed - number,ES,2023,243744.0
sbs_sc_ovw,M711,Architectural and engineering activities and related technical consultancy,EMP_NR,Persons employed - number,ES,2024,243175.0
sbs_sc_ovw,M711,Architectural and engineering activities and related technical consultancy,EMP_NR,Persons employed - number,EU27_2020,2021,2590567.0
sbs_sc_ovw,M711,Architectural and engineering activities and related technical consultancy,EMP_NR,Persons employed - number,EU27_2020,2022,2645264.0
sbs_sc_ovw,M711,Architectural and engineering activities and related technical consultancy,EMP_NR,Persons employed - number,EU27_2020,2023,2721577.0
sbs_sc_ovw,M711,Architectural and engineering activities and related technical consultancy,EMP_NR,Persons employed - number,FI,2021,43684.0
sbs_sc_ovw,M711,Architectural and engineering activities and related technical consultancy,EMP_NR,Persons employed - number,FI,2022,45919.0
sbs_sc_ovw,M711,Architectural and engineering activities and related technical consultancy,EMP_NR,Persons employed - number,FI,2023,46179.0
sbs_sc_ovw,M711,Architectural and engineering activities and related technical consultancy,EMP_NR,Persons employed - number,FI,2024,44678.0
sbs_sc_ovw,M711,Architectural and engineering activities and related technical consultancy,EMP_NR,Persons employed - number,FR,2021,328982.0
sbs_sc_ovw,M711,Architectural and engineering activities and related technical consultancy,EMP_NR,Persons employed - number,FR,2022,353197.0
sbs_sc_ovw,M711,Architectural and engineering activities and related technical consultancy,EMP_NR,Persons employed - number,FR,2023,360877.0
sbs_sc_ovw,M711,Architectural and engineering activities and related technical consultancy,EMP_NR,Persons employed - number,FR,2024,371504.0
sbs_sc_ovw,M711,Architectural and engineering activities and related technical consultancy,EMP_NR,Persons employed - number,HU,2021,56605.0
sbs_sc_ovw,M711,Architectural and engineering activities and related technical consultancy,EMP_NR,Persons employed - number,HU,2022,58783.0
sbs_sc_ovw,M711,Architectural and engineering activities and related technical consultancy,EMP_NR,Persons employed - number,HU,2023,56164.0
sbs_sc_ovw,M711,Architectural and engineering activities and related technical consultancy,EMP_NR,Persons employed - number,HU,2024,55888.0
sbs_sc_ovw,M711,Architectural and engineering activities and related technical consultancy,EMP_NR,Persons employed - number,IE,2021,34548.0
sbs_sc_ovw,M711,Architectural and engineering activities and related technical consultancy,EMP_NR,Persons employed - number,IE,2022,39358.0
sbs_sc_ovw,M711,Architectural and engineering activities and related technical consultancy,EMP_NR,Persons employed - number,IE,2023,41820.0
sbs_sc_ovw,M711,Architectural and engineering activities and related technical consultancy,EMP_NR,Persons employed - number,IE,2024,43287.0
sbs_sc_ovw,M711,Architectural and engineering activities and related technical consultancy,EMP_NR,Persons employed - number,IT,2021,277021.0
sbs_sc_ovw,M711,Architectural and engineering activities and related technical consultancy,EMP_NR,Persons employed - number,IT,2022,295878.0
sbs_sc_ovw,M711,Architectural and engineering activities and related technical consultancy,EMP_NR,Persons employed - number,IT,2023,302604.0
sbs_sc_ovw,M711,Architectural and engineering activities and related technical consultancy,EMP_NR,Persons employed - number,IT,2024,311465.0
sbs_sc_ovw,M711,Architectural and engineering activities and related technical consultancy,EMP_NR,Persons employed - number,NL,2021,131630.0
sbs_sc_ovw,M711,Architectural and engineering activities and related technical consultancy,EMP_NR,Persons employed - number,NL,2022,136525.0
sbs_sc_ovw,M711,Architectural and engineering activities and related technical consultancy,EMP_NR,Persons employed - number,NL,2023,140541.0
sbs_sc_ovw,M711,Architectural and engineering activities and related technical consultancy,EMP_NR,Persons employed - number,NL,2024,145887.0
sbs_sc_ovw,M711,Architectural and engineering activities and related technical consultancy,EMP_NR,Persons employed - number,PL,2021,143274.0
sbs_sc_ovw,M711,Architectural and engineering activities and related technical consultancy,EMP_NR,Persons employed - number,PL,2022,143709.0
sbs_sc_ovw,M711,Architectural and engineering activities and related technical consultancy,EMP_NR,Persons employed - number,PL,2023,141669.0
sbs_sc_ovw,M711,Architectural and engineering activities and related technical consultancy,EMP_NR,Persons employed - number,PL,2024,143970.0
sbs_sc_ovw,M711,Architectural and engineering activities and related technical consultancy,EMP_NR,Persons employed - number,PT,2021,56704.0
sbs_sc_ovw,M711,Architectural and engineering activities and related technical consultancy,EMP_NR,Persons employed - number,PT,2022,60968.0
sbs_sc_ovw,M711,Architectural and engineering activities and related technical consultancy,EMP_NR,Persons employed - number,PT,2023,63800.0
sbs_sc_ovw,M711,Architectural and engineering activities and related technical consultancy,EMP_NR,Persons employed - number,PT,2024,66673.0
sbs_sc_ovw,M711,Architectural and engineering activities and related technical consultancy,EMP_NR,Persons employed - number,RO,2021,69902.0
sbs_sc_ovw,M711,Architectural and engineering activities and related technical consultancy,EMP_NR,Persons employed - number,RO,2022,74160.0
sbs_sc_ovw,M711,Architectural and engineering activities and related technical consultancy,EMP_NR,Persons employed - number,RO,2023,79274.0
sbs_sc_ovw,M711,Architectural and engineering activities and related technical consultancy,EMP_NR,Persons employed - number,RO,2024,78026.0
sbs_sc_ovw,M711,Architectural and engineering activities and related technical consultancy,EMP_NR,Persons employed - number,SE,2021,123281.0
sbs_sc_ovw,M711,Architectural and engineering activities and related technical consultancy,EMP_NR,Persons employed - number,SE,2022,121861.0
sbs_sc_ovw,M711,Architectural and engineering activities and related technical consultancy,EMP_NR,Persons employed - number,SE,2023,120452.0
sbs_sc_ovw,M711,Architectural and engineering activities and related technical consultancy,EMP_NR,Persons employed - number,SE,2024,119861.0
sbs_sc_ovw,M711,Architectural and engineering activities and related technical consultancy,ENT_NR,Enterprises - number,AT,2021,17991.0
sbs_sc_ovw,M711,Architectural and engineering activities and related technical consultancy,ENT_NR,Enterprises - number,AT,2022,17599.0
sbs_sc_ovw,M711,Architectural and engineering activities and related technical consultancy,ENT_NR,Enterprises - number,AT,2023,17958.0
sbs_sc_ovw,M711,Architectural and engineering activities and related technical consultancy,ENT_NR,Enterprises - number,AT,2024,18256.0
sbs_sc_ovw,M711,Architectural and engineering activities and related technical consultancy,ENT_NR,Enterprises - number,BE,2021,30159.0
sbs_sc_ovw,M711,Architectural and engineering activities and related technical consultancy,ENT_NR,Enterprises - number,BE,2022,30248.0
sbs_sc_ovw,M711,Architectural and engineering activities and related technical consultancy,ENT_NR,Enterprises - number,BE,2023,29056.0
sbs_sc_ovw,M711,Architectural and engineering activities and related technical consultancy,ENT_NR,Enterprises - number,BE,2024,31346.0
sbs_sc_ovw,M711,Architectural and engineering activities and related technical consultancy,ENT_NR,Enterprises - number,CZ,2021,40727.0
sbs_sc_ovw,M711,Architectural and engineering activities and related technical consultancy,ENT_NR,Enterprises - number,CZ,2022,42800.0
sbs_sc_ovw,M711,Architectural and engineering activities and related technical consultancy,ENT_NR,Enterprises - number,CZ,2023,43655.0
sbs_sc_ovw,M711,Architectural and engineering activities and related technical consultancy,ENT_NR,Enterprises - number,CZ,2024,45684.0
sbs_sc_ovw,M711,Architectural and engineering activities and related technical consultancy,ENT_NR,Enterprises - number,DE,2021,113954.0
sbs_sc_ovw,M711,Architectural and engineering activities and related technical consultancy,ENT_NR,Enterprises - number,DE,2022,114863.0
sbs_sc_ovw,M711,Architectural and engineering activities and related technical consultancy,ENT_NR,Enterprises - number,DE,2023,115196.0
sbs_sc_ovw,M711,Architectural and engineering activities and related technical consultancy,ENT_NR,Enterprises - number,DE,2024,113427.0
sbs_sc_ovw,M711,Architectural and engineering activities and related technical consultancy,ENT_NR,Enterprises - number,DK,2021,6809.0
sbs_sc_ovw,M711,Architectural and engineering activities and related technical consultancy,ENT_NR,Enterprises - number,DK,2022,7202.0
sbs_sc_ovw,M711,Architectural and engineering activities and related technical consultancy,ENT_NR,Enterprises - number,DK,2023,7428.0
sbs_sc_ovw,M711,Architectural and engineering activities and related technical consultancy,ENT_NR,Enterprises - number,DK,2024,7541.0
sbs_sc_ovw,M711,Architectural and engineering activities and related technical consultancy,ENT_NR,Enterprises - number,EL,2021,49572.0
sbs_sc_ovw,M711,Architectural and engineering activities and related technical consultancy,ENT_NR,Enterprises - number,EL,2022,51762.0
sbs_sc_ovw,M711,Architectural and engineering activities and related technical consultancy,ENT_NR,Enterprises - number,EL,2023,53098.0
sbs_sc_ovw,M711,Architectural and engineering activities and related technical consultancy,ENT_NR,Enterprises - number,EL,2024,55184.0
sbs_sc_ovw,M711,Architectural and engineering activities and related technical consultancy,ENT_NR,Enterprises - number,ES,2021,95025.0
sbs_sc_ovw,M711,Architectural and engineering activities and related technical consultancy,ENT_NR,Enterprises - number,ES,2022,95420.0
sbs_sc_ovw,M711,Architectural and engineering activities and related technical consultancy,ENT_NR,Enterprises - number,ES,2023,94384.0
sbs_sc_ovw,M711,Architectural and engineering activities and related technical consultancy,ENT_NR,Enterprises - number,ES,2024,93621.0
sbs_sc_ovw,M711,Architectural and engineering activities and related technical consultancy,ENT_NR,Enterprises - number,EU27_2020,2021,971553.0
sbs_sc_ovw,M711,Architectural and engineering activities and related technical consultancy,ENT_NR,Enterprises - number,EU27_2020,2022,1001743.0
sbs_sc_ovw,M711,Architectural and engineering activities and related technical consultancy,ENT_NR,Enterprises - number,EU27_2020,2023,1013802.0
sbs_sc_ovw,M711,Architectural and engineering activities and related technical consultancy,ENT_NR,Enterprises - number,FI,2021,11729.0
sbs_sc_ovw,M711,Architectural and engineering activities and related technical consultancy,ENT_NR,Enterprises - number,FI,2022,11764.0
sbs_sc_ovw,M711,Architectural and engineering activities and related technical consultancy,ENT_NR,Enterprises - number,FI,2023,11706.0
sbs_sc_ovw,M711,Architectural and engineering activities and related technical consultancy,ENT_NR,Enterprises - number,FI,2024,11879.0
sbs_sc_ovw,M711,Architectural and engineering activities and related technical consultancy,ENT_NR,Enterprises - number,FR,2021,84496.0
sbs_sc_ovw,M711,Architectural and engineering activities and related technical consultancy,ENT_NR,Enterprises - number,FR,2022,90454.0
sbs_sc_ovw,M711,Architectural and engineering activities and related technical consultancy,ENT_NR,Enterprises - number,FR,2023,92990.0
sbs_sc_ovw,M711,Architectural and engineering activities and related technical consultancy,ENT_NR,Enterprises - number,FR,2024,95095.0
sbs_sc_ovw,M711,Architectural and engineering activities and related technical consultancy,ENT_NR,Enterprises - number,HU,2021,29702.0
sbs_sc_ovw,M711,Architectural and engineering activities and related technical consultancy,ENT_NR,Enterprises - number,HU,2022,30443.0
sbs_sc_ovw,M711,Architectural and engineering activities and related technical consultancy,ENT_NR,Enterprises - number,HU,2023,27218.0
sbs_sc_ovw,M711,Architectural and engineering activities and related technical consultancy,ENT_NR,Enterprises - number,HU,2024,26426.0
sbs_sc_ovw,M711,Architectural and engineering activities and related technical consultancy,ENT_NR,Enterprises - number,IE,2021,9434.0
sbs_sc_ovw,M711,Architectural and engineering activities and related technical consultancy,ENT_NR,Enterprises - number,IE,2022,9803.0
sbs_sc_ovw,M711,Architectural and engineering activities and related technical consultancy,ENT_NR,Enterprises - number,IE,2023,9988.0
sbs_sc_ovw,M711,Architectural and engineering activities and related technical consultancy,ENT_NR,Enterprises - number,IE,2024,10175.0
sbs_sc_ovw,M711,Architectural and engineering activities and related technical consultancy,ENT_NR,Enterprises - number,IT,2021,217321.0
sbs_sc_ovw,M711,Architectural and engineering activities and related technical consultancy,ENT_NR,Enterprises - number,IT,2022,229403.0
sbs_sc_ovw,M711,Architectural and engineering activities and related technical consultancy,ENT_NR,Enterprises - number,IT,2023,231564.0
sbs_sc_ovw,M711,Architectural and engineering activities and related technical consultancy,ENT_NR,Enterprises - number,IT,2024,236023.0
sbs_sc_ovw,M711,Architectural and engineering activities and related technical consultancy,ENT_NR,Enterprises - number,NL,2021,48030.0
sbs_sc_ovw,M711,Architectural and engineering activities and related technical consultancy,ENT_NR,Enterprises - number,NL,2022,50593.0
sbs_sc_ovw,M711,Architectural and engineering activities and related technical consultancy,ENT_NR,Enterprises - number,NL,2023,52247.0
sbs_sc_ovw,M711,Architectural and engineering activities and related technical consultancy,ENT_NR,Enterprises - number,NL,2024,56620.0
sbs_sc_ovw,M711,Architectural and engineering activities and related technical consultancy,ENT_NR,Enterprises - number,PL,2021,73743.0
sbs_sc_ovw,M711,Architectural and engineering activities and related technical consultancy,ENT_NR,Enterprises - number,PL,2022,73441.0
sbs_sc_ovw,M711,Architectural and engineering activities and related technical consultancy,ENT_NR,Enterprises - number,PL,2023,74953.0
sbs_sc_ovw,M711,Architectural and engineering activities and related technical consultancy,ENT_NR,Enterprises - number,PL,2024,76757.0
sbs_sc_ovw,M711,Architectural and engineering activities and related technical consultancy,ENT_NR,Enterprises - number,PT,2021,28250.0
sbs_sc_ovw,M711,Architectural and engineering activities and related technical consultancy,ENT_NR,Enterprises - number,PT,2022,29080.0
sbs_sc_ovw,M711,Architectural and engineering activities and related technical consultancy,ENT_NR,Enterprises - number,PT,2023,29784.0
sbs_sc_ovw,M711,Architectural and engineering activities and related technical consultancy,ENT_NR,Enterprises - number,PT,2024,30384.0
sbs_sc_ovw,M711,Architectural and engineering activities and related technical consultancy,ENT_NR,Enterprises - number,RO,2021,26164.0
sbs_sc_ovw,M711,Architectural and engineering activities and related technical consultancy,ENT_NR,Enterprises - number,RO,2022,27355.0
sbs_sc_ovw,M711,Architectural and engineering activities and related technical consultancy,ENT_NR,Enterprises - number,RO,2023,28585.0
sbs_sc_ovw,M711,Architectural and engineering activities and related technical consultancy,ENT_NR,Enterprises - number,RO,2024,29023.0
sbs_sc_ovw,M711,Architectural and engineering activities and related technical consultancy,ENT_NR,Enterprises - number,SE,2021,37131.0
sbs_sc_ovw,M711,Architectural and engineering activities and related technical consultancy,ENT_NR,Enterprises - number,SE,2022,35958.0
sbs_sc_ovw,M711,Architectural and engineering activities and related technical consultancy,ENT_NR,Enterprises - number,SE,2023,37080.0
sbs_sc_ovw,M711,Architectural and engineering activities and related technical consultancy,ENT_NR,Enterprises - number,SE,2024,37987.0
sbs_sc_ovw,M711,Architectural and engineering activities and related technical consultancy,GOS_MEUR,Gross operating surplus - million euro,AT,2021,1852.98
sbs_sc_ovw,M711,Architectural and engineering activities and related technical consultancy,GOS_MEUR,Gross operating surplus - million euro,AT,2022,1981.47
sbs_sc_ovw,M711,Architectural and engineering activities and related technical consultancy,GOS_MEUR,Gross operating surplus - million euro,AT,2023,2061.84
sbs_sc_ovw,M711,Architectural and engineering activities and related technical consultancy,GOS_MEUR,Gross operating surplus - million euro,AT,2024,2122.5
sbs_sc_ovw,M711,Architectural and engineering activities and related technical consultancy,GOS_MEUR,Gross operating surplus - million euro,BE,2021,2036.57
sbs_sc_ovw,M711,Architectural and engineering activities and related technical consultancy,GOS_MEUR,Gross operating surplus - million euro,BE,2022,2184.95
sbs_sc_ovw,M711,Architectural and engineering activities and related technical consultancy,GOS_MEUR,Gross operating surplus - million euro,BE,2023,2195.02
sbs_sc_ovw,M711,Architectural and engineering activities and related technical consultancy,GOS_MEUR,Gross operating surplus - million euro,BE,2024,2416.15
sbs_sc_ovw,M711,Architectural and engineering activities and related technical consultancy,GOS_MEUR,Gross operating surplus - million euro,CZ,2021,717.68
sbs_sc_ovw,M711,Architectural and engineering activities and related technical consultancy,GOS_MEUR,Gross operating surplus - million euro,CZ,2022,800.92
sbs_sc_ovw,M711,Architectural and engineering activities and related technical consultancy,GOS_MEUR,Gross operating surplus - million euro,CZ,2023,907.64
sbs_sc_ovw,M711,Architectural and engineering activities and related technical consultancy,GOS_MEUR,Gross operating surplus - million euro,CZ,2024,966.88
sbs_sc_ovw,M711,Architectural and engineering activities and related technical consultancy,GOS_MEUR,Gross operating surplus - million euro,DE,2021,23318.75
sbs_sc_ovw,M711,Architectural and engineering activities and related technical consultancy,GOS_MEUR,Gross operating surplus - million euro,DE,2022,15509.08
sbs_sc_ovw,M711,Architectural and engineering activities and related technical consultancy,GOS_MEUR,Gross operating surplus - million euro,DE,2023,23790.25
sbs_sc_ovw,M711,Architectural and engineering activities and related technical consultancy,GOS_MEUR,Gross operating surplus - million euro,DE,2024,17697.02
sbs_sc_ovw,M711,Architectural and engineering activities and related technical consultancy,GOS_MEUR,Gross operating surplus - million euro,DK,2021,806.6
sbs_sc_ovw,M711,Architectural and engineering activities and related technical consultancy,GOS_MEUR,Gross operating surplus - million euro,DK,2022,813.52
sbs_sc_ovw,M711,Architectural and engineering activities and related technical consultancy,GOS_MEUR,Gross operating surplus - million euro,DK,2023,578.24
sbs_sc_ovw,M711,Architectural and engineering activities and related technical consultancy,GOS_MEUR,Gross operating surplus - million euro,DK,2024,751.93
sbs_sc_ovw,M711,Architectural and engineering activities and related technical consultancy,GOS_MEUR,Gross operating surplus - million euro,EL,2021,800.41
sbs_sc_ovw,M711,Architectural and engineering activities and related technical consultancy,GOS_MEUR,Gross operating surplus - million euro,EL,2022,981.53
sbs_sc_ovw,M711,Architectural and engineering activities and related technical consultancy,GOS_MEUR,Gross operating surplus - million euro,EL,2023,1265.13
sbs_sc_ovw,M711,Architectural and engineering activities and related technical consultancy,GOS_MEUR,Gross operating surplus - million euro,EL,2024,1537.27
sbs_sc_ovw,M711,Architectural and engineering activities and related technical consultancy,GOS_MEUR,Gross operating surplus - million euro,ES,2021,3346.95
sbs_sc_ovw,M711,Architectural and engineering activities and related technical consultancy,GOS_MEUR,Gross operating surplus - million euro,ES,2022,4126.04
sbs_sc_ovw,M711,Architectural and engineering activities and related technical consultancy,GOS_MEUR,Gross operating surplus - million euro,ES,2023,4999.7
sbs_sc_ovw,M711,Architectural and engineering activities and related technical consultancy,GOS_MEUR,Gross operating surplus - million euro,ES,2024,5481.58
sbs_sc_ovw,M711,Architectural and engineering activities and related technical consultancy,GOS_MEUR,Gross operating surplus - million euro,EU27_2020,2021,58723.22
sbs_sc_ovw,M711,Architectural and engineering activities and related technical consultancy,GOS_MEUR,Gross operating surplus - million euro,EU27_2020,2022,55749.91
sbs_sc_ovw,M711,Architectural and engineering activities and related technical consultancy,GOS_MEUR,Gross operating surplus - million euro,EU27_2020,2023,69848.18
sbs_sc_ovw,M711,Architectural and engineering activities and related technical consultancy,GOS_MEUR,Gross operating surplus - million euro,FI,2021,599.34
sbs_sc_ovw,M711,Architectural and engineering activities and related technical consultancy,GOS_MEUR,Gross operating surplus - million euro,FI,2022,546.29
sbs_sc_ovw,M711,Architectural and engineering activities and related technical consultancy,GOS_MEUR,Gross operating surplus - million euro,FI,2023,572.97
sbs_sc_ovw,M711,Architectural and engineering activities and related technical consultancy,GOS_MEUR,Gross operating surplus - million euro,FI,2024,526.93
sbs_sc_ovw,M711,Architectural and engineering activities and related technical consultancy,GOS_MEUR,Gross operating surplus - million euro,FR,2021,4897.93
sbs_sc_ovw,M711,Architectural and engineering activities and related technical consultancy,GOS_MEUR,Gross operating surplus - million euro,FR,2022,4900.36
sbs_sc_ovw,M711,Architectural and engineering activities and related technical consultancy,GOS_MEUR,Gross operating surplus - million euro,FR,2023,5770.99
sbs_sc_ovw,M711,Architectural and engineering activities and related technical consultancy,GOS_MEUR,Gross operating surplus - million euro,FR,2024,5482.72
sbs_sc_ovw,M711,Architectural and engineering activities and related technical consultancy,GOS_MEUR,Gross operating surplus - million euro,HU,2021,618.27
sbs_sc_ovw,M711,Architectural and engineering activities and related technical consultancy,GOS_MEUR,Gross operating surplus - million euro,HU,2022,659.24
sbs_sc_ovw,M711,Architectural and engineering activities and related technical consultancy,GOS_MEUR,Gross operating surplus - million euro,HU,2023,806.18
sbs_sc_ovw,M711,Architectural and engineering activities and related technical consultancy,GOS_MEUR,Gross operating surplus - million euro,HU,2024,821.65
sbs_sc_ovw,M711,Architectural and engineering activities and related technical consultancy,GOS_MEUR,Gross operating surplus - million euro,IE,2021,984.85
sbs_sc_ovw,M711,Architectural and engineering activities and related technical consultancy,GOS_MEUR,Gross operating surplus - million euro,IE,2022,1296.15
sbs_sc_ovw,M711,Architectural and engineering activities and related technical consultancy,GOS_MEUR,Gross operating surplus - million euro,IE,2023,1496.08
sbs_sc_ovw,M711,Architectural and engineering activities and related technical consultancy,GOS_MEUR,Gross operating surplus - million euro,IE,2024,2262.15
sbs_sc_ovw,M711,Architectural and engineering activities and related technical consultancy,GOS_MEUR,Gross operating surplus - million euro,IT,2021,10176.17
sbs_sc_ovw,M711,Architectural and engineering activities and related technical consultancy,GOS_MEUR,Gross operating surplus - million euro,IT,2022,12648.18
sbs_sc_ovw,M711,Architectural and engineering activities and related technical consultancy,GOS_MEUR,Gross operating surplus - million euro,IT,2023,14585.63
sbs_sc_ovw,M711,Architectural and engineering activities and related technical consultancy,GOS_MEUR,Gross operating surplus - million euro,IT,2024,15041.0
sbs_sc_ovw,M711,Architectural and engineering activities and related technical consultancy,GOS_MEUR,Gross operating surplus - million euro,NL,2021,3668.31
sbs_sc_ovw,M711,Architectural and engineering activities and related technical consultancy,GOS_MEUR,Gross operating surplus - million euro,NL,2022,3668.48
sbs_sc_ovw,M711,Architectural and engineering activities and related technical consultancy,GOS_MEUR,Gross operating surplus - million euro,NL,2023,3919.81
sbs_sc_ovw,M711,Architectural and engineering activities and related technical consultancy,GOS_MEUR,Gross operating surplus - million euro,NL,2024,4962.32
sbs_sc_ovw,M711,Architectural and engineering activities and related technical consultancy,GOS_MEUR,Gross operating surplus - million euro,PL,2021,1433.06
sbs_sc_ovw,M711,Architectural and engineering activities and related technical consultancy,GOS_MEUR,Gross operating surplus - million euro,PL,2022,1546.23
sbs_sc_ovw,M711,Architectural and engineering activities and related technical consultancy,GOS_MEUR,Gross operating surplus - million euro,PL,2023,1597.18
sbs_sc_ovw,M711,Architectural and engineering activities and related technical consultancy,GOS_MEUR,Gross operating surplus - million euro,PL,2024,1848.11
sbs_sc_ovw,M711,Architectural and engineering activities and related technical consultancy,GOS_MEUR,Gross operating surplus - million euro,PT,2021,464.87
sbs_sc_ovw,M711,Architectural and engineering activities and related technical consultancy,GOS_MEUR,Gross operating surplus - million euro,PT,2022,528.79
sbs_sc_ovw,M711,Architectural and engineering activities and related technical consultancy,GOS_MEUR,Gross operating surplus - million euro,PT,2023,684.34
sbs_sc_ovw,M711,Architectural and engineering activities and related technical consultancy,GOS_MEUR,Gross operating surplus - million euro,PT,2024,818.59
sbs_sc_ovw,M711,Architectural and engineering activities and related technical consultancy,GOS_MEUR,Gross operating surplus - million euro,RO,2021,607.89
sbs_sc_ovw,M711,Architectural and engineering activities and related technical consultancy,GOS_MEUR,Gross operating surplus - million euro,RO,2022,1056.48
sbs_sc_ovw,M711,Architectural and engineering activities and related technical consultancy,GOS_MEUR,Gross operating surplus - million euro,RO,2023,1142.58
sbs_sc_ovw,M711,Architectural and engineering activities and related technical consultancy,GOS_MEUR,Gross operating surplus - million euro,RO,2024,1044.1
sbs_sc_ovw,M711,Architectural and engineering activities and related technical consultancy,GOS_MEUR,Gross operating surplus - million euro,SE,2021,1078.45
sbs_sc_ovw,M711,Architectural and engineering activities and related technical consultancy,GOS_MEUR,Gross operating surplus - million euro,SE,2022,910.43
sbs_sc_ovw,M711,Architectural and engineering activities and related technical consultancy,GOS_MEUR,Gross operating surplus - million euro,SE,2023,1743.01
sbs_sc_ovw,M711,Architectural and engineering activities and related technical consultancy,GOS_MEUR,Gross operating surplus - million euro,SE,2024,1711.72
sbs_sc_ovw,M711,Architectural and engineering activities and related technical consultancy,NETTUR_MEUR,Net turnover - million euro,AT,2021,8436.42
sbs_sc_ovw,M711,Architectural and engineering activities and related technical consultancy,NETTUR_MEUR,Net turnover - million euro,AT,2022,9214.51
sbs_sc_ovw,M711,Architectural and engineering activities and related technical consultancy,NETTUR_MEUR,Net turnover - million euro,AT,2023,9802.12
sbs_sc_ovw,M711,Architectural and engineering activities and related technical consultancy,NETTUR_MEUR,Net turnover - million euro,AT,2024,10334.79
sbs_sc_ovw,M711,Architectural and engineering activities and related technical consultancy,NETTUR_MEUR,Net turnover - million euro,BE,2021,10327.56
sbs_sc_ovw,M711,Architectural and engineering activities and related technical consultancy,NETTUR_MEUR,Net turnover - million euro,BE,2022,11093.54
sbs_sc_ovw,M711,Architectural and engineering activities and related technical consultancy,NETTUR_MEUR,Net turnover - million euro,BE,2023,12550.67
sbs_sc_ovw,M711,Architectural and engineering activities and related technical consultancy,NETTUR_MEUR,Net turnover - million euro,BE,2024,12836.13
sbs_sc_ovw,M711,Architectural and engineering activities and related technical consultancy,NETTUR_MEUR,Net turnover - million euro,CZ,2021,5543.39
sbs_sc_ovw,M711,Architectural and engineering activities and related technical consultancy,NETTUR_MEUR,Net turnover - million euro,CZ,2022,6657.0
sbs_sc_ovw,M711,Architectural and engineering activities and related technical consultancy,NETTUR_MEUR,Net turnover - million euro,CZ,2023,7443.39
sbs_sc_ovw,M711,Architectural and engineering activities and related technical consultancy,NETTUR_MEUR,Net turnover - million euro,CZ,2024,7271.92
sbs_sc_ovw,M711,Architectural and engineering activities and related technical consultancy,NETTUR_MEUR,Net turnover - million euro,DE,2021,83228.66
sbs_sc_ovw,M711,Architectural and engineering activities and related technical consultancy,NETTUR_MEUR,Net turnover - million euro,DE,2022,90175.6
sbs_sc_ovw,M711,Architectural and engineering activities and related technical consultancy,NETTUR_MEUR,Net turnover - million euro,DE,2023,105237.9
sbs_sc_ovw,M711,Architectural and engineering activities and related technical consultancy,NETTUR_MEUR,Net turnover - million euro,DE,2024,96557.47
sbs_sc_ovw,M711,Architectural and engineering activities and related technical consultancy,NETTUR_MEUR,Net turnover - million euro,DK,2021,8883.41
sbs_sc_ovw,M711,Architectural and engineering activities and related technical consultancy,NETTUR_MEUR,Net turnover - million euro,DK,2022,9930.61
sbs_sc_ovw,M711,Architectural and engineering activities and related technical consultancy,NETTUR_MEUR,Net turnover - million euro,DK,2023,10581.92
sbs_sc_ovw,M711,Architectural and engineering activities and related technical consultancy,NETTUR_MEUR,Net turnover - million euro,DK,2024,11263.07
sbs_sc_ovw,M711,Architectural and engineering activities and related technical consultancy,NETTUR_MEUR,Net turnover - million euro,EL,2021,2760.38
sbs_sc_ovw,M711,Architectural and engineering activities and related technical consultancy,NETTUR_MEUR,Net turnover - million euro,EL,2022,3506.99
sbs_sc_ovw,M711,Architectural and engineering activities and related technical consultancy,NETTUR_MEUR,Net turnover - million euro,EL,2023,4153.02
sbs_sc_ovw,M711,Architectural and engineering activities and related technical consultancy,NETTUR_MEUR,Net turnover - million euro,EL,2024,4967.67
sbs_sc_ovw,M711,Architectural and engineering activities and related technical consultancy,NETTUR_MEUR,Net turnover - million euro,ES,2021,23580.13
sbs_sc_ovw,M711,Architectural and engineering activities and related technical consultancy,NETTUR_MEUR,Net turnover - million euro,ES,2022,26463.56
sbs_sc_ovw,M711,Architectural and engineering activities and related technical consultancy,NETTUR_MEUR,Net turnover - million euro,ES,2023,30010.25
sbs_sc_ovw,M711,Architectural and engineering activities and related technical consultancy,NETTUR_MEUR,Net turnover - million euro,ES,2024,32134.03
sbs_sc_ovw,M711,Architectural and engineering activities and related technical consultancy,NETTUR_MEUR,Net turnover - million euro,EU27_2020,2021,301004.4
sbs_sc_ovw,M711,Architectural and engineering activities and related technical consultancy,NETTUR_MEUR,Net turnover - million euro,EU27_2020,2022,332303.64
sbs_sc_ovw,M711,Architectural and engineering activities and related technical consultancy,NETTUR_MEUR,Net turnover - million euro,EU27_2020,2023,369975.98
sbs_sc_ovw,M711,Architectural and engineering activities and related technical consultancy,NETTUR_MEUR,Net turnover - million euro,FI,2021,5822.24
sbs_sc_ovw,M711,Architectural and engineering activities and related technical consultancy,NETTUR_MEUR,Net turnover - million euro,FI,2022,6427.66
sbs_sc_ovw,M711,Architectural and engineering activities and related technical consultancy,NETTUR_MEUR,Net turnover - million euro,FI,2023,6799.8
sbs_sc_ovw,M711,Architectural and engineering activities and related technical consultancy,NETTUR_MEUR,Net turnover - million euro,FI,2024,6798.2
sbs_sc_ovw,M711,Architectural and engineering activities and related technical consultancy,NETTUR_MEUR,Net turnover - million euro,FR,2021,54150.28
sbs_sc_ovw,M711,Architectural and engineering activities and related technical consultancy,NETTUR_MEUR,Net turnover - million euro,FR,2022,57188.04
sbs_sc_ovw,M711,Architectural and engineering activities and related technical consultancy,NETTUR_MEUR,Net turnover - million euro,FR,2023,59477.24
sbs_sc_ovw,M711,Architectural and engineering activities and related technical consultancy,NETTUR_MEUR,Net turnover - million euro,FR,2024,63156.88
sbs_sc_ovw,M711,Architectural and engineering activities and related technical consultancy,NETTUR_MEUR,Net turnover - million euro,HU,2021,3709.11
sbs_sc_ovw,M711,Architectural and engineering activities and related technical consultancy,NETTUR_MEUR,Net turnover - million euro,HU,2022,3916.68
sbs_sc_ovw,M711,Architectural and engineering activities and related technical consultancy,NETTUR_MEUR,Net turnover - million euro,HU,2023,4161.12
sbs_sc_ovw,M711,Architectural and engineering activities and related technical consultancy,NETTUR_MEUR,Net turnover - million euro,HU,2024,4128.48
sbs_sc_ovw,M711,Architectural and engineering activities and related technical consultancy,NETTUR_MEUR,Net turnover - million euro,IE,2021,8525.96
sbs_sc_ovw,M711,Architectural and engineering activities and related technical consultancy,NETTUR_MEUR,Net turnover - million euro,IE,2022,9649.59
sbs_sc_ovw,M711,Architectural and engineering activities and related technical consultancy,NETTUR_MEUR,Net turnover - million euro,IE,2023,12493.47
sbs_sc_ovw,M711,Architectural and engineering activities and related technical consultancy,NETTUR_MEUR,Net turnover - million euro,IE,2024,10896.64
sbs_sc_ovw,M711,Architectural and engineering activities and related technical consultancy,NETTUR_MEUR,Net turnover - million euro,IT,2021,23645.01
sbs_sc_ovw,M711,Architectural and engineering activities and related technical consultancy,NETTUR_MEUR,Net turnover - million euro,IT,2022,28864.8
sbs_sc_ovw,M711,Architectural and engineering activities and related technical consultancy,NETTUR_MEUR,Net turnover - million euro,IT,2023,34037.84
sbs_sc_ovw,M711,Architectural and engineering activities and related technical consultancy,NETTUR_MEUR,Net turnover - million euro,IT,2024,34906.63
sbs_sc_ovw,M711,Architectural and engineering activities and related technical consultancy,NETTUR_MEUR,Net turnover - million euro,NL,2021,21515.01
sbs_sc_ovw,M711,Architectural and engineering activities and related technical consultancy,NETTUR_MEUR,Net turnover - million euro,NL,2022,22195.2
sbs_sc_ovw,M711,Architectural and engineering activities and related technical consultancy,NETTUR_MEUR,Net turnover - million euro,NL,2023,24338.53
sbs_sc_ovw,M711,Architectural and engineering activities and related technical consultancy,NETTUR_MEUR,Net turnover - million euro,NL,2024,26214.15
sbs_sc_ovw,M711,Architectural and engineering activities and related technical consultancy,NETTUR_MEUR,Net turnover - million euro,PL,2021,8295.21
sbs_sc_ovw,M711,Architectural and engineering activities and related technical consultancy,NETTUR_MEUR,Net turnover - million euro,PL,2022,9322.53
sbs_sc_ovw,M711,Architectural and engineering activities and related technical consultancy,NETTUR_MEUR,Net turnover - million euro,PL,2023,10468.73
sbs_sc_ovw,M711,Architectural and engineering activities and related technical consultancy,NETTUR_MEUR,Net turnover - million euro,PL,2024,11785.53
sbs_sc_ovw,M711,Architectural and engineering activities and related technical consultancy,NETTUR_MEUR,Net turnover - million euro,PT,2021,3029.85
sbs_sc_ovw,M711,Architectural and engineering activities and related technical consultancy,NETTUR_MEUR,Net turnover - million euro,PT,2022,3580.08
sbs_sc_ovw,M711,Architectural and engineering activities and related technical consultancy,NETTUR_MEUR,Net turnover - million euro,PT,2023,4324.74
sbs_sc_ovw,M711,Architectural and engineering activities and related technical consultancy,NETTUR_MEUR,Net turnover - million euro,PT,2024,5118.61
sbs_sc_ovw,M711,Architectural and engineering activities and related technical consultancy,NETTUR_MEUR,Net turnover - million euro,RO,2021,2823.05
sbs_sc_ovw,M711,Architectural and engineering activities and related technical consultancy,NETTUR_MEUR,Net turnover - million euro,RO,2022,3858.41
sbs_sc_ovw,M711,Architectural and engineering activities and related technical consultancy,NETTUR_MEUR,Net turnover - million euro,RO,2023,4924.67
sbs_sc_ovw,M711,Architectural and engineering activities and related technical consultancy,NETTUR_MEUR,Net turnover - million euro,RO,2024,5196.94
sbs_sc_ovw,M711,Architectural and engineering activities and related technical consultancy,NETTUR_MEUR,Net turnover - million euro,SE,2021,18268.96
sbs_sc_ovw,M711,Architectural and engineering activities and related technical consultancy,NETTUR_MEUR,Net turnover - million euro,SE,2022,20401.81
sbs_sc_ovw,M711,Architectural and engineering activities and related technical consultancy,NETTUR_MEUR,Net turnover - million euro,SE,2023,18031.72
sbs_sc_ovw,M711,Architectural and engineering activities and related technical consultancy,NETTUR_MEUR,Net turnover - million euro,SE,2024,18436.84
sbs_sc_ovw,M711,Architectural and engineering activities and related technical consultancy,SAL_NR,Employees - number,AT,2021,44815.0
sbs_sc_ovw,M711,Architectural and engineering activities and related technical consultancy,SAL_NR,Employees - number,AT,2022,46569.0
sbs_sc_ovw,M711,Architectural and engineering activities and related technical consultancy,SAL_NR,Employees - number,AT,2023,47311.0
sbs_sc_ovw,M711,Architectural and engineering activities and related technical consultancy,SAL_NR,Employees - number,AT,2024,46938.0
sbs_sc_ovw,M711,Architectural and engineering activities and related technical consultancy,SAL_NR,Employees - number,BE,2021,31723.0
sbs_sc_ovw,M711,Architectural and engineering activities and related technical consultancy,SAL_NR,Employees - number,BE,2022,32468.0
sbs_sc_ovw,M711,Architectural and engineering activities and related technical consultancy,SAL_NR,Employees - number,BE,2023,33905.0
sbs_sc_ovw,M711,Architectural and engineering activities and related technical consultancy,SAL_NR,Employees - number,BE,2024,33346.0
sbs_sc_ovw,M711,Architectural and engineering activities and related technical consultancy,SAL_NR,Employees - number,CZ,2021,40918.0
sbs_sc_ovw,M711,Architectural and engineering activities and related technical consultancy,SAL_NR,Employees - number,CZ,2022,41927.0
sbs_sc_ovw,M711,Architectural and engineering activities and related technical consultancy,SAL_NR,Employees - number,CZ,2023,41603.0
sbs_sc_ovw,M711,Architectural and engineering activities and related technical consultancy,SAL_NR,Employees - number,CZ,2024,42051.0
sbs_sc_ovw,M711,Architectural and engineering activities and related technical consultancy,SAL_NR,Employees - number,DE,2021,540501.0
sbs_sc_ovw,M711,Architectural and engineering activities and related technical consultancy,SAL_NR,Employees - number,DE,2022,513833.0
sbs_sc_ovw,M711,Architectural and engineering activities and related technical consultancy,SAL_NR,Employees - number,DE,2023,535932.0
sbs_sc_ovw,M711,Architectural and engineering activities and related technical consultancy,SAL_NR,Employees - number,DE,2024,565143.0
sbs_sc_ovw,M711,Architectural and engineering activities and related technical consultancy,SAL_NR,Employees - number,DK,2021,43219.0
sbs_sc_ovw,M711,Architectural and engineering activities and related technical consultancy,SAL_NR,Employees - number,DK,2022,45950.0
sbs_sc_ovw,M711,Architectural and engineering activities and related technical consultancy,SAL_NR,Employees - number,DK,2023,48688.0
sbs_sc_ovw,M711,Architectural and engineering activities and related technical consultancy,SAL_NR,Employees - number,DK,2024,50835.0
sbs_sc_ovw,M711,Architectural and engineering activities and related technical consultancy,SAL_NR,Employees - number,EL,2021,23090.0
sbs_sc_ovw,M711,Architectural and engineering activities and related technical consultancy,SAL_NR,Employees - number,EL,2022,25341.0
sbs_sc_ovw,M711,Architectural and engineering activities and related technical consultancy,SAL_NR,Employees - number,EL,2023,26103.0
sbs_sc_ovw,M711,Architectural and engineering activities and related technical consultancy,SAL_NR,Employees - number,EL,2024,27971.0
sbs_sc_ovw,M711,Architectural and engineering activities and related technical consultancy,SAL_NR,Employees - number,ES,2021,151408.0
sbs_sc_ovw,M711,Architectural and engineering activities and related technical consultancy,SAL_NR,Employees - number,ES,2022,158160.0
sbs_sc_ovw,M711,Architectural and engineering activities and related technical consultancy,SAL_NR,Employees - number,ES,2023,172254.0
sbs_sc_ovw,M711,Architectural and engineering activities and related technical consultancy,SAL_NR,Employees - number,ES,2024,183110.0
sbs_sc_ovw,M711,Architectural and engineering activities and related technical consultancy,SAL_NR,Employees - number,EU27_2020,2021,1783509.0
sbs_sc_ovw,M711,Architectural and engineering activities and related technical consultancy,SAL_NR,Employees - number,EU27_2020,2022,1835509.0
sbs_sc_ovw,M711,Architectural and engineering activities and related technical consultancy,SAL_NR,Employees - number,EU27_2020,2023,1903960.0
sbs_sc_ovw,M711,Architectural and engineering activities and related technical consultancy,SAL_NR,Employees - number,FI,2021,39047.0
sbs_sc_ovw,M711,Architectural and engineering activities and related technical consultancy,SAL_NR,Employees - number,FI,2022,40812.0
sbs_sc_ovw,M711,Architectural and engineering activities and related technical consultancy,SAL_NR,Employees - number,FI,2023,41159.0
sbs_sc_ovw,M711,Architectural and engineering activities and related technical consultancy,SAL_NR,Employees - number,FI,2024,39788.0
sbs_sc_ovw,M711,Architectural and engineering activities and related technical consultancy,SAL_NR,Employees - number,FR,2021,279540.0
sbs_sc_ovw,M711,Architectural and engineering activities and related technical consultancy,SAL_NR,Employees - number,FR,2022,301153.0
sbs_sc_ovw,M711,Architectural and engineering activities and related technical consultancy,SAL_NR,Employees - number,FR,2023,308595.0
sbs_sc_ovw,M711,Architectural and engineering activities and related technical consultancy,SAL_NR,Employees - number,FR,2024,318041.0
sbs_sc_ovw,M711,Architectural and engineering activities and related technical consultancy,SAL_NR,Employees - number,HU,2021,31804.0
sbs_sc_ovw,M711,Architectural and engineering activities and related technical consultancy,SAL_NR,Employees - number,HU,2022,33873.0
sbs_sc_ovw,M711,Architectural and engineering activities and related technical consultancy,SAL_NR,Employees - number,HU,2023,36201.0
sbs_sc_ovw,M711,Architectural and engineering activities and related technical consultancy,SAL_NR,Employees - number,HU,2024,35831.0
sbs_sc_ovw,M711,Architectural and engineering activities and related technical consultancy,SAL_NR,Employees - number,IE,2021,31493.0
sbs_sc_ovw,M711,Architectural and engineering activities and related technical consultancy,SAL_NR,Employees - number,IE,2022,36273.0
sbs_sc_ovw,M711,Architectural and engineering activities and related technical consultancy,SAL_NR,Employees - number,IE,2023,38805.0
sbs_sc_ovw,M711,Architectural and engineering activities and related technical consultancy,SAL_NR,Employees - number,IE,2024,40324.0
sbs_sc_ovw,M711,Architectural and engineering activities and related technical consultancy,SAL_NR,Employees - number,IT,2021,58058.0
sbs_sc_ovw,M711,Architectural and engineering activities and related technical consultancy,SAL_NR,Employees - number,IT,2022,64817.0
sbs_sc_ovw,M711,Architectural and engineering activities and related technical consultancy,SAL_NR,Employees - number,IT,2023,69709.0
sbs_sc_ovw,M711,Architectural and engineering activities and related technical consultancy,SAL_NR,Employees - number,IT,2024,76423.0
sbs_sc_ovw,M711,Architectural and engineering activities and related technical consultancy,SAL_NR,Employees - number,NL,2021,104130.0
sbs_sc_ovw,M711,Architectural and engineering activities and related technical consultancy,SAL_NR,Employees - number,NL,2022,108420.0
sbs_sc_ovw,M711,Architectural and engineering activities and related technical consultancy,SAL_NR,Employees - number,NL,2023,112234.0
sbs_sc_ovw,M711,Architectural and engineering activities and related technical consultancy,SAL_NR,Employees - number,NL,2024,117699.0
sbs_sc_ovw,M711,Architectural and engineering activities and related technical consultancy,SAL_NR,Employees - number,PL,2021,73806.0
sbs_sc_ovw,M711,Architectural and engineering activities and related technical consultancy,SAL_NR,Employees - number,PL,2022,74876.0
sbs_sc_ovw,M711,Architectural and engineering activities and related technical consultancy,SAL_NR,Employees - number,PL,2023,71331.0
sbs_sc_ovw,M711,Architectural and engineering activities and related technical consultancy,SAL_NR,Employees - number,PL,2024,71882.0
sbs_sc_ovw,M711,Architectural and engineering activities and related technical consultancy,SAL_NR,Employees - number,PT,2021,35596.0
sbs_sc_ovw,M711,Architectural and engineering activities and related technical consultancy,SAL_NR,Employees - number,PT,2022,39337.0
sbs_sc_ovw,M711,Architectural and engineering activities and related technical consultancy,SAL_NR,Employees - number,PT,2023,41801.0
sbs_sc_ovw,M711,Architectural and engineering activities and related technical consultancy,SAL_NR,Employees - number,PT,2024,44413.0
sbs_sc_ovw,M711,Architectural and engineering activities and related technical consultancy,SAL_NR,Employees - number,RO,2021,57277.0
sbs_sc_ovw,M711,Architectural and engineering activities and related technical consultancy,SAL_NR,Employees - number,RO,2022,62676.0
sbs_sc_ovw,M711,Architectural and engineering activities and related technical consultancy,SAL_NR,Employees - number,RO,2023,68113.0
sbs_sc_ovw,M711,Architectural and engineering activities and related technical consultancy,SAL_NR,Employees - number,RO,2024,66454.0
sbs_sc_ovw,M711,Architectural and engineering activities and related technical consultancy,SAL_NR,Employees - number,SE,2021,103490.0
sbs_sc_ovw,M711,Architectural and engineering activities and related technical consultancy,SAL_NR,Employees - number,SE,2022,112361.0
sbs_sc_ovw,M711,Architectural and engineering activities and related technical consultancy,SAL_NR,Employees - number,SE,2023,111033.0
sbs_sc_ovw,M711,Architectural and engineering activities and related technical consultancy,SAL_NR,Employees - number,SE,2024,110718.0
sbs_sc_ovw,M711,Architectural and engineering activities and related technical consultancy,VAL_OUT_MEUR,Value of output - million euro,AT,2021,6823.9
sbs_sc_ovw,M711,Architectural and engineering activities and related technical consultancy,VAL_OUT_MEUR,Value of output - million euro,AT,2022,7400.76
sbs_sc_ovw,M711,Architectural and engineering activities and related technical consultancy,VAL_OUT_MEUR,Value of output - million euro,AT,2023,7596.55
sbs_sc_ovw,M711,Architectural and engineering activities and related technical consultancy,VAL_OUT_MEUR,Value of output - million euro,AT,2024,7766.33
sbs_sc_ovw,M711,Architectural and engineering activities and related technical consultancy,VAL_OUT_MEUR,Value of output - million euro,BE,2021,10697.13
sbs_sc_ovw,M711,Architectural and engineering activities and related technical consultancy,VAL_OUT_MEUR,Value of output - million euro,BE,2022,11188.47
sbs_sc_ovw,M711,Architectural and engineering activities and related technical consultancy,VAL_OUT_MEUR,Value of output - million euro,BE,2023,12697.1
sbs_sc_ovw,M711,Architectural and engineering activities and related technical consultancy,VAL_OUT_MEUR,Value of output - million euro,BE,2024,13121.3
sbs_sc_ovw,M711,Architectural and engineering activities and related technical consultancy,VAL_OUT_MEUR,Value of output - million euro,CZ,2021,5308.42
sbs_sc_ovw,M711,Architectural and engineering activities and related technical consultancy,VAL_OUT_MEUR,Value of output - million euro,CZ,2022,6428.96
sbs_sc_ovw,M711,Architectural and engineering activities and related technical consultancy,VAL_OUT_MEUR,Value of output - million euro,CZ,2023,7106.17
sbs_sc_ovw,M711,Architectural and engineering activities and related technical consultancy,VAL_OUT_MEUR,Value of output - million euro,CZ,2024,6974.29
sbs_sc_ovw,M711,Architectural and engineering activities and related technical consultancy,VAL_OUT_MEUR,Value of output - million euro,DE,2021,73649.61
sbs_sc_ovw,M711,Architectural and engineering activities and related technical consultancy,VAL_OUT_MEUR,Value of output - million euro,DE,2022,67866.03
sbs_sc_ovw,M711,Architectural and engineering activities and related technical consultancy,VAL_OUT_MEUR,Value of output - million euro,DE,2023,83918.49
sbs_sc_ovw,M711,Architectural and engineering activities and related technical consultancy,VAL_OUT_MEUR,Value of output - million euro,DE,2024,82008.08
sbs_sc_ovw,M711,Architectural and engineering activities and related technical consultancy,VAL_OUT_MEUR,Value of output - million euro,DK,2021,8854.08
sbs_sc_ovw,M711,Architectural and engineering activities and related technical consultancy,VAL_OUT_MEUR,Value of output - million euro,DK,2022,9950.7
sbs_sc_ovw,M711,Architectural and engineering activities and related technical consultancy,VAL_OUT_MEUR,Value of output - million euro,DK,2023,10341.7
sbs_sc_ovw,M711,Architectural and engineering activities and related technical consultancy,VAL_OUT_MEUR,Value of output - million euro,DK,2024,11238.52
sbs_sc_ovw,M711,Architectural and engineering activities and related technical consultancy,VAL_OUT_MEUR,Value of output - million euro,EL,2021,2597.89
sbs_sc_ovw,M711,Architectural and engineering activities and related technical consultancy,VAL_OUT_MEUR,Value of output - million euro,EL,2022,3259.21
sbs_sc_ovw,M711,Architectural and engineering activities and related technical consultancy,VAL_OUT_MEUR,Value of output - million euro,EL,2023,3915.64
sbs_sc_ovw,M711,Architectural and engineering activities and related technical consultancy,VAL_OUT_MEUR,Value of output - million euro,EL,2024,4595.65
sbs_sc_ovw,M711,Architectural and engineering activities and related technical consultancy,VAL_OUT_MEUR,Value of output - million euro,ES,2021,19796.25
sbs_sc_ovw,M711,Architectural and engineering activities and related technical consultancy,VAL_OUT_MEUR,Value of output - million euro,ES,2022,23103.75
sbs_sc_ovw,M711,Architectural and engineering activities and related technical consultancy,VAL_OUT_MEUR,Value of output - million euro,ES,2023,25351.79
sbs_sc_ovw,M711,Architectural and engineering activities and related technical consultancy,VAL_OUT_MEUR,Value of output - million euro,ES,2024,26965.38
sbs_sc_ovw,M711,Architectural and engineering activities and related technical consultancy,VAL_OUT_MEUR,Value of output - million euro,EU27_2020,2021,279156.75
sbs_sc_ovw,M711,Architectural and engineering activities and related technical consultancy,VAL_OUT_MEUR,Value of output - million euro,EU27_2020,2022,296175.27
sbs_sc_ovw,M711,Architectural and engineering activities and related technical consultancy,VAL_OUT_MEUR,Value of output - million euro,EU27_2020,2023,331493.56
sbs_sc_ovw,M711,Architectural and engineering activities and related technical consultancy,VAL_OUT_MEUR,Value of output - million euro,FI,2021,5813.73
sbs_sc_ovw,M711,Architectural and engineering activities and related technical consultancy,VAL_OUT_MEUR,Value of output - million euro,FI,2022,6096.47
sbs_sc_ovw,M711,Architectural and engineering activities and related technical consultancy,VAL_OUT_MEUR,Value of output - million euro,FI,2023,6311.69
sbs_sc_ovw,M711,Architectural and engineering activities and related technical consultancy,VAL_OUT_MEUR,Value of output - million euro,FI,2024,6365.41
sbs_sc_ovw,M711,Architectural and engineering activities and related technical consultancy,VAL_OUT_MEUR,Value of output - million euro,FR,2021,54653.07
sbs_sc_ovw,M711,Architectural and engineering activities and related technical consultancy,VAL_OUT_MEUR,Value of output - million euro,FR,2022,58178.92
sbs_sc_ovw,M711,Architectural and engineering activities and related technical consultancy,VAL_OUT_MEUR,Value of output - million euro,FR,2023,60522.28
sbs_sc_ovw,M711,Architectural and engineering activities and related technical consultancy,VAL_OUT_MEUR,Value of output - million euro,FR,2024,64798.3
sbs_sc_ovw,M711,Architectural and engineering activities and related technical consultancy,VAL_OUT_MEUR,Value of output - million euro,HU,2021,2654.69
sbs_sc_ovw,M711,Architectural and engineering activities and related technical consultancy,VAL_OUT_MEUR,Value of output - million euro,HU,2022,2743.04
sbs_sc_ovw,M711,Architectural and engineering activities and related technical consultancy,VAL_OUT_MEUR,Value of output - million euro,HU,2023,3149.78
sbs_sc_ovw,M711,Architectural and engineering activities and related technical consultancy,VAL_OUT_MEUR,Value of output - million euro,HU,2024,3167.06
sbs_sc_ovw,M711,Architectural and engineering activities and related technical consultancy,VAL_OUT_MEUR,Value of output - million euro,IE,2021,3926.9
sbs_sc_ovw,M711,Architectural and engineering activities and related technical consultancy,VAL_OUT_MEUR,Value of output - million euro,IE,2022,4973.24
sbs_sc_ovw,M711,Architectural and engineering activities and related technical consultancy,VAL_OUT_MEUR,Value of output - million euro,IE,2023,5455.95
sbs_sc_ovw,M711,Architectural and engineering activities and related technical consultancy,VAL_OUT_MEUR,Value of output - million euro,IE,2024,5569.34
sbs_sc_ovw,M711,Architectural and engineering activities and related technical consultancy,VAL_OUT_MEUR,Value of output - million euro,IT,2021,26023.48
sbs_sc_ovw,M711,Architectural and engineering activities and related technical consultancy,VAL_OUT_MEUR,Value of output - million euro,IT,2022,32687.72
sbs_sc_ovw,M711,Architectural and engineering activities and related technical consultancy,VAL_OUT_MEUR,Value of output - million euro,IT,2023,37425.78
sbs_sc_ovw,M711,Architectural and engineering activities and related technical consultancy,VAL_OUT_MEUR,Value of output - million euro,IT,2024,39508.03
sbs_sc_ovw,M711,Architectural and engineering activities and related technical consultancy,VAL_OUT_MEUR,Value of output - million euro,NL,2021,19079.25
sbs_sc_ovw,M711,Architectural and engineering activities and related technical consultancy,VAL_OUT_MEUR,Value of output - million euro,NL,2022,19272.08
sbs_sc_ovw,M711,Architectural and engineering activities and related technical consultancy,VAL_OUT_MEUR,Value of output - million euro,NL,2023,21240.84
sbs_sc_ovw,M711,Architectural and engineering activities and related technical consultancy,VAL_OUT_MEUR,Value of output - million euro,NL,2024,23074.88
sbs_sc_ovw,M711,Architectural and engineering activities and related technical consultancy,VAL_OUT_MEUR,Value of output - million euro,PL,2021,7204.04
sbs_sc_ovw,M711,Architectural and engineering activities and related technical consultancy,VAL_OUT_MEUR,Value of output - million euro,PL,2022,8240.6
sbs_sc_ovw,M711,Architectural and engineering activities and related technical consultancy,VAL_OUT_MEUR,Value of output - million euro,PL,2023,9010.5
sbs_sc_ovw,M711,Architectural and engineering activities and related technical consultancy,VAL_OUT_MEUR,Value of output - million euro,PL,2024,9916.54
sbs_sc_ovw,M711,Architectural and engineering activities and related technical consultancy,VAL_OUT_MEUR,Value of output - million euro,PT,2021,2922.02
sbs_sc_ovw,M711,Architectural and engineering activities and related technical consultancy,VAL_OUT_MEUR,Value of output - million euro,PT,2022,3433.18
sbs_sc_ovw,M711,Architectural and engineering activities and related technical consultancy,VAL_OUT_MEUR,Value of output - million euro,PT,2023,4140.54
sbs_sc_ovw,M711,Architectural and engineering activities and related technical consultancy,VAL_OUT_MEUR,Value of output - million euro,PT,2024,4929.84
sbs_sc_ovw,M711,Architectural and engineering activities and related technical consultancy,VAL_OUT_MEUR,Value of output - million euro,RO,2021,2854.73
sbs_sc_ovw,M711,Architectural and engineering activities and related technical consultancy,VAL_OUT_MEUR,Value of output - million euro,RO,2022,3880.42
sbs_sc_ovw,M711,Architectural and engineering activities and related technical consultancy,VAL_OUT_MEUR,Value of output - million euro,RO,2023,4981.04
sbs_sc_ovw,M711,Architectural and engineering activities and related technical consultancy,VAL_OUT_MEUR,Value of output - million euro,RO,2024,5221.44
sbs_sc_ovw,M711,Architectural and engineering activities and related technical consultancy,VAL_OUT_MEUR,Value of output - million euro,SE,2021,18440.45
sbs_sc_ovw,M711,Architectural and engineering activities and related technical consultancy,VAL_OUT_MEUR,Value of output - million euro,SE,2022,18331.71
sbs_sc_ovw,M711,Architectural and engineering activities and related technical consultancy,VAL_OUT_MEUR,Value of output - million euro,SE,2023,17898.42
sbs_sc_ovw,M711,Architectural and engineering activities and related technical consultancy,VAL_OUT_MEUR,Value of output - million euro,SE,2024,18163.0
sbs_sc_ovw,M711,Architectural and engineering activities and related technical consultancy,WAGE_MEUR,Wages and salaries - million euro,AT,2021,1973.73
sbs_sc_ovw,M711,Architectural and engineering activities and related technical consultancy,WAGE_MEUR,Wages and salaries - million euro,AT,2022,2169.08
sbs_sc_ovw,M711,Architectural and engineering activities and related technical consultancy,WAGE_MEUR,Wages and salaries - million euro,AT,2023,2357.35
sbs_sc_ovw,M711,Architectural and engineering activities and related technical consultancy,WAGE_MEUR,Wages and salaries - million euro,AT,2024,2505.39
sbs_sc_ovw,M711,Architectural and engineering activities and related technical consultancy,WAGE_MEUR,Wages and salaries - million euro,BE,2021,1743.54
sbs_sc_ovw,M711,Architectural and engineering activities and related technical consultancy,WAGE_MEUR,Wages and salaries - million euro,BE,2022,1825.56
sbs_sc_ovw,M711,Architectural and engineering activities and related technical consultancy,WAGE_MEUR,Wages and salaries - million euro,BE,2023,2107.07
sbs_sc_ovw,M711,Architectural and engineering activities and related technical consultancy,WAGE_MEUR,Wages and salaries - million euro,BE,2024,2110.86
sbs_sc_ovw,M711,Architectural and engineering activities and related technical consultancy,WAGE_MEUR,Wages and salaries - million euro,CZ,2021,896.15
sbs_sc_ovw,M711,Architectural and engineering activities and related technical consultancy,WAGE_MEUR,Wages and salaries - million euro,CZ,2022,1037.53
sbs_sc_ovw,M711,Architectural and engineering activities and related technical consultancy,WAGE_MEUR,Wages and salaries - million euro,CZ,2023,1145.51
sbs_sc_ovw,M711,Architectural and engineering activities and related technical consultancy,WAGE_MEUR,Wages and salaries - million euro,CZ,2024,1186.74
sbs_sc_ovw,M711,Architectural and engineering activities and related technical consultancy,WAGE_MEUR,Wages and salaries - million euro,DE,2021,24683.72
sbs_sc_ovw,M711,Architectural and engineering activities and related technical consultancy,WAGE_MEUR,Wages and salaries - million euro,DE,2022,23944.14
sbs_sc_ovw,M711,Architectural and engineering activities and related technical consultancy,WAGE_MEUR,Wages and salaries - million euro,DE,2023,27455.55
sbs_sc_ovw,M711,Architectural and engineering activities and related technical consultancy,WAGE_MEUR,Wages and salaries - million euro,DE,2024,31102.23
sbs_sc_ovw,M711,Architectural and engineering activities and related technical consultancy,WAGE_MEUR,Wages and salaries - million euro,DK,2021,3315.97
sbs_sc_ovw,M711,Architectural and engineering activities and related technical consultancy,WAGE_MEUR,Wages and salaries - million euro,DK,2022,3589.34
sbs_sc_ovw,M711,Architectural and engineering activities and related technical consultancy,WAGE_MEUR,Wages and salaries - million euro,DK,2023,4114.21
sbs_sc_ovw,M711,Architectural and engineering activities and related technical consultancy,WAGE_MEUR,Wages and salaries - million euro,DK,2024,4350.05
sbs_sc_ovw,M711,Architectural and engineering activities and related technical consultancy,WAGE_MEUR,Wages and salaries - million euro,EL,2021,231.22
sbs_sc_ovw,M711,Architectural and engineering activities and related technical consultancy,WAGE_MEUR,Wages and salaries - million euro,EL,2022,306.65
sbs_sc_ovw,M711,Architectural and engineering activities and related technical consultancy,WAGE_MEUR,Wages and salaries - million euro,EL,2023,352.74
sbs_sc_ovw,M711,Architectural and engineering activities and related technical consultancy,WAGE_MEUR,Wages and salaries - million euro,EL,2024,428.39
sbs_sc_ovw,M711,Architectural and engineering activities and related technical consultancy,WAGE_MEUR,Wages and salaries - million euro,ES,2021,5234.99
sbs_sc_ovw,M711,Architectural and engineering activities and related technical consultancy,WAGE_MEUR,Wages and salaries - million euro,ES,2022,5709.92
sbs_sc_ovw,M711,Architectural and engineering activities and related technical consultancy,WAGE_MEUR,Wages and salaries - million euro,ES,2023,6545.75
sbs_sc_ovw,M711,Architectural and engineering activities and related technical consultancy,WAGE_MEUR,Wages and salaries - million euro,ES,2024,7247.23
sbs_sc_ovw,M711,Architectural and engineering activities and related technical consultancy,WAGE_MEUR,Wages and salaries - million euro,EU27_2020,2021,73372.73
sbs_sc_ovw,M711,Architectural and engineering activities and related technical consultancy,WAGE_MEUR,Wages and salaries - million euro,EU27_2020,2022,77729.9
sbs_sc_ovw,M711,Architectural and engineering activities and related technical consultancy,WAGE_MEUR,Wages and salaries - million euro,EU27_2020,2023,85970.91
sbs_sc_ovw,M711,Architectural and engineering activities and related technical consultancy,WAGE_MEUR,Wages and salaries - million euro,FI,2021,2121.21
sbs_sc_ovw,M711,Architectural and engineering activities and related technical consultancy,WAGE_MEUR,Wages and salaries - million euro,FI,2022,2258.88
sbs_sc_ovw,M711,Architectural and engineering activities and related technical consultancy,WAGE_MEUR,Wages and salaries - million euro,FI,2023,2362.56
sbs_sc_ovw,M711,Architectural and engineering activities and related technical consultancy,WAGE_MEUR,Wages and salaries - million euro,FI,2024,2371.74
sbs_sc_ovw,M711,Architectural and engineering activities and related technical consultancy,WAGE_MEUR,Wages and salaries - million euro,FR,2021,13508.26
sbs_sc_ovw,M711,Architectural and engineering activities and related technical consultancy,WAGE_MEUR,Wages and salaries - million euro,FR,2022,15095.85
sbs_sc_ovw,M711,Architectural and engineering activities and related technical consultancy,WAGE_MEUR,Wages and salaries - million euro,FR,2023,15876.16
sbs_sc_ovw,M711,Architectural and engineering activities and related technical consultancy,WAGE_MEUR,Wages and salaries - million euro,FR,2024,16856.21
sbs_sc_ovw,M711,Architectural and engineering activities and related technical consultancy,WAGE_MEUR,Wages and salaries - million euro,HU,2021,556.69
sbs_sc_ovw,M711,Architectural and engineering activities and related technical consultancy,WAGE_MEUR,Wages and salaries - million euro,HU,2022,634.4
sbs_sc_ovw,M711,Architectural and engineering activities and related technical consultancy,WAGE_MEUR,Wages and salaries - million euro,HU,2023,757.39
sbs_sc_ovw,M711,Architectural and engineering activities and related technical consultancy,WAGE_MEUR,Wages and salaries - million euro,HU,2024,801.34
sbs_sc_ovw,M711,Architectural and engineering activities and related technical consultancy,WAGE_MEUR,Wages and salaries - million euro,IE,2021,1749.46
sbs_sc_ovw,M711,Architectural and engineering activities and related technical consultancy,WAGE_MEUR,Wages and salaries - million euro,IE,2022,2020.59
sbs_sc_ovw,M711,Architectural and engineering activities and related technical consultancy,WAGE_MEUR,Wages and salaries - million euro,IE,2023,2256.84
sbs_sc_ovw,M711,Architectural and engineering activities and related technical consultancy,WAGE_MEUR,Wages and salaries - million euro,IE,2024,2496.14
sbs_sc_ovw,M711,Architectural and engineering activities and related technical consultancy,WAGE_MEUR,Wages and salaries - million euro,IT,2021,2154.26
sbs_sc_ovw,M711,Architectural and engineering activities and related technical consultancy,WAGE_MEUR,Wages and salaries - million euro,IT,2022,2504.89
sbs_sc_ovw,M711,Architectural and engineering activities and related technical consultancy,WAGE_MEUR,Wages and salaries - million euro,IT,2023,2777.55
sbs_sc_ovw,M711,Architectural and engineering activities and related technical consultancy,WAGE_MEUR,Wages and salaries - million euro,IT,2024,3151.85
sbs_sc_ovw,M711,Architectural and engineering activities and related technical consultancy,WAGE_MEUR,Wages and salaries - million euro,NL,2021,5397.5
sbs_sc_ovw,M711,Architectural and engineering activities and related technical consultancy,WAGE_MEUR,Wages and salaries - million euro,NL,2022,5888.03
sbs_sc_ovw,M711,Architectural and engineering activities and related technical consultancy,WAGE_MEUR,Wages and salaries - million euro,NL,2023,6445.11
sbs_sc_ovw,M711,Architectural and engineering activities and related technical consultancy,WAGE_MEUR,Wages and salaries - million euro,NL,2024,6971.95
sbs_sc_ovw,M711,Architectural and engineering activities and related technical consultancy,WAGE_MEUR,Wages and salaries - million euro,PL,2021,1463.32
sbs_sc_ovw,M711,Architectural and engineering activities and related technical consultancy,WAGE_MEUR,Wages and salaries - million euro,PL,2022,1597.49
sbs_sc_ovw,M711,Architectural and engineering activities and related technical consultancy,WAGE_MEUR,Wages and salaries - million euro,PL,2023,1700.62
sbs_sc_ovw,M711,Architectural and engineering activities and related technical consultancy,WAGE_MEUR,Wages and salaries - million euro,PL,2024,2153.54
sbs_sc_ovw,M711,Architectural and engineering activities and related technical consultancy,WAGE_MEUR,Wages and salaries - million euro,PT,2021,733.22
sbs_sc_ovw,M711,Architectural and engineering activities and related technical consultancy,WAGE_MEUR,Wages and salaries - million euro,PT,2022,861.27
sbs_sc_ovw,M711,Architectural and engineering activities and related technical consultancy,WAGE_MEUR,Wages and salaries - million euro,PT,2023,1001.13
sbs_sc_ovw,M711,Architectural and engineering activities and related technical consultancy,WAGE_MEUR,Wages and salaries - million euro,PT,2024,1132.2
sbs_sc_ovw,M711,Architectural and engineering activities and related technical consultancy,WAGE_MEUR,Wages and salaries - million euro,RO,2021,699.94
sbs_sc_ovw,M711,Architectural and engineering activities and related technical consultancy,WAGE_MEUR,Wages and salaries - million euro,RO,2022,865.51
sbs_sc_ovw,M711,Architectural and engineering activities and related technical consultancy,WAGE_MEUR,Wages and salaries - million euro,RO,2023,1186.33
sbs_sc_ovw,M711,Architectural and engineering activities and related technical consultancy,WAGE_MEUR,Wages and salaries - million euro,RO,2024,1332.98
sbs_sc_ovw,M711,Architectural and engineering activities and related technical consultancy,WAGE_MEUR,Wages and salaries - million euro,SE,2021,4937.89
sbs_sc_ovw,M711,Architectural and engineering activities and related technical consultancy,WAGE_MEUR,Wages and salaries - million euro,SE,2022,5181.48
sbs_sc_ovw,M711,Architectural and engineering activities and related technical consultancy,WAGE_MEUR,Wages and salaries - million euro,SE,2023,4975.27
sbs_sc_ovw,M711,Architectural and engineering activities and related technical consultancy,WAGE_MEUR,Wages and salaries - million euro,SE,2024,5161.63
sbs_sc_ovw,M712,Technical testing and analysis,AV_MEUR,Value added - million euro,AT,2021,440.0
sbs_sc_ovw,M712,Technical testing and analysis,AV_MEUR,Value added - million euro,AT,2022,467.63
sbs_sc_ovw,M712,Technical testing and analysis,AV_MEUR,Value added - million euro,AT,2023,490.17
sbs_sc_ovw,M712,Technical testing and analysis,AV_MEUR,Value added - million euro,AT,2024,520.12
sbs_sc_ovw,M712,Technical testing and analysis,AV_MEUR,Value added - million euro,BE,2021,1213.42
sbs_sc_ovw,M712,Technical testing and analysis,AV_MEUR,Value added - million euro,BE,2022,1330.2
sbs_sc_ovw,M712,Technical testing and analysis,AV_MEUR,Value added - million euro,BE,2023,1497.2
sbs_sc_ovw,M712,Technical testing and analysis,AV_MEUR,Value added - million euro,BE,2024,1544.45
sbs_sc_ovw,M712,Technical testing and analysis,AV_MEUR,Value added - million euro,CZ,2021,479.05
sbs_sc_ovw,M712,Technical testing and analysis,AV_MEUR,Value added - million euro,CZ,2022,531.35
sbs_sc_ovw,M712,Technical testing and analysis,AV_MEUR,Value added - million euro,CZ,2023,602.51
sbs_sc_ovw,M712,Technical testing and analysis,AV_MEUR,Value added - million euro,CZ,2024,624.83
sbs_sc_ovw,M712,Technical testing and analysis,AV_MEUR,Value added - million euro,DE,2021,9762.68
sbs_sc_ovw,M712,Technical testing and analysis,AV_MEUR,Value added - million euro,DE,2022,9557.96
sbs_sc_ovw,M712,Technical testing and analysis,AV_MEUR,Value added - million euro,DE,2023,10298.45
sbs_sc_ovw,M712,Technical testing and analysis,AV_MEUR,Value added - million euro,DE,2024,10799.97
sbs_sc_ovw,M712,Technical testing and analysis,AV_MEUR,Value added - million euro,DK,2021,405.72
sbs_sc_ovw,M712,Technical testing and analysis,AV_MEUR,Value added - million euro,DK,2022,420.15
sbs_sc_ovw,M712,Technical testing and analysis,AV_MEUR,Value added - million euro,DK,2023,452.2
sbs_sc_ovw,M712,Technical testing and analysis,AV_MEUR,Value added - million euro,DK,2024,470.17
sbs_sc_ovw,M712,Technical testing and analysis,AV_MEUR,Value added - million euro,EL,2021,195.39
sbs_sc_ovw,M712,Technical testing and analysis,AV_MEUR,Value added - million euro,EL,2022,218.19
sbs_sc_ovw,M712,Technical testing and analysis,AV_MEUR,Value added - million euro,EL,2023,269.84
sbs_sc_ovw,M712,Technical testing and analysis,AV_MEUR,Value added - million euro,EL,2024,255.31
sbs_sc_ovw,M712,Technical testing and analysis,AV_MEUR,Value added - million euro,ES,2021,2328.64
sbs_sc_ovw,M712,Technical testing and analysis,AV_MEUR,Value added - million euro,ES,2022,2528.99
sbs_sc_ovw,M712,Technical testing and analysis,AV_MEUR,Value added - million euro,ES,2023,2617.9
sbs_sc_ovw,M712,Technical testing and analysis,AV_MEUR,Value added - million euro,ES,2024,2955.46
sbs_sc_ovw,M712,Technical testing and analysis,AV_MEUR,Value added - million euro,EU27_2020,2021,28338.68
sbs_sc_ovw,M712,Technical testing and analysis,AV_MEUR,Value added - million euro,EU27_2020,2022,28964.6
sbs_sc_ovw,M712,Technical testing and analysis,AV_MEUR,Value added - million euro,EU27_2020,2023,31468.18
sbs_sc_ovw,M712,Technical testing and analysis,AV_MEUR,Value added - million euro,FI,2021,320.88
sbs_sc_ovw,M712,Technical testing and analysis,AV_MEUR,Value added - million euro,FI,2022,306.07
sbs_sc_ovw,M712,Technical testing and analysis,AV_MEUR,Value added - million euro,FI,2023,329.9
sbs_sc_ovw,M712,Technical testing and analysis,AV_MEUR,Value added - million euro,FI,2024,360.62
sbs_sc_ovw,M712,Technical testing and analysis,AV_MEUR,Value added - million euro,FR,2021,5532.58
sbs_sc_ovw,M712,Technical testing and analysis,AV_MEUR,Value added - million euro,FR,2022,5317.52
sbs_sc_ovw,M712,Technical testing and analysis,AV_MEUR,Value added - million euro,FR,2023,5894.14
sbs_sc_ovw,M712,Technical testing and analysis,AV_MEUR,Value added - million euro,FR,2024,6775.93
sbs_sc_ovw,M712,Technical testing and analysis,AV_MEUR,Value added - million euro,HU,2021,208.27
sbs_sc_ovw,M712,Technical testing and analysis,AV_MEUR,Value added - million euro,HU,2022,224.97
sbs_sc_ovw,M712,Technical testing and analysis,AV_MEUR,Value added - million euro,HU,2023,278.5
sbs_sc_ovw,M712,Technical testing and analysis,AV_MEUR,Value added - million euro,HU,2024,285.92
sbs_sc_ovw,M712,Technical testing and analysis,AV_MEUR,Value added - million euro,IE,2021,688.07
sbs_sc_ovw,M712,Technical testing and analysis,AV_MEUR,Value added - million euro,IE,2022,632.79
sbs_sc_ovw,M712,Technical testing and analysis,AV_MEUR,Value added - million euro,IE,2023,736.53
sbs_sc_ovw,M712,Technical testing and analysis,AV_MEUR,Value added - million euro,IE,2024,819.93
sbs_sc_ovw,M712,Technical testing and analysis,AV_MEUR,Value added - million euro,IT,2021,2417.55
sbs_sc_ovw,M712,Technical testing and analysis,AV_MEUR,Value added - million euro,IT,2022,2759.42
sbs_sc_ovw,M712,Technical testing and analysis,AV_MEUR,Value added - million euro,IT,2023,2765.33
sbs_sc_ovw,M712,Technical testing and analysis,AV_MEUR,Value added - million euro,IT,2024,3181.05
sbs_sc_ovw,M712,Technical testing and analysis,AV_MEUR,Value added - million euro,NL,2021,1506.06
sbs_sc_ovw,M712,Technical testing and analysis,AV_MEUR,Value added - million euro,NL,2022,1617.29
sbs_sc_ovw,M712,Technical testing and analysis,AV_MEUR,Value added - million euro,NL,2023,1868.52
sbs_sc_ovw,M712,Technical testing and analysis,AV_MEUR,Value added - million euro,NL,2024,1960.5
sbs_sc_ovw,M712,Technical testing and analysis,AV_MEUR,Value added - million euro,PL,2021,630.18
sbs_sc_ovw,M712,Technical testing and analysis,AV_MEUR,Value added - million euro,PL,2022,704.25
sbs_sc_ovw,M712,Technical testing and analysis,AV_MEUR,Value added - million euro,PL,2023,777.39
sbs_sc_ovw,M712,Technical testing and analysis,AV_MEUR,Value added - million euro,PL,2024,892.53
sbs_sc_ovw,M712,Technical testing and analysis,AV_MEUR,Value added - million euro,PT,2021,235.99
sbs_sc_ovw,M712,Technical testing and analysis,AV_MEUR,Value added - million euro,PT,2022,269.55
sbs_sc_ovw,M712,Technical testing and analysis,AV_MEUR,Value added - million euro,PT,2023,275.55
sbs_sc_ovw,M712,Technical testing and analysis,AV_MEUR,Value added - million euro,PT,2024,298.22
sbs_sc_ovw,M712,Technical testing and analysis,AV_MEUR,Value added - million euro,RO,2021,370.3
sbs_sc_ovw,M712,Technical testing and analysis,AV_MEUR,Value added - million euro,RO,2022,400.61
sbs_sc_ovw,M712,Technical testing and analysis,AV_MEUR,Value added - million euro,RO,2023,475.54
sbs_sc_ovw,M712,Technical testing and analysis,AV_MEUR,Value added - million euro,RO,2024,556.17
sbs_sc_ovw,M712,Technical testing and analysis,AV_MEUR,Value added - million euro,SE,2021,712.35
sbs_sc_ovw,M712,Technical testing and analysis,AV_MEUR,Value added - million euro,SE,2022,677.26
sbs_sc_ovw,M712,Technical testing and analysis,AV_MEUR,Value added - million euro,SE,2023,736.82
sbs_sc_ovw,M712,Technical testing and analysis,AV_MEUR,Value added - million euro,SE,2024,806.83
sbs_sc_ovw,M712,Technical testing and analysis,EMP_NR,Persons employed - number,AT,2021,6633.0
sbs_sc_ovw,M712,Technical testing and analysis,EMP_NR,Persons employed - number,AT,2022,6678.0
sbs_sc_ovw,M712,Technical testing and analysis,EMP_NR,Persons employed - number,AT,2023,6484.0
sbs_sc_ovw,M712,Technical testing and analysis,EMP_NR,Persons employed - number,AT,2024,6582.0
sbs_sc_ovw,M712,Technical testing and analysis,EMP_NR,Persons employed - number,BE,2021,14319.0
sbs_sc_ovw,M712,Technical testing and analysis,EMP_NR,Persons employed - number,BE,2022,14753.0
sbs_sc_ovw,M712,Technical testing and analysis,EMP_NR,Persons employed - number,BE,2023,15519.0
sbs_sc_ovw,M712,Technical testing and analysis,EMP_NR,Persons employed - number,BE,2024,16078.0
sbs_sc_ovw,M712,Technical testing and analysis,EMP_NR,Persons employed - number,CZ,2021,15391.0
sbs_sc_ovw,M712,Technical testing and analysis,EMP_NR,Persons employed - number,CZ,2022,15603.0
sbs_sc_ovw,M712,Technical testing and analysis,EMP_NR,Persons employed - number,CZ,2023,16060.0
sbs_sc_ovw,M712,Technical testing and analysis,EMP_NR,Persons employed - number,CZ,2024,16155.0
sbs_sc_ovw,M712,Technical testing and analysis,EMP_NR,Persons employed - number,DE,2021,128608.0
sbs_sc_ovw,M712,Technical testing and analysis,EMP_NR,Persons employed - number,DE,2022,127470.0
sbs_sc_ovw,M712,Technical testing and analysis,EMP_NR,Persons employed - number,DE,2023,130251.0
sbs_sc_ovw,M712,Technical testing and analysis,EMP_NR,Persons employed - number,DE,2024,136100.0
sbs_sc_ovw,M712,Technical testing and analysis,EMP_NR,Persons employed - number,DK,2021,4724.0
sbs_sc_ovw,M712,Technical testing and analysis,EMP_NR,Persons employed - number,DK,2022,4886.0
sbs_sc_ovw,M712,Technical testing and analysis,EMP_NR,Persons employed - number,DK,2023,4969.0
sbs_sc_ovw,M712,Technical testing and analysis,EMP_NR,Persons employed - number,DK,2024,5029.0
sbs_sc_ovw,M712,Technical testing and analysis,EMP_NR,Persons employed - number,EL,2021,4489.0
sbs_sc_ovw,M712,Technical testing and analysis,EMP_NR,Persons employed - number,EL,2022,4792.0
sbs_sc_ovw,M712,Technical testing and analysis,EMP_NR,Persons employed - number,EL,2023,5257.0
sbs_sc_ovw,M712,Technical testing and analysis,EMP_NR,Persons employed - number,EL,2024,5217.0
sbs_sc_ovw,M712,Technical testing and analysis,EMP_NR,Persons employed - number,ES,2021,48398.0
sbs_sc_ovw,M712,Technical testing and analysis,EMP_NR,Persons employed - number,ES,2022,54000.0
sbs_sc_ovw,M712,Technical testing and analysis,EMP_NR,Persons employed - number,ES,2023,50686.0
sbs_sc_ovw,M712,Technical testing and analysis,EMP_NR,Persons employed - number,ES,2024,49035.0
sbs_sc_ovw,M712,Technical testing and analysis,EMP_NR,Persons employed - number,EU27_2020,2021,484515.0
sbs_sc_ovw,M712,Technical testing and analysis,EMP_NR,Persons employed - number,EU27_2020,2022,491715.0
sbs_sc_ovw,M712,Technical testing and analysis,EMP_NR,Persons employed - number,EU27_2020,2023,505033.0
sbs_sc_ovw,M712,Technical testing and analysis,EMP_NR,Persons employed - number,FI,2021,4927.0
sbs_sc_ovw,M712,Technical testing and analysis,EMP_NR,Persons employed - number,FI,2022,4988.0
sbs_sc_ovw,M712,Technical testing and analysis,EMP_NR,Persons employed - number,FI,2023,4960.0
sbs_sc_ovw,M712,Technical testing and analysis,EMP_NR,Persons employed - number,FI,2024,4930.0
sbs_sc_ovw,M712,Technical testing and analysis,EMP_NR,Persons employed - number,FR,2021,90395.0
sbs_sc_ovw,M712,Technical testing and analysis,EMP_NR,Persons employed - number,FR,2022,86714.0
sbs_sc_ovw,M712,Technical testing and analysis,EMP_NR,Persons employed - number,FR,2023,94931.0
sbs_sc_ovw,M712,Technical testing and analysis,EMP_NR,Persons employed - number,FR,2024,100566.0
sbs_sc_ovw,M712,Technical testing and analysis,EMP_NR,Persons employed - number,HU,2021,9972.0
sbs_sc_ovw,M712,Technical testing and analysis,EMP_NR,Persons employed - number,HU,2022,10100.0
sbs_sc_ovw,M712,Technical testing and analysis,EMP_NR,Persons employed - number,HU,2023,10308.0
sbs_sc_ovw,M712,Technical testing and analysis,EMP_NR,Persons employed - number,HU,2024,10081.0
sbs_sc_ovw,M712,Technical testing and analysis,EMP_NR,Persons employed - number,IE,2021,5249.0
sbs_sc_ovw,M712,Technical testing and analysis,EMP_NR,Persons employed - number,IE,2022,5702.0
sbs_sc_ovw,M712,Technical testing and analysis,EMP_NR,Persons employed - number,IE,2023,6010.0
sbs_sc_ovw,M712,Technical testing and analysis,EMP_NR,Persons employed - number,IE,2024,6170.0
sbs_sc_ovw,M712,Technical testing and analysis,EMP_NR,Persons employed - number,IT,2021,40936.0
sbs_sc_ovw,M712,Technical testing and analysis,EMP_NR,Persons employed - number,IT,2022,42865.0
sbs_sc_ovw,M712,Technical testing and analysis,EMP_NR,Persons employed - number,IT,2023,43236.0
sbs_sc_ovw,M712,Technical testing and analysis,EMP_NR,Persons employed - number,IT,2024,46589.0
sbs_sc_ovw,M712,Technical testing and analysis,EMP_NR,Persons employed - number,NL,2021,19565.0
sbs_sc_ovw,M712,Technical testing and analysis,EMP_NR,Persons employed - number,NL,2022,19976.0
sbs_sc_ovw,M712,Technical testing and analysis,EMP_NR,Persons employed - number,NL,2023,20749.0
sbs_sc_ovw,M712,Technical testing and analysis,EMP_NR,Persons employed - number,NL,2024,21728.0
sbs_sc_ovw,M712,Technical testing and analysis,EMP_NR,Persons employed - number,PL,2021,25161.0
sbs_sc_ovw,M712,Technical testing and analysis,EMP_NR,Persons employed - number,PL,2022,25520.0
sbs_sc_ovw,M712,Technical testing and analysis,EMP_NR,Persons employed - number,PL,2023,25943.0
sbs_sc_ovw,M712,Technical testing and analysis,EMP_NR,Persons employed - number,PL,2024,26099.0
sbs_sc_ovw,M712,Technical testing and analysis,EMP_NR,Persons employed - number,PT,2021,6477.0
sbs_sc_ovw,M712,Technical testing and analysis,EMP_NR,Persons employed - number,PT,2022,6742.0
sbs_sc_ovw,M712,Technical testing and analysis,EMP_NR,Persons employed - number,PT,2023,6811.0
sbs_sc_ovw,M712,Technical testing and analysis,EMP_NR,Persons employed - number,PT,2024,7001.0
sbs_sc_ovw,M712,Technical testing and analysis,EMP_NR,Persons employed - number,RO,2021,16553.0
sbs_sc_ovw,M712,Technical testing and analysis,EMP_NR,Persons employed - number,RO,2022,17147.0
sbs_sc_ovw,M712,Technical testing and analysis,EMP_NR,Persons employed - number,RO,2023,18694.0
sbs_sc_ovw,M712,Technical testing and analysis,EMP_NR,Persons employed - number,RO,2024,18322.0
sbs_sc_ovw,M712,Technical testing and analysis,EMP_NR,Persons employed - number,SE,2021,8893.0
sbs_sc_ovw,M712,Technical testing and analysis,EMP_NR,Persons employed - number,SE,2022,8154.0
sbs_sc_ovw,M712,Technical testing and analysis,EMP_NR,Persons employed - number,SE,2023,9154.0
sbs_sc_ovw,M712,Technical testing and analysis,EMP_NR,Persons employed - number,SE,2024,9314.0
sbs_sc_ovw,M712,Technical testing and analysis,ENT_NR,Enterprises - number,AT,2021,1135.0
sbs_sc_ovw,M712,Technical testing and analysis,ENT_NR,Enterprises - number,AT,2022,1098.0
sbs_sc_ovw,M712,Technical testing and analysis,ENT_NR,Enterprises - number,AT,2023,1050.0
sbs_sc_ovw,M712,Technical testing and analysis,ENT_NR,Enterprises - number,AT,2024,1028.0
sbs_sc_ovw,M712,Technical testing and analysis,ENT_NR,Enterprises - number,BE,2021,1391.0
sbs_sc_ovw,M712,Technical testing and analysis,ENT_NR,Enterprises - number,BE,2022,1479.0
sbs_sc_ovw,M712,Technical testing and analysis,ENT_NR,Enterprises - number,BE,2023,1453.0
sbs_sc_ovw,M712,Technical testing and analysis,ENT_NR,Enterprises - number,BE,2024,1713.0
sbs_sc_ovw,M712,Technical testing and analysis,ENT_NR,Enterprises - number,CZ,2021,3900.0
sbs_sc_ovw,M712,Technical testing and analysis,ENT_NR,Enterprises - number,CZ,2022,4047.0
sbs_sc_ovw,M712,Technical testing and analysis,ENT_NR,Enterprises - number,CZ,2023,4405.0
sbs_sc_ovw,M712,Technical testing and analysis,ENT_NR,Enterprises - number,CZ,2024,4758.0
sbs_sc_ovw,M712,Technical testing and analysis,ENT_NR,Enterprises - number,DE,2021,7394.0
sbs_sc_ovw,M712,Technical testing and analysis,ENT_NR,Enterprises - number,DE,2022,7438.0
sbs_sc_ovw,M712,Technical testing and analysis,ENT_NR,Enterprises - number,DE,2023,7542.0
sbs_sc_ovw,M712,Technical testing and analysis,ENT_NR,Enterprises - number,DE,2024,7829.0
sbs_sc_ovw,M712,Technical testing and analysis,ENT_NR,Enterprises - number,DK,2021,458.0
sbs_sc_ovw,M712,Technical testing and analysis,ENT_NR,Enterprises - number,DK,2022,464.0
sbs_sc_ovw,M712,Technical testing and analysis,ENT_NR,Enterprises - number,DK,2023,467.0
sbs_sc_ovw,M712,Technical testing and analysis,ENT_NR,Enterprises - number,DK,2024,464.0
sbs_sc_ovw,M712,Technical testing and analysis,ENT_NR,Enterprises - number,EL,2021,1154.0
sbs_sc_ovw,M712,Technical testing and analysis,ENT_NR,Enterprises - number,EL,2022,1191.0
sbs_sc_ovw,M712,Technical testing and analysis,ENT_NR,Enterprises - number,EL,2023,1186.0
sbs_sc_ovw,M712,Technical testing and analysis,ENT_NR,Enterprises - number,EL,2024,1185.0
sbs_sc_ovw,M712,Technical testing and analysis,ENT_NR,Enterprises - number,ES,2021,13886.0
sbs_sc_ovw,M712,Technical testing and analysis,ENT_NR,Enterprises - number,ES,2022,14570.0
sbs_sc_ovw,M712,Technical testing and analysis,ENT_NR,Enterprises - number,ES,2023,15116.0
sbs_sc_ovw,M712,Technical testing and analysis,ENT_NR,Enterprises - number,ES,2024,16280.0
sbs_sc_ovw,M712,Technical testing and analysis,ENT_NR,Enterprises - number,EU27_2020,2021,78946.0
sbs_sc_ovw,M712,Technical testing and analysis,ENT_NR,Enterprises - number,EU27_2020,2022,82356.0
sbs_sc_ovw,M712,Technical testing and analysis,ENT_NR,Enterprises - number,EU27_2020,2023,83842.0
sbs_sc_ovw,M712,Technical testing and analysis,ENT_NR,Enterprises - number,FI,2021,767.0
sbs_sc_ovw,M712,Technical testing and analysis,ENT_NR,Enterprises - number,FI,2022,769.0
sbs_sc_ovw,M712,Technical testing and analysis,ENT_NR,Enterprises - number,FI,2023,758.0
sbs_sc_ovw,M712,Technical testing and analysis,ENT_NR,Enterprises - number,FI,2024,755.0
sbs_sc_ovw,M712,Technical testing and analysis,ENT_NR,Enterprises - number,FR,2021,12837.0
sbs_sc_ovw,M712,Technical testing and analysis,ENT_NR,Enterprises - number,FR,2022,13468.0
sbs_sc_ovw,M712,Technical testing and analysis,ENT_NR,Enterprises - number,FR,2023,14303.0
sbs_sc_ovw,M712,Technical testing and analysis,ENT_NR,Enterprises - number,FR,2024,15040.0
sbs_sc_ovw,M712,Technical testing and analysis,ENT_NR,Enterprises - number,HU,2021,3299.0
sbs_sc_ovw,M712,Technical testing and analysis,ENT_NR,Enterprises - number,HU,2022,3368.0
sbs_sc_ovw,M712,Technical testing and analysis,ENT_NR,Enterprises - number,HU,2023,3104.0
sbs_sc_ovw,M712,Technical testing and analysis,ENT_NR,Enterprises - number,HU,2024,3045.0
sbs_sc_ovw,M712,Technical testing and analysis,ENT_NR,Enterprises - number,IE,2021,420.0
sbs_sc_ovw,M712,Technical testing and analysis,ENT_NR,Enterprises - number,IE,2022,437.0
sbs_sc_ovw,M712,Technical testing and analysis,ENT_NR,Enterprises - number,IE,2023,447.0
sbs_sc_ovw,M712,Technical testing and analysis,ENT_NR,Enterprises - number,IE,2024,468.0
sbs_sc_ovw,M712,Technical testing and analysis,ENT_NR,Enterprises - number,IT,2021,8166.0
sbs_sc_ovw,M712,Technical testing and analysis,ENT_NR,Enterprises - number,IT,2022,8248.0
sbs_sc_ovw,M712,Technical testing and analysis,ENT_NR,Enterprises - number,IT,2023,8204.0
sbs_sc_ovw,M712,Technical testing and analysis,ENT_NR,Enterprises - number,IT,2024,8084.0
sbs_sc_ovw,M712,Technical testing and analysis,ENT_NR,Enterprises - number,NL,2021,2298.0
sbs_sc_ovw,M712,Technical testing and analysis,ENT_NR,Enterprises - number,NL,2022,2439.0
sbs_sc_ovw,M712,Technical testing and analysis,ENT_NR,Enterprises - number,NL,2023,2521.0
sbs_sc_ovw,M712,Technical testing and analysis,ENT_NR,Enterprises - number,NL,2024,2749.0
sbs_sc_ovw,M712,Technical testing and analysis,ENT_NR,Enterprises - number,PL,2021,5971.0
sbs_sc_ovw,M712,Technical testing and analysis,ENT_NR,Enterprises - number,PL,2022,5922.0
sbs_sc_ovw,M712,Technical testing and analysis,ENT_NR,Enterprises - number,PL,2023,6451.0
sbs_sc_ovw,M712,Technical testing and analysis,ENT_NR,Enterprises - number,PL,2024,6723.0
sbs_sc_ovw,M712,Technical testing and analysis,ENT_NR,Enterprises - number,PT,2021,828.0
sbs_sc_ovw,M712,Technical testing and analysis,ENT_NR,Enterprises - number,PT,2022,855.0
sbs_sc_ovw,M712,Technical testing and analysis,ENT_NR,Enterprises - number,PT,2023,829.0
sbs_sc_ovw,M712,Technical testing and analysis,ENT_NR,Enterprises - number,PT,2024,864.0
sbs_sc_ovw,M712,Technical testing and analysis,ENT_NR,Enterprises - number,RO,2021,2819.0
sbs_sc_ovw,M712,Technical testing and analysis,ENT_NR,Enterprises - number,RO,2022,2910.0
sbs_sc_ovw,M712,Technical testing and analysis,ENT_NR,Enterprises - number,RO,2023,3135.0
sbs_sc_ovw,M712,Technical testing and analysis,ENT_NR,Enterprises - number,RO,2024,3264.0
sbs_sc_ovw,M712,Technical testing and analysis,ENT_NR,Enterprises - number,SE,2021,1017.0
sbs_sc_ovw,M712,Technical testing and analysis,ENT_NR,Enterprises - number,SE,2022,984.0
sbs_sc_ovw,M712,Technical testing and analysis,ENT_NR,Enterprises - number,SE,2023,1040.0
sbs_sc_ovw,M712,Technical testing and analysis,ENT_NR,Enterprises - number,SE,2024,1114.0
sbs_sc_ovw,M712,Technical testing and analysis,GOS_MEUR,Gross operating surplus - million euro,AT,2021,108.55
sbs_sc_ovw,M712,Technical testing and analysis,GOS_MEUR,Gross operating surplus - million euro,AT,2022,115.76
sbs_sc_ovw,M712,Technical testing and analysis,GOS_MEUR,Gross operating surplus - million euro,AT,2023,122.8
sbs_sc_ovw,M712,Technical testing and analysis,GOS_MEUR,Gross operating surplus - million euro,AT,2024,123.09
sbs_sc_ovw,M712,Technical testing and analysis,GOS_MEUR,Gross operating surplus - million euro,BE,2021,316.23
sbs_sc_ovw,M712,Technical testing and analysis,GOS_MEUR,Gross operating surplus - million euro,BE,2022,326.33
sbs_sc_ovw,M712,Technical testing and analysis,GOS_MEUR,Gross operating surplus - million euro,BE,2023,340.41
sbs_sc_ovw,M712,Technical testing and analysis,GOS_MEUR,Gross operating surplus - million euro,BE,2024,366.43
sbs_sc_ovw,M712,Technical testing and analysis,GOS_MEUR,Gross operating surplus - million euro,CZ,2021,175.36
sbs_sc_ovw,M712,Technical testing and analysis,GOS_MEUR,Gross operating surplus - million euro,CZ,2022,191.58
sbs_sc_ovw,M712,Technical testing and analysis,GOS_MEUR,Gross operating surplus - million euro,CZ,2023,223.47
sbs_sc_ovw,M712,Technical testing and analysis,GOS_MEUR,Gross operating surplus - million euro,CZ,2024,230.54
sbs_sc_ovw,M712,Technical testing and analysis,GOS_MEUR,Gross operating surplus - million euro,DE,2021,2662.8
sbs_sc_ovw,M712,Technical testing and analysis,GOS_MEUR,Gross operating surplus - million euro,DE,2022,2064.25
sbs_sc_ovw,M712,Technical testing and analysis,GOS_MEUR,Gross operating surplus - million euro,DE,2023,2241.9
sbs_sc_ovw,M712,Technical testing and analysis,GOS_MEUR,Gross operating surplus - million euro,DE,2024,2254.86
sbs_sc_ovw,M712,Technical testing and analysis,GOS_MEUR,Gross operating surplus - million euro,DK,2021,78.61
sbs_sc_ovw,M712,Technical testing and analysis,GOS_MEUR,Gross operating surplus - million euro,DK,2022,76.22
sbs_sc_ovw,M712,Technical testing and analysis,GOS_MEUR,Gross operating surplus - million euro,DK,2023,77.83
sbs_sc_ovw,M712,Technical testing and analysis,GOS_MEUR,Gross operating surplus - million euro,DK,2024,78.21
sbs_sc_ovw,M712,Technical testing and analysis,GOS_MEUR,Gross operating surplus - million euro,EL,2021,91.45
sbs_sc_ovw,M712,Technical testing and analysis,GOS_MEUR,Gross operating surplus - million euro,EL,2022,92.92
sbs_sc_ovw,M712,Technical testing and analysis,GOS_MEUR,Gross operating surplus - million euro,EL,2023,120.46
sbs_sc_ovw,M712,Technical testing and analysis,GOS_MEUR,Gross operating surplus - million euro,EL,2024,97.16
sbs_sc_ovw,M712,Technical testing and analysis,GOS_MEUR,Gross operating surplus - million euro,ES,2021,652.91
sbs_sc_ovw,M712,Technical testing and analysis,GOS_MEUR,Gross operating surplus - million euro,ES,2022,714.0
sbs_sc_ovw,M712,Technical testing and analysis,GOS_MEUR,Gross operating surplus - million euro,ES,2023,788.77
sbs_sc_ovw,M712,Technical testing and analysis,GOS_MEUR,Gross operating surplus - million euro,ES,2024,876.76
sbs_sc_ovw,M712,Technical testing and analysis,GOS_MEUR,Gross operating surplus - million euro,EU27_2020,2021,7859.93
sbs_sc_ovw,M712,Technical testing and analysis,GOS_MEUR,Gross operating surplus - million euro,EU27_2020,2022,7488.8
sbs_sc_ovw,M712,Technical testing and analysis,GOS_MEUR,Gross operating surplus - million euro,EU27_2020,2023,8038.86
sbs_sc_ovw,M712,Technical testing and analysis,GOS_MEUR,Gross operating surplus - million euro,FI,2021,52.16
sbs_sc_ovw,M712,Technical testing and analysis,GOS_MEUR,Gross operating surplus - million euro,FI,2022,32.76
sbs_sc_ovw,M712,Technical testing and analysis,GOS_MEUR,Gross operating surplus - million euro,FI,2023,45.39
sbs_sc_ovw,M712,Technical testing and analysis,GOS_MEUR,Gross operating surplus - million euro,FI,2024,67.31
sbs_sc_ovw,M712,Technical testing and analysis,GOS_MEUR,Gross operating surplus - million euro,FR,2021,938.26
sbs_sc_ovw,M712,Technical testing and analysis,GOS_MEUR,Gross operating surplus - million euro,FR,2022,837.56
sbs_sc_ovw,M712,Technical testing and analysis,GOS_MEUR,Gross operating surplus - million euro,FR,2023,850.24
sbs_sc_ovw,M712,Technical testing and analysis,GOS_MEUR,Gross operating surplus - million euro,FR,2024,1019.05
sbs_sc_ovw,M712,Technical testing and analysis,GOS_MEUR,Gross operating surplus - million euro,HU,2021,81.71
sbs_sc_ovw,M712,Technical testing and analysis,GOS_MEUR,Gross operating surplus - million euro,HU,2022,92.75
sbs_sc_ovw,M712,Technical testing and analysis,GOS_MEUR,Gross operating surplus - million euro,HU,2023,114.09
sbs_sc_ovw,M712,Technical testing and analysis,GOS_MEUR,Gross operating surplus - million euro,HU,2024,116.24
sbs_sc_ovw,M712,Technical testing and analysis,GOS_MEUR,Gross operating surplus - million euro,IE,2021,446.36
sbs_sc_ovw,M712,Technical testing and analysis,GOS_MEUR,Gross operating surplus - million euro,IE,2022,369.97
sbs_sc_ovw,M712,Technical testing and analysis,GOS_MEUR,Gross operating surplus - million euro,IE,2023,378.43
sbs_sc_ovw,M712,Technical testing and analysis,GOS_MEUR,Gross operating surplus - million euro,IE,2024,654.98
sbs_sc_ovw,M712,Technical testing and analysis,GOS_MEUR,Gross operating surplus - million euro,IT,2021,933.96
sbs_sc_ovw,M712,Technical testing and analysis,GOS_MEUR,Gross operating surplus - million euro,IT,2022,1141.68
sbs_sc_ovw,M712,Technical testing and analysis,GOS_MEUR,Gross operating surplus - million euro,IT,2023,1088.84
sbs_sc_ovw,M712,Technical testing and analysis,GOS_MEUR,Gross operating surplus - million euro,IT,2024,1233.47
sbs_sc_ovw,M712,Technical testing and analysis,GOS_MEUR,Gross operating surplus - million euro,NL,2021,343.28
sbs_sc_ovw,M712,Technical testing and analysis,GOS_MEUR,Gross operating surplus - million euro,NL,2022,381.42
sbs_sc_ovw,M712,Technical testing and analysis,GOS_MEUR,Gross operating surplus - million euro,NL,2023,520.2
sbs_sc_ovw,M712,Technical testing and analysis,GOS_MEUR,Gross operating surplus - million euro,NL,2024,564.99
sbs_sc_ovw,M712,Technical testing and analysis,GOS_MEUR,Gross operating surplus - million euro,PL,2021,217.74
sbs_sc_ovw,M712,Technical testing and analysis,GOS_MEUR,Gross operating surplus - million euro,PL,2022,251.4
sbs_sc_ovw,M712,Technical testing and analysis,GOS_MEUR,Gross operating surplus - million euro,PL,2023,251.45
sbs_sc_ovw,M712,Technical testing and analysis,GOS_MEUR,Gross operating surplus - million euro,PL,2024,282.49
sbs_sc_ovw,M712,Technical testing and analysis,GOS_MEUR,Gross operating surplus - million euro,PT,2021,94.05
sbs_sc_ovw,M712,Technical testing and analysis,GOS_MEUR,Gross operating surplus - million euro,PT,2022,113.54
sbs_sc_ovw,M712,Technical testing and analysis,GOS_MEUR,Gross operating surplus - million euro,PT,2023,104.36
sbs_sc_ovw,M712,Technical testing and analysis,GOS_MEUR,Gross operating surplus - million euro,PT,2024,109.61
sbs_sc_ovw,M712,Technical testing and analysis,GOS_MEUR,Gross operating surplus - million euro,RO,2021,167.98
sbs_sc_ovw,M712,Technical testing and analysis,GOS_MEUR,Gross operating surplus - million euro,RO,2022,169.07
sbs_sc_ovw,M712,Technical testing and analysis,GOS_MEUR,Gross operating surplus - million euro,RO,2023,181.2
sbs_sc_ovw,M712,Technical testing and analysis,GOS_MEUR,Gross operating surplus - million euro,RO,2024,224.72
sbs_sc_ovw,M712,Technical testing and analysis,GOS_MEUR,Gross operating surplus - million euro,SE,2021,188.69
sbs_sc_ovw,M712,Technical testing and analysis,GOS_MEUR,Gross operating surplus - million euro,SE,2022,153.24
sbs_sc_ovw,M712,Technical testing and analysis,GOS_MEUR,Gross operating surplus - million euro,SE,2023,194.07
sbs_sc_ovw,M712,Technical testing and analysis,GOS_MEUR,Gross operating surplus - million euro,SE,2024,216.89
sbs_sc_ovw,M712,Technical testing and analysis,NETTUR_MEUR,Net turnover - million euro,AT,2021,799.51
sbs_sc_ovw,M712,Technical testing and analysis,NETTUR_MEUR,Net turnover - million euro,AT,2022,837.98
sbs_sc_ovw,M712,Technical testing and analysis,NETTUR_MEUR,Net turnover - million euro,AT,2023,860.41
sbs_sc_ovw,M712,Technical testing and analysis,NETTUR_MEUR,Net turnover - million euro,AT,2024,892.16
sbs_sc_ovw,M712,Technical testing and analysis,NETTUR_MEUR,Net turnover - million euro,BE,2021,2150.59
sbs_sc_ovw,M712,Technical testing and analysis,NETTUR_MEUR,Net turnover - million euro,BE,2022,2504.8
sbs_sc_ovw,M712,Technical testing and analysis,NETTUR_MEUR,Net turnover - million euro,BE,2023,2652.8
sbs_sc_ovw,M712,Technical testing and analysis,NETTUR_MEUR,Net turnover - million euro,BE,2024,2883.11
sbs_sc_ovw,M712,Technical testing and analysis,NETTUR_MEUR,Net turnover - million euro,CZ,2021,861.57
sbs_sc_ovw,M712,Technical testing and analysis,NETTUR_MEUR,Net turnover - million euro,CZ,2022,994.85
sbs_sc_ovw,M712,Technical testing and analysis,NETTUR_MEUR,Net turnover - million euro,CZ,2023,1120.52
sbs_sc_ovw,M712,Technical testing and analysis,NETTUR_MEUR,Net turnover - million euro,CZ,2024,1154.35
sbs_sc_ovw,M712,Technical testing and analysis,NETTUR_MEUR,Net turnover - million euro,DE,2021,15271.15
sbs_sc_ovw,M712,Technical testing and analysis,NETTUR_MEUR,Net turnover - million euro,DE,2022,15571.09
sbs_sc_ovw,M712,Technical testing and analysis,NETTUR_MEUR,Net turnover - million euro,DE,2023,17248.13
sbs_sc_ovw,M712,Technical testing and analysis,NETTUR_MEUR,Net turnover - million euro,DE,2024,18185.15
sbs_sc_ovw,M712,Technical testing and analysis,NETTUR_MEUR,Net turnover - million euro,DK,2021,688.86
sbs_sc_ovw,M712,Technical testing and analysis,NETTUR_MEUR,Net turnover - million euro,DK,2022,760.9
sbs_sc_ovw,M712,Technical testing and analysis,NETTUR_MEUR,Net turnover - million euro,DK,2023,825.92
sbs_sc_ovw,M712,Technical testing and analysis,NETTUR_MEUR,Net turnover - million euro,DK,2024,818.02
sbs_sc_ovw,M712,Technical testing and analysis,NETTUR_MEUR,Net turnover - million euro,EL,2021,343.41
sbs_sc_ovw,M712,Technical testing and analysis,NETTUR_MEUR,Net turnover - million euro,EL,2022,396.83
sbs_sc_ovw,M712,Technical testing and analysis,NETTUR_MEUR,Net turnover - million euro,EL,2023,477.97
sbs_sc_ovw,M712,Technical testing and analysis,NETTUR_MEUR,Net turnover - million euro,EL,2024,455.44
sbs_sc_ovw,M712,Technical testing and analysis,NETTUR_MEUR,Net turnover - million euro,ES,2021,3894.88
sbs_sc_ovw,M712,Technical testing and analysis,NETTUR_MEUR,Net turnover - million euro,ES,2022,4410.89
sbs_sc_ovw,M712,Technical testing and analysis,NETTUR_MEUR,Net turnover - million euro,ES,2023,4342.95
sbs_sc_ovw,M712,Technical testing and analysis,NETTUR_MEUR,Net turnover - million euro,ES,2024,4955.19
sbs_sc_ovw,M712,Technical testing and analysis,NETTUR_MEUR,Net turnover - million euro,EU27_2020,2021,49781.89
sbs_sc_ovw,M712,Technical testing and analysis,NETTUR_MEUR,Net turnover - million euro,EU27_2020,2022,52440.64
sbs_sc_ovw,M712,Technical testing and analysis,NETTUR_MEUR,Net turnover - million euro,EU27_2020,2023,57387.62
sbs_sc_ovw,M712,Technical testing and analysis,NETTUR_MEUR,Net turnover - million euro,FI,2021,599.98
sbs_sc_ovw,M712,Technical testing and analysis,NETTUR_MEUR,Net turnover - million euro,FI,2022,603.5
sbs_sc_ovw,M712,Technical testing and analysis,NETTUR_MEUR,Net turnover - million euro,FI,2023,655.07
sbs_sc_ovw,M712,Technical testing and analysis,NETTUR_MEUR,Net turnover - million euro,FI,2024,724.72
sbs_sc_ovw,M712,Technical testing and analysis,NETTUR_MEUR,Net turnover - million euro,FR,2021,10641.22
sbs_sc_ovw,M712,Technical testing and analysis,NETTUR_MEUR,Net turnover - million euro,FR,2022,9862.16
sbs_sc_ovw,M712,Technical testing and analysis,NETTUR_MEUR,Net turnover - million euro,FR,2023,10874.05
sbs_sc_ovw,M712,Technical testing and analysis,NETTUR_MEUR,Net turnover - million euro,FR,2024,11673.63
sbs_sc_ovw,M712,Technical testing and analysis,NETTUR_MEUR,Net turnover - million euro,HU,2021,529.81
sbs_sc_ovw,M712,Technical testing and analysis,NETTUR_MEUR,Net turnover - million euro,HU,2022,464.56
sbs_sc_ovw,M712,Technical testing and analysis,NETTUR_MEUR,Net turnover - million euro,HU,2023,635.49
sbs_sc_ovw,M712,Technical testing and analysis,NETTUR_MEUR,Net turnover - million euro,HU,2024,659.77
sbs_sc_ovw,M712,Technical testing and analysis,NETTUR_MEUR,Net turnover - million euro,IE,2021,1215.32
sbs_sc_ovw,M712,Technical testing and analysis,NETTUR_MEUR,Net turnover - million euro,IE,2022,2094.49
sbs_sc_ovw,M712,Technical testing and analysis,NETTUR_MEUR,Net turnover - million euro,IE,2023,2441.4
sbs_sc_ovw,M712,Technical testing and analysis,NETTUR_MEUR,Net turnover - million euro,IE,2024,2342.93
sbs_sc_ovw,M712,Technical testing and analysis,NETTUR_MEUR,Net turnover - million euro,IT,2021,4822.44
sbs_sc_ovw,M712,Technical testing and analysis,NETTUR_MEUR,Net turnover - million euro,IT,2022,5343.39
sbs_sc_ovw,M712,Technical testing and analysis,NETTUR_MEUR,Net turnover - million euro,IT,2023,5504.8
sbs_sc_ovw,M712,Technical testing and analysis,NETTUR_MEUR,Net turnover - million euro,IT,2024,6210.06
sbs_sc_ovw,M712,Technical testing and analysis,NETTUR_MEUR,Net turnover - million euro,NL,2021,2646.38
sbs_sc_ovw,M712,Technical testing and analysis,NETTUR_MEUR,Net turnover - million euro,NL,2022,2891.08
sbs_sc_ovw,M712,Technical testing and analysis,NETTUR_MEUR,Net turnover - million euro,NL,2023,3301.14
sbs_sc_ovw,M712,Technical testing and analysis,NETTUR_MEUR,Net turnover - million euro,NL,2024,3626.5
sbs_sc_ovw,M712,Technical testing and analysis,NETTUR_MEUR,Net turnover - million euro,PL,2021,1296.13
sbs_sc_ovw,M712,Technical testing and analysis,NETTUR_MEUR,Net turnover - million euro,PL,2022,1443.18
sbs_sc_ovw,M712,Technical testing and analysis,NETTUR_MEUR,Net turnover - million euro,PL,2023,1638.85
sbs_sc_ovw,M712,Technical testing and analysis,NETTUR_MEUR,Net turnover - million euro,PL,2024,1777.78
sbs_sc_ovw,M712,Technical testing and analysis,NETTUR_MEUR,Net turnover - million euro,PT,2021,414.28
sbs_sc_ovw,M712,Technical testing and analysis,NETTUR_MEUR,Net turnover - million euro,PT,2022,466.94
sbs_sc_ovw,M712,Technical testing and analysis,NETTUR_MEUR,Net turnover - million euro,PT,2023,466.85
sbs_sc_ovw,M712,Technical testing and analysis,NETTUR_MEUR,Net turnover - million euro,PT,2024,503.95
sbs_sc_ovw,M712,Technical testing and analysis,NETTUR_MEUR,Net turnover - million euro,RO,2021,578.88
sbs_sc_ovw,M712,Technical testing and analysis,NETTUR_MEUR,Net turnover - million euro,RO,2022,645.66
sbs_sc_ovw,M712,Technical testing and analysis,NETTUR_MEUR,Net turnover - million euro,RO,2023,782.07
sbs_sc_ovw,M712,Technical testing and analysis,NETTUR_MEUR,Net turnover - million euro,RO,2024,890.53
sbs_sc_ovw,M712,Technical testing and analysis,NETTUR_MEUR,Net turnover - million euro,SE,2021,1223.71
sbs_sc_ovw,M712,Technical testing and analysis,NETTUR_MEUR,Net turnover - million euro,SE,2022,1159.98
sbs_sc_ovw,M712,Technical testing and analysis,NETTUR_MEUR,Net turnover - million euro,SE,2023,1352.45
sbs_sc_ovw,M712,Technical testing and analysis,NETTUR_MEUR,Net turnover - million euro,SE,2024,1412.48
sbs_sc_ovw,M712,Technical testing and analysis,SAL_NR,Employees - number,AT,2021,5430.0
sbs_sc_ovw,M712,Technical testing and analysis,SAL_NR,Employees - number,AT,2022,5516.0
sbs_sc_ovw,M712,Technical testing and analysis,SAL_NR,Employees - number,AT,2023,5345.0
sbs_sc_ovw,M712,Technical testing and analysis,SAL_NR,Employees - number,AT,2024,5504.0
sbs_sc_ovw,M712,Technical testing and analysis,SAL_NR,Employees - number,BE,2021,13177.0
sbs_sc_ovw,M712,Technical testing and analysis,SAL_NR,Employees - number,BE,2022,13483.0
sbs_sc_ovw,M712,Technical testing and analysis,SAL_NR,Employees - number,BE,2023,14492.0
sbs_sc_ovw,M712,Technical testing and analysis,SAL_NR,Employees - number,BE,2024,14632.0
sbs_sc_ovw,M712,Technical testing and analysis,SAL_NR,Employees - number,CZ,2021,12190.0
sbs_sc_ovw,M712,Technical testing and analysis,SAL_NR,Employees - number,CZ,2022,12339.0
sbs_sc_ovw,M712,Technical testing and analysis,SAL_NR,Employees - number,CZ,2023,12434.0
sbs_sc_ovw,M712,Technical testing and analysis,SAL_NR,Employees - number,CZ,2024,12413.0
sbs_sc_ovw,M712,Technical testing and analysis,SAL_NR,Employees - number,DE,2021,121976.0
sbs_sc_ovw,M712,Technical testing and analysis,SAL_NR,Employees - number,DE,2022,120699.0
sbs_sc_ovw,M712,Technical testing and analysis,SAL_NR,Employees - number,DE,2023,122976.0
sbs_sc_ovw,M712,Technical testing and analysis,SAL_NR,Employees - number,DE,2024,128936.0
sbs_sc_ovw,M712,Technical testing and analysis,SAL_NR,Employees - number,DK,2021,4568.0
sbs_sc_ovw,M712,Technical testing and analysis,SAL_NR,Employees - number,DK,2022,4733.0
sbs_sc_ovw,M712,Technical testing and analysis,SAL_NR,Employees - number,DK,2023,4824.0
sbs_sc_ovw,M712,Technical testing and analysis,SAL_NR,Employees - number,DK,2024,4883.0
sbs_sc_ovw,M712,Technical testing and analysis,SAL_NR,Employees - number,EL,2021,3527.0
sbs_sc_ovw,M712,Technical testing and analysis,SAL_NR,Employees - number,EL,2022,3833.0
sbs_sc_ovw,M712,Technical testing and analysis,SAL_NR,Employees - number,EL,2023,4275.0
sbs_sc_ovw,M712,Technical testing and analysis,SAL_NR,Employees - number,EL,2024,4226.0
sbs_sc_ovw,M712,Technical testing and analysis,SAL_NR,Employees - number,ES,2021,42384.0
sbs_sc_ovw,M712,Technical testing and analysis,SAL_NR,Employees - number,ES,2022,45975.0
sbs_sc_ovw,M712,Technical testing and analysis,SAL_NR,Employees - number,ES,2023,44224.0
sbs_sc_ovw,M712,Technical testing and analysis,SAL_NR,Employees - number,ES,2024,46050.0
sbs_sc_ovw,M712,Technical testing and analysis,SAL_NR,Employees - number,EU27_2020,2021,430053.0
sbs_sc_ovw,M712,Technical testing and analysis,SAL_NR,Employees - number,EU27_2020,2022,434410.0
sbs_sc_ovw,M712,Technical testing and analysis,SAL_NR,Employees - number,EU27_2020,2023,448966.0
sbs_sc_ovw,M712,Technical testing and analysis,SAL_NR,Employees - number,FI,2021,4598.0
sbs_sc_ovw,M712,Technical testing and analysis,SAL_NR,Employees - number,FI,2022,4620.0
sbs_sc_ovw,M712,Technical testing and analysis,SAL_NR,Employees - number,FI,2023,4598.0
sbs_sc_ovw,M712,Technical testing and analysis,SAL_NR,Employees - number,FI,2024,4572.0
sbs_sc_ovw,M712,Technical testing and analysis,SAL_NR,Employees - number,FR,2021,83640.0
sbs_sc_ovw,M712,Technical testing and analysis,SAL_NR,Employees - number,FR,2022,79819.0
sbs_sc_ovw,M712,Technical testing and analysis,SAL_NR,Employees - number,FR,2023,87663.0
sbs_sc_ovw,M712,Technical testing and analysis,SAL_NR,Employees - number,FR,2024,92954.0
sbs_sc_ovw,M712,Technical testing and analysis,SAL_NR,Employees - number,HU,2021,7218.0
sbs_sc_ovw,M712,Technical testing and analysis,SAL_NR,Employees - number,HU,2022,7378.0
sbs_sc_ovw,M712,Technical testing and analysis,SAL_NR,Employees - number,HU,2023,7975.0
sbs_sc_ovw,M712,Technical testing and analysis,SAL_NR,Employees - number,HU,2024,7745.0
sbs_sc_ovw,M712,Technical testing and analysis,SAL_NR,Employees - number,IE,2021,5138.0
sbs_sc_ovw,M712,Technical testing and analysis,SAL_NR,Employees - number,IE,2022,5589.0
sbs_sc_ovw,M712,Technical testing and analysis,SAL_NR,Employees - number,IE,2023,5895.0
sbs_sc_ovw,M712,Technical testing and analysis,SAL_NR,Employees - number,IE,2024,6050.0
sbs_sc_ovw,M712,Technical testing and analysis,SAL_NR,Employees - number,IT,2021,33429.0
sbs_sc_ovw,M712,Technical testing and analysis,SAL_NR,Employees - number,IT,2022,35472.0
sbs_sc_ovw,M712,Technical testing and analysis,SAL_NR,Employees - number,IT,2023,35890.0
sbs_sc_ovw,M712,Technical testing and analysis,SAL_NR,Employees - number,IT,2024,40032.0
sbs_sc_ovw,M712,Technical testing and analysis,SAL_NR,Employees - number,NL,2021,18156.0
sbs_sc_ovw,M712,Technical testing and analysis,SAL_NR,Employees - number,NL,2022,18543.0
sbs_sc_ovw,M712,Technical testing and analysis,SAL_NR,Employees - number,NL,2023,19216.0
sbs_sc_ovw,M712,Technical testing and analysis,SAL_NR,Employees - number,NL,2024,20205.0
sbs_sc_ovw,M712,Technical testing and analysis,SAL_NR,Employees - number,PL,2021,20106.0
sbs_sc_ovw,M712,Technical testing and analysis,SAL_NR,Employees - number,PL,2022,20576.0
sbs_sc_ovw,M712,Technical testing and analysis,SAL_NR,Employees - number,PL,2023,20473.0
sbs_sc_ovw,M712,Technical testing and analysis,SAL_NR,Employees - number,PL,2024,20354.0
sbs_sc_ovw,M712,Technical testing and analysis,SAL_NR,Employees - number,PT,2021,6055.0
sbs_sc_ovw,M712,Technical testing and analysis,SAL_NR,Employees - number,PT,2022,6317.0
sbs_sc_ovw,M712,Technical testing and analysis,SAL_NR,Employees - number,PT,2023,6405.0
sbs_sc_ovw,M712,Technical testing and analysis,SAL_NR,Employees - number,PT,2024,6579.0
sbs_sc_ovw,M712,Technical testing and analysis,SAL_NR,Employees - number,RO,2021,15658.0
sbs_sc_ovw,M712,Technical testing and analysis,SAL_NR,Employees - number,RO,2022,16321.0
sbs_sc_ovw,M712,Technical testing and analysis,SAL_NR,Employees - number,RO,2023,17866.0
sbs_sc_ovw,M712,Technical testing and analysis,SAL_NR,Employees - number,RO,2024,17467.0
sbs_sc_ovw,M712,Technical testing and analysis,SAL_NR,Employees - number,SE,2021,7930.0
sbs_sc_ovw,M712,Technical testing and analysis,SAL_NR,Employees - number,SE,2022,7909.0
sbs_sc_ovw,M712,Technical testing and analysis,SAL_NR,Employees - number,SE,2023,8900.0
sbs_sc_ovw,M712,Technical testing and analysis,SAL_NR,Employees - number,SE,2024,9038.0
sbs_sc_ovw,M712,Technical testing and analysis,VAL_OUT_MEUR,Value of output - million euro,AT,2021,657.24
sbs_sc_ovw,M712,Technical testing and analysis,VAL_OUT_MEUR,Value of output - million euro,AT,2022,667.81
sbs_sc_ovw,M712,Technical testing and analysis,VAL_OUT_MEUR,Value of output - million euro,AT,2023,680.01
sbs_sc_ovw,M712,Technical testing and analysis,VAL_OUT_MEUR,Value of output - million euro,AT,2024,710.39
sbs_sc_ovw,M712,Technical testing and analysis,VAL_OUT_MEUR,Value of output - million euro,BE,2021,2174.73
sbs_sc_ovw,M712,Technical testing and analysis,VAL_OUT_MEUR,Value of output - million euro,BE,2022,2513.86
sbs_sc_ovw,M712,Technical testing and analysis,VAL_OUT_MEUR,Value of output - million euro,BE,2023,2672.2
sbs_sc_ovw,M712,Technical testing and analysis,VAL_OUT_MEUR,Value of output - million euro,BE,2024,2892.61
sbs_sc_ovw,M712,Technical testing and analysis,VAL_OUT_MEUR,Value of output - million euro,CZ,2021,837.02
sbs_sc_ovw,M712,Technical testing and analysis,VAL_OUT_MEUR,Value of output - million euro,CZ,2022,973.08
sbs_sc_ovw,M712,Technical testing and analysis,VAL_OUT_MEUR,Value of output - million euro,CZ,2023,1082.77
sbs_sc_ovw,M712,Technical testing and analysis,VAL_OUT_MEUR,Value of output - million euro,CZ,2024,1139.29
sbs_sc_ovw,M712,Technical testing and analysis,VAL_OUT_MEUR,Value of output - million euro,DE,2021,13291.85
sbs_sc_ovw,M712,Technical testing and analysis,VAL_OUT_MEUR,Value of output - million euro,DE,2022,13584.44
sbs_sc_ovw,M712,Technical testing and analysis,VAL_OUT_MEUR,Value of output - million euro,DE,2023,14880.96
sbs_sc_ovw,M712,Technical testing and analysis,VAL_OUT_MEUR,Value of output - million euro,DE,2024,15609.4
sbs_sc_ovw,M712,Technical testing and analysis,VAL_OUT_MEUR,Value of output - million euro,DK,2021,694.17
sbs_sc_ovw,M712,Technical testing and analysis,VAL_OUT_MEUR,Value of output - million euro,DK,2022,769.33
sbs_sc_ovw,M712,Technical testing and analysis,VAL_OUT_MEUR,Value of output - million euro,DK,2023,828.51
sbs_sc_ovw,M712,Technical testing and analysis,VAL_OUT_MEUR,Value of output - million euro,DK,2024,823.28
sbs_sc_ovw,M712,Technical testing and analysis,VAL_OUT_MEUR,Value of output - million euro,EL,2021,327.53
sbs_sc_ovw,M712,Technical testing and analysis,VAL_OUT_MEUR,Value of output - million euro,EL,2022,386.29
sbs_sc_ovw,M712,Technical testing and analysis,VAL_OUT_MEUR,Value of output - million euro,EL,2023,463.54
sbs_sc_ovw,M712,Technical testing and analysis,VAL_OUT_MEUR,Value of output - million euro,EL,2024,431.36
sbs_sc_ovw,M712,Technical testing and analysis,VAL_OUT_MEUR,Value of output - million euro,ES,2021,3571.79
sbs_sc_ovw,M712,Technical testing and analysis,VAL_OUT_MEUR,Value of output - million euro,ES,2022,4130.35
sbs_sc_ovw,M712,Technical testing and analysis,VAL_OUT_MEUR,Value of output - million euro,ES,2023,4052.63
sbs_sc_ovw,M712,Technical testing and analysis,VAL_OUT_MEUR,Value of output - million euro,ES,2024,4586.0
sbs_sc_ovw,M712,Technical testing and analysis,VAL_OUT_MEUR,Value of output - million euro,EU27_2020,2021,46799.01
sbs_sc_ovw,M712,Technical testing and analysis,VAL_OUT_MEUR,Value of output - million euro,EU27_2020,2022,48704.2
sbs_sc_ovw,M712,Technical testing and analysis,VAL_OUT_MEUR,Value of output - million euro,EU27_2020,2023,52941.84
sbs_sc_ovw,M712,Technical testing and analysis,VAL_OUT_MEUR,Value of output - million euro,FI,2021,605.99
sbs_sc_ovw,M712,Technical testing and analysis,VAL_OUT_MEUR,Value of output - million euro,FI,2022,580.01
sbs_sc_ovw,M712,Technical testing and analysis,VAL_OUT_MEUR,Value of output - million euro,FI,2023,624.06
sbs_sc_ovw,M712,Technical testing and analysis,VAL_OUT_MEUR,Value of output - million euro,FI,2024,745.28
sbs_sc_ovw,M712,Technical testing and analysis,VAL_OUT_MEUR,Value of output - million euro,FR,2021,10817.84
sbs_sc_ovw,M712,Technical testing and analysis,VAL_OUT_MEUR,Value of output - million euro,FR,2022,10093.01
sbs_sc_ovw,M712,Technical testing and analysis,VAL_OUT_MEUR,Value of output - million euro,FR,2023,11360.5
sbs_sc_ovw,M712,Technical testing and analysis,VAL_OUT_MEUR,Value of output - million euro,FR,2024,12511.26
sbs_sc_ovw,M712,Technical testing and analysis,VAL_OUT_MEUR,Value of output - million euro,HU,2021,320.14
sbs_sc_ovw,M712,Technical testing and analysis,VAL_OUT_MEUR,Value of output - million euro,HU,2022,365.16
sbs_sc_ovw,M712,Technical testing and analysis,VAL_OUT_MEUR,Value of output - million euro,HU,2023,433.72
sbs_sc_ovw,M712,Technical testing and analysis,VAL_OUT_MEUR,Value of output - million euro,HU,2024,443.12
sbs_sc_ovw,M712,Technical testing and analysis,VAL_OUT_MEUR,Value of output - million euro,IE,2021,807.84
sbs_sc_ovw,M712,Technical testing and analysis,VAL_OUT_MEUR,Value of output - million euro,IE,2022,885.46
sbs_sc_ovw,M712,Technical testing and analysis,VAL_OUT_MEUR,Value of output - million euro,IE,2023,989.31
sbs_sc_ovw,M712,Technical testing and analysis,VAL_OUT_MEUR,Value of output - million euro,IE,2024,1110.9
sbs_sc_ovw,M712,Technical testing and analysis,VAL_OUT_MEUR,Value of output - million euro,IT,2021,5136.42
sbs_sc_ovw,M712,Technical testing and analysis,VAL_OUT_MEUR,Value of output - million euro,IT,2022,5697.97
sbs_sc_ovw,M712,Technical testing and analysis,VAL_OUT_MEUR,Value of output - million euro,IT,2023,5794.86
sbs_sc_ovw,M712,Technical testing and analysis,VAL_OUT_MEUR,Value of output - million euro,IT,2024,6579.5
sbs_sc_ovw,M712,Technical testing and analysis,VAL_OUT_MEUR,Value of output - million euro,NL,2021,2460.93
sbs_sc_ovw,M712,Technical testing and analysis,VAL_OUT_MEUR,Value of output - million euro,NL,2022,2707.71
sbs_sc_ovw,M712,Technical testing and analysis,VAL_OUT_MEUR,Value of output - million euro,NL,2023,3059.22
sbs_sc_ovw,M712,Technical testing and analysis,VAL_OUT_MEUR,Value of output - million euro,NL,2024,3308.14
sbs_sc_ovw,M712,Technical testing and analysis,VAL_OUT_MEUR,Value of output - million euro,PL,2021,1157.61
sbs_sc_ovw,M712,Technical testing and analysis,VAL_OUT_MEUR,Value of output - million euro,PL,2022,1298.77
sbs_sc_ovw,M712,Technical testing and analysis,VAL_OUT_MEUR,Value of output - million euro,PL,2023,1495.21
sbs_sc_ovw,M712,Technical testing and analysis,VAL_OUT_MEUR,Value of output - million euro,PL,2024,1623.13
sbs_sc_ovw,M712,Technical testing and analysis,VAL_OUT_MEUR,Value of output - million euro,PT,2021,411.35
sbs_sc_ovw,M712,Technical testing and analysis,VAL_OUT_MEUR,Value of output - million euro,PT,2022,459.96
sbs_sc_ovw,M712,Technical testing and analysis,VAL_OUT_MEUR,Value of output - million euro,PT,2023,477.83
sbs_sc_ovw,M712,Technical testing and analysis,VAL_OUT_MEUR,Value of output - million euro,PT,2024,514.94
sbs_sc_ovw,M712,Technical testing and analysis,VAL_OUT_MEUR,Value of output - million euro,RO,2021,587.64
sbs_sc_ovw,M712,Technical testing and analysis,VAL_OUT_MEUR,Value of output - million euro,RO,2022,661.23
sbs_sc_ovw,M712,Technical testing and analysis,VAL_OUT_MEUR,Value of output - million euro,RO,2023,788.26
sbs_sc_ovw,M712,Technical testing and analysis,VAL_OUT_MEUR,Value of output - million euro,RO,2024,898.89
sbs_sc_ovw,M712,Technical testing and analysis,VAL_OUT_MEUR,Value of output - million euro,SE,2021,1210.58
sbs_sc_ovw,M712,Technical testing and analysis,VAL_OUT_MEUR,Value of output - million euro,SE,2022,1133.55
sbs_sc_ovw,M712,Technical testing and analysis,VAL_OUT_MEUR,Value of output - million euro,SE,2023,1262.73
sbs_sc_ovw,M712,Technical testing and analysis,VAL_OUT_MEUR,Value of output - million euro,SE,2024,1375.18
sbs_sc_ovw,M712,Technical testing and analysis,WAGE_MEUR,Wages and salaries - million euro,AT,2021,255.65
sbs_sc_ovw,M712,Technical testing and analysis,WAGE_MEUR,Wages and salaries - million euro,AT,2022,272.04
sbs_sc_ovw,M712,Technical testing and analysis,WAGE_MEUR,Wages and salaries - million euro,AT,2023,284.64
sbs_sc_ovw,M712,Technical testing and analysis,WAGE_MEUR,Wages and salaries - million euro,AT,2024,310.03
sbs_sc_ovw,M712,Technical testing and analysis,WAGE_MEUR,Wages and salaries - million euro,BE,2021,698.94
sbs_sc_ovw,M712,Technical testing and analysis,WAGE_MEUR,Wages and salaries - million euro,BE,2022,784.46
sbs_sc_ovw,M712,Technical testing and analysis,WAGE_MEUR,Wages and salaries - million euro,BE,2023,897.46
sbs_sc_ovw,M712,Technical testing and analysis,WAGE_MEUR,Wages and salaries - million euro,BE,2024,911.02
sbs_sc_ovw,M712,Technical testing and analysis,WAGE_MEUR,Wages and salaries - million euro,CZ,2021,228.57
sbs_sc_ovw,M712,Technical testing and analysis,WAGE_MEUR,Wages and salaries - million euro,CZ,2022,256.95
sbs_sc_ovw,M712,Technical testing and analysis,WAGE_MEUR,Wages and salaries - million euro,CZ,2023,286.22
sbs_sc_ovw,M712,Technical testing and analysis,WAGE_MEUR,Wages and salaries - million euro,CZ,2024,297.3
sbs_sc_ovw,M712,Technical testing and analysis,WAGE_MEUR,Wages and salaries - million euro,DE,2021,5825.99
sbs_sc_ovw,M712,Technical testing and analysis,WAGE_MEUR,Wages and salaries - million euro,DE,2022,6178.26
sbs_sc_ovw,M712,Technical testing and analysis,WAGE_MEUR,Wages and salaries - million euro,DE,2023,6664.12
sbs_sc_ovw,M712,Technical testing and analysis,WAGE_MEUR,Wages and salaries - million euro,DE,2024,7091.02
sbs_sc_ovw,M712,Technical testing and analysis,WAGE_MEUR,Wages and salaries - million euro,DK,2021,304.29
sbs_sc_ovw,M712,Technical testing and analysis,WAGE_MEUR,Wages and salaries - million euro,DK,2022,317.85
sbs_sc_ovw,M712,Technical testing and analysis,WAGE_MEUR,Wages and salaries - million euro,DK,2023,343.17
sbs_sc_ovw,M712,Technical testing and analysis,WAGE_MEUR,Wages and salaries - million euro,DK,2024,360.68
sbs_sc_ovw,M712,Technical testing and analysis,WAGE_MEUR,Wages and salaries - million euro,EL,2021,82.42
sbs_sc_ovw,M712,Technical testing and analysis,WAGE_MEUR,Wages and salaries - million euro,EL,2022,99.23
sbs_sc_ovw,M712,Technical testing and analysis,WAGE_MEUR,Wages and salaries - million euro,EL,2023,119.81
sbs_sc_ovw,M712,Technical testing and analysis,WAGE_MEUR,Wages and salaries - million euro,EL,2024,126.82
sbs_sc_ovw,M712,Technical testing and analysis,WAGE_MEUR,Wages and salaries - million euro,ES,2021,1264.08
sbs_sc_ovw,M712,Technical testing and analysis,WAGE_MEUR,Wages and salaries - million euro,ES,2022,1419.4
sbs_sc_ovw,M712,Technical testing and analysis,WAGE_MEUR,Wages and salaries - million euro,ES,2023,1424.53
sbs_sc_ovw,M712,Technical testing and analysis,WAGE_MEUR,Wages and salaries - million euro,ES,2024,1631.54
sbs_sc_ovw,M712,Technical testing and analysis,WAGE_MEUR,Wages and salaries - million euro,EU27_2020,2021,16056.17
sbs_sc_ovw,M712,Technical testing and analysis,WAGE_MEUR,Wages and salaries - million euro,EU27_2020,2022,16951.38
sbs_sc_ovw,M712,Technical testing and analysis,WAGE_MEUR,Wages and salaries - million euro,EU27_2020,2023,18537.54
sbs_sc_ovw,M712,Technical testing and analysis,WAGE_MEUR,Wages and salaries - million euro,FI,2021,222.77
sbs_sc_ovw,M712,Technical testing and analysis,WAGE_MEUR,Wages and salaries - million euro,FI,2022,225.36
sbs_sc_ovw,M712,Technical testing and analysis,WAGE_MEUR,Wages and salaries - million euro,FI,2023,234.78
sbs_sc_ovw,M712,Technical testing and analysis,WAGE_MEUR,Wages and salaries - million euro,FI,2024,244.31
sbs_sc_ovw,M712,Technical testing and analysis,WAGE_MEUR,Wages and salaries - million euro,FR,2021,3312.09
sbs_sc_ovw,M712,Technical testing and analysis,WAGE_MEUR,Wages and salaries - million euro,FR,2022,3250.77
sbs_sc_ovw,M712,Technical testing and analysis,WAGE_MEUR,Wages and salaries - million euro,FR,2023,3663.31
sbs_sc_ovw,M712,Technical testing and analysis,WAGE_MEUR,Wages and salaries - million euro,FR,2024,4161.52
sbs_sc_ovw,M712,Technical testing and analysis,WAGE_MEUR,Wages and salaries - million euro,HU,2021,111.02
sbs_sc_ovw,M712,Technical testing and analysis,WAGE_MEUR,Wages and salaries - million euro,HU,2022,119.02
sbs_sc_ovw,M712,Technical testing and analysis,WAGE_MEUR,Wages and salaries - million euro,HU,2023,148.43
sbs_sc_ovw,M712,Technical testing and analysis,WAGE_MEUR,Wages and salaries - million euro,HU,2024,153.18
sbs_sc_ovw,M712,Technical testing and analysis,WAGE_MEUR,Wages and salaries - million euro,IE,2021,221.97
sbs_sc_ovw,M712,Technical testing and analysis,WAGE_MEUR,Wages and salaries - million euro,IE,2022,238.18
sbs_sc_ovw,M712,Technical testing and analysis,WAGE_MEUR,Wages and salaries - million euro,IE,2023,326.7
sbs_sc_ovw,M712,Technical testing and analysis,WAGE_MEUR,Wages and salaries - million euro,IE,2024,301.39
sbs_sc_ovw,M712,Technical testing and analysis,WAGE_MEUR,Wages and salaries - million euro,IT,2021,1085.43
sbs_sc_ovw,M712,Technical testing and analysis,WAGE_MEUR,Wages and salaries - million euro,IT,2022,1173.22
sbs_sc_ovw,M712,Technical testing and analysis,WAGE_MEUR,Wages and salaries - million euro,IT,2023,1231.34
sbs_sc_ovw,M712,Technical testing and analysis,WAGE_MEUR,Wages and salaries - million euro,IT,2024,1428.95
sbs_sc_ovw,M712,Technical testing and analysis,WAGE_MEUR,Wages and salaries - million euro,NL,2021,930.62
sbs_sc_ovw,M712,Technical testing and analysis,WAGE_MEUR,Wages and salaries - million euro,NL,2022,989.49
sbs_sc_ovw,M712,Technical testing and analysis,WAGE_MEUR,Wages and salaries - million euro,NL,2023,1082.93
sbs_sc_ovw,M712,Technical testing and analysis,WAGE_MEUR,Wages and salaries - million euro,NL,2024,1116.55
sbs_sc_ovw,M712,Technical testing and analysis,WAGE_MEUR,Wages and salaries - million euro,PL,2021,347.46
sbs_sc_ovw,M712,Technical testing and analysis,WAGE_MEUR,Wages and salaries - million euro,PL,2022,381.57
sbs_sc_ovw,M712,Technical testing and analysis,WAGE_MEUR,Wages and salaries - million euro,PL,2023,442.38
sbs_sc_ovw,M712,Technical testing and analysis,WAGE_MEUR,Wages and salaries - million euro,PL,2024,513.2
sbs_sc_ovw,M712,Technical testing and analysis,WAGE_MEUR,Wages and salaries - million euro,PT,2021,112.84
sbs_sc_ovw,M712,Technical testing and analysis,WAGE_MEUR,Wages and salaries - million euro,PT,2022,123.72
sbs_sc_ovw,M712,Technical testing and analysis,WAGE_MEUR,Wages and salaries - million euro,PT,2023,135.25
sbs_sc_ovw,M712,Technical testing and analysis,WAGE_MEUR,Wages and salaries - million euro,PT,2024,149.43
sbs_sc_ovw,M712,Technical testing and analysis,WAGE_MEUR,Wages and salaries - million euro,RO,2021,196.07
sbs_sc_ovw,M712,Technical testing and analysis,WAGE_MEUR,Wages and salaries - million euro,RO,2022,224.57
sbs_sc_ovw,M712,Technical testing and analysis,WAGE_MEUR,Wages and salaries - million euro,RO,2023,284.46
sbs_sc_ovw,M712,Technical testing and analysis,WAGE_MEUR,Wages and salaries - million euro,RO,2024,320.34
sbs_sc_ovw,M712,Technical testing and analysis,WAGE_MEUR,Wages and salaries - million euro,SE,2021,360.03
sbs_sc_ovw,M712,Technical testing and analysis,WAGE_MEUR,Wages and salaries - million euro,SE,2022,355.6
sbs_sc_ovw,M712,Technical testing and analysis,WAGE_MEUR,Wages and salaries - million euro,SE,2023,364.42
sbs_sc_ovw,M712,Technical testing and analysis,WAGE_MEUR,Wages and salaries - million euro,SE,2024,391.4
sbs_sc_ovw,M71,Architectural and engineering activities; technical testing and analysis,AV_MEUR,Value added - million euro,AT,2021,4857.52
sbs_sc_ovw,M71,Architectural and engineering activities; technical testing and analysis,AV_MEUR,Value added - million euro,AT,2022,5244.75
sbs_sc_ovw,M71,Architectural and engineering activities; technical testing and analysis,AV_MEUR,Value added - million euro,AT,2023,5587.99
sbs_sc_ovw,M71,Architectural and engineering activities; technical testing and analysis,AV_MEUR,Value added - million euro,AT,2024,5865.76
sbs_sc_ovw,M71,Architectural and engineering activities; technical testing and analysis,AV_MEUR,Value added - million euro,BE,2021,5463.7
sbs_sc_ovw,M71,Architectural and engineering activities; technical testing and analysis,AV_MEUR,Value added - million euro,BE,2022,5837.19
sbs_sc_ovw,M71,Architectural and engineering activities; technical testing and analysis,AV_MEUR,Value added - million euro,BE,2023,6373.06
sbs_sc_ovw,M71,Architectural and engineering activities; technical testing and analysis,AV_MEUR,Value added - million euro,BE,2024,6657.95
sbs_sc_ovw,M71,Architectural and engineering activities; technical testing and analysis,AV_MEUR,Value added - million euro,CZ,2021,2386.29
sbs_sc_ovw,M71,Architectural and engineering activities; technical testing and analysis,AV_MEUR,Value added - million euro,CZ,2022,2704.95
sbs_sc_ovw,M71,Architectural and engineering activities; technical testing and analysis,AV_MEUR,Value added - million euro,CZ,2023,3022.46
sbs_sc_ovw,M71,Architectural and engineering activities; technical testing and analysis,AV_MEUR,Value added - million euro,CZ,2024,3160.59
sbs_sc_ovw,M71,Architectural and engineering activities; technical testing and analysis,AV_MEUR,Value added - million euro,DE,2021,62662.18
sbs_sc_ovw,M71,Architectural and engineering activities; technical testing and analysis,AV_MEUR,Value added - million euro,DE,2022,53773.35
sbs_sc_ovw,M71,Architectural and engineering activities; technical testing and analysis,AV_MEUR,Value added - million euro,DE,2023,67070.76
sbs_sc_ovw,M71,Architectural and engineering activities; technical testing and analysis,AV_MEUR,Value added - million euro,DE,2024,65626.24
sbs_sc_ovw,M71,Architectural and engineering activities; technical testing and analysis,AV_MEUR,Value added - million euro,DK,2021,4805.01
sbs_sc_ovw,M71,Architectural and engineering activities; technical testing and analysis,AV_MEUR,Value added - million euro,DK,2022,5128.6
sbs_sc_ovw,M71,Architectural and engineering activities; technical testing and analysis,AV_MEUR,Value added - million euro,DK,2023,5521.96
sbs_sc_ovw,M71,Architectural and engineering activities; technical testing and analysis,AV_MEUR,Value added - million euro,DK,2024,5967.66
sbs_sc_ovw,M71,Architectural and engineering activities; technical testing and analysis,AV_MEUR,Value added - million euro,EL,2021,1282.38
sbs_sc_ovw,M71,Architectural and engineering activities; technical testing and analysis,AV_MEUR,Value added - million euro,EL,2022,1580.05
sbs_sc_ovw,M71,Architectural and engineering activities; technical testing and analysis,AV_MEUR,Value added - million euro,EL,2023,1971.63
sbs_sc_ovw,M71,Architectural and engineering activities; technical testing and analysis,AV_MEUR,Value added - million euro,EL,2024,2322.51
sbs_sc_ovw,M71,Architectural and engineering activities; technical testing and analysis,AV_MEUR,Value added - million euro,ES,2021,12365.36
sbs_sc_ovw,M71,Architectural and engineering activities; technical testing and analysis,AV_MEUR,Value added - million euro,ES,2022,13940.27
sbs_sc_ovw,M71,Architectural and engineering activities; technical testing and analysis,AV_MEUR,Value added - million euro,ES,2023,16049.57
sbs_sc_ovw,M71,Architectural and engineering activities; technical testing and analysis,AV_MEUR,Value added - million euro,ES,2024,17644.62
sbs_sc_ovw,M71,Architectural and engineering activities; technical testing and analysis,AV_MEUR,Value added - million euro,EU27_2020,2021,179486.98
sbs_sc_ovw,M71,Architectural and engineering activities; technical testing and analysis,AV_MEUR,Value added - million euro,EU27_2020,2022,182746.47
sbs_sc_ovw,M71,Architectural and engineering activities; technical testing and analysis,AV_MEUR,Value added - million euro,EU27_2020,2023,209421.0
sbs_sc_ovw,M71,Architectural and engineering activities; technical testing and analysis,AV_MEUR,Value added - million euro,FI,2021,3484.18
sbs_sc_ovw,M71,Architectural and engineering activities; technical testing and analysis,AV_MEUR,Value added - million euro,FI,2022,3592.35
sbs_sc_ovw,M71,Architectural and engineering activities; technical testing and analysis,AV_MEUR,Value added - million euro,FI,2023,3772.56
sbs_sc_ovw,M71,Architectural and engineering activities; technical testing and analysis,AV_MEUR,Value added - million euro,FI,2024,3747.74
sbs_sc_ovw,M71,Architectural and engineering activities; technical testing and analysis,AV_MEUR,Value added - million euro,FR,2021,29256.56
sbs_sc_ovw,M71,Architectural and engineering activities; technical testing and analysis,AV_MEUR,Value added - million euro,FR,2022,31205.83
sbs_sc_ovw,M71,Architectural and engineering activities; technical testing and analysis,AV_MEUR,Value added - million euro,FR,2023,33656.77
sbs_sc_ovw,M71,Architectural and engineering activities; technical testing and analysis,AV_MEUR,Value added - million euro,FR,2024,35596.82
sbs_sc_ovw,M71,Architectural and engineering activities; technical testing and analysis,AV_MEUR,Value added - million euro,HU,2021,1455.84
sbs_sc_ovw,M71,Architectural and engineering activities; technical testing and analysis,AV_MEUR,Value added - million euro,HU,2022,1584.83
sbs_sc_ovw,M71,Architectural and engineering activities; technical testing and analysis,AV_MEUR,Value added - million euro,HU,2023,1918.09
sbs_sc_ovw,M71,Architectural and engineering activities; technical testing and analysis,AV_MEUR,Value added - million euro,HU,2024,1990.66
sbs_sc_ovw,M71,Architectural and engineering activities; technical testing and analysis,AV_MEUR,Value added - million euro,IE,2021,3579.11
sbs_sc_ovw,M71,Architectural and engineering activities; technical testing and analysis,AV_MEUR,Value added - million euro,IE,2022,4136.21
sbs_sc_ovw,M71,Architectural and engineering activities; technical testing and analysis,AV_MEUR,Value added - million euro,IE,2023,4693.51
sbs_sc_ovw,M71,Architectural and engineering activities; technical testing and analysis,AV_MEUR,Value added - million euro,IE,2024,4802.01
sbs_sc_ovw,M71,Architectural and engineering activities; technical testing and analysis,AV_MEUR,Value added - million euro,IT,2021,15514.12
sbs_sc_ovw,M71,Architectural and engineering activities; technical testing and analysis,AV_MEUR,Value added - million euro,IT,2022,18801.81
sbs_sc_ovw,M71,Architectural and engineering activities; technical testing and analysis,AV_MEUR,Value added - million euro,IT,2023,21095.78
sbs_sc_ovw,M71,Architectural and engineering activities; technical testing and analysis,AV_MEUR,Value added - million euro,IT,2024,22487.66
sbs_sc_ovw,M71,Architectural and engineering activities; technical testing and analysis,AV_MEUR,Value added - million euro,NL,2021,11764.69
sbs_sc_ovw,M71,Architectural and engineering activities; technical testing and analysis,AV_MEUR,Value added - million euro,NL,2022,12489.3
sbs_sc_ovw,M71,Architectural and engineering activities; technical testing and analysis,AV_MEUR,Value added - million euro,NL,2023,13683.3
sbs_sc_ovw,M71,Architectural and engineering activities; technical testing and analysis,AV_MEUR,Value added - million euro,NL,2024,15475.15
sbs_sc_ovw,M71,Architectural and engineering activities; technical testing and analysis,AV_MEUR,Value added - million euro,PL,2021,3808.29
sbs_sc_ovw,M71,Architectural and engineering activities; technical testing and analysis,AV_MEUR,Value added - million euro,PL,2022,4157.68
sbs_sc_ovw,M71,Architectural and engineering activities; technical testing and analysis,AV_MEUR,Value added - million euro,PL,2023,4396.48
sbs_sc_ovw,M71,Architectural and engineering activities; technical testing and analysis,AV_MEUR,Value added - million euro,PL,2024,5308.59
sbs_sc_ovw,M71,Architectural and engineering activities; technical testing and analysis,AV_MEUR,Value added - million euro,PT,2021,1627.39
sbs_sc_ovw,M71,Architectural and engineering activities; technical testing and analysis,AV_MEUR,Value added - million euro,PT,2022,1883.21
sbs_sc_ovw,M71,Architectural and engineering activities; technical testing and analysis,AV_MEUR,Value added - million euro,PT,2023,2215.6
sbs_sc_ovw,M71,Architectural and engineering activities; technical testing and analysis,AV_MEUR,Value added - million euro,PT,2024,2539.08
sbs_sc_ovw,M71,Architectural and engineering activities; technical testing and analysis,AV_MEUR,Value added - million euro,RO,2021,1700.36
sbs_sc_ovw,M71,Architectural and engineering activities; technical testing and analysis,AV_MEUR,Value added - million euro,RO,2022,2347.12
sbs_sc_ovw,M71,Architectural and engineering activities; technical testing and analysis,AV_MEUR,Value added - million euro,RO,2023,2842.31
sbs_sc_ovw,M71,Architectural and engineering activities; technical testing and analysis,AV_MEUR,Value added - million euro,RO,2024,2974.41
sbs_sc_ovw,M71,Architectural and engineering activities; technical testing and analysis,AV_MEUR,Value added - million euro,SE,2021,8977.92
sbs_sc_ovw,M71,Architectural and engineering activities; technical testing and analysis,AV_MEUR,Value added - million euro,SE,2022,9152.99
sbs_sc_ovw,M71,Architectural and engineering activities; technical testing and analysis,AV_MEUR,Value added - million euro,SE,2023,9756.94
sbs_sc_ovw,M71,Architectural and engineering activities; technical testing and analysis,AV_MEUR,Value added - million euro,SE,2024,10201.86
sbs_sc_ovw,M71,Architectural and engineering activities; technical testing and analysis,EMP_NR,Persons employed - number,AT,2021,72611.0
sbs_sc_ovw,M71,Architectural and engineering activities; technical testing and analysis,EMP_NR,Persons employed - number,AT,2022,73960.0
sbs_sc_ovw,M71,Architectural and engineering activities; technical testing and analysis,EMP_NR,Persons employed - number,AT,2023,74904.0
sbs_sc_ovw,M71,Architectural and engineering activities; technical testing and analysis,EMP_NR,Persons employed - number,AT,2024,74884.0
sbs_sc_ovw,M71,Architectural and engineering activities; technical testing and analysis,EMP_NR,Persons employed - number,BE,2021,74557.0
sbs_sc_ovw,M71,Architectural and engineering activities; technical testing and analysis,EMP_NR,Persons employed - number,BE,2022,76289.0
sbs_sc_ovw,M71,Architectural and engineering activities; technical testing and analysis,EMP_NR,Persons employed - number,BE,2023,77409.0
sbs_sc_ovw,M71,Architectural and engineering activities; technical testing and analysis,EMP_NR,Persons employed - number,BE,2024,80166.0
sbs_sc_ovw,M71,Architectural and engineering activities; technical testing and analysis,EMP_NR,Persons employed - number,CZ,2021,85298.0
sbs_sc_ovw,M71,Architectural and engineering activities; technical testing and analysis,EMP_NR,Persons employed - number,CZ,2022,87783.0
sbs_sc_ovw,M71,Architectural and engineering activities; technical testing and analysis,EMP_NR,Persons employed - number,CZ,2023,89880.0
sbs_sc_ovw,M71,Architectural and engineering activities; technical testing and analysis,EMP_NR,Persons employed - number,CZ,2024,91069.0
sbs_sc_ovw,M71,Architectural and engineering activities; technical testing and analysis,EMP_NR,Persons employed - number,DE,2021,789292.0
sbs_sc_ovw,M71,Architectural and engineering activities; technical testing and analysis,EMP_NR,Persons employed - number,DE,2022,760847.0
sbs_sc_ovw,M71,Architectural and engineering activities; technical testing and analysis,EMP_NR,Persons employed - number,DE,2023,787566.0
sbs_sc_ovw,M71,Architectural and engineering activities; technical testing and analysis,EMP_NR,Persons employed - number,DE,2024,805200.0
sbs_sc_ovw,M71,Architectural and engineering activities; technical testing and analysis,EMP_NR,Persons employed - number,DK,2021,50419.0
sbs_sc_ovw,M71,Architectural and engineering activities; technical testing and analysis,EMP_NR,Persons employed - number,DK,2022,53242.0
sbs_sc_ovw,M71,Architectural and engineering activities; technical testing and analysis,EMP_NR,Persons employed - number,DK,2023,56144.0
sbs_sc_ovw,M71,Architectural and engineering activities; technical testing and analysis,EMP_NR,Persons employed - number,DK,2024,58352.0
sbs_sc_ovw,M71,Architectural and engineering activities; technical testing and analysis,EMP_NR,Persons employed - number,EL,2021,76569.0
sbs_sc_ovw,M71,Architectural and engineering activities; technical testing and analysis,EMP_NR,Persons employed - number,EL,2022,78234.0
sbs_sc_ovw,M71,Architectural and engineering activities; technical testing and analysis,EMP_NR,Persons employed - number,EL,2023,82106.0
sbs_sc_ovw,M71,Architectural and engineering activities; technical testing and analysis,EMP_NR,Persons employed - number,EL,2024,86688.0
sbs_sc_ovw,M71,Architectural and engineering activities; technical testing and analysis,EMP_NR,Persons employed - number,ES,2021,273705.0
sbs_sc_ovw,M71,Architectural and engineering activities; technical testing and analysis,EMP_NR,Persons employed - number,ES,2022,283001.0
sbs_sc_ovw,M71,Architectural and engineering activities; technical testing and analysis,EMP_NR,Persons employed - number,ES,2023,294431.0
sbs_sc_ovw,M71,Architectural and engineering activities; technical testing and analysis,EMP_NR,Persons employed - number,ES,2024,292210.0
sbs_sc_ovw,M71,Architectural and engineering activities; technical testing and analysis,EMP_NR,Persons employed - number,EU27_2020,2021,3075085.0
sbs_sc_ovw,M71,Architectural and engineering activities; technical testing and analysis,EMP_NR,Persons employed - number,EU27_2020,2022,3136976.0
sbs_sc_ovw,M71,Architectural and engineering activities; technical testing and analysis,EMP_NR,Persons employed - number,EU27_2020,2023,3226611.0
sbs_sc_ovw,M71,Architectural and engineering activities; technical testing and analysis,EMP_NR,Persons employed - number,FI,2021,48611.0
sbs_sc_ovw,M71,Architectural and engineering activities; technical testing and analysis,EMP_NR,Persons employed - number,FI,2022,50907.0
sbs_sc_ovw,M71,Architectural and engineering activities; technical testing and analysis,EMP_NR,Persons employed - number,FI,2023,51138.0
sbs_sc_ovw,M71,Architectural and engineering activities; technical testing and analysis,EMP_NR,Persons employed - number,FI,2024,49607.0
sbs_sc_ovw,M71,Architectural and engineering activities; technical testing and analysis,EMP_NR,Persons employed - number,FR,2021,419378.0
sbs_sc_ovw,M71,Architectural and engineering activities; technical testing and analysis,EMP_NR,Persons employed - number,FR,2022,439910.0
sbs_sc_ovw,M71,Architectural and engineering activities; technical testing and analysis,EMP_NR,Persons employed - number,FR,2023,455808.0
sbs_sc_ovw,M71,Architectural and engineering activities; technical testing and analysis,EMP_NR,Persons employed - number,FR,2024,472070.0
sbs_sc_ovw,M71,Architectural and engineering activities; technical testing and analysis,EMP_NR,Persons employed - number,HU,2021,66577.0
sbs_sc_ovw,M71,Architectural and engineering activities; technical testing and analysis,EMP_NR,Persons employed - number,HU,2022,68883.0
sbs_sc_ovw,M71,Architectural and engineering activities; technical testing and analysis,EMP_NR,Persons employed - number,HU,2023,66472.0
sbs_sc_ovw,M71,Architectural and engineering activities; technical testing and analysis,EMP_NR,Persons employed - number,HU,2024,65969.0
sbs_sc_ovw,M71,Architectural and engineering activities; technical testing and analysis,EMP_NR,Persons employed - number,IE,2021,39797.0
sbs_sc_ovw,M71,Architectural and engineering activities; technical testing and analysis,EMP_NR,Persons employed - number,IE,2022,45060.0
sbs_sc_ovw,M71,Architectural and engineering activities; technical testing and analysis,EMP_NR,Persons employed - number,IE,2023,47830.0
sbs_sc_ovw,M71,Architectural and engineering activities; technical testing and analysis,EMP_NR,Persons employed - number,IE,2024,49457.0
sbs_sc_ovw,M71,Architectural and engineering activities; technical testing and analysis,EMP_NR,Persons employed - number,IT,2021,317957.0
sbs_sc_ovw,M71,Architectural and engineering activities; technical testing and analysis,EMP_NR,Persons employed - number,IT,2022,338743.0
sbs_sc_ovw,M71,Architectural and engineering activities; technical testing and analysis,EMP_NR,Persons employed - number,IT,2023,345840.0
sbs_sc_ovw,M71,Architectural and engineering activities; technical testing and analysis,EMP_NR,Persons employed - number,IT,2024,358054.0
sbs_sc_ovw,M71,Architectural and engineering activities; technical testing and analysis,EMP_NR,Persons employed - number,NL,2021,151196.0
sbs_sc_ovw,M71,Architectural and engineering activities; technical testing and analysis,EMP_NR,Persons employed - number,NL,2022,156501.0
sbs_sc_ovw,M71,Architectural and engineering activities; technical testing and analysis,EMP_NR,Persons employed - number,NL,2023,161290.0
sbs_sc_ovw,M71,Architectural and engineering activities; technical testing and analysis,EMP_NR,Persons employed - number,NL,2024,167615.0
sbs_sc_ovw,M71,Architectural and engineering activities; technical testing and analysis,EMP_NR,Persons employed - number,PL,2021,168435.0
sbs_sc_ovw,M71,Architectural and engineering activities; technical testing and analysis,EMP_NR,Persons employed - number,PL,2022,169229.0
sbs_sc_ovw,M71,Architectural and engineering activities; technical testing and analysis,EMP_NR,Persons employed - number,PL,2023,167612.0
sbs_sc_ovw,M71,Architectural and engineering activities; technical testing and analysis,EMP_NR,Persons employed - number,PL,2024,170069.0
sbs_sc_ovw,M71,Architectural and engineering activities; technical testing and analysis,EMP_NR,Persons employed - number,PT,2021,63181.0
sbs_sc_ovw,M71,Architectural and engineering activities; technical testing and analysis,EMP_NR,Persons employed - number,PT,2022,67710.0
sbs_sc_ovw,M71,Architectural and engineering activities; technical testing and analysis,EMP_NR,Persons employed - number,PT,2023,70611.0
sbs_sc_ovw,M71,Architectural and engineering activities; technical testing and analysis,EMP_NR,Persons employed - number,PT,2024,73674.0
sbs_sc_ovw,M71,Architectural and engineering activities; technical testing and analysis,EMP_NR,Persons employed - number,RO,2021,86455.0
sbs_sc_ovw,M71,Architectural and engineering activities; technical testing and analysis,EMP_NR,Persons employed - number,RO,2022,91307.0
sbs_sc_ovw,M71,Architectural and engineering activities; technical testing and analysis,EMP_NR,Persons employed - number,RO,2023,97968.0
sbs_sc_ovw,M71,Architectural and engineering activities; technical testing and analysis,EMP_NR,Persons employed - number,RO,2024,96348.0
sbs_sc_ovw,M71,Architectural and engineering activities; technical testing and analysis,EMP_NR,Persons employed - number,SE,2021,132174.0
sbs_sc_ovw,M71,Architectural and engineering activities; technical testing and analysis,EMP_NR,Persons employed - number,SE,2022,130015.0
sbs_sc_ovw,M71,Architectural and engineering activities; technical testing and analysis,EMP_NR,Persons employed - number,SE,2023,129606.0
sbs_sc_ovw,M71,Architectural and engineering activities; technical testing and analysis,EMP_NR,Persons employed - number,SE,2024,129175.0
sbs_sc_ovw,M71,Architectural and engineering activities; technical testing and analysis,ENT_NR,Enterprises - number,AT,2021,19126.0
sbs_sc_ovw,M71,Architectural and engineering activities; technical testing and analysis,ENT_NR,Enterprises - number,AT,2022,18697.0
sbs_sc_ovw,M71,Architectural and engineering activities; technical testing and analysis,ENT_NR,Enterprises - number,AT,2023,19008.0
sbs_sc_ovw,M71,Architectural and engineering activities; technical testing and analysis,ENT_NR,Enterprises - number,AT,2024,19284.0
sbs_sc_ovw,M71,Architectural and engineering activities; technical testing and analysis,ENT_NR,Enterprises - number,BE,2021,31550.0
sbs_sc_ovw,M71,Architectural and engineering activities; technical testing and analysis,ENT_NR,Enterprises - number,BE,2022,31727.0
sbs_sc_ovw,M71,Architectural and engineering activities; technical testing and analysis,ENT_NR,Enterprises - number,BE,2023,30509.0
sbs_sc_ovw,M71,Architectural and engineering activities; technical testing and analysis,ENT_NR,Enterprises - number,BE,2024,33059.0
sbs_sc_ovw,M71,Architectural and engineering activities; technical testing and analysis,ENT_NR,Enterprises - number,CZ,2021,44627.0
sbs_sc_ovw,M71,Architectural and engineering activities; technical testing and analysis,ENT_NR,Enterprises - number,CZ,2022,46847.0
sbs_sc_ovw,M71,Architectural and engineering activities; technical testing and analysis,ENT_NR,Enterprises - number,CZ,2023,48060.0
sbs_sc_ovw,M71,Architectural and engineering activities; technical testing and analysis,ENT_NR,Enterprises - number,CZ,2024,50442.0
sbs_sc_ovw,M71,Architectural and engineering activities; technical testing and analysis,ENT_NR,Enterprises - number,DE,2021,121348.0
sbs_sc_ovw,M71,Architectural and engineering activities; technical testing and analysis,ENT_NR,Enterprises - number,DE,2022,122301.0
sbs_sc_ovw,M71,Architectural and engineering activities; technical testing and analysis,ENT_NR,Enterprises - number,DE,2023,122738.0
sbs_sc_ovw,M71,Architectural and engineering activities; technical testing and analysis,ENT_NR,Enterprises - number,DE,2024,121256.0
sbs_sc_ovw,M71,Architectural and engineering activities; technical testing and analysis,ENT_NR,Enterprises - number,DK,2021,7267.0
sbs_sc_ovw,M71,Architectural and engineering activities; technical testing and analysis,ENT_NR,Enterprises - number,DK,2022,7666.0
sbs_sc_ovw,M71,Architectural and engineering activities; technical testing and analysis,ENT_NR,Enterprises - number,DK,2023,7895.0
sbs_sc_ovw,M71,Architectural and engineering activities; technical testing and analysis,ENT_NR,Enterprises - number,DK,2024,8005.0
sbs_sc_ovw,M71,Architectural and engineering activities; technical testing and analysis,ENT_NR,Enterprises - number,EL,2021,50726.0
sbs_sc_ovw,M71,Architectural and engineering activities; technical testing and analysis,ENT_NR,Enterprises - number,EL,2022,52953.0
sbs_sc_ovw,M71,Architectural and engineering activities; technical testing and analysis,ENT_NR,Enterprises - number,EL,2023,54284.0
sbs_sc_ovw,M71,Architectural and engineering activities; technical testing and analysis,ENT_NR,Enterprises - number,EL,2024,56369.0
sbs_sc_ovw,M71,Architectural and engineering activities; technical testing and analysis,ENT_NR,Enterprises - number,ES,2021,108911.0
sbs_sc_ovw,M71,Architectural and engineering activities; technical testing and analysis,ENT_NR,Enterprises - number,ES,2022,109990.0
sbs_sc_ovw,M71,Architectural and engineering activities; technical testing and analysis,ENT_NR,Enterprises - number,ES,2023,109500.0
sbs_sc_ovw,M71,Architectural and engineering activities; technical testing and analysis,ENT_NR,Enterprises - number,ES,2024,109901.0
sbs_sc_ovw,M71,Architectural and engineering activities; technical testing and analysis,ENT_NR,Enterprises - number,EU27_2020,2021,1050499.0
sbs_sc_ovw,M71,Architectural and engineering activities; technical testing and analysis,ENT_NR,Enterprises - number,EU27_2020,2022,1084099.0
sbs_sc_ovw,M71,Architectural and engineering activities; technical testing and analysis,ENT_NR,Enterprises - number,EU27_2020,2023,1097644.0
sbs_sc_ovw,M71,Architectural and engineering activities; technical testing and analysis,ENT_NR,Enterprises - number,FI,2021,12496.0
sbs_sc_ovw,M71,Architectural and engineering activities; technical testing and analysis,ENT_NR,Enterprises - number,FI,2022,12533.0
sbs_sc_ovw,M71,Architectural and engineering activities; technical testing and analysis,ENT_NR,Enterprises - number,FI,2023,12464.0
sbs_sc_ovw,M71,Architectural and engineering activities; technical testing and analysis,ENT_NR,Enterprises - number,FI,2024,12634.0
sbs_sc_ovw,M71,Architectural and engineering activities; technical testing and analysis,ENT_NR,Enterprises - number,FR,2021,97333.0
sbs_sc_ovw,M71,Architectural and engineering activities; technical testing and analysis,ENT_NR,Enterprises - number,FR,2022,103922.0
sbs_sc_ovw,M71,Architectural and engineering activities; technical testing and analysis,ENT_NR,Enterprises - number,FR,2023,107293.0
sbs_sc_ovw,M71,Architectural and engineering activities; technical testing and analysis,ENT_NR,Enterprises - number,FR,2024,110135.0
sbs_sc_ovw,M71,Architectural and engineering activities; technical testing and analysis,ENT_NR,Enterprises - number,HU,2021,33001.0
sbs_sc_ovw,M71,Architectural and engineering activities; technical testing and analysis,ENT_NR,Enterprises - number,HU,2022,33811.0
sbs_sc_ovw,M71,Architectural and engineering activities; technical testing and analysis,ENT_NR,Enterprises - number,HU,2023,30322.0
sbs_sc_ovw,M71,Architectural and engineering activities; technical testing and analysis,ENT_NR,Enterprises - number,HU,2024,29471.0
sbs_sc_ovw,M71,Architectural and engineering activities; technical testing and analysis,ENT_NR,Enterprises - number,IE,2021,9854.0
sbs_sc_ovw,M71,Architectural and engineering activities; technical testing and analysis,ENT_NR,Enterprises - number,IE,2022,10240.0
sbs_sc_ovw,M71,Architectural and engineering activities; technical testing and analysis,ENT_NR,Enterprises - number,IE,2023,10435.0
sbs_sc_ovw,M71,Architectural and engineering activities; technical testing and analysis,ENT_NR,Enterprises - number,IE,2024,10643.0
sbs_sc_ovw,M71,Architectural and engineering activities; technical testing and analysis,ENT_NR,Enterprises - number,IT,2021,225487.0
sbs_sc_ovw,M71,Architectural and engineering activities; technical testing and analysis,ENT_NR,Enterprises - number,IT,2022,237651.0
sbs_sc_ovw,M71,Architectural and engineering activities; technical testing and analysis,ENT_NR,Enterprises - number,IT,2023,239768.0
sbs_sc_ovw,M71,Architectural and engineering activities; technical testing and analysis,ENT_NR,Enterprises - number,IT,2024,244107.0
sbs_sc_ovw,M71,Architectural and engineering activities; technical testing and analysis,ENT_NR,Enterprises - number,NL,2021,50328.0
sbs_sc_ovw,M71,Architectural and engineering activities; technical testing and analysis,ENT_NR,Enterprises - number,NL,2022,53032.0
sbs_sc_ovw,M71,Architectural and engineering activities; technical testing and analysis,ENT_NR,Enterprises - number,NL,2023,54768.0
sbs_sc_ovw,M71,Architectural and engineering activities; technical testing and analysis,ENT_NR,Enterprises - number,NL,2024,59369.0
sbs_sc_ovw,M71,Architectural and engineering activities; technical testing and analysis,ENT_NR,Enterprises - number,PL,2021,79714.0
sbs_sc_ovw,M71,Architectural and engineering activities; technical testing and analysis,ENT_NR,Enterprises - number,PL,2022,79363.0
sbs_sc_ovw,M71,Architectural and engineering activities; technical testing and analysis,ENT_NR,Enterprises - number,PL,2023,81404.0
sbs_sc_ovw,M71,Architectural and engineering activities; technical testing and analysis,ENT_NR,Enterprises - number,PL,2024,83480.0
sbs_sc_ovw,M71,Architectural and engineering activities; technical testing and analysis,ENT_NR,Enterprises - number,PT,2021,29078.0
sbs_sc_ovw,M71,Architectural and engineering activities; technical testing and analysis,ENT_NR,Enterprises - number,PT,2022,29935.0
sbs_sc_ovw,M71,Architectural and engineering activities; technical testing and analysis,ENT_NR,Enterprises - number,PT,2023,30613.0
sbs_sc_ovw,M71,Architectural and engineering activities; technical testing and analysis,ENT_NR,Enterprises - number,PT,2024,31248.0
sbs_sc_ovw,M71,Architectural and engineering activities; technical testing and analysis,ENT_NR,Enterprises - number,RO,2021,28983.0
sbs_sc_ovw,M71,Architectural and engineering activities; technical testing and analysis,ENT_NR,Enterprises - number,RO,2022,30265.0
sbs_sc_ovw,M71,Architectural and engineering activities; technical testing and analysis,ENT_NR,Enterprises - number,RO,2023,31720.0
sbs_sc_ovw,M71,Architectural and engineering activities; technical testing and analysis,ENT_NR,Enterprises - number,RO,2024,32287.0
sbs_sc_ovw,M71,Architectural and engineering activities; technical testing and analysis,ENT_NR,Enterprises - number,SE,2021,38148.0
sbs_sc_ovw,M71,Architectural and engineering activities; technical testing and analysis,ENT_NR,Enterprises - number,SE,2022,36942.0
sbs_sc_ovw,M71,Architectural and engineering activities; technical testing and analysis,ENT_NR,Enterprises - number,SE,2023,38120.0
sbs_sc_ovw,M71,Architectural and engineering activities; technical testing and analysis,ENT_NR,Enterprises - number,SE,2024,39101.0
sbs_sc_ovw,M71,Architectural and engineering activities; technical testing and analysis,GOS_MEUR,Gross operating surplus - million euro,AT,2021,1961.53
sbs_sc_ovw,M71,Architectural and engineering activities; technical testing and analysis,GOS_MEUR,Gross operating surplus - million euro,AT,2022,2097.23
sbs_sc_ovw,M71,Architectural and engineering activities; technical testing and analysis,GOS_MEUR,Gross operating surplus - million euro,AT,2023,2184.64
sbs_sc_ovw,M71,Architectural and engineering activities; technical testing and analysis,GOS_MEUR,Gross operating surplus - million euro,AT,2024,2245.59
sbs_sc_ovw,M71,Architectural and engineering activities; technical testing and analysis,GOS_MEUR,Gross operating surplus - million euro,BE,2021,2352.8
sbs_sc_ovw,M71,Architectural and engineering activities; technical testing and analysis,GOS_MEUR,Gross operating surplus - million euro,BE,2022,2511.29
sbs_sc_ovw,M71,Architectural and engineering activities; technical testing and analysis,GOS_MEUR,Gross operating surplus - million euro,BE,2023,2535.43
sbs_sc_ovw,M71,Architectural and engineering activities; technical testing and analysis,GOS_MEUR,Gross operating surplus - million euro,BE,2024,2782.58
sbs_sc_ovw,M71,Architectural and engineering activities; technical testing and analysis,GOS_MEUR,Gross operating surplus - million euro,CZ,2021,893.04
sbs_sc_ovw,M71,Architectural and engineering activities; technical testing and analysis,GOS_MEUR,Gross operating surplus - million euro,CZ,2022,992.5
sbs_sc_ovw,M71,Architectural and engineering activities; technical testing and analysis,GOS_MEUR,Gross operating surplus - million euro,CZ,2023,1131.11
sbs_sc_ovw,M71,Architectural and engineering activities; technical testing and analysis,GOS_MEUR,Gross operating surplus - million euro,CZ,2024,1197.42
sbs_sc_ovw,M71,Architectural and engineering activities; technical testing and analysis,GOS_MEUR,Gross operating surplus - million euro,DE,2021,25981.55
sbs_sc_ovw,M71,Architectural and engineering activities; technical testing and analysis,GOS_MEUR,Gross operating surplus - million euro,DE,2022,17573.33
sbs_sc_ovw,M71,Architectural and engineering activities; technical testing and analysis,GOS_MEUR,Gross operating surplus - million euro,DE,2023,26032.15
sbs_sc_ovw,M71,Architectural and engineering activities; technical testing and analysis,GOS_MEUR,Gross operating surplus - million euro,DE,2024,19951.88
sbs_sc_ovw,M71,Architectural and engineering activities; technical testing and analysis,GOS_MEUR,Gross operating surplus - million euro,DK,2021,885.22
sbs_sc_ovw,M71,Architectural and engineering activities; technical testing and analysis,GOS_MEUR,Gross operating surplus - million euro,DK,2022,889.74
sbs_sc_ovw,M71,Architectural and engineering activities; technical testing and analysis,GOS_MEUR,Gross operating surplus - million euro,DK,2023,656.07
sbs_sc_ovw,M71,Architectural and engineering activities; technical testing and analysis,GOS_MEUR,Gross operating surplus - million euro,DK,2024,830.14
sbs_sc_ovw,M71,Architectural and engineering activities; technical testing and analysis,GOS_MEUR,Gross operating surplus - million euro,EL,2021,891.85
sbs_sc_ovw,M71,Architectural and engineering activities; technical testing and analysis,GOS_MEUR,Gross operating surplus - million euro,EL,2022,1074.45
sbs_sc_ovw,M71,Architectural and engineering activities; technical testing and analysis,GOS_MEUR,Gross operating surplus - million euro,EL,2023,1385.59
sbs_sc_ovw,M71,Architectural and engineering activities; technical testing and analysis,GOS_MEUR,Gross operating surplus - million euro,EL,2024,1634.43
sbs_sc_ovw,M71,Architectural and engineering activities; technical testing and analysis,GOS_MEUR,Gross operating surplus - million euro,ES,2021,3999.86
sbs_sc_ovw,M71,Architectural and engineering activities; technical testing and analysis,GOS_MEUR,Gross operating surplus - million euro,ES,2022,4840.04
sbs_sc_ovw,M71,Architectural and engineering activities; technical testing and analysis,GOS_MEUR,Gross operating surplus - million euro,ES,2023,5788.48
sbs_sc_ovw,M71,Architectural and engineering activities; technical testing and analysis,GOS_MEUR,Gross operating surplus - million euro,ES,2024,6358.34
sbs_sc_ovw,M71,Architectural and engineering activities; technical testing and analysis,GOS_MEUR,Gross operating surplus - million euro,EU27_2020,2021,66583.15
sbs_sc_ovw,M71,Architectural and engineering activities; technical testing and analysis,GOS_MEUR,Gross operating surplus - million euro,EU27_2020,2022,63238.72
sbs_sc_ovw,M71,Architectural and engineering activities; technical testing and analysis,GOS_MEUR,Gross operating surplus - million euro,EU27_2020,2023,77887.04
sbs_sc_ovw,M71,Architectural and engineering activities; technical testing and analysis,GOS_MEUR,Gross operating surplus - million euro,FI,2021,651.5
sbs_sc_ovw,M71,Architectural and engineering activities; technical testing and analysis,GOS_MEUR,Gross operating surplus - million euro,FI,2022,579.05
sbs_sc_ovw,M71,Architectural and engineering activities; technical testing and analysis,GOS_MEUR,Gross operating surplus - million euro,FI,2023,618.36
sbs_sc_ovw,M71,Architectural and engineering activities; technical testing and analysis,GOS_MEUR,Gross operating surplus - million euro,FI,2024,594.24
sbs_sc_ovw,M71,Architectural and engineering activities; technical testing and analysis,GOS_MEUR,Gross operating surplus - million euro,FR,2021,5836.19
sbs_sc_ovw,M71,Architectural and engineering activities; technical testing and analysis,GOS_MEUR,Gross operating surplus - million euro,FR,2022,5737.92
sbs_sc_ovw,M71,Architectural and engineering activities; technical testing and analysis,GOS_MEUR,Gross operating surplus - million euro,FR,2023,6621.23
sbs_sc_ovw,M71,Architectural and engineering activities; technical testing and analysis,GOS_MEUR,Gross operating surplus - million euro,FR,2024,6501.77
sbs_sc_ovw,M71,Architectural and engineering activities; technical testing and analysis,GOS_MEUR,Gross operating surplus - million euro,HU,2021,699.98
sbs_sc_ovw,M71,Architectural and engineering activities; technical testing and analysis,GOS_MEUR,Gross operating surplus - million euro,HU,2022,751.99
sbs_sc_ovw,M71,Architectural and engineering activities; technical testing and analysis,GOS_MEUR,Gross operating surplus - million euro,HU,2023,920.27
sbs_sc_ovw,M71,Architectural and engineering activities; technical testing and analysis,GOS_MEUR,Gross operating surplus - million euro,HU,2024,937.89
sbs_sc_ovw,M71,Architectural and engineering activities; technical testing and analysis,GOS_MEUR,Gross operating surplus - million euro,IE,2021,1431.22
sbs_sc_ovw,M71,Architectural and engineering activities; technical testing and analysis,GOS_MEUR,Gross operating surplus - million euro,IE,2022,1666.12
sbs_sc_ovw,M71,Architectural and engineering activities; technical testing and analysis,GOS_MEUR,Gross operating surplus - million euro,IE,2023,1874.51
sbs_sc_ovw,M71,Architectural and engineering activities; technical testing and analysis,GOS_MEUR,Gross operating surplus - million euro,IE,2024,2917.13
sbs_sc_ovw,M71,Architectural and engineering activities; technical testing and analysis,GOS_MEUR,Gross operating surplus - million euro,IT,2021,11110.13
sbs_sc_ovw,M71,Architectural and engineering activities; technical testing and analysis,GOS_MEUR,Gross operating surplus - million euro,IT,2022,13789.86
sbs_sc_ovw,M71,Architectural and engineering activities; technical testing and analysis,GOS_MEUR,Gross operating surplus - million euro,IT,2023,15674.48
sbs_sc_ovw,M71,Architectural and engineering activities; technical testing and analysis,GOS_MEUR,Gross operating surplus - million euro,IT,2024,16274.46
sbs_sc_ovw,M71,Architectural and engineering activities; technical testing and analysis,GOS_MEUR,Gross operating surplus - million euro,NL,2021,4011.59
sbs_sc_ovw,M71,Architectural and engineering activities; technical testing and analysis,GOS_MEUR,Gross operating surplus - million euro,NL,2022,4049.9
sbs_sc_ovw,M71,Architectural and engineering activities; technical testing and analysis,GOS_MEUR,Gross operating surplus - million euro,NL,2023,4440.01
sbs_sc_ovw,M71,Architectural and engineering activities; technical testing and analysis,GOS_MEUR,Gross operating surplus - million euro,NL,2024,5527.31
sbs_sc_ovw,M71,Architectural and engineering activities; technical testing and analysis,GOS_MEUR,Gross operating surplus - million euro,PL,2021,1650.8
sbs_sc_ovw,M71,Architectural and engineering activities; technical testing and analysis,GOS_MEUR,Gross operating surplus - million euro,PL,2022,1797.62
sbs_sc_ovw,M71,Architectural and engineering activities; technical testing and analysis,GOS_MEUR,Gross operating surplus - million euro,PL,2023,1848.63
sbs_sc_ovw,M71,Architectural and engineering activities; technical testing and analysis,GOS_MEUR,Gross operating surplus - million euro,PL,2024,2130.6
sbs_sc_ovw,M71,Architectural and engineering activities; technical testing and analysis,GOS_MEUR,Gross operating surplus - million euro,PT,2021,558.93
sbs_sc_ovw,M71,Architectural and engineering activities; technical testing and analysis,GOS_MEUR,Gross operating surplus - million euro,PT,2022,642.33
sbs_sc_ovw,M71,Architectural and engineering activities; technical testing and analysis,GOS_MEUR,Gross operating surplus - million euro,PT,2023,788.7
sbs_sc_ovw,M71,Architectural and engineering activities; technical testing and analysis,GOS_MEUR,Gross operating surplus - million euro,PT,2024,928.2
sbs_sc_ovw,M71,Architectural and engineering activities; technical testing and analysis,GOS_MEUR,Gross operating surplus - million euro,RO,2021,775.87
sbs_sc_ovw,M71,Architectural and engineering activities; technical testing and analysis,GOS_MEUR,Gross operating surplus - million euro,RO,2022,1225.54
sbs_sc_ovw,M71,Architectural and engineering activities; technical testing and analysis,GOS_MEUR,Gross operating surplus - million euro,RO,2023,1323.78
sbs_sc_ovw,M71,Architectural and engineering activities; technical testing and analysis,GOS_MEUR,Gross operating surplus - million euro,RO,2024,1268.82
sbs_sc_ovw,M71,Architectural and engineering activities; technical testing and analysis,GOS_MEUR,Gross operating surplus - million euro,SE,2021,1267.14
sbs_sc_ovw,M71,Architectural and engineering activities; technical testing and analysis,GOS_MEUR,Gross operating surplus - million euro,SE,2022,1063.68
sbs_sc_ovw,M71,Architectural and engineering activities; technical testing and analysis,GOS_MEUR,Gross operating surplus - million euro,SE,2023,1937.09
sbs_sc_ovw,M71,Architectural and engineering activities; technical testing and analysis,GOS_MEUR,Gross operating surplus - million euro,SE,2024,1928.61
sbs_sc_ovw,M71,Architectural and engineering activities; technical testing and analysis,NETTUR_MEUR,Net turnover - million euro,AT,2021,9235.93
sbs_sc_ovw,M71,Architectural and engineering activities; technical testing and analysis,NETTUR_MEUR,Net turnover - million euro,AT,2022,10052.49
sbs_sc_ovw,M71,Architectural and engineering activities; technical testing and analysis,NETTUR_MEUR,Net turnover - million euro,AT,2023,10662.53
sbs_sc_ovw,M71,Architectural and engineering activities; technical testing and analysis,NETTUR_MEUR,Net turnover - million euro,AT,2024,11226.95
sbs_sc_ovw,M71,Architectural and engineering activities; technical testing and analysis,NETTUR_MEUR,Net turnover - million euro,BE,2021,12478.15
sbs_sc_ovw,M71,Architectural and engineering activities; technical testing and analysis,NETTUR_MEUR,Net turnover - million euro,BE,2022,13598.34
sbs_sc_ovw,M71,Architectural and engineering activities; technical testing and analysis,NETTUR_MEUR,Net turnover - million euro,BE,2023,15203.47
sbs_sc_ovw,M71,Architectural and engineering activities; technical testing and analysis,NETTUR_MEUR,Net turnover - million euro,BE,2024,15719.23
sbs_sc_ovw,M71,Architectural and engineering activities; technical testing and analysis,NETTUR_MEUR,Net turnover - million euro,CZ,2021,6404.96
sbs_sc_ovw,M71,Architectural and engineering activities; technical testing and analysis,NETTUR_MEUR,Net turnover - million euro,CZ,2022,7651.85
sbs_sc_ovw,M71,Architectural and engineering activities; technical testing and analysis,NETTUR_MEUR,Net turnover - million euro,CZ,2023,8563.91
sbs_sc_ovw,M71,Architectural and engineering activities; technical testing and analysis,NETTUR_MEUR,Net turnover - million euro,CZ,2024,8426.27
sbs_sc_ovw,M71,Architectural and engineering activities; technical testing and analysis,NETTUR_MEUR,Net turnover - million euro,DE,2021,98499.82
sbs_sc_ovw,M71,Architectural and engineering activities; technical testing and analysis,NETTUR_MEUR,Net turnover - million euro,DE,2022,105746.7
sbs_sc_ovw,M71,Architectural and engineering activities; technical testing and analysis,NETTUR_MEUR,Net turnover - million euro,DE,2023,122486.03
sbs_sc_ovw,M71,Architectural and engineering activities; technical testing and analysis,NETTUR_MEUR,Net turnover - million euro,DE,2024,114742.61
sbs_sc_ovw,M71,Architectural and engineering activities; technical testing and analysis,NETTUR_MEUR,Net turnover - million euro,DK,2021,9572.28
sbs_sc_ovw,M71,Architectural and engineering activities; technical testing and analysis,NETTUR_MEUR,Net turnover - million euro,DK,2022,10691.51
sbs_sc_ovw,M71,Architectural and engineering activities; technical testing and analysis,NETTUR_MEUR,Net turnover - million euro,DK,2023,11407.84
sbs_sc_ovw,M71,Architectural and engineering activities; technical testing and analysis,NETTUR_MEUR,Net turnover - million euro,DK,2024,12081.09
sbs_sc_ovw,M71,Architectural and engineering activities; technical testing and analysis,NETTUR_MEUR,Net turnover - million euro,EL,2021,3103.79
sbs_sc_ovw,M71,Architectural and engineering activities; technical testing and analysis,NETTUR_MEUR,Net turnover - million euro,EL,2022,3903.82
sbs_sc_ovw,M71,Architectural and engineering activities; technical testing and analysis,NETTUR_MEUR,Net turnover - million euro,EL,2023,4630.99
sbs_sc_ovw,M71,Architectural and engineering activities; technical testing and analysis,NETTUR_MEUR,Net turnover - million euro,EL,2024,5423.12
sbs_sc_ovw,M71,Architectural and engineering activities; technical testing and analysis,NETTUR_MEUR,Net turnover - million euro,ES,2021,27475.0
sbs_sc_ovw,M71,Architectural and engineering activities; technical testing and analysis,NETTUR_MEUR,Net turnover - million euro,ES,2022,30874.45
sbs_sc_ovw,M71,Architectural and engineering activities; technical testing and analysis,NETTUR_MEUR,Net turnover - million euro,ES,2023,34353.19
sbs_sc_ovw,M71,Architectural and engineering activities; technical testing and analysis,NETTUR_MEUR,Net turnover - million euro,ES,2024,37089.22
sbs_sc_ovw,M71,Architectural and engineering activities; technical testing and analysis,NETTUR_MEUR,Net turnover - million euro,EU27_2020,2021,350786.29
sbs_sc_ovw,M71,Architectural and engineering activities; technical testing and analysis,NETTUR_MEUR,Net turnover - million euro,EU27_2020,2022,384744.28
sbs_sc_ovw,M71,Architectural and engineering activities; technical testing and analysis,NETTUR_MEUR,Net turnover - million euro,EU27_2020,2023,427363.59
sbs_sc_ovw,M71,Architectural and engineering activities; technical testing and analysis,NETTUR_MEUR,Net turnover - million euro,FI,2021,6422.22
sbs_sc_ovw,M71,Architectural and engineering activities; technical testing and analysis,NETTUR_MEUR,Net turnover - million euro,FI,2022,7031.16
sbs_sc_ovw,M71,Architectural and engineering activities; technical testing and analysis,NETTUR_MEUR,Net turnover - million euro,FI,2023,7454.87
sbs_sc_ovw,M71,Architectural and engineering activities; technical testing and analysis,NETTUR_MEUR,Net turnover - million euro,FI,2024,7522.92
sbs_sc_ovw,M71,Architectural and engineering activities; technical testing and analysis,NETTUR_MEUR,Net turnover - million euro,FR,2021,64791.51
sbs_sc_ovw,M71,Architectural and engineering activities; technical testing and analysis,NETTUR_MEUR,Net turnover - million euro,FR,2022,67050.2
sbs_sc_ovw,M71,Architectural and engineering activities; technical testing and analysis,NETTUR_MEUR,Net turnover - million euro,FR,2023,70351.3
sbs_sc_ovw,M71,Architectural and engineering activities; technical testing and analysis,NETTUR_MEUR,Net turnover - million euro,FR,2024,74830.51
sbs_sc_ovw,M71,Architectural and engineering activities; technical testing and analysis,NETTUR_MEUR,Net turnover - million euro,HU,2021,4238.92
sbs_sc_ovw,M71,Architectural and engineering activities; technical testing and analysis,NETTUR_MEUR,Net turnover - million euro,HU,2022,4381.24
sbs_sc_ovw,M71,Architectural and engineering activities; technical testing and analysis,NETTUR_MEUR,Net turnover - million euro,HU,2023,4796.6
sbs_sc_ovw,M71,Architectural and engineering activities; technical testing and analysis,NETTUR_MEUR,Net turnover - million euro,HU,2024,4788.26
sbs_sc_ovw,M71,Architectural and engineering activities; technical testing and analysis,NETTUR_MEUR,Net turnover - million euro,IE,2021,9741.28
sbs_sc_ovw,M71,Architectural and engineering activities; technical testing and analysis,NETTUR_MEUR,Net turnover - million euro,IE,2022,11744.09
sbs_sc_ovw,M71,Architectural and engineering activities; technical testing and analysis,NETTUR_MEUR,Net turnover - million euro,IE,2023,14934.87
sbs_sc_ovw,M71,Architectural and engineering activities; technical testing and analysis,NETTUR_MEUR,Net turnover - million euro,IE,2024,13239.57
sbs_sc_ovw,M71,Architectural and engineering activities; technical testing and analysis,NETTUR_MEUR,Net turnover - million euro,IT,2021,28467.45
sbs_sc_ovw,M71,Architectural and engineering activities; technical testing and analysis,NETTUR_MEUR,Net turnover - million euro,IT,2022,34208.18
sbs_sc_ovw,M71,Architectural and engineering activities; technical testing and analysis,NETTUR_MEUR,Net turnover - million euro,IT,2023,39542.64
sbs_sc_ovw,M71,Architectural and engineering activities; technical testing and analysis,NETTUR_MEUR,Net turnover - million euro,IT,2024,41116.68
sbs_sc_ovw,M71,Architectural and engineering activities; technical testing and analysis,NETTUR_MEUR,Net turnover - million euro,NL,2021,24161.4
sbs_sc_ovw,M71,Architectural and engineering activities; technical testing and analysis,NETTUR_MEUR,Net turnover - million euro,NL,2022,25086.28
sbs_sc_ovw,M71,Architectural and engineering activities; technical testing and analysis,NETTUR_MEUR,Net turnover - million euro,NL,2023,27639.67
sbs_sc_ovw,M71,Architectural and engineering activities; technical testing and analysis,NETTUR_MEUR,Net turnover - million euro,NL,2024,29840.65
sbs_sc_ovw,M71,Architectural and engineering activities; technical testing and analysis,NETTUR_MEUR,Net turnover - million euro,PL,2021,9591.33
sbs_sc_ovw,M71,Architectural and engineering activities; technical testing and analysis,NETTUR_MEUR,Net turnover - million euro,PL,2022,10765.71
sbs_sc_ovw,M71,Architectural and engineering activities; technical testing and analysis,NETTUR_MEUR,Net turnover - million euro,PL,2023,12107.59
sbs_sc_ovw,M71,Architectural and engineering activities; technical testing and analysis,NETTUR_MEUR,Net turnover - million euro,PL,2024,13563.32
sbs_sc_ovw,M71,Architectural and engineering activities; technical testing and analysis,NETTUR_MEUR,Net turnover - million euro,PT,2021,3444.12
sbs_sc_ovw,M71,Architectural and engineering activities; technical testing and analysis,NETTUR_MEUR,Net turnover - million euro,PT,2022,4047.02
sbs_sc_ovw,M71,Architectural and engineering activities; technical testing and analysis,NETTUR_MEUR,Net turnover - million euro,PT,2023,4791.59
sbs_sc_ovw,M71,Architectural and engineering activities; technical testing and analysis,NETTUR_MEUR,Net turnover - million euro,PT,2024,5622.57
sbs_sc_ovw,M71,Architectural and engineering activities; technical testing and analysis,NETTUR_MEUR,Net turnover - million euro,RO,2021,3401.93
sbs_sc_ovw,M71,Architectural and engineering activities; technical testing and analysis,NETTUR_MEUR,Net turnover - million euro,RO,2022,4504.08
sbs_sc_ovw,M71,Architectural and engineering activities; technical testing and analysis,NETTUR_MEUR,Net turnover - million euro,RO,2023,5706.74
sbs_sc_ovw,M71,Architectural and engineering activities; technical testing and analysis,NETTUR_MEUR,Net turnover - million euro,RO,2024,6087.47
sbs_sc_ovw,M71,Architectural and engineering activities; technical testing and analysis,NETTUR_MEUR,Net turnover - million euro,SE,2021,19492.67
sbs_sc_ovw,M71,Architectural and engineering activities; technical testing and analysis,NETTUR_MEUR,Net turnover - million euro,SE,2022,21561.79
sbs_sc_ovw,M71,Architectural and engineering activities; technical testing and analysis,NETTUR_MEUR,Net turnover - million euro,SE,2023,19384.18
sbs_sc_ovw,M71,Architectural and engineering activities; technical testing and analysis,NETTUR_MEUR,Net turnover - million euro,SE,2024,19849.32
sbs_sc_ovw,M71,Architectural and engineering activities; technical testing and analysis,SAL_NR,Employees - number,AT,2021,50245.0
sbs_sc_ovw,M71,Architectural and engineering activities; technical testing and analysis,SAL_NR,Employees - number,AT,2022,52085.0
sbs_sc_ovw,M71,Architectural and engineering activities; technical testing and analysis,SAL_NR,Employees - number,AT,2023,52656.0
sbs_sc_ovw,M71,Architectural and engineering activities; technical testing and analysis,SAL_NR,Employees - number,AT,2024,52442.0
sbs_sc_ovw,M71,Architectural and engineering activities; technical testing and analysis,SAL_NR,Employees - number,BE,2021,44900.0
sbs_sc_ovw,M71,Architectural and engineering activities; technical testing and analysis,SAL_NR,Employees - number,BE,2022,45951.0
sbs_sc_ovw,M71,Architectural and engineering activities; technical testing and analysis,SAL_NR,Employees - number,BE,2023,48397.0
sbs_sc_ovw,M71,Architectural and engineering activities; technical testing and analysis,SAL_NR,Employees - number,BE,2024,47978.0
sbs_sc_ovw,M71,Architectural and engineering activities; technical testing and analysis,SAL_NR,Employees - number,CZ,2021,53109.0
sbs_sc_ovw,M71,Architectural and engineering activities; technical testing and analysis,SAL_NR,Employees - number,CZ,2022,54266.0
sbs_sc_ovw,M71,Architectural and engineering activities; technical testing and analysis,SAL_NR,Employees - number,CZ,2023,54037.0
sbs_sc_ovw,M71,Architectural and engineering activities; technical testing and analysis,SAL_NR,Employees - number,CZ,2024,54464.0
sbs_sc_ovw,M71,Architectural and engineering activities; technical testing and analysis,SAL_NR,Employees - number,DE,2021,662476.0
sbs_sc_ovw,M71,Architectural and engineering activities; technical testing and analysis,SAL_NR,Employees - number,DE,2022,634532.0
sbs_sc_ovw,M71,Architectural and engineering activities; technical testing and analysis,SAL_NR,Employees - number,DE,2023,658908.0
sbs_sc_ovw,M71,Architectural and engineering activities; technical testing and analysis,SAL_NR,Employees - number,DE,2024,694078.0
sbs_sc_ovw,M71,Architectural and engineering activities; technical testing and analysis,SAL_NR,Employees - number,DK,2021,47787.0
sbs_sc_ovw,M71,Architectural and engineering activities; technical testing and analysis,SAL_NR,Employees - number,DK,2022,50683.0
sbs_sc_ovw,M71,Architectural and engineering activities; technical testing and analysis,SAL_NR,Employees - number,DK,2023,53512.0
sbs_sc_ovw,M71,Architectural and engineering activities; technical testing and analysis,SAL_NR,Employees - number,DK,2024,55718.0
sbs_sc_ovw,M71,Architectural and engineering activities; technical testing and analysis,SAL_NR,Employees - number,EL,2021,26617.0
sbs_sc_ovw,M71,Architectural and engineering activities; technical testing and analysis,SAL_NR,Employees - number,EL,2022,29174.0
sbs_sc_ovw,M71,Architectural and engineering activities; technical testing and analysis,SAL_NR,Employees - number,EL,2023,30378.0
sbs_sc_ovw,M71,Architectural and engineering activities; technical testing and analysis,SAL_NR,Employees - number,EL,2024,32197.0
sbs_sc_ovw,M71,Architectural and engineering activities; technical testing and analysis,SAL_NR,Employees - number,ES,2021,193792.0
sbs_sc_ovw,M71,Architectural and engineering activities; technical testing and analysis,SAL_NR,Employees - number,ES,2022,204135.0
sbs_sc_ovw,M71,Architectural and engineering activities; technical testing and analysis,SAL_NR,Employees - number,ES,2023,216479.0
sbs_sc_ovw,M71,Architectural and engineering activities; technical testing and analysis,SAL_NR,Employees - number,ES,2024,229160.0
sbs_sc_ovw,M71,Architectural and engineering activities; technical testing and analysis,SAL_NR,Employees - number,EU27_2020,2021,2213563.0
sbs_sc_ovw,M71,Architectural and engineering activities; technical testing and analysis,SAL_NR,Employees - number,EU27_2020,2022,2269919.0
sbs_sc_ovw,M71,Architectural and engineering activities; technical testing and analysis,SAL_NR,Employees - number,EU27_2020,2023,2352927.0
sbs_sc_ovw,M71,Architectural and engineering activities; technical testing and analysis,SAL_NR,Employees - number,FI,2021,43645.0
sbs_sc_ovw,M71,Architectural and engineering activities; technical testing and analysis,SAL_NR,Employees - number,FI,2022,45432.0
sbs_sc_ovw,M71,Architectural and engineering activities; technical testing and analysis,SAL_NR,Employees - number,FI,2023,45757.0
sbs_sc_ovw,M71,Architectural and engineering activities; technical testing and analysis,SAL_NR,Employees - number,FI,2024,44360.0
sbs_sc_ovw,M71,Architectural and engineering activities; technical testing and analysis,SAL_NR,Employees - number,FR,2021,363181.0
sbs_sc_ovw,M71,Architectural and engineering activities; technical testing and analysis,SAL_NR,Employees - number,FR,2022,380971.0
sbs_sc_ovw,M71,Architectural and engineering activities; technical testing and analysis,SAL_NR,Employees - number,FR,2023,396258.0
sbs_sc_ovw,M71,Architectural and engineering activities; technical testing and analysis,SAL_NR,Employees - number,FR,2024,410995.0
sbs_sc_ovw,M71,Architectural and engineering activities; technical testing and analysis,SAL_NR,Employees - number,HU,2021,39022.0
sbs_sc_ovw,M71,Architectural and engineering activities; technical testing and analysis,SAL_NR,Employees - number,HU,2022,41251.0
sbs_sc_ovw,M71,Architectural and engineering activities; technical testing and analysis,SAL_NR,Employees - number,HU,2023,44176.0
sbs_sc_ovw,M71,Architectural and engineering activities; technical testing and analysis,SAL_NR,Employees - number,HU,2024,43576.0
sbs_sc_ovw,M71,Architectural and engineering activities; technical testing and analysis,SAL_NR,Employees - number,IE,2021,36631.0
sbs_sc_ovw,M71,Architectural and engineering activities; technical testing and analysis,SAL_NR,Employees - number,IE,2022,41862.0
sbs_sc_ovw,M71,Architectural and engineering activities; technical testing and analysis,SAL_NR,Employees - number,IE,2023,44700.0
sbs_sc_ovw,M71,Architectural and engineering activities; technical testing and analysis,SAL_NR,Employees - number,IE,2024,46374.0
sbs_sc_ovw,M71,Architectural and engineering activities; technical testing and analysis,SAL_NR,Employees - number,IT,2021,91487.0
sbs_sc_ovw,M71,Architectural and engineering activities; technical testing and analysis,SAL_NR,Employees - number,IT,2022,100289.0
sbs_sc_ovw,M71,Architectural and engineering activities; technical testing and analysis,SAL_NR,Employees - number,IT,2023,105599.0
sbs_sc_ovw,M71,Architectural and engineering activities; technical testing and analysis,SAL_NR,Employees - number,IT,2024,116455.0
sbs_sc_ovw,M71,Architectural and engineering activities; technical testing and analysis,SAL_NR,Employees - number,NL,2021,122287.0
sbs_sc_ovw,M71,Architectural and engineering activities; technical testing and analysis,SAL_NR,Employees - number,NL,2022,126963.0
sbs_sc_ovw,M71,Architectural and engineering activities; technical testing and analysis,SAL_NR,Employees - number,NL,2023,131450.0
sbs_sc_ovw,M71,Architectural and engineering activities; technical testing and analysis,SAL_NR,Employees - number,NL,2024,137904.0
sbs_sc_ovw,M71,Architectural and engineering activities; technical testing and analysis,SAL_NR,Employees - number,PL,2021,93912.0
sbs_sc_ovw,M71,Architectural and engineering activities; technical testing and analysis,SAL_NR,Employees - number,PL,2022,95452.0
sbs_sc_ovw,M71,Architectural and engineering activities; technical testing and analysis,SAL_NR,Employees - number,PL,2023,91804.0
sbs_sc_ovw,M71,Architectural and engineering activities; technical testing and analysis,SAL_NR,Employees - number,PL,2024,92236.0
sbs_sc_ovw,M71,Architectural and engineering activities; technical testing and analysis,SAL_NR,Employees - number,PT,2021,41651.0
sbs_sc_ovw,M71,Architectural and engineering activities; technical testing and analysis,SAL_NR,Employees - number,PT,2022,45654.0
sbs_sc_ovw,M71,Architectural and engineering activities; technical testing and analysis,SAL_NR,Employees - number,PT,2023,48206.0
sbs_sc_ovw,M71,Architectural and engineering activities; technical testing and analysis,SAL_NR,Employees - number,PT,2024,50992.0
sbs_sc_ovw,M71,Architectural and engineering activities; technical testing and analysis,SAL_NR,Employees - number,RO,2021,72935.0
sbs_sc_ovw,M71,Architectural and engineering activities; technical testing and analysis,SAL_NR,Employees - number,RO,2022,78997.0
sbs_sc_ovw,M71,Architectural and engineering activities; technical testing and analysis,SAL_NR,Employees - number,RO,2023,85979.0
sbs_sc_ovw,M71,Architectural and engineering activities; technical testing and analysis,SAL_NR,Employees - number,RO,2024,83921.0
sbs_sc_ovw,M71,Architectural and engineering activities; technical testing and analysis,SAL_NR,Employees - number,SE,2021,111420.0
sbs_sc_ovw,M71,Architectural and engineering activities; technical testing and analysis,SAL_NR,Employees - number,SE,2022,120270.0
sbs_sc_ovw,M71,Architectural and engineering activities; technical testing and analysis,SAL_NR,Employees - number,SE,2023,119933.0
sbs_sc_ovw,M71,Architectural and engineering activities; technical testing and analysis,SAL_NR,Employees - number,SE,2024,119756.0
sbs_sc_ovw,M71,Architectural and engineering activities; technical testing and analysis,VAL_OUT_MEUR,Value of output - million euro,AT,2021,7481.13
sbs_sc_ovw,M71,Architectural and engineering activities; technical testing and analysis,VAL_OUT_MEUR,Value of output - million euro,AT,2022,8068.57
sbs_sc_ovw,M71,Architectural and engineering activities; technical testing and analysis,VAL_OUT_MEUR,Value of output - million euro,AT,2023,8276.56
sbs_sc_ovw,M71,Architectural and engineering activities; technical testing and analysis,VAL_OUT_MEUR,Value of output - million euro,AT,2024,8476.72
sbs_sc_ovw,M71,Architectural and engineering activities; technical testing and analysis,VAL_OUT_MEUR,Value of output - million euro,BE,2021,12871.85
sbs_sc_ovw,M71,Architectural and engineering activities; technical testing and analysis,VAL_OUT_MEUR,Value of output - million euro,BE,2022,13702.33
sbs_sc_ovw,M71,Architectural and engineering activities; technical testing and analysis,VAL_OUT_MEUR,Value of output - million euro,BE,2023,15369.29
sbs_sc_ovw,M71,Architectural and engineering activities; technical testing and analysis,VAL_OUT_MEUR,Value of output - million euro,BE,2024,16013.91
sbs_sc_ovw,M71,Architectural and engineering activities; technical testing and analysis,VAL_OUT_MEUR,Value of output - million euro,CZ,2021,6145.44
sbs_sc_ovw,M71,Architectural and engineering activities; technical testing and analysis,VAL_OUT_MEUR,Value of output - million euro,CZ,2022,7402.04
sbs_sc_ovw,M71,Architectural and engineering activities; technical testing and analysis,VAL_OUT_MEUR,Value of output - million euro,CZ,2023,8188.94
sbs_sc_ovw,M71,Architectural and engineering activities; technical testing and analysis,VAL_OUT_MEUR,Value of output - million euro,CZ,2024,8113.57
sbs_sc_ovw,M71,Architectural and engineering activities; technical testing and analysis,VAL_OUT_MEUR,Value of output - million euro,DE,2021,86941.47
sbs_sc_ovw,M71,Architectural and engineering activities; technical testing and analysis,VAL_OUT_MEUR,Value of output - million euro,DE,2022,81450.47
sbs_sc_ovw,M71,Architectural and engineering activities; technical testing and analysis,VAL_OUT_MEUR,Value of output - million euro,DE,2023,98799.45
sbs_sc_ovw,M71,Architectural and engineering activities; technical testing and analysis,VAL_OUT_MEUR,Value of output - million euro,DE,2024,97617.47
sbs_sc_ovw,M71,Architectural and engineering activities; technical testing and analysis,VAL_OUT_MEUR,Value of output - million euro,DK,2021,9548.24
sbs_sc_ovw,M71,Architectural and engineering activities; technical testing and analysis,VAL_OUT_MEUR,Value of output - million euro,DK,2022,10720.03
sbs_sc_ovw,M71,Architectural and engineering activities; technical testing and analysis,VAL_OUT_MEUR,Value of output - million euro,DK,2023,11170.21
sbs_sc_ovw,M71,Architectural and engineering activities; technical testing and analysis,VAL_OUT_MEUR,Value of output - million euro,DK,2024,12061.8
sbs_sc_ovw,M71,Architectural and engineering activities; technical testing and analysis,VAL_OUT_MEUR,Value of output - million euro,EL,2021,2925.42
sbs_sc_ovw,M71,Architectural and engineering activities; technical testing and analysis,VAL_OUT_MEUR,Value of output - million euro,EL,2022,3645.5
sbs_sc_ovw,M71,Architectural and engineering activities; technical testing and analysis,VAL_OUT_MEUR,Value of output - million euro,EL,2023,4379.18
sbs_sc_ovw,M71,Architectural and engineering activities; technical testing and analysis,VAL_OUT_MEUR,Value of output - million euro,EL,2024,5027.01
sbs_sc_ovw,M71,Architectural and engineering activities; technical testing and analysis,VAL_OUT_MEUR,Value of output - million euro,ES,2021,23368.04
sbs_sc_ovw,M71,Architectural and engineering activities; technical testing and analysis,VAL_OUT_MEUR,Value of output - million euro,ES,2022,27234.1
sbs_sc_ovw,M71,Architectural and engineering activities; technical testing and analysis,VAL_OUT_MEUR,Value of output - million euro,ES,2023,29404.42
sbs_sc_ovw,M71,Architectural and engineering activities; technical testing and analysis,VAL_OUT_MEUR,Value of output - million euro,ES,2024,31551.38
sbs_sc_ovw,M71,Architectural and engineering activities; technical testing and analysis,VAL_OUT_MEUR,Value of output - million euro,EU27_2020,2021,325955.77
sbs_sc_ovw,M71,Architectural and engineering activities; technical testing and analysis,VAL_OUT_MEUR,Value of output - million euro,EU27_2020,2022,344879.46
sbs_sc_ovw,M71,Architectural and engineering activities; technical testing and analysis,VAL_OUT_MEUR,Value of output - million euro,EU27_2020,2023,384435.41
sbs_sc_ovw,M71,Architectural and engineering activities; technical testing and analysis,VAL_OUT_MEUR,Value of output - million euro,FI,2021,6419.72
sbs_sc_ovw,M71,Architectural and engineering activities; technical testing and analysis,VAL_OUT_MEUR,Value of output - million euro,FI,2022,6676.48
sbs_sc_ovw,M71,Architectural and engineering activities; technical testing and analysis,VAL_OUT_MEUR,Value of output - million euro,FI,2023,6935.76
sbs_sc_ovw,M71,Architectural and engineering activities; technical testing and analysis,VAL_OUT_MEUR,Value of output - million euro,FI,2024,7110.69
sbs_sc_ovw,M71,Architectural and engineering activities; technical testing and analysis,VAL_OUT_MEUR,Value of output - million euro,FR,2021,65470.92
sbs_sc_ovw,M71,Architectural and engineering activities; technical testing and analysis,VAL_OUT_MEUR,Value of output - million euro,FR,2022,68271.93
sbs_sc_ovw,M71,Architectural and engineering activities; technical testing and analysis,VAL_OUT_MEUR,Value of output - million euro,FR,2023,71882.78
sbs_sc_ovw,M71,Architectural and engineering activities; technical testing and analysis,VAL_OUT_MEUR,Value of output - million euro,FR,2024,77309.56
sbs_sc_ovw,M71,Architectural and engineering activities; technical testing and analysis,VAL_OUT_MEUR,Value of output - million euro,HU,2021,2974.83
sbs_sc_ovw,M71,Architectural and engineering activities; technical testing and analysis,VAL_OUT_MEUR,Value of output - million euro,HU,2022,3108.2
sbs_sc_ovw,M71,Architectural and engineering activities; technical testing and analysis,VAL_OUT_MEUR,Value of output - million euro,HU,2023,3583.5
sbs_sc_ovw,M71,Architectural and engineering activities; technical testing and analysis,VAL_OUT_MEUR,Value of output - million euro,HU,2024,3610.18
sbs_sc_ovw,M71,Architectural and engineering activities; technical testing and analysis,VAL_OUT_MEUR,Value of output - million euro,IE,2021,4734.74
sbs_sc_ovw,M71,Architectural and engineering activities; technical testing and analysis,VAL_OUT_MEUR,Value of output - million euro,IE,2022,5858.7
sbs_sc_ovw,M71,Architectural and engineering activities; technical testing and analysis,VAL_OUT_MEUR,Value of output - million euro,IE,2023,6445.26
sbs_sc_ovw,M71,Architectural and engineering activities; technical testing and analysis,VAL_OUT_MEUR,Value of output - million euro,IE,2024,6680.25
sbs_sc_ovw,M71,Architectural and engineering activities; technical testing and analysis,VAL_OUT_MEUR,Value of output - million euro,IT,2021,31159.9
sbs_sc_ovw,M71,Architectural and engineering activities; technical testing and analysis,VAL_OUT_MEUR,Value of output - million euro,IT,2022,38385.69
sbs_sc_ovw,M71,Architectural and engineering activities; technical testing and analysis,VAL_OUT_MEUR,Value of output - million euro,IT,2023,43220.64
sbs_sc_ovw,M71,Architectural and engineering activities; technical testing and analysis,VAL_OUT_MEUR,Value of output - million euro,IT,2024,46087.53
sbs_sc_ovw,M71,Architectural and engineering activities; technical testing and analysis,VAL_OUT_MEUR,Value of output - million euro,NL,2021,21540.18
sbs_sc_ovw,M71,Architectural and engineering activities; technical testing and analysis,VAL_OUT_MEUR,Value of output - million euro,NL,2022,21979.79
sbs_sc_ovw,M71,Architectural and engineering activities; technical testing and analysis,VAL_OUT_MEUR,Value of output - million euro,NL,2023,24300.06
sbs_sc_ovw,M71,Architectural and engineering activities; technical testing and analysis,VAL_OUT_MEUR,Value of output - million euro,NL,2024,26383.02
sbs_sc_ovw,M71,Architectural and engineering activities; technical testing and analysis,VAL_OUT_MEUR,Value of output - million euro,PL,2021,8361.65
sbs_sc_ovw,M71,Architectural and engineering activities; technical testing and analysis,VAL_OUT_MEUR,Value of output - million euro,PL,2022,9539.37
sbs_sc_ovw,M71,Architectural and engineering activities; technical testing and analysis,VAL_OUT_MEUR,Value of output - million euro,PL,2023,10505.72
sbs_sc_ovw,M71,Architectural and engineering activities; technical testing and analysis,VAL_OUT_MEUR,Value of output - million euro,PL,2024,11539.67
sbs_sc_ovw,M71,Architectural and engineering activities; technical testing and analysis,VAL_OUT_MEUR,Value of output - million euro,PT,2021,3333.38
sbs_sc_ovw,M71,Architectural and engineering activities; technical testing and analysis,VAL_OUT_MEUR,Value of output - million euro,PT,2022,3893.14
sbs_sc_ovw,M71,Architectural and engineering activities; technical testing and analysis,VAL_OUT_MEUR,Value of output - million euro,PT,2023,4618.38
sbs_sc_ovw,M71,Architectural and engineering activities; technical testing and analysis,VAL_OUT_MEUR,Value of output - million euro,PT,2024,5444.78
sbs_sc_ovw,M71,Architectural and engineering activities; technical testing and analysis,VAL_OUT_MEUR,Value of output - million euro,RO,2021,3442.37
sbs_sc_ovw,M71,Architectural and engineering activities; technical testing and analysis,VAL_OUT_MEUR,Value of output - million euro,RO,2022,4541.64
sbs_sc_ovw,M71,Architectural and engineering activities; technical testing and analysis,VAL_OUT_MEUR,Value of output - million euro,RO,2023,5769.3
sbs_sc_ovw,M71,Architectural and engineering activities; technical testing and analysis,VAL_OUT_MEUR,Value of output - million euro,RO,2024,6120.33
sbs_sc_ovw,M71,Architectural and engineering activities; technical testing and analysis,VAL_OUT_MEUR,Value of output - million euro,SE,2021,19651.03
sbs_sc_ovw,M71,Architectural and engineering activities; technical testing and analysis,VAL_OUT_MEUR,Value of output - million euro,SE,2022,19465.27
sbs_sc_ovw,M71,Architectural and engineering activities; technical testing and analysis,VAL_OUT_MEUR,Value of output - million euro,SE,2023,19161.15
sbs_sc_ovw,M71,Architectural and engineering activities; technical testing and analysis,VAL_OUT_MEUR,Value of output - million euro,SE,2024,19538.18
sbs_sc_ovw,M71,Architectural and engineering activities; technical testing and analysis,WAGE_MEUR,Wages and salaries - million euro,AT,2021,2229.38
sbs_sc_ovw,M71,Architectural and engineering activities; technical testing and analysis,WAGE_MEUR,Wages and salaries - million euro,AT,2022,2441.12
sbs_sc_ovw,M71,Architectural and engineering activities; technical testing and analysis,WAGE_MEUR,Wages and salaries - million euro,AT,2023,2641.99
sbs_sc_ovw,M71,Architectural and engineering activities; technical testing and analysis,WAGE_MEUR,Wages and salaries - million euro,AT,2024,2815.42
sbs_sc_ovw,M71,Architectural and engineering activities; technical testing and analysis,WAGE_MEUR,Wages and salaries - million euro,BE,2021,2442.47
sbs_sc_ovw,M71,Architectural and engineering activities; technical testing and analysis,WAGE_MEUR,Wages and salaries - million euro,BE,2022,2610.02
sbs_sc_ovw,M71,Architectural and engineering activities; technical testing and analysis,WAGE_MEUR,Wages and salaries - million euro,BE,2023,3004.53
sbs_sc_ovw,M71,Architectural and engineering activities; technical testing and analysis,WAGE_MEUR,Wages and salaries - million euro,BE,2024,3021.88
sbs_sc_ovw,M71,Architectural and engineering activities; technical testing and analysis,WAGE_MEUR,Wages and salaries - million euro,CZ,2021,1124.71
sbs_sc_ovw,M71,Architectural and engineering activities; technical testing and analysis,WAGE_MEUR,Wages and salaries - million euro,CZ,2022,1294.47
sbs_sc_ovw,M71,Architectural and engineering activities; technical testing and analysis,WAGE_MEUR,Wages and salaries - million euro,CZ,2023,1431.73
sbs_sc_ovw,M71,Architectural and engineering activities; technical testing and analysis,WAGE_MEUR,Wages and salaries - million euro,CZ,2024,1484.04
sbs_sc_ovw,M71,Architectural and engineering activities; technical testing and analysis,WAGE_MEUR,Wages and salaries - million euro,DE,2021,30509.72
sbs_sc_ovw,M71,Architectural and engineering activities; technical testing and analysis,WAGE_MEUR,Wages and salaries - million euro,DE,2022,30122.4
sbs_sc_ovw,M71,Architectural and engineering activities; technical testing and analysis,WAGE_MEUR,Wages and salaries - million euro,DE,2023,34119.67
sbs_sc_ovw,M71,Architectural and engineering activities; technical testing and analysis,WAGE_MEUR,Wages and salaries - million euro,DE,2024,38193.24
sbs_sc_ovw,M71,Architectural and engineering activities; technical testing and analysis,WAGE_MEUR,Wages and salaries - million euro,DK,2021,3620.26
sbs_sc_ovw,M71,Architectural and engineering activities; technical testing and analysis,WAGE_MEUR,Wages and salaries - million euro,DK,2022,3907.2
sbs_sc_ovw,M71,Architectural and engineering activities; technical testing and analysis,WAGE_MEUR,Wages and salaries - million euro,DK,2023,4457.38
sbs_sc_ovw,M71,Architectural and engineering activities; technical testing and analysis,WAGE_MEUR,Wages and salaries - million euro,DK,2024,4710.74
sbs_sc_ovw,M71,Architectural and engineering activities; technical testing and analysis,WAGE_MEUR,Wages and salaries - million euro,EL,2021,313.64
sbs_sc_ovw,M71,Architectural and engineering activities; technical testing and analysis,WAGE_MEUR,Wages and salaries - million euro,EL,2022,405.88
sbs_sc_ovw,M71,Architectural and engineering activities; technical testing and analysis,WAGE_MEUR,Wages and salaries - million euro,EL,2023,472.55
sbs_sc_ovw,M71,Architectural and engineering activities; technical testing and analysis,WAGE_MEUR,Wages and salaries - million euro,EL,2024,555.21
sbs_sc_ovw,M71,Architectural and engineering activities; technical testing and analysis,WAGE_MEUR,Wages and salaries - million euro,ES,2021,6499.07
sbs_sc_ovw,M71,Architectural and engineering activities; technical testing and analysis,WAGE_MEUR,Wages and salaries - million euro,ES,2022,7129.32
sbs_sc_ovw,M71,Architectural and engineering activities; technical testing and analysis,WAGE_MEUR,Wages and salaries - million euro,ES,2023,7970.28
sbs_sc_ovw,M71,Architectural and engineering activities; technical testing and analysis,WAGE_MEUR,Wages and salaries - million euro,ES,2024,8878.77
sbs_sc_ovw,M71,Architectural and engineering activities; technical testing and analysis,WAGE_MEUR,Wages and salaries - million euro,EU27_2020,2021,89428.9
sbs_sc_ovw,M71,Architectural and engineering activities; technical testing and analysis,WAGE_MEUR,Wages and salaries - million euro,EU27_2020,2022,94681.28
sbs_sc_ovw,M71,Architectural and engineering activities; technical testing and analysis,WAGE_MEUR,Wages and salaries - million euro,EU27_2020,2023,104508.45
sbs_sc_ovw,M71,Architectural and engineering activities; technical testing and analysis,WAGE_MEUR,Wages and salaries - million euro,FI,2021,2343.98
sbs_sc_ovw,M71,Architectural and engineering activities; technical testing and analysis,WAGE_MEUR,Wages and salaries - million euro,FI,2022,2484.23
sbs_sc_ovw,M71,Architectural and engineering activities; technical testing and analysis,WAGE_MEUR,Wages and salaries - million euro,FI,2023,2597.34
sbs_sc_ovw,M71,Architectural and engineering activities; technical testing and analysis,WAGE_MEUR,Wages and salaries - million euro,FI,2024,2616.05
sbs_sc_ovw,M71,Architectural and engineering activities; technical testing and analysis,WAGE_MEUR,Wages and salaries - million euro,FR,2021,16820.35
sbs_sc_ovw,M71,Architectural and engineering activities; technical testing and analysis,WAGE_MEUR,Wages and salaries - million euro,FR,2022,18346.62
sbs_sc_ovw,M71,Architectural and engineering activities; technical testing and analysis,WAGE_MEUR,Wages and salaries - million euro,FR,2023,19539.47
sbs_sc_ovw,M71,Architectural and engineering activities; technical testing and analysis,WAGE_MEUR,Wages and salaries - million euro,FR,2024,21017.73
sbs_sc_ovw,M71,Architectural and engineering activities; technical testing and analysis,WAGE_MEUR,Wages and salaries - million euro,HU,2021,667.7
sbs_sc_ovw,M71,Architectural and engineering activities; technical testing and analysis,WAGE_MEUR,Wages and salaries - million euro,HU,2022,753.42
sbs_sc_ovw,M71,Architectural and engineering activities; technical testing and analysis,WAGE_MEUR,Wages and salaries - million euro,HU,2023,905.82
sbs_sc_ovw,M71,Architectural and engineering activities; technical testing and analysis,WAGE_MEUR,Wages and salaries - million euro,HU,2024,954.52
sbs_sc_ovw,M71,Architectural and engineering activities; technical testing and analysis,WAGE_MEUR,Wages and salaries - million euro,IE,2021,1971.44
sbs_sc_ovw,M71,Architectural and engineering activities; technical testing and analysis,WAGE_MEUR,Wages and salaries - million euro,IE,2022,2258.77
sbs_sc_ovw,M71,Architectural and engineering activities; technical testing and analysis,WAGE_MEUR,Wages and salaries - million euro,IE,2023,2583.55
sbs_sc_ovw,M71,Architectural and engineering activities; technical testing and analysis,WAGE_MEUR,Wages and salaries - million euro,IE,2024,2797.53
sbs_sc_ovw,M71,Architectural and engineering activities; technical testing and analysis,WAGE_MEUR,Wages and salaries - million euro,IT,2021,3239.69
sbs_sc_ovw,M71,Architectural and engineering activities; technical testing and analysis,WAGE_MEUR,Wages and salaries - million euro,IT,2022,3678.11
sbs_sc_ovw,M71,Architectural and engineering activities; technical testing and analysis,WAGE_MEUR,Wages and salaries - million euro,IT,2023,4008.89
sbs_sc_ovw,M71,Architectural and engineering activities; technical testing and analysis,WAGE_MEUR,Wages and salaries - million euro,IT,2024,4580.8
sbs_sc_ovw,M71,Architectural and engineering activities; technical testing and analysis,WAGE_MEUR,Wages and salaries - million euro,NL,2021,6328.11
sbs_sc_ovw,M71,Architectural and engineering activities; technical testing and analysis,WAGE_MEUR,Wages and salaries - million euro,NL,2022,6877.52
sbs_sc_ovw,M71,Architectural and engineering activities; technical testing and analysis,WAGE_MEUR,Wages and salaries - million euro,NL,2023,7528.04
sbs_sc_ovw,M71,Architectural and engineering activities; technical testing and analysis,WAGE_MEUR,Wages and salaries - million euro,NL,2024,8088.49
sbs_sc_ovw,M71,Architectural and engineering activities; technical testing and analysis,WAGE_MEUR,Wages and salaries - million euro,PL,2021,1810.78
sbs_sc_ovw,M71,Architectural and engineering activities; technical testing and analysis,WAGE_MEUR,Wages and salaries - million euro,PL,2022,1979.06
sbs_sc_ovw,M71,Architectural and engineering activities; technical testing and analysis,WAGE_MEUR,Wages and salaries - million euro,PL,2023,2143.01
sbs_sc_ovw,M71,Architectural and engineering activities; technical testing and analysis,WAGE_MEUR,Wages and salaries - million euro,PL,2024,2666.73
sbs_sc_ovw,M71,Architectural and engineering activities; technical testing and analysis,WAGE_MEUR,Wages and salaries - million euro,PT,2021,846.05
sbs_sc_ovw,M71,Architectural and engineering activities; technical testing and analysis,WAGE_MEUR,Wages and salaries - million euro,PT,2022,984.99
sbs_sc_ovw,M71,Architectural and engineering activities; technical testing and analysis,WAGE_MEUR,Wages and salaries - million euro,PT,2023,1136.38
sbs_sc_ovw,M71,Architectural and engineering activities; technical testing and analysis,WAGE_MEUR,Wages and salaries - million euro,PT,2024,1281.63
sbs_sc_ovw,M71,Architectural and engineering activities; technical testing and analysis,WAGE_MEUR,Wages and salaries - million euro,RO,2021,896.01
sbs_sc_ovw,M71,Architectural and engineering activities; technical testing and analysis,WAGE_MEUR,Wages and salaries - million euro,RO,2022,1090.08
sbs_sc_ovw,M71,Architectural and engineering activities; technical testing and analysis,WAGE_MEUR,Wages and salaries - million euro,RO,2023,1470.79
sbs_sc_ovw,M71,Architectural and engineering activities; technical testing and analysis,WAGE_MEUR,Wages and salaries - million euro,RO,2024,1653.31
sbs_sc_ovw,M71,Architectural and engineering activities; technical testing and analysis,WAGE_MEUR,Wages and salaries - million euro,SE,2021,5297.92
sbs_sc_ovw,M71,Architectural and engineering activities; technical testing and analysis,WAGE_MEUR,Wages and salaries - million euro,SE,2022,5537.08
sbs_sc_ovw,M71,Architectural and engineering activities; technical testing and analysis,WAGE_MEUR,Wages and salaries - million euro,SE,2023,5339.69
sbs_sc_ovw,M71,Architectural and engineering activities; technical testing and analysis,WAGE_MEUR,Wages and salaries - million euro,SE,2024,5553.03
